article;name;product_type;country;price_actual;price_loyalty;url;popularity_coefficient;description;application
19000092355;ESSENTIAL PARFUMS PARIS ORANGE X SANTAL by Natalie Gracia-Cetto;мыло жидкое;Франция;3639;1637;https://goldapple.ru/19000092355-orange-x-santal-by-natalie-gracia-cetto;47.36;Парфюмированное жидкое мыло ESSENTIAL PARFUMS PARIS мягко очищает руки и кожу тела, оставляя изысканный аромат. Средство с растительным глицерином питает кожу и не вызывает сухости после очищения. Экологичная и мягкая формула, подходящая даже для чувствительной кожи, на 98% состоит из натуральных ингредиентов. Чувственный и яркий аромат объединяет ноты горького апельсина, сандалового дерева, базилика, дубового мха и кипариса.;нанесите на влажную кожу рук, вспеньте, затем смойте водой. Используйте в качестве геля для душа для очищения кожи тела.
19000092356;ESSENTIAL PARFUMS PARIS THE MUSC by Calice Becker;мыло жидкое;Франция;3639;1455;https://goldapple.ru/19000092356-the-musc-by-calice-becker;45.24;Парфюмированное жидкое мыло ESSENTIAL PARFUMS PARIS мягко очищает руки и кожу тела, оставляя изысканный аромат. Средство с растительным глицерином питает кожу и не вызывает сухости после очищения. Экологичная и мягкая формула, подходящая даже для чувствительной кожи, на 98% состоит из натуральных ингредиентов. Нежный аромат мыла окутывает нотами чарующего мускуса и свежей французской лаванды в сочетании с имбирём, сандалом и легкой сладостью пчелиного воска.;нанесите на влажную кожу рук, вспеньте, затем смойте водой. Используйте в качестве геля для душа для очищения кожи тела.
19000092354;ESSENTIAL PARFUMS PARIS NICE BERGAMOTE by Antoine Maisondieu;мыло жидкое;Франция;3639;3275;https://goldapple.ru/19000092354-nice-bergamote-by-antoine-maisondieu;41.58;Парфюмированное жидкое мыло ESSENTIAL PARFUMS PARIS мягко очищает руки и кожу тела, оставляя изысканный аромат. Средство с растительным глицерином питает кожу и не вызывает сухости после очищения. Экологичная и мягкая формула, подходящая даже для чувствительной кожи, на 98% состоит из натуральных ингредиентов. Игривый и солнечный аромат раскрывает ноты бергамота, жасмина, иланг-иланга и лепестков розы, а изысканный кедр и сладость бобов тонка дополняют яркую композицию.;нанесите на влажную кожу рук, вспеньте, затем смойте водой. Используйте в качестве геля для душа для очищения кожи тела.
19000021509;ZIELINSKI & ROZEN Black Vanilla;мыло жидкое;;2290;2290;https://goldapple.ru/19000021509-vanilla-blend;31.96;Эффективно очищает от всех видов загрязнений и подходит для ежедневного использования: средство содержит увлажняющие и смягчающие натуральные масла. Приятный бонус — ароматный шлейф, остающийся на коже несколько часов.  Ароматы продукции Zielinski&Rozen изменили свое наименование без изменения состава.;Нажмите на дозатор, вспеньте мыло в руках и затем смойте водой.
19000210128;ZIELINSKI & ROZEN Pink Pepper, Elemi, Cinnamon, Leather;мыло жидкое;Израиль;2290;2290;https://goldapple.ru/19000210128-pink-pepper-elemi-cinnamon-leather;31.68;Мягко и эффективно очищает кожу от жира и других видов загрязнений. Подходит для ежедневного умывания, мытья рук и тела.;небольшое количество мыла нанести на влажную кожу, вспенить и тщательно смыть водой. Хранить в сухом, защищенном от света и недоступном для детей месте при температуре от +5 °С до +25 °С.
19000311742;TOUCH&RELAX Табак, ваниль и древесные ноты;мыло жидкое;Россия;693;388;https://goldapple.ru/19000311742-tabak-vanil-i-drevesnye-noty;24.5;Парфюмированный гель для мытья рук Табак, ваниль и древесные ноты. Эксклюзивная формула с ароматом селективного парфюма. Гель для мытья рук с роскошным ароматом табака, ванили и древесных нот подарит истинное удовольствие для души и тела! Его нежная воздушная пена бережно очищает, не нарушая pH кожи, и предотвращает ее сухость. Насыщенная формула геля содержит все необходимые ингредиенты для молодости, красоты и сияния кожи.  Ваша кожа гладкая и нежная, окутанная роскошным шлейфом селективной парфюмерии на целый день. -Комплекс натуральных масел глубоко питает, дарит гладкость и эластичность. -Д-пантенол и витамин Е защищают липидный барьер, смягчают и омолаживают кожу. -Натуральные экстракты предотвращают обезвоживание кожи, тонизируют, дарят свежий и сияющий вид. -Инулин – натуральный пребиотик поддерживает гармоничный баланс микробиома кожи.;Небольшое количество геля нанесите на влажную кожу рук, помассируйте до образования пены,  смойте водой.
90150300010;ZIELINSKI & ROZEN Orange & Jasmine;мыло жидкое;;2290;2290;https://goldapple.ru/90150300010-orange-jasmine-vanilla;23.92;Эффективно очищает от всех видов загрязнений и подходит для ежедневного использования: средство содержит увлажняющие и смягчающие натуральные масла. Приятный бонус — ароматный шлейф, остающийся на коже несколько часов.  Ароматы продукции Zielinski&Rozen изменили свое наименование без изменения состава.;Нажмите на дозатор, вспеньте мыло в руках и затем смойте водой.
90150300009;ZIELINSKI & ROZEN Vetiver, Lemon;мыло жидкое;;2290;2290;https://goldapple.ru/90150300009-vetiver-lemon-bergamot;21.56;Эффективно очищает от всех видов загрязнений и подходит для ежедневного использования: средство содержит увлажняющие и смягчающие натуральные масла. Приятный бонус — ароматный шлейф, остающийся на коже несколько часов.  Ароматы продукции Zielinski&Rozen изменили свое наименование без изменения состава.;Нажмите на дозатор, вспеньте мыло в руках и затем смойте водой.
19760314265;ZIELINSKI & ROZEN Tobacco, Cedarwood, Pepper;мыло жидкое;;2290;2290;https://goldapple.ru/19760314265-fiction;19.2;Эффективно очищает от всех видов загрязнений и подходит для ежедневного использования: средство содержит увлажняющие и смягчающие натуральные масла. Приятный бонус — ароматный шлейф, остающийся на коже несколько часов.  Ароматы продукции Zielinski&Rozen изменили свое наименование без изменения состава.;Нажмите на дозатор, вспеньте мыло в руках и затем смойте водой.
19000311744;TOUCH&RELAX Черный перец, нероли и амбра;мыло жидкое;Россия;693;408;https://goldapple.ru/19000311744-cernyj-perec-neroli-i-ambra;17.48;Парфюмированный гель для мытья рук Черный перец, нероли и амбра. Эксклюзивная формула с ароматом селективного парфюма. Гель для мытья рук с непревзойденным ароматом черного перца, нероли и амбры превратит банальную процедуру в истинное наслаждение! Его нежная воздушная пена бережно очищает, не нарушая pH кожи, и предотвращает ее сухость. Насыщенная формула геля содержит все необходимые ингредиенты для молодости, красоты и сияния кожи.  Ваша кожа гладкая и нежная, с загадочным стойким шлейфом эксклюзивного парфюма. -Комплекс натуральных масел глубоко питает, дарит гладкость и эластичность -Д-пантенол и витамин Е защищают липидный барьер, смягчают и омолаживают кожу -Натуральные экстракты предотвращают обезвоживание кожи, тонизируют, дарят свежий и сияющий вид -Инулин – натуральный пребиотик поддерживает гармоничный баланс микробиома кожи.;Небольшое количество геля нанесите на влажную кожу рук, помассируйте до образования пены,  смойте водой.
19000306195;BANKA_HOME Булочки с корицей;мыло жидкое;Россия;710;639;https://goldapple.ru/19000306195-bulocki-s-koricej;15.04;"Жидкое мыло ""Булочки с корицей"". Аромат свежеиспеченных булочек с корицей, политых ванильной глазурью. Верхние ноты: Гвоздика, корица. Ноты сердца: Пломбир. Базовые ноты: Ваниль.";
19000295744;4FRESH BEAUTY Сандал и сычуаньский перец, Relaxing;мыло жидкое;Россия;703;421;https://goldapple.ru/19000295744-sandalwood-and-sichuan-pepper;14.72;"Парфюмированное жидкое мыло «Сандал и сычуаньский перец» – это средство для деликатного очищения, специально разработанное для кожи, требующей дополнительного питания. Благодаря своей мягкой растительной формуле мыло бережно воздействует на кожу, не повреждая ее естественный защитный барьер, предотвращает появление сухости и шелушений и защищает от негативного воздействия внешних факторов.  Пантенол в составе средства улучшает регенерацию клеток и защищает от обезвоживания. Пребиотики помогают поддерживать здоровый микробиом, а экстракт ламинарии глубоко увлажняет, повышает упругость и эластичность кожи, препятствует появлению первых признаков старения. Верхние ноты: бергамот, артемизия, шафран;  Ноты сердца: сычуаньский перец, ваниль, малина; Нижние ноты: сандал, мускус, амбра, кедр. Сложный многогранный аромат Scentease Relaxing с восточными древесными нотами и пряным аккордом окунает в атмосферу умиротворения и улучшает эмоциональный фон. Эффективность доказана научными исследованиями.";Нанесите небольшое количество мыла на влажную кожу, вспеньте, смойте водой.
19000084116;ZIELINSKI & ROZEN oakmoss, amber;мыло жидкое;;2290;2290;https://goldapple.ru/19000084116-oakmoss-amber;14.7;Эффективно очищает от всех видов загрязнений и подходит для ежедневного использования: средство содержит увлажняющие и смягчающие натуральные масла. Приятный бонус — ароматный шлейф, остающийся на коже несколько часов.;Нажмите на дозатор, вспеньте мыло в руках и затем смойте водой.
19000194517;POÈMES DE PROVENCE Bergamote & Lemon Flower;мыло жидкое;Беларусь;1090;882;https://goldapple.ru/19000194517-bergamote-lemon-flower;13.72;Парфюмированное жидкое мыло, обогащенное эфирными маслами бергамота и лайма, бережно очищает, оставляя на коже легкий аромат, растительные экстракты персика, граната и мелиссы тонизируют и питают, витамин Е восстанавливает, а глицерин смягчает и удерживает естественную влагу.  Подходит для мужчин и женщин.;Массажными движениями нанести на влажную кожу рук и/или тела, тщательно смыть водой.
19000322294;ZIELINSKI & ROZEN Apple, Lotus;мыло жидкое;Израиль;2290;2290;https://goldapple.ru/19000322294-apple-lotus;13.0;Бережно и эффективно очищает кожу, сохраняя ее мягкость. Подходит для ежедневного использования для рук и тела.;Вспеньте мыло ладонями, затем тщательно смойте теплой водой.
19000306204;BANKA_HOME Янтарь и кашемир;мыло жидкое;Россия;710;639;https://goldapple.ru/19000306204-antar-i-kasemir;11.04;"Жидкое мыло ""Янтарь и кашемир"". Это сложная древесная смесь с нотами янтаря.  Аромат представляет собой сочетание ванили, темного мускуса и сандалового дерева, с хорошо сбалансированной цитрусовой и цветочной нотой. Верхние ноты: Озон, жасмин. Ноты сердца: Бобы тонка, пачули, сандал, кожа. Базовые ноты: Пудра, светлый мускус, темный мускус, амбра.";
99000055142;MOYORY Tobacco & Vanille;мыло жидкое;;3000;1200;https://goldapple.ru/99000055142-tobacco-vanille;9.4;Вашему вниманию представляется эксклюзивное парфюмированное жидкое мыло для рук от MOYÖRY с дозатором, сочетающее в себе не только высочайшие стандарты качества ухода за кожей, но и уникальный соблазнительный аромат Tobacco & vanille, который дает возможность насладиться роскошным тёплым древесно-пряным запахом, в основе которого сочетание мягкой, сладкой ванили и благородно-бархатистого табачного листа. Это мыло создано для тех, кто ценит в своей повседневной жизни исключительность и комфорт. Наше жидкое мыло для рук с дозатором идеально подходит для использования в ванной, кухне, а также идеально вписывается в интерьер любого санузла благодаря своему стильному дизайну.  Это средство для ухода за телом и руками обладает высокими очищающими свойствами, одновременно увлажняя и питая кожу, делая ее мягкой и нежной.;Нанесите небольшое количество средства на влажную кожу, вспеньте, смойте водой.
19000252033;TNL PROFESSIONAL Vanilla & Amber;мыло жидкое;Россия;451;360;https://goldapple.ru/19000252033-vanilla-amber;9.0;Парфюмированное жидкое мыло с ухаживающим за кожей рук комплексом.  Достоинства:  Бархатная текстура парфюмированного мыла создана на основе высококачественных ингредиентов.  Бережно заботится о чистоте и красоте кожи: не содержит формальдегидов, соответствует естественному уровню pH.  Благодаря ценному маслу риса и соку алоэ Барбаденсис в составе обеспечивает прекрасный уход за кожей рук.  Результат:  Мягкое очищение и одновременно уход за кожей рук: смягчение и увлажнение, восстановление липидного баланса.  Бархатистый пудровый аромат парфюмерной композиции окутывает нежной негой.;Небольшое количество мыла нанести на влажную кожу, тщательно намылить руки пеной и смыть проточной водой.
19000306203;BANKA_HOME Чистый хлопок;мыло жидкое;Россия;710;639;https://goldapple.ru/19000306203-cistyj-hlopok;7.36;"Жидкое мыло ""Чистый хлопок"". Аромат чистого белья в свежий солнечный день. Дополнен оттенками цитрусовых, зеленого яблока, кедра, жасмина, лаванды и лилии. Верхние ноты: Лимон, хлопковый цветок. Ноты сердца: Лен. Базовые ноты: Сандаловое дерево, пудра, фиалка.";
19000311745;TOUCH&RELAX Розовый перец, ветивер и пачули;мыло жидкое;Россия;693;381;https://goldapple.ru/19000311745-rozovyj-perec-vetiver-i-paculi;7.2;Парфюмированный гель для мытья рук Розовый перец, ветивер и пачули. Эксклюзивная формула с ароматом селективного парфюма. Гель для мытья рук с волнующим ароматом розового перца, ветивера и пачули окунет вас в роскошь эксклюзивной парфюмерии. Его нежная воздушная пена бережно очищает, не нарушая pH кожи, и предотвращает ее сухость. Насыщенная формула геля содержит все необходимые ингредиенты для молодости, красоты и сияния кожи.  Ваша кожа гладкая и нежная, окутанная шлейфом изысканного парфюма. -Комплекс натуральных масел глубоко питает, дарит гладкость и эластичность. -Д-пантенол и витамин Е защищают липидный барьер, смягчают и омолаживают кожу. -Натуральные экстракты предотвращают обезвоживание кожи, тонизируют, дарят свежий и сияющий вид. -Инулин – натуральный пребиотик поддерживает гармоничный баланс микробиома кожи.;Небольшое количество геля нанесите на влажную кожу рук, помассируйте до образования пены,  смойте водой.
99000011413;ANYDAY белый чай и бергамот;мыло жидкое;;700;350;https://goldapple.ru/99000011413-belyj-caj-i-bergamot;6.86;"Парфюмированное жидкое мыло для рук с исключительно мягкой формулой с алоэ вера, пантенолом и витамином Е способствует увлажнению, дарит ощущение чистоты и оставляет цветочный аромат белого чая и яркого бергамота. Безопасный состав не содержит парабенов, сульфатов и SLS, отсутствуют компоненты животного происхождения и красители. Имеет нейтральный pH, подходит для ежедневного применения и всех типов кожи - сухой, нормальной, жирной, комбинированной, чувствительной и атопичной.  Создаёт густую и обильную пену во время мытья рук, принятия ванны или душа, не оставляет ощущение стянутости. Парфюмированное мыло с эфирным маслом в составе, поэтому имеет насыщенный и яркий запах. Аромат жидкого мыла состоит из следующей композиции:  Верхние ноты – мандарин, лимон; Ноты сердца – бергамот, имбирь; Базовые ноты – белый чай, жасмин. Благодаря насыщенному составу парфюмированное жидкое мыло оказывает положительное воздействие. Основные действующие вещества:  Гидроксиэтил мочевина – активный увлажняющий компонент, удерживает влагу в количестве 82% своего веса, способствует увеличению эластичности и гладкости; Бетаин снижает раздражающее воздействие ПАВ и увлажняет. Помогает снизить раздражения и зуд даже у людей с чувствительной кожей; Пантенол - эффективный увлажняющий и влагоудерживающий компонент, который смягчает, успокаивает и помогает предотвратить раздражение. Стимулирует регенерацию, нормализует клеточный метаболизм, увеличивает прочность коллагеновых волокон. Оказывает противовоспалительное, антибактериальное действие; Гель алоэ вера глубоко увлажняет, питает, восстанавливает и защищает. Устраняет покраснение и раздражение; Экстракт лимона - антиоксидант, естественный источник биофлавонидов и витамина C, обладает антибактериальным, антисептическим, вяжущим и тонизирующим свойствами, модифицирует pH кожи и осветляет её; Витамин Е - мощный антиоксидант, который оберегает липидную мантию и обладает способностью снижать вредное воздействие УФ-лучей, ""витамин молодости"". Предотвращает пигментацию, регенерирует, замедляет проявление возрастной дряблости. Применяется как антивозрастное омолаживающее средство; Глицерин обеспечивает смягчающее, защитное, питательное действие; Эфирное масло бергамота эффективный природный антидепрессант, снижает беспокойство и последствия стресса, помогает при нервном истощении и депрессии; сохраняет естественный липидный барьер кожи.  Мыло жидкое парфюмированное для рук упаковано в компактный флакон софт-тач 250 мл с экономным дозатором, который приятно держать в руке и удобно брать с собой в поездки и путешествия. Одного флакона хватает на 2 месяца ежедневного использования.";Нанести на влажные руки, смыть водой. Не использовать: для области вокруг глаз.
19000021508;ZIELINSKI & ROZEN Cedarwood, Patchouli, Jasmine;мыло жидкое;;2290;2290;https://goldapple.ru/19000021508-717;6.58;Эффективно очищает от всех видов загрязнений и подходит для ежедневного использования: средство содержит увлажняющие и смягчающие натуральные масла. Приятный бонус — ароматный шлейф, остающийся на коже несколько часов.  Ароматы продукции Zielinski&Rozen изменили свое наименование без изменения состава.;Нажмите на дозатор, вспеньте мыло в руках и затем смойте водой.
19000306201;BANKA_HOME Тиковое дерево и табак;мыло жидкое;Россия;710;639;https://goldapple.ru/19000306201-tikovoe-derevo-i-tabak;6.16;"Жидкое мыло  ""Тиковое дерево и табак"". Тиковое дерево и табак — это сложный и смелый аромат с пряными нотами имбиря и душистого перца, дополненные сандаловым и тиковым деревом в сочетании с листьями табака, амбры и темного мускуса. Верхние ноты: Душистый перец. Ноты сердца: тиковое дерево, гвоздика, листья табака. Базовые ноты: Амбра, сандал, перец.";Применение: нанести необходимое количество на руки, либо загрязненное место, вспенить, добавляя воду, обработать загрязнённый участок, затем тщательно промыть водой.
19000295745;4FRESH BEAUTY Вечерняя магнолия и нероли, Dreamy;мыло жидкое;Россия;703;421;https://goldapple.ru/19000295745-evening-magnolia-and-neroli;5.0;"Парфюмированное жидкое мыло «Вечерняя магнолия и нероли» – это средство для деликатного очищения, специально разработанное для кожи, требующей дополнительного питания. Благодаря своей мягкой растительной формуле мыло бережно воздействует на кожу, не повреждая ее естественный защитный барьер, предотвращает появление сухости и шелушений и защищает от негативного воздействия внешних факторов. Пантенол в составе средства улучшает регенерацию клеток, и защищает от обезвоживания. Пребиотики помогают поддерживать здоровый микробиом, а масло арганы питает и интенсивно смягчает кожу, делая ее невероятно гладкой и шелковистой.   Верхние ноты: нероли, мандарин, яблоневый цвет;  Ноты сердца: магнолия, тубероза, гардения;  Нижние ноты: ваниль, кашемир, бензойная смола.  Сложный многогранный аромат Scentease Dreamy, где лепестки белых цветов  дополнены легкими пудровыми нотами, погружает в состояние безмятежности и улучшает эмоциональный фон. Эффективность доказана научными исследованиями.";Нанесите небольшое количество мыла на влажную кожу, вспеньте, смойте водой.
19000328393;YVES ROCHER Bain De Nature Coconut;мыло жидкое;Франция;478;430;https://goldapple.ru/19000328393-bain-de-nature-coconut;4.8;Моющая основа 100% растительного происхождения без сульфатов деликатно очищает и окутывает нежным ароматом, сохраняя естественное увлажнение кожи. 95% ингредиентов натурального происхождения. Содержит экстракт Кокосового Ореха.;Нанесите на влажную кожу рук, вспеньте и смойте водой.
19000437936;NICE BY SEPTIVIT Black Pepper;мыло жидкое;Россия;672;537;https://goldapple.ru/19000437936-black-pepper;4.8;Жидкое мыло для рук «Black Pepper» Nice by Septivit Premium – уникальное гигиеническое средство с приятным ароматом, придающим чувство свежести и комфорта. Помимо волшебной отдушки, мыло нежно питает и увлажняет кожу рук. Нейтральный pH подходит для чувствительной кожи: средство бережно очищает, не вызывает раздражений и полностью смывается водой. Благодаря удобному дозатору и отличному пенообразованию, мыло является экономичным вариантом. Насыщенный аромат черного перца, амбры и нероли легко перебивает стойкие неприятные запахи. Жидкое мыло предназначено для мужчин и женщин, универсально — подходит как для чувствительной, так и для грубой кожи. Лёгкая и стойкая пена очищает и питает кожу кислородом и полезными веществами. Универсальная формула позволяет использовать средство не только для рук, но и для других частей тела.;Нанесите небольшое количество средства на влажную кожу, вспеньте, тщательно смойте водой.
26732700003;BYREDO Vetyver;мыло жидкое;;9880;5928;https://goldapple.ru/26732700003-vetyver-liquid;4.4;Звучание аромата начинается с бодрящего сочетания сладостных семян ангелики и освежающего терпкого помело. В сердце аромата Vetyver появляется оттенок невесомого ароматного мате в дуэте с теплыми лепестками жасмина, прохладу которым придает пудровая фиалка. Тонкие оттенки дымного ветивера и чувственного кашмерана надолго остаются на коже.;Нанести на влажную кожу, тщательно смыть.
19000263811;ACQUA DI PARMA YUZU;мыло жидкое;Италия;6990;6990;https://goldapple.ru/19000263811-yuzu;3.84;Деликатная и мягкая формула превращает гель в роскошную пену при соприкосновении с водой. Гель для рук и тела Yuzu нежно очищает кожу, не нарушая ее естественного баланса, оставляя ее бархатистой и ароматной.Это роскошное дополнение к линии ароматов и ухода для тела Signatures of the Sun c горьковато-цитрусовыми нотами Юдзу привносит в ваш ритуал красоты особую атмосферу. Верхние ноты: Юдзу, бергамот, сычуаньский перец Ноты сердца: Лотос, мимоза, листки фиалки, жасмин Базовые ноты: Мускус, лакричник, сандал;Наносить на влажную кожу, распределить по телу, смыть достаточным количеством воды. При необходимости повторить.
19000445040;SEPTIVIT Special black pepper;мыло жидкое;Россия;566;452;https://goldapple.ru/19000445040-black-pepper;3.6;"Жидкое мыло Septivit Special ""Black Pepper"" — это гармоничное сочетание изысканного аромата и деликатной формулы для очищения и увлажнения кожи рук.  Нейтральный уровень pH обеспечивает бережный уход за кожей, не вызывая сухости и раздражения.";Небольшое количество мыла нанесите на влажную кожу, вспеньте и тщательно смойте водой.
19000328394;YVES ROCHER Bain De Nature Raspberry;мыло жидкое;Франция;478;363;https://goldapple.ru/19000328394-bain-de-nature-raspberry;3.04;Моющая основа 100% растительного происхождения без сульфатов деликатно очищает и окутывает нежным ароматом, сохраняя естественное увлажнение кожи. 95% ингредиентов натурального происхождения.;Нанесите на влажную кожу рук, вспеньте и смойте водой.
19000306196;BANKA_HOME Ваниль и мускус;мыло жидкое;Россия;710;639;https://goldapple.ru/19000306196-vanil-i-muskus;3.04;"Жидкое мыло ""Ваниль и мускус"". Сложный, интригующий и чувственный аромат.  Присутствуют ноты мускуса, сандалового дерева, сливочной ванили, ладана и янтаря. Верхние ноты: Цитрусовые, слива. Ноты сердца: Жасмин, амбра. Базовые ноты: Бензоин, темный мускус, амирис.";
19000386190;ASENSE Vetiver & Rosemary;мыло жидкое;Россия;4005;3404;https://goldapple.ru/19000386190-vetiver-rosemary;3.0;Парфмированное жидкое мыло-скраб с ароматом ветивера, бергамота и розмарина обладает мягкими скрабирующими свойствами благодаря природному вулканическому стеклу. Французский парфюм Vetiver & rosemary Перетертая зелень ветивера и розмарина с брызгами цедры бергамота - дуэт свежести и экстраординарности. Интенсивность: средняя. Топ: розмарин, бергамот, цитрус. Сердце: ветивер.;Нанести на руки и тело, массируя влажную кожу круговыми движениями. Смыть теплой водой.Рекомендуется использовать вместе с лосьоном для тела и рук Asense.
19000402205;INNATURE Tobacco Vanille;мыло жидкое;Россия;728;407;https://goldapple.ru/19000402205-tobacco-vanille;3.0;Натуральное парфюмированное крем-мыло для рук La Niche Tobacco Vanille бережно очищает кожу рук, интенсивно питает и смягчает, не вызывая сухости и раздражения.  Оставляет на коже легкий аромат ванили и цветов табака. Подходит для ежедневного применения. Верхние ноты: ваниль, древесные ноты. Средние ноты: листья табака, бобы тонка. Базовые ноты: цветок табака, пряности. В интернет-магазине представлен актуальный дизайн продукта. Обращаем внимание, возможно поступление товара в старом дизайне.;Нанесите на кожу рук и равномерно распределите средство. Смочите руки водой, вспеньте и тщательно смойте. Рекомендуется дополнить уход кремом для тела и рук Innature La Niche Tobacco Vanille.
99000011368;РЕЗУЛЬТАТ.ПРО дерево;мыло жидкое;;1500;899;https://goldapple.ru/99000011368-derevo;3.0;Крем-мыло Premium с ароматом Trees - это идеальное решение для тех, кто хочет не только тщательно очистить свои руки, но и насладиться прекрасным ароматом.   Аромат мыла Tress характеризуется свежестью и натуральностью. Он напоминает аромат леса, сосен и кедров, создавая ощущение приятного прогулочного похода среди деревьев.  Этот запах отличается ненавязчивостью и мягкостью, придавая мылу естественный аромат.  Такой ароматный профиль отлично подходит для людей, предпочитающих простоту и нежность, а также для тех, кто любит аромат леса и чистоту природы.   Мыло  бережно очищает, увлажняет, тонизирует и повышает эластичность кожи, обладает нежной невесомой текстурой, обильно пенится и легко смывается водой. После использования средства на коже не остается сухости, липкости и ощущений стянутости.  Достаточно всего одной капли, чтобы получить нужное количество пены.;Небольшое количество мыла нанесите на влажную кожу рук, вспеньте и смойте водой.
99000015583;LAMONNET vanilla & amber;мыло жидкое;;842;589;https://goldapple.ru/99000015583-vanilla-amber;3.0;"Профессиональный уход для рук и тела с парфюмированным жидким мылом от LAMONNET. Нежная кремовая пена глубоко и бережно очищает кожу, устраняет запахи, увлажняет и питает, не вызывая сухости или раздражения.  Мыло предназначено для ежедневного ухода и подходит для всех типов кожи. Можно использовать как гель для душа. Сбалансированная формула с высоким содержанием натуральных природных компонентов. Концентрированный состав, густая и плотная текстура обеспечат маленький и экономный расход. Гармония и расслабление.  Парфюмированная отдушка из Франции подарит легкий и ненавязчивый шлейф на протяжении нескольких часов. Роскошный дизайн флакона с удобным дозатором будет украшением любой ванной комнаты. Парфюмерная композиция: ""Ваниль и амбра"". Чувственный, нежный, интригующий. Завораживающая и теплая ваниль переплетается с глубокими оттенками минеральной амбры и нотами табака. Универсальный шлейфовый аромат подойдёт как для женщин, так и для мужчин на каждый день.";Небольшое количество мыла нанесите на влажную кожу рук или тела, тщательно вспеньте, смойте теплой водой.
19000263814;ACQUA DI PARMA MAGNOLIA INFINITA;мыло жидкое;Италия;6990;6990;https://goldapple.ru/19000263814-magnolia-infinita;2.82;Деликатная и мягкая формула превращает гель в роскошную пену при соприкосновении с водой. Гель для рук и тела Magnolia Infinita нежно очищает кожу, не нарушая ее естественного баланса, оставляя ее бархатистой и ароматной. Это роскошное дополнение к линии ароматов и ухода для тела Signatures of the Sun c деликатным и бесконечно женственным ароматом Магнолии привносит в ваш ритуал красоты особую атмосферу. Верхние ноты: Калабрийский Бергамот, Апельсин, Лимон Ноты сердца: Жасмин самбак, магнолия, роза, иланг Базовые ноты: Мускус, пачули;Наносить на влажную кожу, распределить по телу, смыть достаточным количеством воды. При необходимости повторить.
19000438920;SYNERGETIC табак-ваниль;мыло жидкое;Россия;630;567;https://goldapple.ru/19000438920-tabak-vanil;2.0;Парфюмированное мыло-пенка для рук SYNERGETIC tobacco-vanille/табак-ваниль на основе натуральных компонентов бережно очищает кожу и оставляет на ней пряный амбровый аромат. Масло макадамии увлажняет и питает кожу, помогает восстановить её естественные защитные свойства. Экстракт розмарина тонизирует, помогая сохранить упругость и эластичность, а экстракт ванили оказывает регенерирующее действие, успокаивает и смягчает.  Мыло с физиологичным уровнем pH 5,5 безопасно при частом использовании и не содержит SLES, минеральных масел, силиконов и красителей. Парфюмерная композиция наполнена восхитительными сочетаниями сладких восточных, древесно-пряных и пьянящих табачных нот. Загадочный характер аромата открывается дымными и терпкими оттенками специй и табачных листьев, которые плавно перетекают в сладость ванили, какао и обжаренных бобов тонка. Завершается симфония аккордами многогранных древесных акцентов с нотами сухофруктов. Аромат наполнен тёплым вечерним настроением, он восхищает своей многогранной красотой и смелым темпераментом.;Перед применением снимите ограничитель с пенообразующего дозатора. Нажмите на дозатор, выдавив мыло-пенку, нанесите на влажную кожу, распределите по коже и тщательно смойте водой. Возможно незначительное изменение цвета средства, не влияющее на его качество и свойства.
19000445039;SEPTIVIT Special cherry love;мыло жидкое;Россия;566;452;https://goldapple.ru/19000445039-cherry-love;2.0;"Жидкое мыло Septivit Special ""Cherry Love"" — это гармоничное сочетание изысканного аромата и деликатной формулы для очищения и увлажнения кожи рук.  Нейтральный уровень pH обеспечивает бережный уход за кожей, не вызывая сухости и раздражения.";Небольшое количество мыла нанесите на влажную кожу, вспеньте и тщательно смойте водой.
19000328395;YVES ROCHER Bain De Nature  mango and coriander;мыло жидкое;Франция;478;430;https://goldapple.ru/19000328395-bain-de-nature-mango-and-coriander;2.0;Моющая основа 100% растительного происхождения без сульфатов деликатно очищает и окутывает нежным ароматом, сохраняя естественное увлажнение кожи. 95% ингредиентов натурального происхождения.;Нанесите на влажную кожу рук, вспеньте и смойте водой.
99000092365;MOYORY mango & orange & jasmine;мыло жидкое;;3000;540;https://goldapple.ru/99000092365-mango-orange-jasmine;2.0;А если бы каждое прикосновение воды превращалось в удовольствие? Солнечные ноты mango, orange и воздушный шлейф jasmine, вдохновленные популярным парфюмом Mango Skin, создают атмосферу летнего утра. Нежность, которую хочется ощущать снова и снова. Парфюмированное жидкое мыло для рук и тела Moyory — это гармония ухода и аромата. Формула на основе натуральных компонентов бережно очищает кожу, не нарушая ее защитный барьер. Оно безопасно даже для детей и чувствительной кожи, не вызывает сухости и зуда.  Удобный флакон с дозатором, оптимальный объем 500 мл, элегантный аромат и забота в каждой капле — все это делает Moyory идеальным выбором для повседневного ухода с элементами роскоши.;Нанесите средство на влажное тело, вспеньте, тщательно смойте теплой водой.
99000011363;РЕЗУЛЬТАТ.ПРО вишня табак;мыло жидкое;;1500;999;https://goldapple.ru/99000011363-visna-tabak;2.0;Крем-мыло Premium с ароматом Cherry - это идеальное решение для тех, кто хочет не только тщательно очистить свои руки, но и насладиться прекрасным ароматом вишни. Это роскошное мыло обеспечивает нежный уход за кожей, оставляя ее мягкой, гладкой и увлажненной.  Премиальный аромат табака и вишни раскрывается на коже в роскошных оттенках.  Аромат открывается вкусными фруктовыми оттенками спелой душистой вишни и сладкого вишневого ликера.  Далее раскрываются двойственные аккорды, в которых контрастируют сладкие и терпкие, яркие и таинственные цветочные ноты.  Мыло бережно очищает, увлажняет, тонизирует и повышает эластичность кожи, обладает нежной невесомой текстурой, обильно пенится и легко смывается водой. После использования средства на коже не остается сухости, липкости и ощущений стянутости.   Достаточно всего одной капли, чтобы получить нужное количество пены.;Небольшое количество мыла нанесите на влажную кожу рук, вспеньте и смойте водой.
19000345830;FAMILY FOREVER FACTORY Euphoria;мыло жидкое;Беларусь;620;434;https://goldapple.ru/19000345830-euphoria;2.0;Фантазийный шипровый аромат поднимет настроение и создаст ощущение эйфории.  Мыло эффективно очищает и при этом не пересушивает кожу.  Пирамида аромата: черная смородина, кардамон, морская соль, мускус.;С помощью нажатий выдавливаете необходимое количество жидкого мыла. Вспенивать его небольшим количеством воды, затем смывать.
19000310416;ETERIA COSMO Озон и роза;мыло жидкое;Россия;591;531;https://goldapple.ru/19000310416-ozon-i-roza;2.0;"Создайте атмосферу свежести и прибрежной романтики с ароматом ""Озон роза и морская соль"". Свежесть озона наполнит ваш дом энергией и дыханием свободы, а нежные ноты розовых лепестков добавят нотку романтики и женственности. Морская соль подчеркнет атмосферу свежести и вдохновит вас на приятные морские прогулки. Позвольте этому аромату перенести вас к побережью и окутать вашу жизнь волной приятных ощущений. Парфюмированное жидкое мыло для рук: 1. Натуральные экстракты и активные компоненты 2. Без парабенов, сульфатов и продуктов нефтепереработки.                                                                                                                                                                                                                                                                                                                                                                                               Экологично. Безопасно. Не тестируется на животных.";Нанести небольшое количество продукта на влажную кожу, вспенить, смыть водой.
19000263813;ACQUA DI PARMA OUD;мыло жидкое;Италия;6990;6990;https://goldapple.ru/19000263813-oud;1.8;Деликатная и мягкая формула превращает гель в роскошную пену при соприкосновении с водой. Гель для рук и тела Oud нежно очищает кожу, не нарушая ее естественного баланса, оставляя ее бархатистой и ароматной. Это роскошное дополнение к линии ароматов и ухода для тела Signatures of the Sun c глубоким и интенсивным ароматом Уда привносит в ваш ритуал красоты особую атмосферу. Верхние ноты: Зеленый мандарин, нероли Ноты сердца: Пион, розовый перец, амбретта Базовые Ноты: Османтус, пачули;Наносить на влажную кожу, распределить по телу, смыть достаточным количеством воды. При необходимости повторить.
19000310417;ETERIA COSMO Фрезия и сирень;мыло жидкое;Россия;591;531;https://goldapple.ru/19000310417-frezia-i-siren;1.6;"Погрузитесь в изысканный мир чувственности и изящества с ароматом ""Фрезия сирень и драгоценное дерево"". Насыщенные ноты фрезии переплетаются с нежным ароматом сирени, создавая волшебное сочетание свежести и благоухания в вашем доме. Древесные аккорды добавляют глубину и роскошь, позволяя вам насладиться прекрасной атмосферой гармонии и природной красоты.                                                                                                                                                                                                                      Парфюмированное жидкое мыло для рук: 1. Натуральные экстракты и активные компоненты. 2. Без парабенов, сульфатов и продуктов нефтепереработки.                                                                                                                                                                                                                                                                                                                                         Экологично. Безопасно. Не тестируется на животных.";Нанести небольшое количество продукта на влажную кожу, вспенить, смыть водой.
99000083636;MOYORY CHERRY & BEANS TONKA;мыло жидкое;Россия;3000;1080;https://goldapple.ru/99000083636-cherry-beans-tonka;1.6;Жидкое мыло от moyory — идеальное средство для ежедневного ухода за кожей рук и тела. Парфюмированное мыло обеспечивает нежное очищение и увлажнение, придавая мягкость и ощущение комфорта. обладает мягкой текстурой с ароматом  Cherry & Beans Tonka. Специально разработанная формула и защитный состав не вызывают аллергии, подходят для любого типа кожи, даже сухой и чувствительной. Антибактериальное действие обеспечивает защиту от бактерий и аллергических реакций. Подходит как для детей, так и для взрослых.;Нанесите небольшое количество средства на влажную кожу, вспеньте, смойте водой.
19000311743;TOUCH&RELAX Флердоранж, мускус и мох;мыло жидкое;Россия;693;408;https://goldapple.ru/19000311743-flerdoranz-muskus-i-moh;1.4;Парфюмированный гель для мытья рук Флердоранж, мускус и мох. Эксклюзивная формула с ароматом селективного парфюма. Гель для мытья рук с чувственным ароматом флердоранжа, мускуса и мха создан для ценителей эксклюзивных ароматов! Его нежная воздушная пена бережно очищает, не нарушая pH кожи, и предотвращает ее сухость. Насыщенная формула геля содержит все необходимые ингредиенты для молодости, красоты и сияния кожи.  Ваша кожа гладкая и нежная, окутанная стойким ароматом красивого парфюма. -Комплекс натуральных масел глубоко питает, дарит гладкость и эластичность. -Д-пантенол и витамин Е защищают липидный барьер, смягчают и омолаживают кожу. -Натуральные экстракты предотвращают обезвоживание кожи, тонизируют, дарят свежий и сияющий вид. -Инулин – натуральный пребиотик поддерживает гармоничный баланс микробиома кожи.;Небольшое количество геля нанесите на влажную кожу рук, помассируйте до образования пены,  смойте водой.
19000455022;ASENSE Vetiver & Rosemary;мыло жидкое;Россия;3602;3025;https://goldapple.ru/19000455022-vetiver-rosemary;1.0;Парфюмированное жидкое мыло-скраб с ароматом ветивера, бергамота и розмарина. Обладает мягкими скрабирующими свойствами благодаря природному вулканическому стеклу. Французский парфюм Vetiver & rosemary. Перетертая зелень ветивера и розмарина с брызгами цедры бергамота — дуэт свежести и экстраординарности. Интенсивность: средняя. Топ: розмарин, бергамот, цитрус. Сердце: ветивер.;Нанести на руки и тело, массируя влажную кожу круговыми движениями. Смыть теплой водой. Рекомендуется использовать вместе с Лосьоном для тела и рук Asense.
19000428867;ОСОБАЯ СЕРИЯ Tobacco and Vanilla, comprehensive care and aromatherapy;мыло жидкое;Россия;599;479;https://goldapple.ru/19000428867-tobacco-and-vanilla-comprehensive-care-and-aromatherapy;1.0;Густое мыло «Особая Серия» — это универсальное средство для ежедневного ухода за телом и волосами с натуральными экстрактами и маслами, увлажняющими компонентами и превосходными яркими ароматами. Мягкая гелевая текстура мыла образует нежную кремовую пену, бережно и эффективно очищает тело и волосы. Густое мыло с роскошным теплым древесно-пряным ароматом табака и ванили и маслом жожоба в составе увлажняет и смягчает сухую кожу, делает волосы более эластичными и блестящими. Масло жожоба богато витаминами А, С, Е, D, обладает мощными регенерирующими свойствами, придает тонус и упругость коже и сияние волосам. В состав формулы густого мыла также входит натуральный бетаин, способствующий увлажнению кожи и укреплению волосяного стержня. Густое мягкое мыло в объемной банке можно использовать и как шампунь и как крем-гель для душа. Роскошный аромат табака и ванили обеспечивает исцеляющий ароматерапевтический эффект, создает комфортную атмосферу для принятия домашних СПА процедур. В результате вы обретете бархатистую увлажненную кожу, мягкие блестящие шелковисты волосы плюс продолжительный эффект чистоты и свежести кожи головы.;Необходимое количество мыла нанести на влажные волосы и тело, вспенить массажными движениями, затем смыть водой.
19000402206;INNATURE Tobacco Cherry;мыло жидкое;Россия;728;407;https://goldapple.ru/19000402206-tobacco-cherry;1.0;Натуральное парфюмированное крем-мыло для рук La Niche Tobacco Cherry бережно очищает кожу рук, интенсивно питает и смягчает, не вызывая сухости и раздражения.  Оставляет на коже легкий аромат вишни и цветов табака. Подходит для ежедневного применения. Верхние ноты: вишня, жженая древесина. Средние ноты: лист табака, бобы тонка. Базовые ноты: цветы вишни, цветы табака. В интернет-магазине представлен актуальный дизайн продукта. Обращаем внимание, возможно поступление товара в старом дизайне.;Нанесите на кожу рук и равномерно распределите средство. Смочите руки водой, вспеньте и тщательно смойте. Рекомендуется дополнить уход кремом для тела и рук Innature La Niche Tobacco Cherry.
19000467303;ZIELINSKI & ROZEN Amberwood, Vanilla, Davana;мыло жидкое;Израиль;2290;2290;https://goldapple.ru/19000467303-amberwood-vanilla-davana;1.0;Эффективно очищает кожу и способствует ее увлажнению. Подходит для всех типов кожи.;Нанесите небольшое количество мыла на влажную кожу, вспеньте, затем тщательно смойте водой.
99000011150;РЕЗУЛЬТАТ.ПРО whiskey;мыло жидкое;;420;336;https://goldapple.ru/99000011150-whiskey;1.0;Парфюмированные жидкое мыло для рук и тела, Liquid Soap — идеальное средство ежедневного ухода. Содержит уникальную формулу, сохраняет естественный уровень увлажнения. Благодаря своей пенной текстуре, мягко очищает, удаляет загрязнения, не пересушивая кожу.   Ароматизированная основа приятно удивит, оставляя долговременный аромат. Стильный лаконичный флакон станет украшением ванной комнаты. Удобный дозатор, экономно расходует средство и приятно смотрится на раковине в вашей ванной комнате.   Мыло прошло все необходимые проверки и соответствует самым высоким стандартам качества. Liquid Soap заботится о здоровье и красоте своих потребителей. Используем качественные и натуральные компоненты для производства своей продукции.;Небольшое количество мыла нанесите  на влажную кожу рук, вспеньте и смойте  водой.
19000438799;BANKA_HOME Кипарис и лавровое дерево;мыло жидкое;Россия;750;675;https://goldapple.ru/19000438799-kiparis-i-lavrovoe-derevo;1.0;"Жидкое мыло ""Кипарис и лавровое дерево"".                                                       Посетите вековой вечнозеленый лес с нашим ароматом ""Кипарис и лавровое дерево"". Этот невероятный аромат начинается со свежего озона, лаврового дерева и освежающего эвкалипта. Средние ноты состоят из смеси кипариса, мха и восковницы, с богатым оттенком пихтового бальзама, пачули и сладкого ладана. Верхние ноты: Эвкалипт, озон, лавровое дерево. Ноты сердца: Бейбери, мох, кипарис. Базовые ноты: Ель, пачули, ладан.";Нанести необходимое количество на руки, либо загрязненное место, вспенить, добавляя воду, обработать загрязнённый участок, затем тщательно промыть водой.
99000011129;РЕЗУЛЬТАТ.ПРО ваниль табак;мыло жидкое;;1500;999;https://goldapple.ru/99000011129-vanil-tabak;1.0;Крем-мыло Premium с ароматом TOM’S (Ваниль-табак) - это идеальное решение для тех, кто хочет не только тщательно очистить свои руки, но и насладиться прекрасным ароматом ванили. Это роскошное мыло обеспечивает нежный уход за кожей, оставляя ее мягкой, гладкой и увлажненной.  Композиция состоит из 2 основных аккордов: ванильного и табачного. Также ощущается пряный и древесный ароматы.  Верхними нотами композиции являются лист табака и пряности.  В «сердце» пирамиды скрывается Ваниль, какао и бобы Тонка.  Завершают композицию древесные ноты.  Мыло бережно очищает, увлажняет, тонизирует и повышает эластичность кожи, обладает нежной невесомой текстурой, обильно пенится и легко смывается водой. После использования средства на коже не остается сухости, липкости и ощущений стянутости.   Достаточно всего одной капли, чтобы получить нужное количество пены.;Небольшое количество мыла нанесите на влажную кожу рук, вспеньте и смойте водой.
99000073820;LUIR Tobacco Vanille;мыло жидкое;;320;320;https://goldapple.ru/99000073820-tobacco-vanille;1.0;Парфюмированное мыло для рук и тела Luir разработано с использованием новейших технологий и высококачественных ингредиентов для профессионального ухода за кожей. Специальная формула с D-пантенолом и персиковым маслом обеспечит интенсивное увлажнение и питание. Входящий в состав натуральный экстракт алоэ вера поможет восстановить и успокоить раздраженную кожу, делая ее мягкой и гладкой, а витамины E&D защитят от воздействия свободных радикалов, предотвращая преждевременное старение. Парфюмированная композиция подарит роскошный аромат на длительное время. Благодаря нейтральному pH (5,5), мыло идеально подходит для ежедневного ухода за кожей рук и тела.;Нанести небольшое количество мыла на влажную кожу, вспенить, смыть водой.
99000004786;KIPNI Фруктовая Пудра;мыло жидкое;;299;209;https://goldapple.ru/99000004786-fruktovaa-pudra;0.8;Мыло парфюмированное для рук и тела деликатно очищает, увлажняет и ухаживает за кожей. Обогащено увлажняющим комплексом, разглаживающим и питающим сухую кожу.  Мыло обладает роскошным неповторимым ароматом, который останется с вами на долгое время.  Мыло не содержит алкилсульфатов, парабенов, силиконов, минеральных масел, красителей.  Имеет дерматологически нейтральный уровень рН.;Нанести небольшое количество мыла на кожу, вспенить, смыть водой.
19000345828;FAMILY FOREVER FACTORY Lux hotel;мыло жидкое;Беларусь;620;465;https://goldapple.ru/19000345828-lux-hotel;0.8;Чувственный пудрово-цветочный аромат с лактоническими нотами погружает в мир роскоши и романтики.  Мыло эффективно очищает и при этом не пересушивает кожу.  Пирамида аромата: бергамот, фрезия, цветы вишни, сладкая амбра, мускус.;С помощью нажатий выдавливаете необходимое количество жидкого мыла. Вспенивать его небольшим количеством воды, затем смывать.
19000459156;PERMEGI Cherry;мыло жидкое;Россия;399;399;https://goldapple.ru/19000459156-cherry;0.6;Парфюмированное мыло для рук Permegi — это мягкое средство на основе пенообразователей, которое бережно очищает, увлажняет и смягчает кожу, оставляя на ней тонкий аромат. Подходит для ежедневного использования. В составе мыла — 90% натуральных компонентов, которые улучшают эластичность и упругость кожи. Пенообразователи эффективно удаляют загрязнения и бактерии, обеспечивая чистоту и свежесть кожи.;Нажмите на дозатор, чтобы получить небольшое количество мыла (1-2 нажатия).  Вспеньте в ладонях с водой. Тщательно очистите кожу рук в течение 20-30 секунд.  Смойте теплой водой.
99000011122;РЕЗУЛЬТАТ.ПРО миндаль;мыло жидкое;;1500;899;https://goldapple.ru/99000011122-mindal;;Крем-мыло Premium с ароматом миндаля - это идеальное решение для тех, кто хочет не только тщательно очистить свои руки, но и насладиться прекрасным ароматом. Это роскошное мыло обеспечивает нежный уход за кожей, оставляя ее мягкой, гладкой и увлажненной.   Аромат мыла миндаль олицетворяет тепло и уют. Он обладает сладковато-ореховыми нотками, напоминающими запах спелых миндальных орехов. Жидкое мыло для рук бережно очищает, увлажняет, тонизирует и повышает эластичность кожи.   Жидкое мыло обладает нежной невесомой текстурой, обильно пенится и легко смывается водой. После использования средства на коже не остается сухости, липкости и ощущений стянутости. Достаточно всего одной капли, чтобы получить нужное количество пены.;Небольшое количество мыла нанесите на влажную кожу рук, вспеньте и смойте водой.
19000467299;ZIELINSKI & ROZEN Blackcurrant, Geranium, Amber, Leather;мыло жидкое;Израиль;2290;2290;https://goldapple.ru/19000467299-blackcurrant-geranium-amber-leather;;Эффективно очищает кожу и способствует ее увлажнению. Подходит для всех типов кожи.;Нанесите небольшое количество мыла на влажную кожу, вспеньте, затем тщательно смойте водой.
19000399445;HI,DEAR Saffron & tonka beans;мыло жидкое;Россия;1600;1440;https://goldapple.ru/19000399445-saffron-tonka-beans;;Согревающий и манящий аромат Saffron & Tonka. Будоражит все чувства, раскрывается для каждого по-разному: легкая притягательная сладость, глубокое и густое сочетание амбры, мускуса и бобов тонка, игривый и пряный шафран. Подходит жадным до жизни натурам — тем, кто знает, что не надо выбирать, когда можно взять всё сразу.  Бережное очищение и ежедневная забота о твоей коже — всё, что нужно, чтобы превратить привычный ритуал в момент интимности и удовольствия. Формула мыла создана для частого использования, даря коже чистоту, мягкость и увлажнение каждый день. Деликатное очищение: мягкие моющие компоненты эффективно удаляют загрязнения, не нарушая естественный баланс кожи. Увлажнение и защита: глицерин и пантенол удерживают влагу, предотвращая сухость и даря коже комфорт. Успокоение и уход: экстракты ромашки и гибискуса успокаивают, смягчают и поддерживают кожу здоровой. Лёгкая текстура: нежная пенящаяся формула подходит для всех типов кожи, оставляя ощущение свежести и чистоты. Идеально для тех, кто выбирает ежедневный уход, наполненный вниманием и заботой о себе.;Нанести немного средства на влажные руки, вспенить и смыть водой.
19000399444;HI,DEAR Ylang-ylang & patchouli;мыло жидкое;Россия;1600;1440;https://goldapple.ru/19000399444-ylang-ylang-patchouli;;Чарующий и гипнотический аромат Ylang-Ylang & Patchouli. Он вскружит голову, перенесет под покров тропического леса, окутает влажным теплым воздухом с нотами цветов, меда и пряностей. Экзотический пачули расслабляет, глубокий и богатый запах иланг-иланга пробуждает аппетит к жизни. Это приключение, в финале которого ты найдешь себя. Бережное очищение и ежедневная забота о твоей коже — всё, что нужно, чтобы превратить привычный ритуал в момент интимности и удовольствия.  Формула мыла создана для частого использования, даря коже чистоту, мягкость и увлажнение каждый день. Деликатное очищение: мягкие моющие компоненты эффективно удаляют загрязнения, не нарушая естественный баланс кожи. Увлажнение и защита: глицерин и пантенол удерживают влагу, предотвращая сухость и даря коже комфорт. Успокоение и уход: экстракты ромашки и гибискуса успокаивают, смягчают и поддерживают кожу здоровой. Лёгкая текстура: нежная пенящаяся формула подходит для всех типов кожи, оставляя ощущение свежести и чистоты. Идеально для тех, кто выбирает ежедневный уход, наполненный вниманием и заботой о себе.;Нанести немного средства на влажные руки, вспенить и смыть водой.
19000454029;ETERIA COSMO Розмарин, лавр, шалфей;мыло жидкое;Россия;591;531;https://goldapple.ru/19000454029-rozmarin-lavr-salfej;;Натуральные экстракты и активные компоненты. Без парабенов, сульфатов и продуктов нефтепереработки. В составе косметических средств Eteria Cosmo ухаживающий комплекс натуральных экстрактов календулы, ромашки и шалфея, который придает коже особую нежность и заботу. Календула обладает противовоспалительными свойствами, ромашка успокаивает и смягчает кожу, а шалфей тонизирует и оживляет. Парфюмированное мыло для рук и гель для душа Eteria Cosmo обогащены активными компонентами — глицерином, мочевиной и пантенолом — для мягкого и эффективного увлажнения кожи.;Нанести небольшое количество продукта на влажную кожу, вспенить, смыть водой.
19000428863;ОСОБАЯ СЕРИЯ Mint, toning freshness;мыло жидкое;Россия;599;479;https://goldapple.ru/19000428863-mint-toning-freshness;;Густое мыло «Особая Серия» — это универсальное средство для ежедневного ухода за телом и волосами с натуральными экстрактами, увлажняющими компонентами и превосходными яркими ароматами. Мягкая гелевая текстура мыла образует нежную кремовую пену, бережно и эффективно очищает тело и волосы. Густое мыло с натуральным эфирным маслом мяты перечной дарит бодрящий мятный аромат, прекрасно освежает, устраняет излишнюю жирность кожи тела и кожи головы. Натуральный бетаин в составе увлажняет и смягчает кожу, укрепляет волосяной стержень, придает волосам упругость и блеск. Экстракт мелиссы стимулирует микроциркуляцию в тканях повышает тонус и упругость кожи. Густое мягкое мыло в объемной банке можно использовать и как шампунь и как гель для душа. А приятное освежающее мятное благоухание создаст комфортную атмосферу для принятия домашних СПА процедур с исцеляющим эффектом ароматерапии. В результате вы обретете бархатистую увлажненную кожу, мягкие блестящие шелковисты волосы плюс продолжительный эффект чистоты и свежести кожи головы.;Необходимое количество мыла нанести на влажные волосы и тело, вспенить массажными движениями, затем смыть водой.
19000459154;PERMEGI Mango;мыло жидкое;Россия;399;399;https://goldapple.ru/19000459154-mango;;Парфюмированное мыло для рук Permegi — это мягкое средство на основе пенообразователей, которое бережно очищает, увлажняет и смягчает кожу, оставляя на ней тонкий аромат. Подходит для ежедневного использования. В составе мыла — 90% натуральных компонентов, которые улучшают эластичность и упругость кожи. Пенообразователи эффективно удаляют загрязнения и бактерии, обеспечивая чистоту и свежесть кожи.;Нажмите на дозатор, чтобы получить небольшое количество мыла (1-2 нажатия).  Вспеньте в ладонях с водой. Тщательно очистите кожу рук в течение 20-30 секунд.  Смойте теплой водой.
99000107243;ALTAY HERBS Natural Altay;мыло жидкое;Россия;749;749;https://goldapple.ru/99000107243-natural-altay;;Парфюмированное прикосновение природы. Ритуал очищения. В составе — травы, собранные в горах Алтая: шалфей, душица, зверобой, пижма. Каждый продукт создаётся с добавлением авторской парфюмерной композиции, вдохновлённой свежестью алтайских лугов. Не сушит кожу, мягко очищает, оставляя шелковую вуаль увлажнённости.;Нанесите небольшое количество средства на влажную кожу, вспеньте, смойте водой.
19000469066;SYNERGETIC santal sage;мыло жидкое;Россия;496;446;https://goldapple.ru/19000469066-santal-sage;;Парфюмированное жидкое крем-мыло для рук и тела SYNERGETIC сандал-шалфей/santal sage — это мягкая, эффективная и безопасная формула на основе натуральных компонентов.  Крем-мыло бережно очищает и ухаживает за кожей, оставляя на ней роскошный древесный аромат с яркими нотами шалфея. Аромат представляет собой гармоничное сочетание терпких древесных нот и глубоких травяных акцентов. Комбинация создаёт многослойное ощущение тепла, мягкости и умиротворённости, которое завораживает своей глубиной и выразительностью. Масла арганы и оливы питают и смягчают кожу, а экстракты сандала и шалфея увлажняют кожу и оказывают тонизирующий эффект. Биоразлагаемые компоненты в составе мыла безопасны для природы и человека и не вредят микрофлоре септических установок при использовании средства в соответствии со способом применения.;Перед применением рекомендуется взболтать флакон. Нанесите крем-мыло на влажную кожу и вспеньте. Тщательно смойте средство водой. Обратите внимание: возможны естественное выпадение осадка и незначительное изменение цвета, не влияющие на качество продукта.
19000455016;ASENSE Pure Cannabis;мыло жидкое;Россия;3602;3205;https://goldapple.ru/19000455016-pure-cannabis;;Парфюмированное жидкое мыло Asense эффективно очищает руки и тело, не пересушивая их. Увлажняет кожу при помощи алоэ вера и успокаивает их экстрактом ромашки. Прекрасное очищение, пенообразование и увлажнение. После использования остается стойкий аромат. Французский парфюм Pure Cannabis: манящий и игривый фужерный аромат. Яркий, свежий, слегка дымный и сладковатый, чистый аромат каннабиса. Он остаётся уникальным и необычным до последней молекулы.  Интенсивность: средняя+. Топ: цитрус, грейпфрут с черным перцем. Сердце: каннабис.;Равномерно нанести на влажную кожу, смыть теплой водой. Рекомендуется использовать вместе с Лосьоном для тела и рук Asense.
19000410810;OXYGEN HOME Благородная мята;мыло жидкое;Россия;797;717;https://goldapple.ru/19000410810-blagorodnaa-mata;;Легкий, в меру сладкий аромат свежей перечной мяты.;Намочите руки под струёй тёплой воды. Нажмите на дозатор жидкого мыла 2-3 раза. Тщательно намыльте руки и потирайте их друг о друга. Ополосните руки до полного удаления мыльной пены.
99000067956;SHABBY PRO lavander vanilla;мыло жидкое;;680;680;https://goldapple.ru/99000067956-lavander-vanilla;;Бережное очищение, подходит даже для самой требовательной кожи. Мягкие растительные ПАВ слабо пенятся, но при этом эффективно очищают без пересушивания. Кожа остается мягкой и нежной, как после крема. Формула обогащена увлажняющими и снимающими раздражение ингредиентами: бетаином из сахарной свеклы и экстрактом ромашки. Большой объем и удобный дозатор, который мягко отдает порцию. Мыло подойдет и для рук, и для тела. Стильный дизайн, благодаря которому флакон достойно смотрится в интерьере.;Небольшое количество жидкого мыла нанести на руки или мочалку и вспенить, тщательно смыть водой.
19000306202;BANKA_HOME Чёрное море;мыло жидкое;Россия;710;639;https://goldapple.ru/19000306202-cernoe-more;;"Жидкое мыло ""Черное море"". Сладкие, но в то же время, соленые океанические аккорды сочетаются с нотами янтаря и ванили. Черное море было известно древним цивилизациям как ""конец известного мира"".  Есть легенды, что его воды скрывают потерянную Атлантиду. Его тайны и интриги вдохновили на создание этого соблазнительного аромата. Верхние ноты: Озон, морская соль, цитрусовые. Ноты сердца: Кардамон, слива. Базовые ноты: Темный мускус, амбра.";
99000110056;MOYORY mango, orange, jasmine;мыло жидкое;Россия;3000;1080;https://goldapple.ru/99000110056-mango-orange-jasmine;;Жидкое мыло-пенка от Moyöry — идеальное средство для ежедневного ухода за кожей рук и тела. Парфюмированное, оно обеспечивает нежное очищение и увлажнение, придавая мягкость и ощущение комфорта. Обладает мягкой текстурой с глубоким, изысканным тропическим ароматом, который раскрывается сочными нотами спелого, сладкого манго, утончённого жасмина и апельсина.  Специально разработанная формула и защитный состав не вызывают аллергии и подходят для любого типа кожи, даже самой сухой и чувствительной — именно за это ценят линейки Moyöry. Сухость и раздражение больше не проблема: антибактериальное действие обеспечивает защиту от бактерий и аллергических реакций. Этот универсальный подход лежит в основе философии Moyöry, где забота о коже сочетается с комфортом в применении как для детей, так и для взрослых. Ароматизированное мыло-пенка превращает процесс мытья в настоящее удовольствие. Парфюмерное средство с нотками аромата дарит чувство свежести и чистоты на долгие часы — как и полагается средствам бренда Moyöry, где даже базовые продукты поднимают настроение. Увлажняющие и питательные натуральные ароматные компоненты мыла-пенки позаботятся о красоте и здоровье ваших рук, делая кожу гладкой и шелковистой.;Нанесите небольшое количество средства на влажную кожу, вспеньте, смойте водой.
19000410816;OXYGEN HOME Пряный пачули;мыло жидкое;Россия;797;677;https://goldapple.ru/19000410816-pranyj-paculi;;Аромат пачули с пряными специями дополненный нотами сибирской ели.;Намочите руки под струёй тёплой воды. Нажмите на дозатор жидкого мыла 2-3 раза. Тщательно намыльте руки и потирайте их друг о друга. Ополосните руки до полного удаления мыльной пены.
99000055155;МИР ЧИСТЮЛИ Мандарин;мыло жидкое;;189;180;https://goldapple.ru/99000055155-mandarin;;Бережно и эффективно очищает, нейтрализует запахи. Мыло помогает устранить бактерии с кожи рук. Густая пена мягко удаляет загрязнения, поддерживая естественный pH кожи. Легко смывается. Подходит для частого использования. Имеет легкий аромат сладкого мандарина.;Нанести небольшое количество на влажную кожу, вспенить, тщательно смыть водой. Для дозирования мыла используйте диспенсер.
99000045729;JERMINAL COSMETICS Амбра и Жасмин;мыло жидкое;;1000;670;https://goldapple.ru/99000045729-ambra-zasmin;;"Встречайте новинку от компании Жерминаль! Жидкое парфюмированное мыло ""Амбра и Жасмин"" — это истинное искусство, заключенное в каждой капле. Вдохновленное экстравагантным ароматом по мотивам аромата Баккара, это мыло дарит неповторимую роскошь и изящество, погружая вас в атмосферу утонченности и магии. С первых нот вы ощущаете нежную амбровую дымку, окутывающую вас своей теплотой и загадочностью. Амбра, известная своим обволакивающим шармом, наполняет пространство чувственностью и элегантностью. За ней следует легкий, но восхитительный шлейф жасмина, придающий композиции свежесть и цветочные акценты. Этот солнечный аромат создаёт гармонию, в которой каждая составляющая играет важную роль. Пользуясь этим мылом, вы не только очищаете кожу, но и погружаетесь в мир, где каждое движение наполнено красотой и грацией. Легкая текстура мыла нежно скользит по рукам, оставляя после себя ощущение комфорта и ухоженности. Жидкое парфюмированное мыло ""Амбра и Жасмин"" – это не просто гигиенический продукт, это ритуал, превративший обыденность в великолепие.";Нанести небольшое количество жидкого мыла на влажную кожу, вспенить, смыть теплой водой.
19000470378;OLEA Роскошный мох;мыло жидкое;Россия;420;378;https://goldapple.ru/19000470378-roskosnyj-moh;;Парфюмированное жидкое мыло Olea «Драгоценная амбра» бережно очищает кожу, окутывая ее чарующим ароматом с нотами черного перца и ветивера. Формула обогащена активными компонентами для комплексного ухода за кожей во время очищения. — Гиалуроновая кислота обеспечивает интенсивное увлажнение и помогает сохранить естественный баланс влаги. — Витамин Е стимулирует обновление кожи и способствует выравниванию ее тона. — Масло виноградной косточки стимулирует регенерацию клеток, улучшает общий иммунитет кожи и повышает ее барьерные функции. Результат: чистая, ухоженная и ароматная кона с улучшенными защитными свойствами.;Нанесите небольшое количество мыла на влажную кожу рук. Вспеньте его. Тщательно смойте водой.
99000045730;JERMINAL COSMETICS Роза;мыло жидкое;;1000;670;https://goldapple.ru/99000045730-roza;;Встречайте новинку от бренда Jerminal-Cosmetics! Жидкое мыло парфюмированное Роза по мотивам Tom Ford Rose Prick - это уникальный продукт, вдохновленный знаменитым ароматом Tom Ford. Этот аромат представляет собой изысканный и утонченный букет, в котором роза играет главную роль. В отличие от оригинального парфюма, жидкое мыло предлагает более доступный и практичный способ насладиться этим ароматом каждый день. Аромат Роза по мотивам Tom Ford Rose Prick в жидком мыле включает в себя ноты свежей розы, которые гармонично сочетаются с другими компонентами, создавая сложный и многогранный аромат. Этот продукт идеально подходит для тех, кто ценит изысканность и хочет добавить немного роскоши в свою ежедневную рутину. Жидкое мыло парфюмированное Роза по мотивам Tom Ford Rose Prick также обладает рядом преимуществ перед обычным мылом. Оно мягко очищает кожу, оставляя ее увлажненной и ароматной. Это делает его отличным выбором для ежедневного использования, особенно в холодное время года, когда кожа особенно нуждается в дополнительном уходе.;Нанести небольшое количество жидкого мыла на влажную кожу, вспенить, смыть теплой водой.
19000428866;ОСОБАЯ СЕРИЯ Sea Buckthorn, extra nutrition and recovery;мыло жидкое;Россия;599;479;https://goldapple.ru/19000428866-sea-buckthorn-extra-nutrition-and-recovery;;Густое мыло «Особая Серия» — это универсальное средство для ежедневного ухода за телом и волосами с натуральными экстрактами, увлажняющими компонентами и превосходными яркими ароматами. Мягкая гелевая текстура мыла образует нежную кремовую пену, бережно и эффективно очищает тело и волосы. Густое мыло с ярким ароматом облепихи содержит натуральный бетаин, способствующий увлажнению кожи и укреплению волосяного стержня. Масло облепихи в составе формулы питает, и увлажняет сухую кожу, способствует повышению упругости и эластичности кожи. Экстракты яблока, малины и облепихи дополняют комплексный уход, увлажняя, наполняя кожу витаминами, придавая волосам блеск и естественное сияние. Густое мягкое мыло в объемной банке можно использовать и как шампунь и как крем-гель для душа. Приятный аромат облепихи создаст комфортную атмосферу для принятия домашних СПА процедур. В результате вы обретете бархатистую увлажненную кожу, мягкие блестящие шелковисты волосы плюс продолжительный эффект чистоты и свежести кожи головы.;Необходимое количество мыла нанести на влажные волосы и тело, вспенить массажными движениями, затем смыть водой.
99000045688;SIMPLEWAY Floral;мыло жидкое;;1400;490;https://goldapple.ru/99000045688-floral;;Нежная, но плотная пенка, свежий цветочный аромат, питание и увлажнение кожи – все это сочетается в нашем жидком мыле SimpleWay для дозатора. Мы знаем, как важно следить и ухаживать за собой, именно поэтому наша команда разработала специальный состав, позволяющий поддерживать кожу ваших рук молодой и нежной. Сменных блок для диспенсера 300 мл с цветочным ароматом для бесконтактного мытья обеспечивает не только эффективную гигиену рук, но и создает приятную атмосферу благодаря свежему и приятному цветочному запаху, делая процесс гигиенического ухода еще более приятным. Благодаря тому, что жидкое мыло вспенивается внутри сенсорного дозатора, поверхность сантехники остается сухой и чистой. Дозатор превращает раствор в воздушную пену, что позволяет экономично использовать блок: вы можете пользоваться им почти два месяца подряд без покупки нового картриджа. Мягкая формула универсального мыла обеспечивает бережный уход за чувствительной кожей. Нежная пенка поможет легко и быстро приучить детей к мытью рук. Это очень удобная система, в которую установлен специальный инфракрасный датчик. Когда в зону действия этого датчика попадают руки, запускается система подачи пенки. Детское мыло-пенка для рук и тела и сменные блоки для бесконтактного автоматического дозатора станут отличным решением для дома: для кухни, для ванной, для стирки, а также для офиса, детского сада и школы. Материал сменных блоков – безопасный пластик, который поддается переработке. Для замены емкости необходимо открыть сменный блок, вставить его снизу и повернуть по часовой стрелке для надежного закрепления. Благодаря своей уникальной формуле, подходит для использования как для рук, так и для лица, тела и даже волос. Порадуйте себя и своих близких средством для дозатора Soap Dispenser, который обеспечит вам и вашей семье достойный уровень гигиены.;Достаньте сенсорный дозатор. Для начала использования достаньте верхнюю часть дозатора, чтобы установить сменный блок с мылом. Вставьте сменный блок с мылом. Возьмите один сменный блок, входящий в комплект, вставьте его снизу и поверните по часовой стрелке для надежного закрепления. Установите батарейки в специальный отсек (батарейки в комплект не входят). Включите дозатор. Включите устройство с помощью кнопки на корпусе. Убедитесь, что батарейки установлены правильно и работают. Поднесите руки. Для получения порции пены поднесите руки под сенсорный датчик. Дозатор автоматически выпустит необходимое количество мыла в виде нежной пены. Нанесите пену на руки. Равномерно распределите пену по коже рук, тщательно втирая её, чтобы обеспечить эффективное очищение. Смойте мыло теплой водой. После того как мыло хорошо распределено, смойте пену с рук теплой водой. Замена сменных блоков. Когда мыло закончится, просто замените использованный блок новым. Для замены емкости необходимо открыть сменный блок, вставить его снизу и повернуть по часовой стрелке для надежного закрепления.
99000109907;MITASSA White Orchid;мыло жидкое;Россия;477;477;https://goldapple.ru/99000109907-white-orchid;;Погрузитесь в мир роскоши и изысканности с премиальным мылом Mitassa White Orchid. Забота о вашей коже в каждой капле парфюмированного мыла Mitassa. Уникальная формула делает кожу мягкой и нежной, придает ей ухоженный и сияющий вид. Превратите свой уход за кожей в спа-процедуру с мылом Mitassa White Orchid и почувствуйте себя настоящей королевой в собственной ванной комнате.;Нанести небольшое количество мыла на влажную кожу, вспенить и смыть водой.
99000073819;LUIR Amber & Pepper;мыло жидкое;;320;320;https://goldapple.ru/99000073819-amber-pepper;;Парфюмированное мыло для рук и тела Luir разработано с использованием новейших технологий и высококачественных ингредиентов для профессионального ухода за кожей.  Специальная формула с D-пантенолом и персиковым маслом обеспечит интенсивное увлажнение и питание. Входящий в состав натуральный экстракт алоэ вера поможет восстановить и успокоить раздраженную кожу, делая ее мягкой и гладкой, а витамины E&D защитят от воздействия свободных радикалов, предотвращая преждевременное старение. Парфюмированная композиция подарит роскошный аромат на длительное время. Благодаря нейтральному pH (5,5), мыло идеально подходит для ежедневного ухода за кожей рук и тела.;Нанести небольшое количество мыла на влажную кожу, вспенить, смыть водой.
19000410812;OXYGEN HOME Ирландский виски;мыло жидкое;Россия;797;717;https://goldapple.ru/19000410812-irlandskij-viski;;Ароматный виски с ликёрно-карамельными оттенками, древесными и дымными нотами.;Намочите руки под струёй тёплой воды. Нажмите на дозатор жидкого мыла 2-3 раза. Тщательно намыльте руки и потирайте их друг о друга. Ополосните руки до полного удаления мыльной пены.
19000410828;OXYGEN HOME Клубника и банан;мыло жидкое;Россия;797;677;https://goldapple.ru/19000410828-klubnika-i-banan;;Взрывной аромат клубники и банана.;Намочите руки под струёй тёплой воды. Нажмите на дозатор жидкого мыла 2-3 раза. Тщательно намыльте руки и потирайте их друг о друга. Ополосните руки до полного удаления мыльной пены.
19000459155;PERMEGI Sex vanilla;мыло жидкое;Россия;399;399;https://goldapple.ru/19000459155-sex-vanilla;;Парфюмированное мыло для рук Permegi — это мягкое средство на основе пенообразователей, которое бережно очищает, увлажняет и смягчает кожу, оставляя на ней тонкий аромат. Подходит для ежедневного использования. В составе мыла — 90% натуральных компонентов, которые улучшают эластичность и упругость кожи. Пенообразователи эффективно удаляют загрязнения и бактерии, обеспечивая чистоту и свежесть кожи.;Нажмите на дозатор, чтобы получить небольшое количество мыла (1-2 нажатия).  Вспеньте в ладонях с водой. Тщательно очистите кожу рук в течение 20-30 секунд.  Смойте теплой водой.
99000109906;MITASSA Black Pearl;мыло жидкое;Россия;477;477;https://goldapple.ru/99000109906-black-pearl;;Погрузитесь в мир роскоши и изысканности с премиальным мылом Mitassa Black Pearl. Забота о вашей коже в каждой капле парфюмированного мыла Mitassa. Уникальная формула делает кожу мягкой и нежной, придает ей ухоженный и сияющий вид. Превратите свой уход за кожей в спа-процедуру с мылом Mitassa Black Pearl и почувствуйте себя настоящей королевой в собственной ванной комнате.;Нанести небольшое количество мыла на влажную кожу, вспенить и смыть водой.
99000105459;CLEANBERG миндальное молочко;мыло жидкое;Россия;315;315;https://goldapple.ru/99000105459-mindal-noe-molocko;;Густое натуральное жидкое мыло для рук и тела представляет собой отличное средство гигиены для всей семьи. Созданное по немецкой технологии, жидкое гель-мыло обеспечивает глубокое увлажнение и бережный уход за кожей. Парфюмированное жидкое мыло «Миндаль» обладает гипоаллергенными свойствами, что делает его безопасным для всех типов кожи, включая чувствительную. Это антибактериальное мыло полностью смывается водой, не оставляя следов. Оно подходит для рук и тела благодаря своим мягким очищающим свойствам. Жидкое мыло способствует увлажнению кожи, предотвращая сухость и раздражения. Благодаря содержанию натуральных ингредиентов, это эко-мыло обеспечивает деликатную заботу о коже. Оно также является органическим средством гигиены, что делает его идеальным выбором для тех, кто заботится о своём здоровье и окружающей среде. Жидкое дезинфицирующее средство удобно в применении: для эффективного очищения рук или тела достаточно небольшого количества продукта. Гипоаллергенная формула снимает раздражение и защищает кожу от внешних воздействий.;Нанесите небольшое количество мыла на влажную кожу, смойте теплой водой, при необходимости повторите.
99000011140;РЕЗУЛЬТАТ.ПРО черничный чизкейк;мыло жидкое;;900;585;https://goldapple.ru/99000011140-cernicnyj-cizkejk;;Жидкое мыло Результат.Про - отличный выбор для ежедневного ухода за руками, которое очищает, питает и увлажняет кожу. Жидкое мыло Результат - это не просто мыло, его также можно использовать как гель-пенку для душа, который обеспечивает нежный и эффективный уход за телом.   Наше густое крем мыло для рук жидкое идеально подходит для взрослых и для детей, а также для использования в качестве мыла для интимной гигиены женщин, поскольку обладает гипоаллергенной формулой, может быть использовано даже как банное.;Небольшое количество мыла нанесите на влажную кожу рук, вспеньте и смойте водой.
99000015600;LAMONNET black cherry & sandal wood;мыло жидкое;;842;589;https://goldapple.ru/99000015600-black-cherry-sandal-wood;;"Профессиональный уход для рук и тела с парфюмированным жидким мылом от LAMONNET. Нежная кремовая пена глубоко и бережно очищает кожу, устраняет запахи, увлажняет и питает, не вызывая сухости или раздражения.  Мыло предназначено для ежедневного ухода и подходит для всех типов кожи. Можно использовать как гель для душа. Сбалансированная формула с высоким содержанием натуральных природных компонентов. Концентрированный состав, густая и плотная текстура обеспечат маленький и экономный расход. Гармония и расслабление.  Парфюмированная отдушка из Франции подарит легкий и ненавязчивый шлейф на протяжении нескольких часов. Роскошный дизайн флакона с удобным дозатором будет украшением любой ванной комнаты. Парфюмерная композиция: ""Черная вишня и сандаловое дерево"". Спелая вишня с горчинкой, пропитанная терпким ликером и древесными нотами сандала, присыпана ванильной пудрой.  Густой вишневый поток дополнен ароматами растертых бобов тонка и миндаля, которые еще больше повышают градус коктейля. Универсальный шлейфовый аромат подойдёт как для женщин, так и для мужчин на каждый день.";Небольшое количество мыла нанесите на влажную кожу рук или тела, тщательно вспеньте, смойте теплой водой.
15520400001;ACCA KAPPA Green Mandarin;мыло жидкое;;2470;2346;https://goldapple.ru/15520400001-green-mandarin;;Освежающее и очищающее жидкое мыло для рук с экстрактом тимьяна и эхинацеи. Нежная и естественная формула с эффективным очищающим действием. предостережения Внимание: при беременности и грудном вскармливании рекомендуется использовать с осторожностью. Не применять при нарушении целостности кожных покровов, в случае выраженного шелушения или повышенной чувствительности кожи. При использовании средств с кислотами обязательно защищайте кожу от солнца кремом с SPF 30 и выше.  В случае возникновения дискомфорта следует применять продукт реже, чтобы кожа успела привыкнуть к его действию.;Наносите на кожу легкими массирующими движениями до образования пены, тщательно смыть водой.
19000467304;ZIELINSKI & ROZEN White sage, Neroli;мыло жидкое;Израиль;2290;2290;https://goldapple.ru/19000467304-white-sage-neroli;;Эффективно очищает кожу и способствует ее увлажнению. Подходит для всех типов кожи.;Нанесите небольшое количество мыла на влажную кожу, вспеньте, затем тщательно смойте водой.
99000076014;SUKHORUKOV BATH & BODYWORKS spicy amber bliss;мыло жидкое;;700;350;https://goldapple.ru/99000076014-spicy-amber-bliss;;Откройте для себя уникальное парфюмированное жидкое мыло для рук с ароматом Spicy amber bliss! Это средство не только эффективно очищает, но и дарит вашим рукам нежный уход. Ваша кожа заслуживает лучшего, и именно поэтому мы предлагаем вам мыло, которое сочетает в себе высокое качество и изысканный аромат. Наше парфюмированное жидкое мыло обладает уникальной формулой, которая бережно ухаживает за кожей рук, увлажняя и питая ее. Оно идеально подходит для ежедневного использования, а благодаря удобному флакону с дозатором, вы сможете легко контролировать количество средства. Мыло не только подходит для взрослых, но и станет отличным выбором для детской уходовой косметики. Каждая капля этого продукта наполняет вашу ванную комнату изысканным ароматом, создавая атмосферу уюта и комфорта. Вы можете использовать его не только для мытья рук, но и как средство для душа. Это универсальное решение для вашей ванной, которое украсит любой интерьер и станет стильным дополнением к баночкам для ванной. Парфюмированное мыло – это не просто средство гигиены, это элемент вашего стиля и заботы о себе. С его помощью вы сможете создать идеальную рутину ухода за кожей, наслаждаясь каждым моментом. Подходит как для использования дома, так и для подарка близким. Упаковка в 300 мл обеспечит длительное использование, а стильный дизайн флакона станет украшением вашего пространства. Подарите себе и своим близким заботу и комфорт с парфюмированным жидким мылом для рук. Это не просто мыло, это настоящее удовольствие для ваших рук!;Нанесите небольшое количество мыла на влажную кожу, вспенить и смыть водой.
19000428864;ОСОБАЯ СЕРИЯ Cherry, moisturizing and radiance;мыло жидкое;Россия;599;479;https://goldapple.ru/19000428864-cherry-moisturizing-and-radiance;;Густое мыло «Особая Серия» — это универсальное средство для ежедневного ухода за телом и волосами с натуральными экстрактами, увлажняющими компонентами и превосходными яркими ароматами. Мягкая гелевая текстура мыла образует нежную кремовую пену, бережно и эффективно очищает тело и волосы. Густое мыло с соблазнительным ароматом сочной вишни содержит натуральный бетаин, способствующий увлажнению кожи, укреплению и эластичности волосяного стержня. Тонус и увлажнение кожи обеспечивают экстракты земляники, морошки и ежевики. Натуральные экстракты регулируют работу сальных желез, наполняют клетки кожи витаминами, обеспечивают блеск и естественное сияние волосам. Густое мягкое мыло в объемной банке можно использовать и как шампунь и как гель для душа. А приятное гурманское благоухание вишни создаст комфортную атмосферу для принятия домашних СПА процедур с исцеляющим эффектом ароматерапии. В результате вы обретете бархатистую увлажненную кожу, мягкие блестящие шелковисты волосы плюс продолжительный эффект чистоты и свежести кожи головы.;Необходимое количество мыла нанести на влажные волосы и тело, вспенить массажными движениями, затем смыть водой.
99000015594;LAMONNET orchid & mango;мыло жидкое;;842;589;https://goldapple.ru/99000015594-orchid-mango;;Профессиональный уход для рук и тела с парфюмированным жидким мылом от LAMONNET.  Нежная кремовая пена глубоко и бережно очищает кожу, устраняет запахи, увлажняет и питает, не вызывая сухости или раздражения.  Мыло предназначено для ежедневного ухода и подходит для всех типов кожи. Можно использовать как гель для душа. Сбалансированная формула с высоким содержанием натуральных природных компонентов. Концентрированный состав, густая и плотная текстура обеспечат маленький и экономный расход. Гармония и расслабление.  Парфюмированная отдушка из Франции подарит легкий и ненавязчивый шлейф на протяжении нескольких часов. Роскошный дизайн флакона с удобным дозатором будет украшением любой ванной комнаты. Парфюмерная композиция: “Орхидея и манго”. Очаровывающий, аппетитный, солнечный. Воздушный летний пудинг. Цветущая орхидея переливается с ароматом сочного манго, под теплыми тропическими лучами.  Универсальный шлейфовый аромат подойдёт как для женщин, так и для мужчин на каждый день.;Небольшое количество мыла нанесите на влажную кожу рук или тела, тщательно вспеньте, смойте теплой водой.
19000445038;SEPTIVIT Special tobacco vanilla;мыло жидкое;Россия;566;452;https://goldapple.ru/19000445038-tobacco-vanilla;;"Жидкое мыло Septivit Special ""Tobacco Vanilla"" — это гармоничное сочетание изысканного аромата и деликатной формулы для очищения и увлажнения кожи рук.  Нейтральный уровень pH обеспечивает бережный уход за кожей, не вызывая сухости и раздражения.";Небольшое количество мыла нанесите на влажную кожу, вспеньте и тщательно смойте водой.
19000438919;SYNERGETIC вишня;мыло жидкое;Россия;630;359;https://goldapple.ru/19000438919-visna;;Парфюмированное мыло-пенка для рук SYNERGETIC cherry/вишня на основе натуральных компонентов бережно очищает кожу и оставляет на ней пряный цветочно-фруктовый аромат. Сок алоэ вера интенсивно увлажняет кожу, поддерживая гидролипидный баланс и её естественные барьерные функции.  Масло сладкого миндаля питает и смягчает, а экстракты сандалового дерева и жасмина тонизируют и помогают сохранить эластичность и упругость кожи, придавая ей здоровый и ухоженный вид. Мыло с физиологичным уровнем pH 5,5 безопасно при частом использовании и не содержит SLES, минеральных масел, силиконов и красителей.  Смелая и насыщенная парфюмерная композиция открывается сочными нотами спелой и сладкой вишни, звучание которой чувствуется с первых аккордов в обрамлении терпкой корицы и горького миндаля вплоть до заключительных шлейфовых тонов.  Сочетание сладких фруктовых и пряных амбровых оттенков создаёт неповторимый и соблазнительный букет аромата. Завершает композицию богатая симфония чувственных нот перуанского бальзама, обжаренных бобов тонка, тёплых ванильных, карамельных и медовых тонов, которые окутывают и согревают, пробуждают чувственность и будоражат фантазию.;Перед применением снимите ограничитель с пенообразующего дозатора. Нажмите на дозатор, выдавив мыло-пенку, нанесите на влажную кожу, распределите по коже и тщательно смойте водой. Возможно незначительное изменение цвета средства, не влияющее на его качество и свойства.
19000021511;ZIELINSKI & ROZEN MOSS / Amber, Patchouli;мыло жидкое;;2290;2290;https://goldapple.ru/19000021511-moss;;Эффективно очищает от всех видов загрязнений и подходит для ежедневного использования: средство содержит увлажняющие и смягчающие натуральные масла. Приятный бонус — ароматный шлейф, остающийся на коже несколько часов.  Ароматы продукции Zielinski&Rozen изменили свое наименование без изменения состава.;Нажмите на дозатор, вспеньте мыло в руках и затем смойте водой.
99000055156;МИР ЧИСТЮЛИ Глинтвейн;мыло жидкое;;189;180;https://goldapple.ru/99000055156-glintvejn;;Бережно и эффективно очищает, нейтрализует запахи. Мыло помогает устранить бактерии с кожи рук. Густая пена мягко удаляет загрязнения, поддерживая естественный pH кожи. Легко смывается. Подходит для частого использования. Имеет легкий пряный аромат.;Нанести небольшое количество на влажную кожу, вспенить, тщательно смыть водой. Для дозирования мыла используйте диспенсер.
99000119137;MOYORY CHERRY & BEANS TONKA;мыло жидкое;Россия;3000;600;https://goldapple.ru/99000119137-cherry-beans-tonka;;Жидкое мыло-пенка от Moyory — идеальное средство для ежедневного ухода за кожей рук и тела. Парфюмированное мыло обеспечивает нежное очищение и увлажнение, придавая мягкость и ощущение комфорта. Обладает мягкой текстурой с ароматом Cherry & Beans Tonka. Специально разработанная формула в составе не вызывает аллергии, подходит для любого типа кожи, даже сухой и чувствительной. Антибактериальное действие обеспечивает защиту от бактерий и аллергических реакций. Подходит как для детей, так и для взрослых.;Нанесите пенку на руки или тело, тщательно распределите, помассируйте и смойте водой.
19000423886;KEBROC SHADOW;мыло жидкое;Россия;2950;2360;https://goldapple.ru/19000423886-shadow;;KEBROC Hand wash – бессульфатное мыло с натуральным составом и густой консистенцией дает приятное ощущение кремовой текстуры, при этом легко пенится благодаря мягким поверхностно активным веществам.  Гель Алоэ Вера - это природная смесь биологически активных веществ, оказывает на кожу комплексное воздействие: увлажняющее, противовоспалительное и восстанавливающее.  Дополнительную защиту от обезвоживания обеспечивает глицерин, он смягчает и питает кожу, стимулируя ее эластичность. Обратите внимание: при температуре ниже +25 °C мыло может стать густым или помутнеть, приобретая белый оттенок. Это нормальная реакция натуральных ингредиентов. Чтобы вернуть прозрачность и первоначальную консистенцию, подержите флакон в тёплой воде несколько минут или оставьте при комнатной температуре. Когда день сменяет ночь рождается Shadow. Это момент, где тепло первых солнечных лучей и прохлада темноты сплетаются в единое целое. Аромат открывается свежими, бодрящими нотами лайма и пряного тимьяна, словно первые вспышки дневного света. Гвоздика и шафран придают сердцу аромата пикантность и теплоту, которые обволакивают и захватывают внимание. Ноты: Тимьян, гвоздика, ром, ваниль, бобы тонка, шафран, лайм.;Небольшое количество мыла нанесите на влажную кожу рук, вспеньте, тщательно смойте водой комфортной температуры. Мыло бережно очищает кожу, после применения не оставляет ощущения сухости и стянутой кожи.
99000115212;JARDIN DE ROSAS Bergamot & Cedar;мыло жидкое;Россия;899;719;https://goldapple.ru/99000115212-bergamot-cedar;;Парфюмированное мыло для рук с витамином Е бережно очищает, не сушит, не стягивает кожу. Экстракт цветков камелии обладает превосходными увлажняющими свойствами и уменьшает раздражение.;Нанести необходимое количество на влажную кожу, помассировать и смыть водой.
99000011126;РЕЗУЛЬТАТ.ПРО розовый перец;мыло жидкое;;1500;999;https://goldapple.ru/99000011126-rozovyj-perec;;Крем-мыло Premium Peppers (Розовый перец)  - это идеальное решение для тех, кто хочет не только тщательно очистить свои руки, но и насладиться прекрасным ароматом.  Теплый, древесно-терпкий запах розового перца является частой составляющей фруктовых и цветочных композиций, где необходима пряная нота. Его аромат более мягкий и сладкий, чем черный перец. Аромат имеет благородный сухой оттенок, в котором слышится запах сухофруктов, можжевельника и цитрусовых.  Мыло бережно очищает, увлажняет, тонизирует и повышает эластичность кожи, обладает нежной невесомой текстурой, обильно пенится и легко смывается водой. После использования средства на коже не остается сухости, липкости и ощущений стянутости.  Достаточно всего одной капли, чтобы получить нужное количество пены.;Небольшое количество мыла нанесите на влажную кожу рук, вспеньте и смойте водой.
99000057638;ОВСЯННИКОВ Черный перец;мыло жидкое;;305;201;https://goldapple.ru/99000057638-cernyj-perec;;Парфюмированное гель-мыло серии «Черный перец» - это идеальное сочетание эффективного очищения и бережного ухода за кожей. Композиция аромата наполнена гастрономической изысканностью, включающей разнообразные ноты — пикантный чёрный перец, обрамленный теплой амброй и нежными нотами нероли. Верхние ноты цветов нероли воплощают нежный цветочный аромат, а ноты сердца раскрывают себя пряным и харизматичным чёрным перцем. Шлейфовая сухая и в то же время бальзамическая амбра придает аромату завершенность и обольстительную глубину. Обогащенное пантенолом, экстрактом алоэ вера, гиалуроновой кислотой и витамином в3, оно обеспечивает глубокое увлажнение, предотвращает сухость и шелушение, способствует восстановлению тканей и успокаивает чувствительную кожу. Мыло легко пенится, справляется с любыми видами загрязнений и подходит для ежедневного использования. После его применения ваша кожа будет мягкой и ухоженной, а яркий аромат останется с вами на долгое время.;Нанести на влажную кожу, вспенить, смыть достаточным количеством воды.
99000015589;LAMONNET black baccara rose;мыло жидкое;;842;589;https://goldapple.ru/99000015589-black-baccara-rose;;"Профессиональный уход для рук и тела с парфюмированным жидким мылом от LAMONNET. Нежная кремовая пена глубоко и бережно очищает кожу, устраняет запахи, увлажняет и питает, не вызывая сухости или раздражения.  Мыло предназначено для ежедневного ухода и подходит для всех типов кожи. Можно использовать как гель для душа. Сбалансированная формула с высоким содержанием натуральных природных компонентов. Концентрированный состав, густая и плотная текстура обеспечат маленький и экономный расход. Гармония и расслабление.  Парфюмированная отдушка из Франции подарит легкий и ненавязчивый шлейф на протяжении нескольких часов. Роскошный дизайн флакона с удобным дозатором будет украшением любой ванной комнаты. Парфюмерная композиция: ""Черная роза Баккара"". Благородный, притягательный, желанный. Ноты: мускус, белый жасмин, амбра, карамельный дубовый мох, лаванда, древесный янтарь. Универсальный шлейфовый аромат подойдёт как для женщин, так и для мужчин на каждый день.";Небольшое количество мыла нанесите на влажную кожу рук или тела, тщательно вспеньте, смойте теплой водой.
19000328398;YVES ROCHER Bain De Nature Olive;мыло жидкое;Франция;478;406;https://goldapple.ru/19000328398-bain-de-nature-olive;;Моющая основа 100% растительного происхождения без сульфатов деликатно очищает и окутывает нежным ароматом, сохраняя естественное увлажнение кожи. 95% ингредиентов натурального происхождения.;Нанесите на влажную кожу рук, вспеньте и смойте водой.
19000454028;ETERIA COSMO Базилик, томатный лист, цитрус;мыло жидкое;Россия;591;531;https://goldapple.ru/19000454028-bazilik-tomatnyj-list-citrus;;Натуральные экстракты и активные компоненты. Без парабенов, сульфатов и продуктов нефтепереработки. В составе косметических средств Eteria Cosmo ухаживающий комплекс натуральных экстрактов календулы, ромашки и шалфея, который придает коже особую нежность и заботу. Календула обладает противовоспалительными свойствами, ромашка успокаивает и смягчает кожу, а шалфей тонизирует и оживляет. Парфюмированное мыло для рук и гель для душа Eteria Cosmo обогащены активными компонентами — глицерином, мочевиной и пантенолом — для мягкого и эффективного увлажнения кожи.;Нанести небольшое количество продукта на влажную кожу, вспенить, смыть водой.
99000055157;МИР ЧИСТЮЛИ Арбуз;мыло жидкое;;214;203;https://goldapple.ru/99000055157-arbuz;;Бережно и эффективно очищает, нейтрализует запахи. Мыло помогает устранить бактерии с кожи рук. Густая пена мягко удаляет загрязнения, поддерживая естественный pH кожи. Легко смывается. Подходит для частого использования. Имеет легкий аромат спелого арбуза.;Нанести небольшое количество на влажную кожу, вспенить, тщательно смыть водой. Для дозирования мыла используйте диспенсер.
99000038834;JERMINAL COSMETICS Сочный персик;мыло жидкое;;790;672;https://goldapple.ru/99000038834-bitter-peach;;Насладитесь нежным и утонченным ароматом персика с нашим новым жидким парфюмированным мылом для рук от бренда Jerminal-Cosmetics, вдохновленным популярным ароматом Bitter Peach. Это не просто обычное мыло, оно превратит вашу ежедневную рутину умывания рук в настоящий релакс. Наше мыло бережно очищает и увлажняет кожу, оставляя на ней нежный и долговечный аромат персика. Его формула обогащена питательными ингредиентами, которые питают и ухаживают за кожей, делая ее мягкой и шелковистой. Аромат Bitter Peach, который вдохновил на создание этого мыла, сочетает в себе сладкие и кислые нотки персика с теплыми и пряными акцентами. Он подарит вам ощущение летнего настроения и расслабленности каждый раз, когда вы будете использовать наше мыло. Погрузитесь в мир роскошного ухода за кожей и насладитесь ароматом персика с нашим жидким парфюмированным мылом для рук по мотивам Bitter Peach. Дарите себе и своим рукам заслуженный отдых и балуйте их нежностью и ароматом. Попробуйте уже сегодня и почувствуйте разницу!;Нанести небольшое количество жидкого мыла на влажную кожу, вспенить, смыть теплой водой. Мыло универсальное подходит для ежедневного применения.
99000045891;MOYORY Amber & Black Pepper;мыло жидкое;;3000;1080;https://goldapple.ru/99000045891-amber-black-pepper;;Жидкое мыло-пенка от MOYÖRY — идеальное средство для ежедневного ухода за кожей рук и тела. В удобной канистре объемом 3 литра, это парфюмированное мыло обеспечивает нежное очищение и увлажнение, придавая коже мягкость и ощущение комфорта.  Мягкая текстура мыла с глубоким соблазнительным ароматом Амбры и Черного перца превращает обычное мытье в настоящий ритуал удовольствия.  Специально разработанная формула защищает кожу от сухости и раздражения, обеспечивая антибактериальный эффект и предотвращая аллергические реакции, что делает его идеальным для использования как взрослыми, так и детьми.;Нанесите небольшое количество средства на влажную кожу, вспеньте, смойте водой.
19000469067;SYNERGETIC oud neroli;мыло жидкое;Россия;496;446;https://goldapple.ru/19000469067-oud-neroli;;Парфюмированное жидкое крем-мыло для рук и тела SYNERGETIC уд-нероли/oud neroli — это мягкая, эффективная и безопасная формула на основе натуральных компонентов. < br>Крем-мыло бережно очищает и ухаживает за кожей, оставляя на ней роскошный восточный аромат с нотами белых цветов. Аромат представляет собой изысканное сочетание древесных нот и свежих, слегка цитрусовых оттенков. Парфюмерная композиция отличается глубокими, насыщенными ароматическими аккордами, создающими уникальную симфонию, привлекающую внимание своей утончённостью и элегантностью. Масла льна и оливы смягчают и питают кожу, а экстракты цветов горького апельсина и коры ивы оказывают успокаивающее и восстанавливающее действие. Биоразлагаемые компоненты в составе мыла безопасны для природы и человека и не вредят микрофлоре септических установок при использовании средства в соответствии со способом применения.;Перед применением рекомендуется взболтать флакон. Нанесите крем-мыло на влажную кожу и вспеньте. Тщательно смойте средство водой. Обратите внимание: возможны естественное выпадение осадка и незначительное изменение цвета, не влияющие на качество продукта.
99000105621;MANIFIQUE soap;мыло жидкое;Россия;499;474;https://goldapple.ru/99000105621-soap;;Мыло Manifique с ароматом чёрного перца — это уникальное средство, которое не только ухаживает за кожей, но и дарит изысканные парфюмерные ощущения. Мыло обладает насыщенным и глубоким ароматом чёрного перца, который придаёт ему характерную пряную ноту. Этот аромат не только освежает, но и создаёт атмосферу уюта и тепла, наполняя ванную комнату необычным шлейфом. Формула мыла разработана с учётом потребностей кожи. Оно мягко очищает, не пересушивая эпидермис, благодаря содержанию увлажняющих и питательных компонентов. В состав входят натуральные масла и экстракты, которые способствуют поддержанию баланса влаги и делают кожу мягкой и гладкой. — Уникальный аромат чёрного перца. — Нежная формула, заботящаяся о коже. — Эстетичная упаковка. Парфюмированное мыло от Manifique — это не просто средство гигиены, а целый ритуал, который добавляет нотку роскоши в повседневную жизнь.;Выдавите немного средства одним или двумя нажатиями. Вспеньте его водой, обработайте пальцы, запястья, тыльную и внутреннюю стороны ладоней и смойте.
19000459152;PERMEGI Amber & pepper;мыло жидкое;Россия;399;399;https://goldapple.ru/19000459152-amber-pepper;;Парфюмированное мыло для рук Permegi — это мягкое средство на основе пенообразователей, которое бережно очищает, увлажняет и смягчает кожу, оставляя на ней тонкий аромат. Подходит для ежедневного использования. В составе мыла — 90% натуральных компонентов, которые улучшают эластичность и упругость кожи. Пенообразователи эффективно удаляют загрязнения и бактерии, обеспечивая чистоту и свежесть кожи.;Нажмите на дозатор, чтобы получить небольшое количество мыла (1-2 нажатия).  Вспеньте в ладонях с водой. Тщательно очистите кожу рук в течение 20-30 секунд.  Смойте теплой водой.
19000410822;OXYGEN HOME Чистый хлопок;мыло жидкое;Россия;797;717;https://goldapple.ru/19000410822-cistyj-hlopok;;Свежий аромат хлопка со сладкими цветочными нотами.;Намочите руки под струёй тёплой воды. Нажмите на дозатор жидкого мыла 2-3 раза. Тщательно намыльте руки и потирайте их друг о друга. Ополосните руки до полного удаления мыльной пены.
19000324254;ACQUA DI PARMA LUCE DI ROSA;мыло жидкое;Италия;6990;6990;https://goldapple.ru/19000324254-luce-di-rosa;;Деликатная и мягкая формула превращает гель в роскошную пену при соприкосновении с водой. Гель для рук и тела Luce di Rosa нежно очищает кожу, не нарушая ее естественного баланса, оставляя ее бархатистой и ароматной.;Наносить на влажную кожу, распределить по телу, смыть достаточным количеством воды. При необходимости повторить.
99000015592;LAMONNET black pepper & amber;мыло жидкое;;842;589;https://goldapple.ru/99000015592-black-pepper-amber;;"Профессиональный уход для рук и тела с парфюмированным жидким мылом от LAMONNET. Нежная кремовая пена глубоко и бережно очищает кожу, устраняет запахи, увлажняет и питает, не вызывая сухости или раздражения.  Мыло предназначено для ежедневного ухода и подходит для всех типов кожи. Можно использовать как гель для душа. Сбалансированная формула с высоким содержанием натуральных природных компонентов. Концентрированный состав, густая и плотная текстура обеспечат маленький и экономный расход. Гармония и расслабление.  Парфюмированная отдушка из Франции подарит легкий и ненавязчивый шлейф на протяжении нескольких часов. Роскошный дизайн флакона с удобным дозатором будет украшением любой ванной комнаты. Парфюмерная композиция: ""Черный перец, амбра, нероли"". Роскошный, манящий, дерзкий. Взрывной микс из дразнящего черного перца, чувственного нероли, удового дерева, выделанной кожи, приглушенный аккордами амбры и ветивера. Универсальный шлейфовый аромат подойдёт как для женщин, так и для мужчин на каждый день.";Небольшое количество мыла нанесите на влажную кожу рук или тела, тщательно вспеньте, смойте теплой водой.
19000455018;ASENSE Sea salt & Wood;мыло жидкое;Россия;2992;2692;https://goldapple.ru/19000455018-sea-salt-wood;;Парфюмированное жидкое мыло Asense эффективно очищает руки и тело, не пересушивая их. Увлажняет кожу при помощи алоэ вера и успокаивает их экстрактом ромашки. Прекрасное очищение, пенообразование и увлажнение. После использования остается стойкий аромат. Французский парфюм Sea salt & Wood: аромат побережья. Акватические и древесные аккорды. Свежая морская пена с глубоким хвойным обрамлением из можжевельника, сандала и мха. Дыхание морского берега. Интенсивность: средняя. Топ: морская соль, дубовый мох. Сердце: можжевельник.;Равномерно нанести на влажную кожу, смыть теплой водой. Рекомендуется использовать вместе с Лосьоном для тела и рук Asense.
99000026080;MAX TAIYOUNOSACHI;мыло жидкое;;2685;1975;https://goldapple.ru/99000026080-taiyounosachi;;В состав средства входит экстракт хурмы, содержащий антиоксиданты и витамины А, С, Р, Е, а также вяжущий компонент - танин. Танин хурмы оказывает противовоспалительное, ранозаживляющее и антибактериальное действие, нормализует деятельность сальных желез, замедляет и уменьшает процесс выработки кожного сала, сужает поры. Тонизирует. Действующий компонент мыла изопропилметилфенол препятствует размножению микроорганизмов, вызывающих появление неприятного запаха, раздражения и угревой сыпи на теле. Парфюмерная композиция на основе ментола создаёт ощущение свежести во время принятия душа. Подходит для ежедневного применения. Меры предосторожности: не используйте средство, если оно вызывает покраснение, раздражение, зуд или воспаление кожи, проконсультируйтесь с врачом-дерматологом. Избегайте попадания в глаза, при попадании сразу же промойте глаза водой. Храните в недоступных для детей местах.;Возьмите достаточное количество мыла на руки, губку или мочалку, нанесите на тело массирующими движениями, затем аккуратно смойте.
19000306200;BANKA_HOME Сосна и пачули;мыло жидкое;Россия;710;639;https://goldapple.ru/19000306200-sosna-i-paculi;;"Жидкое мыло  ""Сосна и пачули"". Сибирский хвойный аромат не елки, а именно сосны, дополненный лесными ягодами и зелёным яблоком. Этот аромат богат натуральными эфирными маслами пихтовой иглы, кедровым деревом и пачули. Верхние ноты: Эвкалипт, камфора, красная смородина. Ноты сердца: Гвоздика, сосна, ель. Базовые ноты: Пачули, кедр.";
99000067806;SHABBY PRO lemongrass;мыло жидкое;;680;680;https://goldapple.ru/99000067806-lemongrass;;Бережное очищение, подходит даже для самой требовательной кожи. Мягкие растительные ПАВ слабо пенятся, но при этом эффективно очищают без пересушивания. Кожа остается мягкой и нежной, как после крема. Формула обогащена увлажняющими и снимающими раздражение ингредиентами: бетаином из сахарной свеклы и экстрактом ромашки. Большой объем и удобный дозатор, который мягко отдает порцию. Мыло подойдет и для рук, и для тела. Стильный дизайн, благодаря которому флакон достойно смотрится в интерьере.;Небольшое количество жидкого мыла нанести на руки или мочалку и вспенить, тщательно смыть водой.
19000410818;OXYGEN HOME Средиземноморский воздух;мыло жидкое;Россия;797;677;https://goldapple.ru/19000410818-sredizemnomorskij-vozduh;;Бодрящий аромат с яркими акцентами бергамота и жасмина, дополненный аккордами сандала, ванили и бобов тонка.;Намочите руки под струёй тёплой воды. Нажмите на дозатор жидкого мыла 2-3 раза. Тщательно намыльте руки и потирайте их друг о друга. Ополосните руки до полного удаления мыльной пены.
19000434163;INNATURE La Niche Narcotique Embrace;мыло жидкое;Россия;728;655;https://goldapple.ru/19000434163-la-niche-narcotique-embrace;;Натуральное крем-мыло для рук La Niche Narcotique Embrace бережно очищает кожу рук, интенсивно питает и смягчает, не вызывая сухости и раздражения. Оставляет на коже легкий цветочный аромат с древесными нотами. Подходит для ежедневного применения. Верхние ноты: итальянский бергамот, личи, персик Средние ноты: жасмин, пион, флердоранж Базовые ноты: дубовый мох, мускус;Нанесите на кожу рук и равномерно распределите средство. Смочите руки водой, вспеньте и тщательно смойте. Рекомендуется дополнить уход кремом для тела и рук Innature La Niche Narcotique Embrace.
19000455017;ASENSE Virgin Lemongrass;мыло жидкое;Россия;3602;2809;https://goldapple.ru/19000455017-virgin-lemongrass;;Парфюмированное жидкое мыло Asense эффективно очищает руки и тело, не пересушивая их. Увлажняет кожу при помощи алоэ вера и успокаивает их экстрактом ромашки. Прекрасное очищение, пенообразование и увлажнение. После использования остается стойкий аромат. Французский парфюм Virgin Lemongrass. Цитрусовые и травянистые ноты создают ощущение девственной чистоты. Сочетание нежного букета из ландыша, вербены и жасмина, делает аромат еще более многогранным. Интенсивность: легкая. Топ: лемонграсс, вербена. Сердце: жасмин, ландыш.;Равномерно нанести на влажную кожу, смыть теплой водой. Рекомендуется использовать вместе с Лосьоном для тела и рук Asense.
19000399443;HI,DEAR Basil&vetiver;мыло жидкое;Россия;1600;1440;https://goldapple.ru/19000399443-basil-vetiver;;Тонизирующий и мягкий аромат Basil&Vetiver. Он дарит вдохновение, легкость и энергию. Представь бодрящий, чуть терпкий лимонад из свежего базилика и фруктов. Запахи инжира, питахайи, трав, теплой земли сплетаются, создавая ощущение комфорта и неги. Почувствуй беззаботность и чистую радость летнего утра.  Бережное очищение и ежедневная забота о твоей коже — всё, что нужно, чтобы превратить привычный ритуал в момент интимности и удовольствия. Формула мыла создана для частого использования, даря коже чистоту, мягкость и увлажнение каждый день. Деликатное очищение: мягкие моющие компоненты эффективно удаляют загрязнения, не нарушая естественный баланс кожи. Увлажнение и защита: глицерин и пантенол удерживают влагу, предотвращая сухость и даря коже комфорт. Успокоение и уход: экстракты ромашки и гибискуса успокаивают, смягчают и поддерживают кожу здоровой. Лёгкая текстура: нежная пенящаяся формула подходит для всех типов кожи, оставляя ощущение свежести и чистоты. Идеально для тех, кто выбирает ежедневный уход, наполненный вниманием и заботой о себе.;Нанести немного средства на влажные руки, вспенить и смыть водой.
99000107894;BY KAORI CAROLINA;мыло жидкое;Россия;2490;2490;https://goldapple.ru/99000107894-carolina;;Шелковистое и парфюмированное крем-мыло для рук “By Kaori”. Уникальный состав крем-мыла с маслами ши и кокоса, экстрактами манго и ананаса способствует увлажнению кожи и препятствует сухости и раздражению. Нам удалось добиться идеальной, нежной, кремовой текстуры — мягкая и воздушная мыльная пена бережно и деликатно очищает поверхность рук, питая их. Особые компоненты формулы — бетаин и инулин — придают рукам гладкость и сияние. Крем-мыло в стильном стеклянном флаконе впишется в каждый интерьер, не создавая визуальный шум в пространстве. Лучший вариант для ванной комнаты, а также для туалетной группы вашего бизнес-пространства. Кофейные и миндальные ноты постепенно растворяются в тёплый терпкий аромат. Цветы жасмина, ириса и бергамота распускаются аккордами свежести и легкой прохлады. Аромат оставляет мягкий шлейф пряного какао.;Ополосните кожу рук водой, нанесите небольшое количество мыла на кожу, помассируйте до получения воздушной пены и ополосните водой.
19000459153;PERMEGI Lime & grapefruit;мыло жидкое;Россия;399;399;https://goldapple.ru/19000459153-lime-grapefruit;;Парфюмированное мыло для рук Permegi — это мягкое средство на основе пенообразователей, которое бережно очищает, увлажняет и смягчает кожу, оставляя на ней тонкий аромат. Подходит для ежедневного использования. В составе мыла — 90% натуральных компонентов, которые улучшают эластичность и упругость кожи. Пенообразователи эффективно удаляют загрязнения и бактерии, обеспечивая чистоту и свежесть кожи.;Нажмите на дозатор, чтобы получить небольшое количество мыла (1-2 нажатия).  Вспеньте в ладонях с водой. Тщательно очистите кожу рук в течение 20-30 секунд.  Смойте теплой водой.
19000397332;MUI THOM Perfumed XIV;мыло жидкое;Россия;636;445;https://goldapple.ru/19000397332-perfumed-xiv;;Парфюмированное мыло сочетает в себе не только функции очищения и деликатного ухода, но и дарит невероятное удовольствие от использования. Оно мягко удаляет загрязнения, не пересушивая кожу, и окутывает её волшебным шлейфом приятного аромата. Активные компоненты: алоэ вера гель, аллантоин, пантенол, коллоидное серебро.;Нанесите небольшое количество мыла на руки. Потрите руки друг о друга, чтобы образовалась пена. Разотрите пену между ладонями, чтобы она покрыла всю поверхность рук. Промойте руки теплой водой.
19000438917;SYNERGETIC вишня;мыло жидкое;Россия;1750;910;https://goldapple.ru/19000438917-visna;;Жидкое мыло для рук SYNERGETIC cherry/вишня бережно очищает кожу и оставляет на ней пряный цветочно-фруктовый аромат. Уникальный комплекс натуральных компонентов обеспечивает длительный смягчающий эффект и способствует восстановлению липидного слоя кожи. Масло сладкого миндаля питает и смягчает, насыщает кожу витаминами и полезными элементами. Экстракт сандалового дерева тонизирует и помогает сохранить эластичность и упругость кожи, придавая ей здоровый и ухоженный вид.  Экстракт вишни интенсивно увлажняет кожу, поддерживая гидролипидный баланс и её естественные барьерные функции, помогает коже справляться с негативными воздействиями окружающей среды.  Мультифункциональный компонент натурального происхождения софоролипид мягко очищает и сохраняет естественный микробиом кожи. Смелая и насыщенная парфюмерная композиция открывается сочными нотами спелой и сладкой вишни, звучание которой чувствуется с первых аккордов в обрамлении терпкой корицы и горького миндаля вплоть до заключительных шлейфовых тонов.  Сочетание сладких фруктовых и пряных амбровых оттенков создаёт неповторимый и соблазнительный букет аромата. Завершает композицию богатая симфония чувственных нот перуанского бальзама, обжаренных бобов тонка, тёплых ванильных, карамельных и медовых тонов, которые окутывают и согревают, пробуждают чувственность и будоражат фантазию.;Нанести мыло на влажную кожу, вспенить и тщательно смыть водой. Возможно появление естественного осадка натурального происхождения и незначительное изменение цвета мыла, не влияющие на его качество и свойства.
