article;name;product_type;country;price_actual;price_loyalty;url;popularity_coefficient;description;application
19000135249;W.DRESSROOM Dress&living clear perfume NO.97 April Cotton;спрей ароматический;Республика Корея;875;507;https://goldapple.ru/19000135249-dress-living-clear-perfume-no-97-april-cotton;201.6;"Тонкий, нежный, ненавязчивый аромат, напоминающий запах цветов хлопка после дождя, прекрасно освежает одежду, обувь, предметы интерьера и салон автомобиля, нейтрализует неприятные запахи. Аромат сочетает несколько нот: верхние - лайм, бергамот, анис, груша, гвоздика; средние - роза, лилия, фиалка; базовые - мускус, амбра, ваниль, мед, сандал.";Хорошо встряхните флакон перед использованием, сделайте 2-3 пшика с расстояния 20-30 см на желаемый участок. Его можно использовать не только для одежды, но и для салона автомобиля, мебели, штор, гардеробных и постельных принадлежностей.
19000326757;BISOU Forest phytoncides;спрей ароматический;Россия;499;374;https://goldapple.ru/19000326757-forest-phytoncides;64.24;Спрей  для сна с невероятным ароматом лесных фитонцидов –  билет в волшебный мир ночного леса. Фитонциды, извлеченные из свежих лесных зеленых насаждений, создают атмосферу уединения и гармонии, способствуя спокойному и глубокому сну. Легкое облако аромата словно заносит вас в лесную чащу, где каждый вдох наполнен благотворными свойствами древесных фитонцидов. Отпустите напряжение дня и дайте своему уму уединиться с природой, погружаясь в ароматическое путешествие в объятиях лесной россыпи.;Распылите продукт на постельное белье и/или тело.
19000306251;BANKA_HOME Чистый хлопок;спрей ароматический;Россия;1190;1071;https://goldapple.ru/19000306251-cistyj-hlopok;40.5;Парфюмированный спрей Fresh line - Чистый хлопок. Средство для ароматизации воздуха в помещениях и автомобиле, придания аромата текстилю.                  Аромат чистого белья в свежий солнечный день. Дополнен оттенками цитрусовых, зеленого яблока, кедра, жасмина, лаванды и лилии.;
19000361841;AROMA HARMONY № 15 Cedar;спрей ароматический;Россия;305;274;https://goldapple.ru/19000361841-no-15-cedar;34.56;Верхние ноты аромата начинаются с дымного, древесного, слегка сладкого гваякового дерева. Его богатый и сложный аромат добавляет композиции глубину и характер.  Далее слышны бальзамические ноты пачули, а обрамляет композицию медовый кедр с оттенками специй.;Распылить на белье, подушки, одежду, шторы, ковры, мягкую мебель. Для более эффективно и легкой глажки бедья, расспылить непосредственно на ткань и гладить, как обычно.
19000361840;AROMA HARMONY № 24 Wood;спрей ароматический;Россия;305;237;https://goldapple.ru/19000361840-no-24-wood;32.4;Пряные и древесные оттенки уда рисуют в воображении образ загадочного востока, его таинственность. Сладковатая и мягкая амбра добавляет аромату тепла. Завершающий аккорд композиции – свежая, чистая и успокаивающая лаванда.  Ее травяные и цветочные ноты словно переносят вас на поля лавандовых ферм, где время течёт медленнее.;Распылить на белье, подушки, одежду, шторы, ковры, мягкую мебель. Для более эффективно и легкой глажки бедья, расспылить непосредственно на ткань и гладить, как обычно.
19000155387;VAN&MUN Blooming cotton;спрей ароматический;Россия;490;333;https://goldapple.ru/19000155387-blooming-cotton;31.68;Свежий, мягкий, сладковатый цветочный аромат на базе мускуса с едва уловимыми зелеными нотами создаст атмосферу легкости в любом помещении. Спрей для дома подходит для использования в жилых помещениях, офисах, салонах красоты или магазинах.;Снимите колпачок. Распылите спрей. На текстиль мы рекомендуем распылять спрей с расстояния не менее 20-30 см во избежание пятен. Не рекомендуется распылять спрей на шелк и кожу. Перед применением протестируйте спрей на незаметном участке поверхности. В автомобиле направьте распылитель центральную часть салона, достаточно одного впрыска. Наслаждайтесь ароматом!
19000090586;MEDORI Nobility;спрей ароматический;;373;249;https://goldapple.ru/19000090586-nobility;31.02;Универсальный интерьерный парфюм, для всех видов помещений.;В интерьере дома, офиса, дачи.
19000236099;NICE BY SEPTIVIT Formula 01;спрей ароматический;Россия;423;338;https://goldapple.ru/19000236099-formula-01;28.8;"NICE by Septivit - эксперт в сфере эко продуктов для ухода за собой и домашнего уюта. Вся продукция компании разработана в собственной лаборатории SEPTIVIT: полностью безопасна для здоровья и экологии, а также не тестируется на животных.  Парфюм для дома ""Formula perfume 01"" объемом 300 мл - это универсальный освежитель воздуха, призванный создать уютную благоухающую атмосферу у вас дома. Гипоаллергенный акваспрей-освежитель на водной основе безопасен для природы и человека.  Водный поглотитель запаха не только приносит освежающий аромат, но и нейтрализует стойкие неприятные запахи от домашних животных, приготовления пищи, туалета, табачных изделий ( антитабак ) и других источников. Освежитель используют как для жилых комнат, туалета и ванны, так и для машины, шкафа для одежды и белья, гаража и других помещений.  Удобный спрей дозатор помогает равномерно распылять средство. Нейтрализатор запаха с ароматом розового дерева обладает уникальной способностью создавать атмосферу спокойствия и гармонии. Он идеально сочетает в себе нежность и стойкость, придавая ощущение умиротворения и расслабления.  Идеальный выбор для тех, кто хочет создать в своем доме атмосферу комфорта и уюта. Поддерживайте экологию и получайте удовольствие от уютной атмосферы у себя дома вместе с ароматизатором от NICE BY SEPTIVIT. Нажмите на логотип продавца SEPTIVIT Premium, чтобы ознакомиться с широким ассортиментом экологически чистой продукцией бренда.";Хорошо встряхните флакон. Держа его вертикально, распылите в нужном количестве по помещению. При необходимости повторите.
19000326756;BISOU Flower greenhouse;спрей ароматический;Россия;499;349;https://goldapple.ru/19000326756-flower-greenhouse;28.38;Погрузитесь в чарующий мир цветочной оранжереи. Восхитительные ароматы цветов, создавая атмосферу нежности и блаженства, приглашают в роскошный сад снов. Легкое облако, наполненное нежными цветочными оттенками, окутывает вас словно шелковое одеяло. Вы окружены ароматами фиалки, лаванды и жасмина, будто находитесь в волшебной оранжерее, которая превращает каждый вечер в исключительное событие.;Распылите продукт на постельное белье и/или тело.
19000361839;AROMA HARMONY № 8 Pepper;спрей ароматический;Россия;305;237;https://goldapple.ru/19000361839-no-8-pepper;27.84;Аромат начинает свою композицию с нот чёрного перца, раскрываясь лёгкой древесностью и терпкостью.  Постепенно пробуждаются пряные и теплые ноты кардамона, аккорды которого наполняют пространство манящей тайной.  Начиная своё звучание, амбра придаёт аромату глубину и пленительную медовую сладость;Распылить на белье, подушки, одежду, шторы, ковры, мягкую мебель. Для более эффективно и легкой глажки бедья, расспылить непосредственно на ткань и гладить, как обычно.
19000294889;UNEEDME COSMETICS Morning Intro Perfumed;спрей ароматический;Россия;1155;693;https://goldapple.ru/19000294889-morning-intro-perfumed;27.0;Парфюмированный спрей Morning Intro для ароматизации пространства и текстиля. Morning Intro- это таинственный момент. Раннее летнее утро, охотно раскрывающее свои объятия вам навстречу, и уже через мгновение вы целиком и полностью в его власти! Аромат пробуждает размышления, мечты и дарит умиротворение. Тот самый момент, когда мы осознаем свой истинный путь и предназначение.  Сердце парфюмерной композиции представляет собой гармоничный букет из ментола, амбры и пиона, согревающий восточно-древесный аккорд, пробуждающий чувственность. Ирис и Ваниль придают композиции нежный пудровый оттенок.  Изысканный кедр и пралине формируют тёплую базу аромата. Аромат строится на контрасте цветочных и древесных нот, женского и мужского начала, образуя идеальный баланс. Morning Intro- это символ пробуждения, напоминание о том, что красота и вдохновение находятся в каждом мгновении нашей жизни, если только мы научимся их замечать.  Ольфакторная пирамида: Цветочно-Пудровый.  Верхние ноты: Бергамот, Яблоко, Ирис, Пралине.  Средние ноты: Пачули, Кедр, Ментол, Пион, Амбра.  Базовые Ноты: Мексиканская Ваниль, Жасмин.;Для ароматизации пространства и текстиля, распылите нужное количество парфюма в помещении, на мягкую мебель, постельное белье, одежду, ковры, шторы на расстоянии 20-30см.
19000306250;BANKA_HOME Чёрное море;спрей ароматический;Россия;1190;1071;https://goldapple.ru/19000306250-cernoe-more;25.2;"Парфюмированный спрей ""Черное море"". Средство для ароматизации воздуха в помещениях и автомобиле, придания аромата текстилю сладкие, но в то же время, соленые океанические аккорды сочетаются с нотами янтаря и ванили. Черное море было известно древним цивилизациям как ""конец известного мира"". Есть легенды, что его воды скрывают потерянную Атлантиду. Его тайны и интриги вдохновили на создание этого соблазнительного аромата.";Встряхните флакон перед использованием. Держа флакон вертикально, распылите в необходимом количестве в помещении. На текстиль распылять на расстоянии 30-50 см от поверхности.
19000391315;ORIATIQUE LAUNDRY;спрей ароматический;Россия;381;342;https://goldapple.ru/19000391315-laundry;23.22;Парфюм для дома с ароматом кристальной чистоты и бодрящей свежести. Ноты мягкого кашемира и мускуса, альдегидов и амбры окутывают пространство воздушностью и легкостью, словно прохладное постельное бельё только что из стирки.;Распылите необходимое количество средства в воздухе.  Подходит для гостиных, спален, кабинетов.  Для усиления ароматического эффекта рекомендуется распылить спрей на текстиль: мягкую мебель, шторы, ковры.
19000306254;BANKA_HOME Дубовый мох и амбра;спрей ароматический;Россия;1190;1071;https://goldapple.ru/19000306254-dubovyj-moh-i-ambra;21.6;Парфюмированный спрей Perfume line - Дубовый мох и амбра . Средство для ароматизации воздуха в помещениях и автомобиле, придания аромата текстилю.                    Многие ароматы можно классифицировать только как мужские или женские. Данный экземпляр не является ни одним из них.  Он имеет универсальную привлекательность с богатыми древесными и мускусными нотами, но в то же время наполнен очаровательным слиянием трав и янтаря, которые придают ему женский оттенок. Этот сложный высококачественный аромат придется по вкусу многим гурманам ароматерапии.;
19000236100;NICE BY SEPTIVIT Formula 02;спрей ароматический;Россия;423;338;https://goldapple.ru/19000236100-formula-02;20.24;"NICE by Septivit - эксперт в сфере эко продуктов для ухода за собой и домашнего уюта. Вся продукция компании разработана в собственной лаборатории SEPTIVIT: полностью безопасна для здоровья и экологии, а также не тестируется на животных. Парфюм для дома ""Formula perfume 02"" объемом 300 мл - это универсальный освежитель воздуха, призванный создать уютную благоухающую атмосферу у вас дома.  Гипоаллергенный акваспрей-освежитель на водной основе безопасен для природы и человека. Водный поглотитель запаха не только приносит освежающий аромат, но и нейтрализует стойкие неприятные запахи от домашних животных, приготовления пищи, туалета, табачных изделий ( антитабак ) и других источников. Освежитель используют как для жилых комнат, туалета и ванны, так и для машины, шкафа для одежды и белья, гаража и других помещений.  Удобный спрей дозатор помогает равномерно распылять средство. Нейтрализатор запаха с ароматом пряного шалфея - это бодрящий и вдохновляющий аромат, который одновременно стимулирует и успокаивает. Его травяные и пряные ноты могут создать ощущение ясности и освежения, что делает его идеальным для релаксации и концентрации.   Поддерживайте экологию и получайте удовольствие от уютной атмосферы у себя дома вместе с ароматизатором от NICE BY SEPTIVIT. Нажмите на логотип продавца SEPTIVIT Premium, чтобы ознакомиться с широким ассортиментом экологически чистой продукцией бренда.";Хорошо встряхните флакон. Держа его вертикально, распылите в нужном количестве по помещению. При необходимости повторите.
19000288455;BOCA AROMA One & Only;спрей ароматический;Россия;1650;1650;https://goldapple.ru/19000288455-one-only;15.98;Парфюмированный интерьерный спрей для ароматизации постельного белья, полотенец и прочего текстиля вашего дома.  Аромат One & Only — томный, тягучий и обволакивающий, с мягкими древесными нотами. Это аромат дорогого парфюма, богатый, постепенно раскрывающийся, сладкий и одновременно терпкий. Благодаря экологичному составу наши спреи на водной основе не только безвредны, но и многофункциональны — их можно использовать на текстиле, мебели, одежде, в автомобиле. Не содержат спирт и фталаты.  В интернет-магазине представлен актуальный дизайн продукта. Обращаем внимание, возможно поступление товара в старом дизайне.;Нанесите на текстиль на расстоянии 30-40 см 2-3 нажатиями на распылитель. Беречь от детей. Не содержат спирт и фталаты.
19000294890;UNEEDME COSMETICS Night Discover Perfumed;спрей ароматический;Россия;1155;693;https://goldapple.ru/19000294890-night-discover-perfumed;15.64;Парфюмированный спрей Night Discover для ароматизации пространства и текстиля. Night Discover это напоминание самому себе, напоминание о времени и месте. Мимолетный момент, который останется в вашей памяти навсегда.  По мере использования, в воздухе витает аромат пряных фруктов и нежных роз, в вашем сознании открывается картина идеальной теплой летней ночи. Каждая деталь глубоко запечатлена в вашем сердце. Это история, которую вы создаете сами. Сердце аромата наполняют интенсивные цветочные и цитрусовые ноты флёрдоранжа и мандарина.  Завершается композиция чистым и терпким шлейфом базовых нот амбры и мускуса. Night Discover помогает окунуться в мир гармонии и умиротворения, окутанный этим ароматом. Каждый вдох аромата приносит вам всё новые и новые откровения.   Ольфакторная пирамида: Сладкий, Фруктовый.  Верхние ноты: Маршмеллоу, Мандарин, Мексиканская Ваниль. Средние ноты: Соцветие Апельсина, Флёрдоранж, Фиалка. Базовые Ноты: Чайная Роза, Коричневый Сахар, Амбра, Корица, Белый Мускус.;Для ароматизации пространства и текстиля, распылите нужное количество парфюма в помещении, на мягкую мебель, постельное белье, одежду, ковры, шторы на расстоянии 20-30см.
19000288437;AMUR Lavender;спрей ароматический;Россия;2190;1905;https://goldapple.ru/19000288437-lavender;15.36;Свежие нотки луговой травы и вечерней прохлады и нежной лавандовой росы.  Полностью натуральный, органический мист для подушки создан для того, чтобы расслабиться.  Легкая свежая дымка поможет отпустить тревоги прошедшего дня и настроиться на отдых и глубокий сон и создаст атмосферу.;Нанесите спрей на подушку и постельное белье на расстоянии 20-30 см за 10 минут до сна.
19000294891;UNEEDME COSMETICS Silhouette Perfumed;спрей ароматический;Россия;1155;693;https://goldapple.ru/19000294891-silhouette-perfumed;12.32;Парфюмированный спрей Silhouette для ароматизации пространства и текстиля. Silhouette - интригующий и таинственный, насыщенный и самодостаточный. Это сложный и свободолюбивый аромат, он не стремится понравиться каждому, но, услышав его однажды, уже не забудете никогда.  Сердце аромата это бесконечная череда пачули, кожи и замши, тропической древесины и белого кедра. Композиция в которой слились одновременно простота и сложность, утонченность и свобода, строгость и чувственность, загадочность и глубина.   Древесные ноты- элегантные, изысканные, уравновешиваются деликатной мягкостью теплой кожи и замши. Аромат как искусство. Искусство самовыражения и самопознания. Silhouette превращается в альтер-эго человека и его мыслей, раскрывая глубину и сложность его характера. Это приглашение исследовать иную сторону своей личности. Ольфакторная пирамида: Древесно-Кожаный.  Верхние ноты: Белый Кедр, Нероли, Перец, Замша.  Средние ноты: Пачули, Мускатных Орех, Сандал.  Базовые Ноты: Амбра, Белый Мускус, Аккорд Кожи.;Для ароматизации пространства и текстиля, распылите нужное количество парфюма в помещении, на мягкую мебель, постельное белье, одежду, ковры, шторы на расстоянии 20-30см.
19000155394;VAN&MUN Cozy Home;спрей ароматический;Россия;490;441;https://goldapple.ru/19000155394-cozy-home;11.76;Свежее благоухание чистоты с легкими сладковатыми цветочными нотками наполнит Ваш дом ароматом свежевыстиранного белья. Спрей для дома подходит для использования в жилых помещениях, офисах, салонах красоты или магазинах.;Снимите колпачок. Распылите спрей. На текстиль мы рекомендуем распылять спрей с расстояния не менее 20-30 см во избежание пятен. Не рекомендуется распылять спрей на шелк и кожу. Перед применением протестируйте спрей на незаметном участке поверхности. В автомобиле направьте распылитель центральную часть салона, достаточно одного впрыска. Наслаждайтесь ароматом!
19000294886;UNEEDME COSMETICS Hypnotic Cherry Perfumed;спрей ароматический;Россия;1155;693;https://goldapple.ru/19000294886-hypnotic-cherry-perfumed;11.7;Парфюмированный спрей Hypnotic Cherry для ароматизации пространства и текстиля. Hypnotic Cherry сияет глубокими, роскошными гранями, завораживая своими контрастными фруктовыми оттенками.  Терпкий вишнёвыйликёр, смешанный с тонким, чувственным ароматом нежной Японской розы, уравновешивается деликатной горечью миндаля и древесной сливы.Квинтэссенция восточно-фруктовой чувственности. Hypnotic Cherry открывает для вас безмятежный полет мыслей, побуждая бросить вызов ограничениям и открыться новым возможностям, достигнув вершины своего потенциала.  Помогает задуматься о чем-то, что уже невозможно выразить просто словами. Чрезвычайно чувственный восточный аромат, пропитанный гипнотической игрой контрастов. Сложный по характеру, но нежный по звучанию, как истинная красота Востока.  Ольфакторная пирамида: Восточно-Фруктовый. Верхние ноты: Вишнёвые косточки, Миндаль, Слива, Розовый Перец.  Средние ноты: Табачные листья,Японская Роза, Корица, Жасмин. Базовые Ноты: Мексиканская Ваниль, Амбра, Ликёр, Бобы Тонка.;Для ароматизации пространства и текстиля, распылите нужное количество парфюма в помещении, на мягкую мебель, постельное белье, одежду, ковры, шторы на расстоянии 20-30см.
19000090584;MEDORI Burlesque;спрей ароматический;;373;261;https://goldapple.ru/19000090584-burlesque;9.9;Универсальный интерьерный парфюм, для всех видов помещений.;В интерьере дома, офиса, дачи.
19000306248;BANKA_HOME Лист табака и кориандр;спрей ароматический;Россия;1190;1071;https://goldapple.ru/19000306248-list-tabaka-i-koriandr;9.6;Парфюмированный спрей Fresh line - Лист табака и кориандр.  Парфюмированный спрей Fresh line - Лист табака и кориандр Этот аромат можно описать, как богатый и знойный, с нотами янтаря, табака и сладкой ванили.  Действительно уникальный и увлекательный аромат для любимого пространства.;
19000313995;VENEW clean cotton;спрей ароматический;Россия;499;449;https://goldapple.ru/19000313995-clean-cotton;9.4;Ранее свежее утро, первые лучи солнца, лениво проникающие в комнату сквозь лёгкие полупрозрачные занавески…  А повсюду витает ни с чем не сравнимый запах чистого белья. Представили? Да, именно так должен пахнуть Дом. Тот самый тонкий, нежный, ненавязчивый аромат идеальной чистоты и безграничной свежести.  Парфюмированный спрей на водной основе. Необычное украшение для комнаты, хит с безвредным составом. Гипоаллергенная формула безопасна для людей и животных. Ароматизатор эффективно борется с неприятными запахами в туалете, от домашних животных или приготовления пищи. Применяйте интерьерный спрей в любом помещении: ванная, спальня или туалет. Нейтрализатор запахов можно использовать как духи для текстиля. Соблюдайте при этом дистанцию не менее 50 см. Парфюмерная композиция также подходит для профессионального использования в сфере услуг. Авто аксессуары быстро нейтрализуют неприятные запахи и создают приятную обстановку в салоне. Духи в машину - отличный подарок мужчине. Порадует любого водителя и заменит автопарфюм по скорости действия. Соберите из нескольких штук подарочный набор для женщин. Спреи ароматические стойкие и наполнены чувственными парфюмерными композициями. Спрей для белья создан для того, кто не готов мириться с затхлым запахом в шкафу или хочет просыпаться в окружении любимого аромата. Обогатите пространство с помощью освежителя воздуха для шкафа, офиса или туалета.  Возьмите 2-3 бутылочки - и вот перед вами готовый набор для ванной в подарок девушке. Поглотитель запаха - успешный продукт на рынке, никто не откажется от первоклассного парфюма для текстиля. Духи для туалета не оставляют следов на поверхностях (при соблюдении инструкции), мелкодисперсное распыление удобно и обеспечивает экономичный расход средства.;Встряхните флакон, держите его вертикально, распылите необходимое количество спрея в воздухе в направлении от лица. При необходимости повторите обработку. Допускается контакт с текстилем: мягкая мебель, шторы, постельное белье, одежда. Соблюдайте при этом дистанцию не менее 50 см. Ароматизатор также подходит для профессионального использования в сфере услуг.
83700400002;DR. VRANJES FIRENZE Rosso Nobile;спрей ароматический;;7800;7800;https://goldapple.ru/83700400002-rosso-nobile;9.2;Истинная магия Тосканы, запечатленная в неповторимой ольфакторной композиции. Позвольте себе насладиться ароматом знаменитого красного вина с холмов Кьянти с едва ощутимыми аккордами цветов апельсина, клубники, лесных ягод, переплетающимися с чуть шершавыми, дымными и теплыми нотами дуба и березовой древесины, которые отсылают к прославленным на весь мир винам в драгоценных дубовых бочках.  Главный бестселлер Dr. Vranjes Firenze с насыщенным, ярким и утонченным ароматом, созвучным благородному красному вину, одному из ключевых символов Италии. Совершенное сочетание нот и безупречное элегантное оформление превращает Rosso Nobile в настоящий символ роскоши, непревзойденного стиля и благополучия. Стеклянный флакон, напоминающий купол легендарного собора Санта Мария дель Фьоре, изготовлен вручную во Флоренции.;Распылите аромат в воздух. Используйте снова для обновления или усиления интенсивности аромата по мере необходимости. Используйте 1-3 нажатия для небольших комнат, для более просторных помещений - 4-5 нажатий.  Спрей идеально подходит в качестве экспресс-ароматизации. Для создания более насыщенной атмосферы, используйте спрей в сочетании с ароматическими свечами и диффузорами.
19000437943;NICE BY SEPTIVIT Tobacco&Vanilla;спрей ароматический;Россия;423;338;https://goldapple.ru/19000437943-tobacco-vanilla;8.82;Парфюм для дома Nice — это ваш ключ к созданию атмосферы уюта, который прекрасно дополнит интерьер и освежит пространство. Наш спрей содержит гипоаллергенный состав на водной основе и безопасен для ежедневного использования. Богатый букет нот табачного листа, ванили и какао эффективно нейтрализует неприятные запахи и оставляет приятный, ненавязчивый шлейф. Эстетичный флакон с минималистичным дизайном добавит яркий акцент в любой интерьер. Экологичный и биоразлагаемый состав подтверждает нашу заботу о природе и здоровье, продукт не тестируется на животных. Идеален для использования дома, в ванной, уборной, офисе, а также как ароматизатор для одежды, спрей для текстиля или парфюм для белья. С этим парфюмом для интерьера вы получите ощущение свежести и чистоты в любом уголке вашего пространства. Подарите себе возможность наслаждаться приятным ароматом, который будет радовать вас и ваших близких каждый день.;Распылите необходимое количество средства в воздухе. Для усиления ароматического эффекта можно распылить спрей на текстиль - диваны, шторы и постельное бельё. Важно распылять с расстояния не менее одного метра, чтобы избежать масляных пятен.
19000294888;UNEEDME COSMETICS Mind Reader Perfumed;спрей ароматический;Россия;1155;693;https://goldapple.ru/19000294888-mind-reader-perfumed;8.6;Парфюмированный спрей Mind Reader для ароматизации пространства и текстиля. Mind Reader- это игривый и солнечный аромат, который раскрывается пикантными нотами табака, розового перца и свежестью Калабрийского бергамота.  Одновременно лёгкий и многогранный. В сердце аромата согревающий восточно-древесный аккорд, пробуждающий чувственность. Он сам подстраивается под ваше настроение, и раскрывается для каждого по-разному. Словно читая мысли, создает для вас атмосферу, в которую хочется возвращаться снова, помогая чувствовать жизнь во всех её проявлениях, создавая уникальную мелодию, которая звучит только для вас.  Верхние ноты бергамота уступают место мексиканской ванили, пачули и корице, объединённых в сердце парфюмерной композиции. Древесные аккорды и дымные листья табака делают аромат более многогранным и смелым. Mind Reader идеально подойдет гедонистам, любителям свободы и тем, кто не боится заглянуть внутрь себя.  Ольфакторная пирамида: Восточно-Древесный.  Верхние ноты: Бергамот, Розовый Перец, Ваниль. Средние ноты: Табак, Пачули, Корица, Сандал. Базовые Ноты: Амбра, Белый Мускус, Бобы Тонка.;Для ароматизации пространства и текстиля, распылите нужное количество парфюма в помещении, на мягкую мебель, постельное белье, одежду, ковры, шторы на расстоянии 20-30см.
19000236101;NICE BY SEPTIVIT Formula 03;спрей ароматический;Россия;423;338;https://goldapple.ru/19000236101-formula-03;8.58;"NICE by Septivit - эксперт в сфере эко продуктов для ухода за собой и домашнего уюта. Вся продукция компании разработана в собственной лаборатории SEPTIVIT: полностью безопасна для здоровья и экологии, а также не тестируется на животных. Парфюм для дома ""Formula perfume 03"" объемом 300 мл - это универсальный освежитель воздуха, призванный создать уютную благоухающую атмосферу у вас дома.  Гипоаллергенный акваспрей-освежитель на водной основе безопасен для природы и человека. Водный поглотитель запаха не только приносит освежающий аромат, но и нейтрализует стойкие неприятные запахи от домашних животных, приготовления пищи, туалета, табачных изделий ( антитабак ) и других источников.  Освежитель используют как для жилых комнат, туалета и ванны, так и для машины, шкафа для одежды и белья, гаража и других помещений. Удобный спрей дозатор помогает равномерно распылять средство. Аромат дамасской розы представляет собой интенсивный и сладкий цветочный запах, который раскрывается с нотами свежесрезанных розовых лепестков.  Этот аромат обладает непередаваемой сладостью, с небольшими фруктовыми оттенками и легкими специями. Поддерживайте экологию и получайте удовольствие от уютной атмосферы у себя дома вместе с ароматизатором от NICE BY SEPTIVIT. Нажмите на логотип продавца SEPTIVIT Premium, чтобы ознакомиться с широким ассортиментом экологически чистой продукцией бренда.";Хорошо встряхните флакон. Держа его вертикально, распылите в нужном количестве по помещению. При необходимости повторите.
19000061960;TONKA PERFUMES MOSCOW LURE by Mira;спрей ароматический;;3500;2800;https://goldapple.ru/19000061960-lure-by-mira;8.28;Формула спреев на 20% состоит из натуральных ароматических масел.Спрей можно использовать для ароматизации комнат, автомобилей, текстиля, белья и мебели.  Утонченная пудровая композиция с нежными цветочными нотами фрезии и водного лотоса гармонично дополнена мягким звучанием сочного личи, тёплой ванили и чувственного белого мускуса.Соблазнительный аромат LURE by Mira обладает стимулирующими психоэмоциональными свойствами и создает очарование и манящую привлекательность вашего дома.;2-3 нажатиями на дозатор распылите в центре помещения или нанесите на домашний текстиль. Не рекомендуется наносить на светлые, натуральные ткани, резину. С осторожностью используйте для пластика, мобильных устройств и бытовой техники.
19000391342;ECOLATIER ORANGE & PEPPER;спрей ароматический;Россия;433;259;https://goldapple.ru/19000391342-orange-pepper;8.28;Арома- спрей ORANGE & PEPPER —это новая коллекция изысканных и неповторимых ароматов, которые помогут создать в вашем доме атмосферу уюта и комфорта на долгое время. Входящие в состав натуральные эфирные масла и активные ингредиенты нейтрализуют неприятные запахи и наполняют пространство ярким ароматом сладкого апельсина с пикантностью черного перца и легкой ноткой базилика. Благодаря водной основе спрей безопасен для Природы и Человека, равномерно распределяется и увлажняет воздух в помещении.  Идеально подходит для использования в доме, автомобиле, на текстиле и одежде.  Не содержит парабенов, спирт, фталатов и красителей.;Перед применением встряхните флакон. Нажмите кнопку ON на распылителе. Держите флакон вертикально и распылите в воздухе или на текстильные изделия на расстоянии 20–30 см.  После применения нажмите на кнопку OFF для блокировки распылителя.  Возможно образование естественного осадка и изменение цвета содержимого, не влияющие на качество и потребительские свойства.
19000391343;ECOLATIER VANILLA & WOOD;спрей ароматический;Россия;433;259;https://goldapple.ru/19000391343-vanilla-wood;7.56;Аромаспрей для дома VANILLA & WOOD — это новая коллекция изысканных и неповторимых ароматов, которые помогут создать атмосферу уюта и комфорта в вашем доме на долгое время. Входящие в состав натуральные эфирные масла и активные ингредиенты нейтрализуют неприятные запахи и наполняют пространство чувственным ароматом сладкой ванили с гармоничной нотой пряных и древесных оттенков. Благодаря водной основе спрей безопасен для Природы и Человека, равномерно распределяется и увлажняет воздух в помещении. Идеально подходит для использования в доме, автомобиле, на текстиле и одежде.  Не содержит парабенов, спирт, фталатов и красителей.;Перед применением встряхните флакон. Нажмите кнопку ON на распылителе. Держите флакон вертикально и распылите в воздухе или на текстильные изделия на расстоянии 20–30 см.  После применения нажмите на кнопку OFF для блокировки распылителя.  Возможно образование естественного осадка и изменение цвета содержимого, не влияющие на качество и потребительские свойства.
19000306256;BANKA_HOME Тиковое дерево и табак;спрей ароматический;Россия;1190;1071;https://goldapple.ru/19000306256-tikovoe-derevo-i-tabak;7.2;"Парфюмированный спрей Perfume line  ""Тиковое дерево и табак"". Средство для ароматизации воздуха в помещениях и автомобиле, придания аромата текстилю. Тиковое дерево и табак — это сложный и смелый аромат с пряными нотами имбиря и душистого перца, дополненные сандаловым и тиковым деревом в сочетании с листьями табака, амбры и темного мускуса.";
19000061957;TONKA PERFUMES MOSCOW YUZHNAYA KOZHA;спрей ароматический;;3500;2800;https://goldapple.ru/19000061957-yuzhnaya-kozha;7.2;Формула спреев на 10% состоит из натуральных ароматических масел.Спрей можно использовать для ароматизации комнат, автомобилей, текстиля, белья и мебели.  Ясное глубокое небо, раскрашенное легкими мазками белых перьев редких облаков, утекающих далеко за линию, разделяющую две стихии. С океана струится легкий, свежий бриз, донося прохладу и терпкий аромат синих вод. Солнце бесцеремонно палит экваториальными лучами, оставляя на коже соляные кратеры.Так пахнет южная кожа, солнцем, цветами и соленой водой океана.;2-3 нажатиями на дозатор распылите в центре помещения или нанесите на домашний текстиль. Не рекомендуется наносить на светлые, натуральные ткани, резину. С осторожностью используйте для пластика, мобильных устройств и бытовой техники.
19000391312;ORIATIQUE BACCARAT;спрей ароматический;Россия;381;342;https://goldapple.ru/19000391312-baccarat;5.74;Парфюмированный спрей для дома мгновенно наполнит ваше пространство чарующим ароматом и индивидуальной атмосферой. Ноты жженого сахара, ели, смолы и амбры создают ауру глубины и загадочности.;Распылите необходимое количество средства в воздухе.  Подходит для гостиных, спален, кабинетов.  Для усиления ароматического эффекта рекомендуется распылить спрей на текстиль: мягкую мебель, шторы, ковры.
19000391340;ECOLATIER IRIS & MUSK;спрей ароматический;Россия;433;324;https://goldapple.ru/19000391340-iris-musk;5.46;Аромаспрей для дома IRIS & MUSK —это новая коллекция изысканных и неповторимых ароматов, которые помогут создать атмосферу уюта и комфорта в вашем доме на долгое время. Входящие в состав натуральные эфирные масла и активные ингредиенты нейтрализуют неприятные запахи и наполняют пространство утонченным ароматом ириса и цветка персика с легкой нотой мускуса. Благодаря водной основе спрей безопасен для Природы и Человека, равномерно распределяется и увлажняет воздух в помещении.  Идеально подходит для использования в доме, автомобиле, на текстиле и одежде.  Не содержит парабенов, спирт, фталатов и красителей.;Перед применением встряхните флакон. Нажмите кнопку ON на распылителе. Держите флакон вертикально и распылите в воздухе или на текстильные изделия на расстоянии 20–30 см.  После применения нажмите на кнопку OFF для блокировки распылителя.  Возможно образование естественного осадка и изменение цвета содержимого, не влияющие на качество и потребительские свойства.
19000172114;MOMACANDLE Limoncello matte;спрей ароматический;Россия;2420;2178;https://goldapple.ru/19000172114-limoncello-matte;5.0;Limoncello так нежно уносит в теплые вечера на Средиземноморье, где за красиво сервированным столом, окруженными лимонными деревьями смакуя яркий и освежающий, наблюдаешь за игриво настроенными морскими волнами и растворяешься в моменте.  Лимонное наслаждение в одном флаконе.;Перед применением рекомендуем встряхнуть. Распылять на расстоянии 30 см.
19000429278;AROMA HARMONY Sunny day;спрей ароматический;Россия;305;274;https://goldapple.ru/19000429278-sunny-day;4.6;Коллекция ароматов для дома  создана для того, чтобы поддерживать в доме атмосферу уюта и  Cozy nature by Aroma Harmony harmony гармонии. В каждом аромате есть частичка природы и её энергия  жизни. Это тёплая коллекция, окутывающая помещение ненавязчивым шлейфом, который дарит ощущение спокойствия.  Концепция минимализма и деревянные ноты, представленные в каждом аромате — это ода планете. В каждой линии, в каждой детали, в каждом дуновении ветра, в  самом взгляде на мир — чувствуется присутствие природы, ее мудрость и сила. Она незримо присутствует в каждой ноте композиции.;Распылить на белье, подушки, одежду, шторы, ковры, мягкую мебель. Для более эффективной и легкой глажки белья, распылить непосредственно на ткань и гладить, как обычно.
19000155391;VAN&MUN Macaroon;спрей ароматический;Россия;510;459;https://goldapple.ru/19000155391-macaroon;4.6;Потрясающий аромат печенья с нотами ореха и шоколада на базе ванили, сладкий аромат новогодних сладостей Спрей для дома подходит для использования в жилых помещениях, офисах, салонах красоты или магазинах.;Снимите колпачок. Распылите спрей. На текстиль мы рекомендуем распылять спрей с расстояния не менее 20-30 см во избежание пятен. Не рекомендуется распылять спрей на шелк и кожу. Перед применением протестируйте спрей на незаметном участке поверхности. В автомобиле направьте распылитель центральную часть салона, достаточно одного впрыска. Наслаждайтесь ароматом!
19000155390;VAN&MUN Lemon Cake;спрей ароматический;Россия;510;459;https://goldapple.ru/19000155390-lemon-cake;4.0;Запах ароматной выпечки с нотами карамели, ванили и лимона. Сладкое дополнение к атмосфере семейного праздника. Спрей для дома подходит для использования в жилых помещениях, офисах, салонах красоты или магазинах.;Снимите колпачок. Распылите спрей. На текстиль мы рекомендуем распылять спрей с расстояния не менее 20-30 см во избежание пятен. Не рекомендуется распылять спрей на шелк и кожу. Перед применением протестируйте спрей на незаметном участке поверхности. В автомобиле направьте распылитель центральную часть салона, достаточно одного впрыска. Наслаждайтесь ароматом!
19000306253;BANKA_HOME Ваниль и мускус;спрей ароматический;Россия;1190;1071;https://goldapple.ru/19000306253-vanil-i-muskus;3.84;Парфюмированный спрей Perfume line - Ваниль и мускус. Средство для ароматизации воздуха в помещениях и автомобиле, придания аромата текстилю сложный, интригующий и чувственный аромат.  Присутствуют ноты мускуса, сандалового дерева, сливочной ванили, ладана и янтаря.;
19000345242;ZIELINSKI & ROZEN Red grapefruit, Bergamot, Amber;спрей ароматический;Россия;3990;3990;https://goldapple.ru/19000345242-red-grapefruit-bergamot-amber;3.8;Спрей для ароматизации помещений, интерьера и текстиля с приятным ароматом. Спрей прекрасно подойдет для ароматизации воздуха дома, в машине, офисе, а также может быть распылен на шторы, постельное белье, полотенца - здесь нет никаких правил, решать только Вам, доверяйте своей интуиции.;Распылите необходимое количество средства в воздухе. Для усиления ароматического эффекта можно распылить спрей на текстиль — диваны, шторы и постельное белье. Важно распылять с расстояния не менее одного метра, чтобы избежать масляных пятен. Избегать попадания на кожу и кожзаменитель.
19000160317;OXYGEN HOME Powder;спрей ароматический;Россия;744;669;https://goldapple.ru/19000160317-powder;3.8;Абсолютно безопасные и нежные ароматы текстильной коллекции Oxygen Home. Которые помогут надолго сохранить свежесть белья и аромат в гардеробе. Ароматы для глажки наносятся непосредственно перед глажкой на ткань, перед прохождением по ней утюгом. Ароматы позволяют сохранить нежный/свежий аромат ткани надолго. Следов на ткани не оставляет. Пудровый аромат с нотами мускуса и хлопка.;
99000035656;BOCA AROMA Sea touch;спрей ароматический;;1650;1650;https://goldapple.ru/99000035656-sea-touch;3.36;Представьте, как первые лучи утреннего солнца касаются вашей кожи во время прогулки вдоль океанского побережья. Именно в такие воспоминания вас перенесет аромат Sea touch. Данный аромат сочетает в себе молочную нежность сандала, освежающую морскую соль и нежные листья шалфея. Это создает загадочную гармонию, словно приглашение в мир природы и внутреннего спокойствия. Листья шалфея добавляют травяные ноты, раскрывая мягкое обаяние прибрежного бриза, даря ощущение свежести и умиротворения. Каждый спрей изготавливается вручную по уникальной формуле и разливается в изящные стеклянные флаконы, а ароматическая смесь имеет нежный молочный оттенок. Благодаря экологичному составу наши спреи на водной основе не только безвредны, но и ногофункциональны — их можно использовать на текстиле, мебели, одежде, в автомобиле.;Нанесите на текстиль на расстоянии 30-40 см 2-3 нажатиями на распылитель. Беречь от детей.
99000035652;BOCA AROMA Norway moss;спрей ароматический;;1650;1650;https://goldapple.ru/99000035652-norway-moss;3.2;Norway moss - это изысканный аромат, который наполняет ваше пространство чувством свежести и натуральности. Этот уникальный спрей создан на основе тщательно подобранных ингредиентов, которые создают уникальную атмосферу уюта и спокойствия. Norway moss - это не просто аромат, а целый мир, где каждый элемент наполнен духом природы. Нанесите его в любое время суток и привнесите частичку лесной свежести в ваш дом. Каждый спрей изготавливается вручную по уникальной формуле и разливается в изящные стеклянные флаконы, а ароматическая смесь имеет нежный молочный оттенок. Благодаря экологичному составу наши спреи на водной основе не только безвредны, но и многофункциональны — их можно использовать на текстиле, мебели, одежде, в автомобиле.;Нанесите на текстиль на расстоянии 30-40 см 2-3 нажатиями на распылитель. Беречь от детей.
19000361838;AROMA HARMONY № 28 White Oak;спрей ароматический;Россия;305;274;https://goldapple.ru/19000361838-no-28-white-oak;3.2;"Спрей ароматический ""#28 White Oak"" представляет собой изысканное сочетание нот жженого дуба, фундука и ветивера, придающим вещам  утонченный и благородный аромат.";Распылить на белье, подушки, одежду, шторы, ковры, мягкую мебель. Для более эффективно и легкой глажки бедья, расспылить непосредственно на ткань и гладить, как обычно.
19000313986;VENEW boss;спрей ароматический;Россия;750;675;https://goldapple.ru/19000313986-boss;3.0;Парфюмированный спрей для людей, которые точно знают, чего хотят. Аромат довольно определенный, стойкий. Подходит мужчинам, но позиционируется как унисекс, т.к его пирамида насыщена разными ингредиентами. Композиция свежих цитрусовых аккордов, дополненная фруктами, отлично сочетается с цветочными оттенками. Закрывают композицию характерные тонка, пачули, ветивер, приправленные нежными нотками ванили. Парфюмированный спрей на водной основе. Необычное украшение для комнаты, хит с безвредным составом. Гипоаллергенная формула безопасна для людей и животных. Ароматизатор эффективно борется с неприятными запахами в туалете, от домашних животных или приготовления пищи. Применяйте интерьерный спрей в любом помещении: ванная, спальня или туалет. Нейтрализатор запахов можно использовать как духи для текстиля. Соблюдайте при этом дистанцию не менее 50 см. Парфюмерная композиция также подходит для профессионального использования в сфере услуг. Авто аксессуары быстро нейтрализуют неприятные запахи и создают приятную обстановку в салоне. Духи в машину - отличный подарок мужчине. Порадует любого водителя и заменит автопарфюм по скорости действия. Соберите из нескольких штук подарочный набор для женщин. Спреи ароматические стойкие и наполнены чувственными парфюмерными композициями. Спрей для белья создан для того, кто не готов мириться с затхлым запахом в шкафу или хочет просыпаться в окружении любимого аромата. Обогатите пространство с помощью освежителя воздуха для шкафа, офиса или туалета.  Возьмите 2-3 бутылочки - и вот перед вами готовый набор для ванной в подарок девушке. Поглотитель запаха - успешный продукт на рынке, никто не откажется от первоклассного парфюма для текстиля. Духи для туалета не оставляют следов на поверхностях (при соблюдении инструкции), мелкодисперсное распыление удобно и обеспечивает экономичный расход средства.;Встряхните флакон, держите его вертикально, распылите необходимое количество спрея в воздухе в направлении от лица. При необходимости повторите обработку. Допускается контакт с текстилем: мягкая мебель, шторы, постельное белье, одежда. Соблюдайте при этом дистанцию не менее 50 см. Ароматизатор также подходит для профессионального использования в сфере услуг.
19000196158;WALLY 1925 Dolci Nanne;спрей ароматический;Италия;5520;4968;https://goldapple.ru/19000196158-dolci-nanne;3.0;Аромат «Dolci Nanne», создан для детской спальни. Благодаря нежным и натуральным нотам, придает атмосферу доброты, любви и защиты, которая должна царить в каждой детской спальне.;Спрей необходимо распылять на расстоянии 30-40 см. Емкость рассчитана на 2000 нажатий.
82401000044;FREDERIC MALLE Dans Mon Lit;спрей ароматический;Франция;11600;8120;https://goldapple.ru/82401000044-dans-mon-lit;3.0;Сказочное ощущение сна на ложе из лепестков роз. Спрей для ароматизации постельного белья состоит из эссенции турецкой розы, ультрасовременной эссенции розовой воды (Rose Water Essential), точно передающей естественный аромат цветов, и продлевающего наслаждение до бесконечности мускуса.;
19000345241;ZIELINSKI & ROZEN Orange & Jasmine;спрей ароматический;Россия;3990;3990;https://goldapple.ru/19000345241-orange-jasmine;3.0;Спрей для ароматизации помещений, интерьера и текстиля с приятным ароматом. Спрей прекрасно подойдет для ароматизации воздуха дома, в машине, офисе, а также может быть распылен на шторы, постельное белье, полотенца - здесь нет никаких правил, решать только Вам, доверяйте своей интуиции.;Распылите необходимое количество средства в воздухе. Для усиления ароматического эффекта можно распылить спрей на текстиль — диваны, шторы и постельное белье. Важно распылять с расстояния не менее одного метра, чтобы избежать масляных пятен. Избегать попадания на кожу и кожзаменитель.
19000234977;BY KAORI Africa;спрей ароматический;Россия;2690;2690;https://goldapple.ru/19000234977-africa;3.0;Лучшее средство для того, чтобы наполнить ваше пространство деликатным ароматным шлейфом и придать ему нужное настроение. Спрей добавит белью после стирки ненавязчивый, воздушный, парфюмированный шлейф, приправленный пряным тмином и шафраном.  Ароматный спрей обладает легким антистатическим и разглаживающим эффектом. После его применения ткань станет более мягкой и приятной. Спрей может использоваться при глажке натуральных тканей, таких как хлопок и лен, на невысоких температурах.;Распылите спрей на расстоянии 25-30 см на домашний текстиль: постельное белье, шторы, полотенца, пледы и другие тканевые элементы интерьера. После нанесения спрея на текстиль деликатное и нежное облако с вашим любимым ароматом останется на поверхности в течение нескольких часов или дней, в зависимости от интенсивности нанесения.
19000437937;NICE BY SEPTIVIT Cherry love;спрей ароматический;Россия;423;287;https://goldapple.ru/19000437937-cherry-love;3.0;Парфюм для дома Nice — это ваш ключ к созданию атмосферы уюта, который прекрасно дополнит интерьер и освежит пространство. Наш спрей содержит гипоаллергенный состав на водной основе и безопасен для ежедневного использования. Богатый букет нот миндаля, спелой вишни и вишневого ликера эффективно нейтрализует неприятные запахи и оставляет приятный, ненавязчивый шлейф. Эстетичный флакон с минималистичным дизайном добавит яркий акцент в любой интерьер. Экологичный и биоразлагаемый состав подтверждает нашу заботу о природе и здоровье, а продукт не тестируется на животных. Идеален для использования дома, в ванной, уборной, офисе, а также как ароматизатор для одежды, текстиля, белья и даже как спрей для машины. С этим парфюмом для интерьера вы получите ощущение свежести и чистоты в любом уголке вашего пространства. Он создаст гармонию и уют в доме, устраняя любые неприятные запахи. Подарите себе возможность наслаждаться приятным ароматом, который будет радовать вас и ваших близких каждый день.;Распылите необходимое количество средства в воздухе. Для усиления ароматического эффекта можно распылить спрей на текстиль - диваны, шторы и постельное бельё. Важно распылять с расстояния не менее одного метра, чтобы избежать масляных пятен.
19000374389;BAGO HOME Бакаутовое дерево;спрей ароматический;Россия;688;509;https://goldapple.ru/19000374389-bakautovoe-derevo;3.0;"Погрузитесь в атмосферу тепла и уюта с ароматическим спреем ""Бакаутовое дерево"". Богатый древесный аромат сочетает пряные имбирные полутона с мягкими сливочно-ореховыми акцентами гваякового дерева и глубокими нотами ценных пород дерева. Этот изысканный аромат идеально подходит для создания расслабляющей атмосферы после долгого дня. Этот компактный спрей отлично справляется с ароматизацией дома, мягкой мебели, текстиля, платяных шкафов и салона автомобиля. Удобный формат 30 мл позволяет легко взять его с собой и быстро освежить любое пространство. Спрей ""Бакаутовое дерево"" изготовлен на основе натуральных компонентов без содержания спирта, что позволяет аромату раскрываться чисто и естественно. Ключевые преимущества: Глубокий древесный аромат с нотами гваякового дерева и имбиря Универсальное использование: для текстиля, мебели, автомобиля Компактный формат для удобства применения в любых условиях Создайте уют и добавьте изысканности вашему дому с ароматом ""Бакаутовое дерево""!";Мы рекомендуем распылять спрей с расстояния не менее 30 сантиметров. Не рекомендуется распылять спрей на шелк и кожу. Перед применением протестируйте спрей на незаметном участке поверхности.
19000374393;BAGO HOME Гибискус;спрей ароматический;Россия;688;474;https://goldapple.ru/19000374393-gibiskus;2.82;"Освежите своё утро с ароматическим спреем ""Гибискус"". Яркие брызги сочного грейпфрута в гармонии с цветочными нотами гибискуса и теплотой сандалового дерева создают бодрящий и утончённый аромат, идеально подходящий для начала дня. Этот спрей удобного формата 30 мл подходит для ароматизации дома, мягкой мебели, текстиля, платяных шкафов и салона автомобиля. Его компактный размер позволяет легко брать его с собой, чтобы освежить пространство в любой момент. Спрей ""Гибискус"" изготовлен на основе натуральных компонентов и не содержит спирта. Аромат раскрывается чисто и естественно, наполняя пространство лёгкостью и свежестью. Ключевые преимущества: Бодрящий аромат для дома с нотами грейпфрута и гибискуса Универсальное использование: для текстиля, мебели, автомобиля Компактный формат, удобный для использования в дороге Добавьте яркости и свежести вашему дому с ароматическим спреем ""Гибискус""!";Мы рекомендуем распылять спрей с расстояния не менее 30 сантиметров. Не рекомендуется распылять спрей на шелк и кожу. Перед применением протестируйте спрей на незаметном участке поверхности.
19000234934;BY KAORI Provence;спрей ароматический;Россия;1890;1890;https://goldapple.ru/19000234934-provence;2.58;Моментальная и насыщенная ароматизация пространства. Парфюм для вашего интерьера и домашнего пространства подарит мгновенную и стойкую ароматизацию на 24 часа. Идеальный вариант для создания атмосферы и настроения по особому поводу. Подходит для использования на домашнем текстиле, шторах и мягких поверхностей мебели;Распылить на текстильные элементы мебели на расстоянии 15-30 см. Интерьерный парфюм предназначен для ароматизации пространства, поэтому вы также можете распылить его в воздух в комнате.
19000155404;VAN&MUN Cinnamon bun;спрей ароматический;Россия;693;499;https://goldapple.ru/19000155404-cinnamon-bun;2.58;Аромат сливочно-ванильной сдобной булочки с терпкой корицей, знакомый с детства. Спрей для дома подходит для использования в жилых помещениях, офисах, салонах красоты, автомобилях или магазинах.;Снимите колпачок. Распылите спрей. На текстиль мы рекомендуем распылять спрей с расстояния не менее 20-30 см во избежание пятен. Не рекомендуется распылять спрей на шелк и кожу. Перед применением протестируйте спрей на незаметном участке поверхности. В автомобиле направьте распылитель центральную часть салона, достаточно одного впрыска. Наслаждайтесь ароматом!
19000374395;BAGO HOME Инжир;спрей ароматический;Россия;1376;921;https://goldapple.ru/19000374395-inzir;2.22;"Погрузитесь в богатый и утончённый аромат с ароматическим спреем ""Инжир"". Нежные ноты инжира в гармонии с сочной малиной и клюквой раскрываются свежестью герани и мягкостью кремовой ванили, создавая многогранный и приятный букет. Этот спрей идеально подходит для ароматизации дома, текстиля, мягкой мебели, платяных шкафов и даже салона автомобиля. Он легко освежает любое пространство, оставляя за собой стойкий, приятный аромат. Спрей ""Инжир"" изготовлен на основе натуральных компонентов без спирта, что позволяет аромату звучать чисто и естественно. Ключевые преимущества: Богатый фруктово-цветочный аромат с нотами инжира и ванили Универсальное применение: для текстиля, мебели, автомобиля Удобный формат и простота применения Добавьте вашему дому изысканности и свежести с ароматическим спреем ""Инжир""!";Мы рекомендуем распылять спрей с расстояния не менее 30 сантиметров. Не рекомендуется распылять спрей на шелк и кожу. Перед применением протестируйте спрей на незаметном участке поверхности.
19000213981;VAN&MUN Fresh linen;спрей ароматический;Россия;693;575;https://goldapple.ru/19000213981-fresh-linen;2.0;"Ароматический спрей для дома ""VAN&MUN"" 100 мл. Свежий лен.   Описание аромата:  Аромат чистого, свежего белья, сладковатый, пудровый с цветочными нотами лилии и льна.    Ароматический спрей для дома ""VAN&MUN"" - ароматизатор для использования в жилых помещениях, офисах, салонах красоты, автомобилях или магазинах.";Снять пластиковую крышку с флакона, легким нажатием распылить спрей в центре помещения.   При легком нажатии на распылитель спрей   при объеме  100 мл. содержит около 400 пшиков.
19000061965;TONKA PERFUMES MOSCOW BERRY;спрей ароматический;;5500;5225;https://goldapple.ru/19000061965-berry;2.0;Парфюмированный спрей для интерьера Tonka Perfumes Moscow предназначен для ароматизации пространств. Спрей мгновенно ароматизирует пространство до 50 м2.;2-3 нажатиями на дозатор распылите в центре помещения или нанесите на домашний текстиль. Не рекомендуется наносить на светлые, натуральные ткани, резину. С осторожностью используйте для пластика, мобильных устройств и бытовой техники.
99000025567;STENOVA HOME BELLISSIMO;спрей ароматический;;2200;1540;https://goldapple.ru/99000025567-bellissimo;2.0;BELLISSIMO - аромат свежести! Вы почувствуете нотки бергамота, цитрусовых, лаванды и моря! Ароматическая композиция в виде спрея на спиртовой основе. Производство - Италия. Послушайте этот аромат, вам точно понравится!;Не распылять вблизи открытого огня. Рекомендуется избегать попадания ароматической жидкости на полированные и глянцевые поверхности.
19000297779;BYKALI Черника и мята;спрей ароматический;Россия;612;551;https://goldapple.ru/19000297779-cernika-i-mata;1.8;Фруктовый, зеленый, свежий. Верхние ноты мякоти черники деликатные, сладкие, переходящие в лёгкие ментолово-мятные оттенки, создающие ощущение приятной прохлады. Превратите ваш дом или автомобиль в оазис ароматов с BYKALI - Парфюмированным спреем, идеальным ароматизатором для дома, автомобиля и других пространств. Наш продукт предлагает уникальное сочетание экологичного и безвредного состава, практичности применения и стойкого аромата, чтобы создать неповторимую атмосферу в любом месте. С помощью удобного распылителя, наш парфюмированный интерьерный спрей обеспечивает практичность в использовании. Просто нажмите на спрей, и ваш дом, автомобиль или другое пространство наполнятся нежным и стойким ароматом. Погрузитесь в волшебный мир ароматов BYKALI.;Средство не предназначено для нанесения на кожу. При попадании в глаза, промыть водой.
19000345260;FLAME MOSCOW Noor;спрей ароматический;Россия;1500;1125;https://goldapple.ru/19000345260-noor;1.8;Это мягкое и романтичное представление удового дерева, которое будто сливается с Вами и становится тенью, дополняющей Вас. Подсвечивают уд в композиции томное розовое дерево и пачули, а в шлейфе остается чистота мускуса и легкая свежая горчинка только что очищенного мандарина.  Аромат как хамелеон подстраивается под температуру и Вашу кожу: то звучит более прохладно, то согревает, при этом не стягивая и не утяжеляя обоняние. С помощью спрея можно создать нужную атмосферу дома, в офисе или в путешествии. Благодаря натуральному составу наши спреи не только безвредны, но и мультифункциональны — их можно использовать на текстиле, мебели, одежде, а также как туалетную воду для тела.;Аромат держится от 1 до 8 часов, в зависимости от поверхности, на которую наносился спрей, и количества распылений.  Так, чем толще, например, текстиль, тем дольше будет держаться аромат! Мы проверили состав на большинстве видов изделий, но советуем также провести пробу самостоятельно в малозаметном уголке вашего изделия до полноценного использования.
19000155397;VAN&MUN Sweet biscuits;спрей ароматический;Россия;693;430;https://goldapple.ru/19000155397-sweet-biscuits;1.8;Насыщенный аромат сладкого печенья очаровывает своими миндальными нотками Ванильная основа этого аромата словно переносит в кондитерскую лавку, где выпекают это невероятное лакомство. Спрей для дома подходит для использования в жилых помещениях, офисах, салонах красоты или магазинах.;Снимите колпачок. Распылите спрей. На текстиль мы рекомендуем распылять спрей с расстояния не менее 20-30 см во избежание пятен. Не рекомендуется распылять спрей на шелк и кожу. Перед применением протестируйте спрей на незаметном участке поверхности. В автомобиле направьте распылитель центральную часть салона, достаточно одного впрыска. Наслаждайтесь ароматом!
19000155401;VAN&MUN Cashmere;спрей ароматический;Россия;693;520;https://goldapple.ru/19000155401-cashmere;1.8;Этот цветочный аромат с зелеными нотками прекрасно подойдет тем, кто ценит в мягкость в запахах. Сладковатый, теплый и легкий, словно кашемировая шаль, он окутает Вас, создав ощущение уюта. Спрей для дома подходит для использования в жилых помещениях, офисах, салонах красоты или магазинах.;Снимите колпачок. Распылите спрей. На текстиль мы рекомендуем распылять спрей с расстояния не менее 20-30 см во избежание пятен. Не рекомендуется распылять спрей на шелк и кожу. Перед применением протестируйте спрей на незаметном участке поверхности. В автомобиле направьте распылитель центральную часть салона, достаточно одного впрыска. Наслаждайтесь ароматом!
19000374408;BAGO HOME Черная смородина;спрей ароматический;Россия;688;467;https://goldapple.ru/19000374408-cernaa-smorodina;1.8;"Наполните ваш дом свежестью утреннего сада с ароматическим спреем ""Чёрная смородина"". Яркий и звенящий аромат сочетает свежесть листьев чёрной смородины, пряные травы и зелёные ноты инжира, создавая многогранную и гармоничную композицию. Компактный формат 30 мл идеально подходит для ароматизации дома, мягкой мебели, текстиля, платяных шкафов и салона автомобиля. Удобный размер позволяет взять спрей с собой, чтобы быстро освежить любое пространство. Спрей ""Чёрная смородина"" изготовлен на основе натуральных компонентов и не содержит спирта. Его аромат раскрывается чисто и естественно, добавляя вашему дому атмосферу свежести и лёгкости. Ключевые преимущества: Свежий аромат для дома с нотами листьев чёрной смородины и трав Универсальное применение: для текстиля, мебели, автомобиля Компактный формат, удобный для использования в дороге Создайте в вашем доме ощущение природы и свежести с ароматическим спреем ""Чёрная смородина""!";Мы рекомендуем распылять спрей с расстояния не менее 30 сантиметров. Не рекомендуется распылять спрей на шелк и кожу. Перед применением протестируйте спрей на незаметном участке поверхности.
19000234981;BY KAORI Cherry Blossom;спрей ароматический;Россия;2690;2690;https://goldapple.ru/19000234981-cherry-blossom;1.6;Лучшее средство для того, чтобы наполнить ваше пространство деликатным ароматным шлейфом и придать ему нужное настроение. Спрей добавит белью после стирки ненавязчивый, воздушный, парфюмированный шлейф. Ароматный обладает легким антистатическим и разглаживающим эффектом. После его применения ткань станет более мягкой и приятной. Спрей может использоваться при глажке натуральных тканей таких, как хлопок и лен, на невысоких температурах. Средство станет приятным дополнением к чистящим и уходовым средствам и лучшим подарком для каждого, кто хочет наполнить свое пространство красотой и комфортом.;Распылите спрей на расстоянии 25-30 см на домашний текстиль: постельное белье, шторы, полотенца, пледы и другие тканевые элементы интерьера. После нанесения спрея на текстиль деликатное и нежное облако с вашим любимым ароматом останется на поверхности в течение нескольких часов или дней, в зависимости от интенсивности нанесения.
19000234930;BY KAORI Dune;спрей ароматический;Россия;1890;1890;https://goldapple.ru/19000234930-dune;1.6;Моментальная и насыщенная ароматизация пространства. Парфюм для вашего интерьера и домашнего пространства подарит мгновенную и стойкую ароматизацию на 24 часа. Идеальный вариант для создания атмосферы и настроения по особому поводу. Подходит для использования на домашнем текстиле, шторах и мягких поверхностей мебели;Распылить на текстильные элементы мебели на расстоянии 15-30 см. Интерьерный парфюм предназначен для ароматизации пространства, поэтому вы также можете распылить его в воздух в комнате.
19000015648;FREDERIC MALLE Un Gardenia La Nut Perfume Gun;спрей ароматический;Франция;21700;21700;https://goldapple.ru/19000015648-un-gardenia-la-nut-perfume-gun;1.6;Летняя ночь на Ривьере, где молочная нежность и пряность цветов, благоухавшая днем, уступает место фруктовой свежести в сумерках. Perfume Gun - eдинственное оружие, созданное с любовью. Яркая ароматная вспышка моментально наполняет пространство любимым ароматом. Роскошные ароматы замаскированы в бутылки, напоминающие очищающие средства для дома. Теперь сменить обстановку стало проще, чем сменить обои и даже переключить музыкальную пластинку. Одно движение – пистолет готов к применению. Простой в применении пульверизатор-курок обеспечивает оптимальное распыление и позволяет контролировать интенсивность аромата. Рекомендован к использованию в просторных помещениях. Благодаря циркуляции воздуха мгновенно заполняет все пространство. Избегайте попадания на мягкую мебель, предметы интерьера, пластик и текстиль. Не распыляйте вблизи поверхностей, обработанных лакокрасочными покрытиями.;Рекомендован к использованию в просторных помещениях. Благодаря циркуляции воздуха мгновенно заполняет все пространство. Избегайте попадания на мягкую мебель, предметы интерьера, пластик и текстиль. Не распыляйте вблизи поверхностей, обработанных лакокрасочными покрытиями.
19000345239;ZIELINSKI & ROZEN Lemon, Lime, Aloysia & Mint;спрей ароматический;Россия;3990;3990;https://goldapple.ru/19000345239-lemon-lime-aloysia-mint;1.6;Спрей для ароматизации помещений, интерьера и текстиля с приятным ароматом. Спрей прекрасно подойдет для ароматизации воздуха дома, в машине, офисе, а также может быть распылен на шторы, постельное белье, полотенца - здесь нет никаких правил, решать только Вам, доверяйте своей интуиции.;Распылите необходимое количество средства в воздухе. Для усиления ароматического эффекта можно распылить спрей на текстиль — диваны, шторы и постельное белье. Важно распылять с расстояния не менее одного метра, чтобы избежать масляных пятен. Избегать попадания на кожу и кожзаменитель.
19000374407;BAGO HOME Цитрус;спрей ароматический;Россия;688;474;https://goldapple.ru/19000374407-citrus;1.6;"Наполните своё пространство яркой свежестью с ароматическим спреем ""Цитрус"". Каскад цитрусовых брызг в сочетании с сочными нотами граната и мягким сладковатым мускусом создаёт бодрящий и приятный аромат, который мгновенно освежает. Компактный формат 30 мл идеально подходит для ароматизации дома, мягкой мебели, текстиля, платяных шкафов и салона автомобиля. Удобный размер позволяет взять спрей с собой и освежить любое пространство в любой момент. Спрей ""Цитрус"" изготовлен на основе натуральных компонентов, без спирта, что позволяет аромату звучать чисто и естественно, наполняя ваш дом яркими и позитивными нотами. Ключевые преимущества: Бодрящий цитрусовый аромат для дома с нотами граната и мускуса Универсальное применение: для текстиля, мебели, автомобиля Компактный и удобный формат для использования в дороге Создайте атмосферу свежести и энергии в своём доме с ароматическим спреем ""Цитрус""!";Мы рекомендуем распылять спрей с расстояния не менее 30 сантиметров. Не рекомендуется распылять спрей на шелк и кожу. Перед применением протестируйте спрей на незаметном участке поверхности.
19000297774;BYKALI Сладкий Таиланд;спрей ароматический;Россия;612;551;https://goldapple.ru/19000297774-sladkij-tailand;1.6;Манго и кокосовое молоко привнесут в любое помещение летнюю атмосферу. Тропический микс свежего манго и сливочного кокосового молока создали невероятно сбалансированный по сладости и насыщенности купаж. Превратите ваш дом или автомобиль в оазис ароматов с BYKALI - Парфюмированным спреем, идеальным ароматизатором для дома, автомобиля и других пространств. Наш продукт предлагает уникальное сочетание экологичного и безвредного состава, практичности применения и стойкого аромата, чтобы создать неповторимую атмосферу в любом месте. С помощью удобного распылителя, наш парфюмированный интерьерный спрей обеспечивает практичность в использовании. Просто нажмите на спрей, и ваш дом, автомобиль или другое пространство наполнятся нежным и стойким ароматом. Погрузитесь в волшебный мир ароматов BYKALI.;Средство не предназначено для нанесения на кожу. При попадании в глаза, промыть водой.
19000234929;BY KAORI Dubai;спрей ароматический;Россия;1890;1890;https://goldapple.ru/19000234929-dubai;1.2;Моментальная и насыщенная ароматизация пространства.Парфюм для вашего интерьера и домашнего пространства подарит мгновенную и стойкую ароматизацию на 24 часа.Идеальный вариант для создания атмосферы и настроения по особому поводу.Подходит для использования на домашнем текстиле, шторах и мягких поверхностей мебели;Распылить на текстильные элементы мебели на расстоянии 15-30 см. Интерьерный парфюм предназначен для ароматизации пространства, поэтому вы также можете распылить его в воздух в комнате.
19000348856;TONKA PERFUMES MOSCOW MOSCOW;спрей ароматический;Россия;5500;5225;https://goldapple.ru/19000348856-moscow;1.2;Формула спреев на 15% состоит из натуральных ароматических масел, эта концентрация идеальна для теплого времени года. Спреи можно использовать для ароматизации комнат, автомобилей, текстиля, белья и мебели.  Цветочно-фруктовая композиция Moscow обладает объемным и глубоким звучанием: сочность спелой сливы балансирует с терпкими нотами красных ягод и свежей клубники, тающей на губах.  Аппетитный аромат мякоти плодов дополнен искристыми цитрусовыми нотами сицилийского апельсина, выражающими жизнерадостный и безмятежный характер композиции.  Сердце аромата раскрывается чарующим цветочным аккордом – прохладная нежность лесной фиалки контрастирует со сладостью душистого нектара цветов магнолии.  Цветочная симфония переходит в теплое, насыщенное звучание сухой древесины, подчеркнутое смолистыми березовыми оттенками.;Двумя-тремя нажатиями на дозатор распылите в центре помещения или нанесите на домашний текстиль. Не рекомендуется наносить на светлые, натуральные ткани, резину.  С осторожностью используйте для пластика, мобильных устройств и бытовой техники.
19000213983;VAN&MUN Coffee liqueur;спрей ароматический;Россия;693;624;https://goldapple.ru/19000213983-coffee-liqueur;1.2;"Ароматический спрей для дома ""VAN&MUN"" 100 мл. Кофейный ликер.   Описание аромата: Насыщенный аромат темного рома с легкими горьковатыми нотами кофе и карамели. Сладкий десерт для вашего дома.    Ароматический спрей для дома ""VAN&MUN"" - ароматизатор для использования в жилых помещениях, офисах, салонах красоты, автомобилях или магазинах.";Снять пластиковую крышку с флакона, легким нажатием распылить спрей в центре помещения.  При легком нажатии на распылитель спрей   при объеме  100 мл. содержит около 400 пшиков.
99000076185;SOVA Томат и базилик;спрей ароматический;;1300;1300;https://goldapple.ru/99000076185-tomat-i-bazilik;1.0;"Парфюмерия в формате room spray - самый быстрый способ наполнить пространство любимым ароматом. ""Томат и базилик"" именно этот аромат вы ощущаете, когда заходите в теплицу. Лёгкий летний аромат свежих листочков томата и базилика, наполняющий пространство свежестью и уютом. Спрей можно использовать в доме, в машине, в офисе и других помещениях, распыляя прямо на тюль или мебельную ткань с расстояния 60 см. Благодаря натуральному составу и отсутствию спирта, спрей можно использовать, как туалетную воду для тела и волос.";Перед применением продукта внимательно ознакомьтесь с составом. Возможна непереносимость некоторых компонентов. При проявлении признаков аллергических реакций (покраснение, жжение, зуд) прекратить применение. Избегать контакта с деликатными поверхностями.
19000391313;ORIATIQUE CHERRY;спрей ароматический;Россия;381;342;https://goldapple.ru/19000391313-cherry;1.0;Парфюмированный спрей для дома окутает пространство соблазнительным ароматом. Идеален для создания праздничной атмосферы в помещениях. Богатые ноты черешни, масла горького миндаля и розы добавят пикантности настроению.;Распылите необходимое количество средства в воздухе.  Подходит для гостиных, спален, кабинетов.  Для усиления ароматического эффекта рекомендуется распылить спрей на текстиль: мягкую мебель, шторы, ковры.
19000345244;ZIELINSKI & ROZEN Vetiver, Musk;спрей ароматический;Россия;3990;3990;https://goldapple.ru/19000345244-vetiver-musk;1.0;Спрей для ароматизации помещений, интерьера и текстиля с приятным ароматом. Спрей прекрасно подойдет для ароматизации воздуха дома, в машине, офисе, а также может быть распылен на шторы, постельное белье, полотенца - здесь нет никаких правил, решать только Вам, доверяйте своей интуиции.;Распылите необходимое количество средства в воздухе. Для усиления ароматического эффекта можно распылить спрей на текстиль — диваны, шторы и постельное белье. Важно распылять с расстояния не менее одного метра, чтобы избежать масляных пятен. Избегать попадания на кожу и кожзаменитель.
19000234940;BY KAORI Wood And Leather;спрей ароматический;Россия;1890;1890;https://goldapple.ru/19000234940-wood-and-leather;1.0;Моментальная и насыщенная ароматизация пространства. Парфюм для вашего интерьера и домашнего пространства подарит мгновенную и стойкую ароматизацию на 24 часа. Идеальный вариант для создания атмосферы и настроения по особому поводу. Подходит для использования на домашнем текстиле, шторах и мягких поверхностей мебели;Распылить на текстильные элементы мебели на расстоянии 15-30 см. Интерьерный парфюм предназначен для ароматизации пространства, поэтому вы также можете распылить его в воздух в комнате.
19000061962;TONKA PERFUMES MOSCOW SPACE;спрей ароматический;;5500;5225;https://goldapple.ru/19000061962-space;1.0;Парфюмированный спрей для интерьера Tonka Perfumes Moscow предназначен для ароматизации пространств. Спрей мгновенно ароматизирует пространство до 50 м2.;2-3 нажатиями на дозатор распылите в центре помещения или нанесите на домашний текстиль. Не рекомендуется наносить на светлые, натуральные ткани, резину. С осторожностью используйте для пластика, мобильных устройств и бытовой техники.
19000455547;NATURA SIBERICA Tundra;спрей ароматический;Россия;645;580;https://goldapple.ru/19000455547-tundra;1.0;Окунитесь в прохладную свежесть арктической тундры. Представьте себе бескрайние равнины, усыпанные сочными ягодами под ласковым северным солнцем. Этот аромат подарит вам ощущение чистоты, лёгкости и сладкого удовольствия. Создайте в своём доме атмосферу безмятежности и наслаждения с ароматом «Тундра».;Встряхните флакон перед использованием. Распылите 2-3 раза на расстоянии 20-30 см от желаемого участка. Используйте для ароматизации помещения, одежды, салона автомобиля, мебели, штор, гардеробных и постельных принадлежностей.
19000061968;TONKA PERFUMES MOSCOW BLACK OUD;спрей ароматический;;5500;5225;https://goldapple.ru/19000061968-black-oud;1.0;Парфюмированный спрей для интерьера Tonka Perfumes Moscow предназначен для ароматизации пространств. Спрей мгновенно ароматизирует пространство до 50 м2.;2-3 нажатиями на дозатор распылите в центре помещения или нанесите на домашний текстиль. Не рекомендуется наносить на светлые, натуральные ткани, резину. С осторожностью используйте для пластика, мобильных устройств и бытовой техники.
19000234928;BY KAORI Cherry Blossom;спрей ароматический;Россия;1890;1890;https://goldapple.ru/19000234928-cherry-blossom;1.0;Моментальная и насыщенная ароматизация пространства. Парфюм для вашего интерьера и домашнего пространства подарит мгновенную и стойкую ароматизацию на 24 часа. Идеальный вариант для создания атмосферы и настроения по особому поводу. Подходит для использования на домашнем текстиле, шторах и мягких поверхностей мебели;Распылить на текстильные элементы мебели на расстоянии 15-30 см. Интерьерный парфюм предназначен для ароматизации пространства, поэтому вы также можете распылить его в воздух в комнате.
19000374392;BAGO HOME Гваяковое дерево;спрей ароматический;Россия;1376;935;https://goldapple.ru/19000374392-gvaakovoe-derevo;1.0;"Ароматический спрей для дома ""Гваяковое дерево"" наполнит пространство теплым и многогранным ароматом. Сладко-сливочные ноты гваякового дерева гармонично сочетаются с древесными акцентами и пряными оттенками имбиря, создавая особую атмосферу уюта. Этот спрей идеально подходит для ароматизации дома, текстиля, мягкой мебели, платяных шкафов и даже салона автомобиля. Он легко освежает любое пространство, оставляя за собой стойкий, приятный аромат. Спрей ""Гваяковое дерево"" изготовлен на основе натуральных компонентов без содержания спирта, что позволяет раскрыть парфюм для дома в чистом виде. Его аромат добавит вашему пространству теплоты и изысканности. Ключевые преимущества: Насытите дом ароматом древесных и пряных нот Универсальное использование: для текстиля, мебели, автомобиля Удобный формат и простота применения Окутайте свой дом теплом и изысканным ароматом гваякового дерева!";Мы рекомендуем распылять спрей с расстояния не менее 30 сантиметров. Не рекомендуется распылять спрей на шелк и кожу. Перед применением протестируйте спрей на незаметном участке поверхности.
19000312153;LOGEVY FIRENZE 1965 ELISIR di MELAGRANA;спрей ароматический;Италия;8000;7200;https://goldapple.ru/19000312153-elisir-di-melagrana;1.0;Свежий летний аромат подходит для любого пространства. Идея создания аромата родилась из желания соединить свежесть и чистоту, не отказываясь от специй и древесных нот. Идеальная гармония между свежестью и теплом, благодаря верхним нотам, которые сочетаются с более теплыми, пряными и древесными оттенками в базе.;Спрей – подходящий вариант, если вам нужно быстро, локально ароматизировать воздух.  Может быть дополнением в диффузору для усиления концентрации аромата, когда это необходимо.
19000321538;TEATRO FRAGRANZE UNICHE DOLCE VANIGLIA;спрей ароматический;Италия;4950;4455;https://goldapple.ru/19000321538-dolce-vaniglia;1.0;Восхитительный аромат цветов ванили в сочетании со сладостью сахарной пудры и нежностью темного шоколада и карамели.  Первые ноты звучат сладкими аккордами сахарной пудры и карамели, в сердце — изысканность темного шоколада и цветов ванили.  Волнующий шлейф оставляют пудровые ноты белого мускуса, бобы тонка и стручки ванили. Аромат заставит вас улыбаться и вернет вас в воспоминания о счастливом и беззаботном детстве и испытывать безграничную радость бытия. Идеально подходит для кухни, гостиной и столовой.;Спрей необходимо распылять на расстоянии 30-40 см. Может использоваться самостоятельно или служить дополнением к диффузору.
19000015647;FREDERIC MALLE Cafe SOCIETY Perfume Gun;спрей ароматический;Франция;17800;17800;https://goldapple.ru/19000015647-cafe-soceity-perfune-gun;1.0;Яркий мимолетный аромат, наполнивший гостиную после традиционного парижского обеда. Гости в предвкушении праздничной вечеринки, а может и чего-то большего. Perfume Gun - eдинственное оружие, созданное с любовью. Яркая ароматная вспышка моментально наполняет пространство любимым ароматом. Роскошные ароматы замаскированы в бутылки, напоминающие очищающие средства для дома. Теперь сменить обстановку стало проще, чем сменить обои и даже переключить музыкальную пластинку. Одно движение – пистолет готов к применению. Простой в применении пульверизатор-курок обеспечивает оптимальное распыление и позволяет контролировать интенсивность аромата. Рекомендован к использованию в просторных помещениях. Благодаря циркуляции воздуха мгновенно заполняет все пространство. Избегайте попадания на мягкую мебель, предметы интерьера, пластик и текстиль. Не распыляйте вблизи поверхностей, обработанных лакокрасочными покрытиями.;Рекомендован к использованию в просторных помещениях. Благодаря циркуляции воздуха мгновенно заполняет все пространство. Избегайте попадания на мягкую мебель, предметы интерьера, пластик и текстиль. Не распыляйте вблизи поверхностей, обработанных лакокрасочными покрытиями.
99000076184;SOVA Цветочная лавка;спрей ароматический;;1300;1300;https://goldapple.ru/99000076184-cvetocnaa-lavka;1.0;Парфюмерия в формате room spray - самый быстрый способ наполнить пространство любимым ароматом. Франция. Париж. Маленькая улочка среди огромного мегаполиса. В конце заметна стена, усыпанная лепестками цветов - невозможно пройти мимо, не заглянув внутрь. Открывая дверь, ощущается легкая прохлада и яркий, тонкий аромат всевозможных цветов. Сочные хризантемы с зелеными, молодыми листьями, сладкий и в тоже время терпкий пачули, агава, алое и множество других ароматов переплетены в помещении. Не хочется уходить. Благодаря натуральному составу и отсутствию спирта, спрей можно использовать, как туалетную воду для тела и волос.;Спрей можно использовать в доме, в машине, в офисе и других помещениях, распыляя прямо на тюль или мебельную ткань с расстояния 60 см. Перед применением продукта внимательно ознакомьтесь с составом. Возможна непереносимость некоторых компонентов. При проявлении признаков аллергических реакций (покраснение, жжение, зуд) прекратить применение. Избегать контакта с деликатными поверхностями.
99000005242;ANNA TWELVE Boreal;спрей ароматический;;11500;8625;https://goldapple.ru/99000005242-boreal;1.0;Boreal — тонкий, нежный аромат вплетается в прохладное дыхание, пахнущее свободой. Фруктовые нотки черники обрамлены цветочным ароматом, растворяющемся в северном дыхании ветра.  Свежесть гелиотропа, сирени и фиалки сочетаются с нотками мускуса и бархатистым древесным шлейфом с оттенком сандалового дерева. Черника, Фиалка, Эверния. Cube — это особый элемент антуража от Anna Twelve, созданный для интерьера, где каждая деталь имеет значение. Изысканный куб из черного стекла со стальным диффузором в стиле минимализма гармонично сочетается с элементами любого стиля. Идеально подходит для дома или гостиничного номера, о котором хочется сохранить приятные воспоминания. Помпа позволяет определить правильную дозировку парфюма, регулируя тем самым интенсивность аромата. Несколько распылений непосредственно на тюль или мебельную ткань обеспечат стойкость аромата в помещении.;Парфюм рекомендуется распылять на автомобильные коврики на расстоянии 60 см. Парфюм не повреждает материалы, не оставляет разводов и следов. Рекомендуется избегать контакта с деликатными поверхностями.
19000321552;TEATRO FRAGRANZE UNICHE VERDE LORENA;спрей ароматический;Италия;4950;4455;https://goldapple.ru/19000321552-verde-lorena;1.0;Невероятно летняя композиция с заряжающими энергией нотами лайма и бергамота раскрывается деликатным звучанием чая матча и перечной мяты.  Сочные цитрусовые ноты в сочетании свежих аккордов, придают аромату элегантную бодрость и свежесть. Идеально подходит для дружеских сред, таких как столовая и гостиная.;Спрей необходимо распылять на расстоянии 30-40 см. Может использоваться самостоятельно или служить дополнением к диффузору.
19000454037;ETERIA COSMO Озон, роза, морская соль;спрей ароматический;Россия;591;531;https://goldapple.ru/19000454037-ozon-roza-morskaa-sol;1.0;Антистрессовый, расслабляющий аромат. Создайте атмосферу свежести и прибрежной романтики с ароматом «Озон, роза и морская соль». Свежесть озона наполнит ваш дом энергией и дыханием свободы, а нежные ноты розовых лепестков добавят нотку романтики и женственности. Морская соль подчеркнет атмосферу свежести и вдохновит вас на приятные морские прогулки. Позвольте этому аромату перенести вас к побережью и окутать вашу жизнь безмятежностью и умиротворением.;Разбрызгивать на расстоянии не менее 30 см от изделия.
99000005129;ANNA TWELVE Royale;спрей ароматический;;6600;4950;https://goldapple.ru/99000005129-royale;1.0;Royale — Поиск сокровищ- это приключение, которое ждет тебя каждый день.  Необузданная ласка черной смородины окутана ванильным букетом бурбонской розы, иланг-иланга и орхидеи.  Шлейф манит приятным ароматом пачули.  Черная смородина, Бурбонская роза, Какао. Cube — это особый элемент антуража от Anna Twelve, созданный для интерьера, где каждая деталь имеет значение. Изысканный куб из черного стекла со стальным диффузором в стиле минимализма гармонично сочетается с элементами любого стиля. Идеально подходит для дома или гостиничного номера, о котором хочется сохранить приятные воспоминания. Помпа позволяет определить правильную дозировку парфюма, регулируя тем самым интенсивность аромата. Несколько распылений непосредственно на тюль или мебельную ткань обеспечат стойкость аромата в помещении.;Парфюм рекомендуется распылять на автомобильные коврики на расстоянии 60 см. Парфюм не повреждает материалы, не оставляет разводов и следов. Рекомендуется избегать контакта с деликатными поверхностями.
19000297776;BYKALI Табак и ваниль;спрей ароматический;Россия;612;551;https://goldapple.ru/19000297776-tabak-i-vanil;1.0;Сочетание мягких и глубоких нот табачного листа, благородной сладости ванили приводит рецепторы в восторг, когда каждую молекулу запаха хочется вдохнуть поглубже.  Превратите ваш дом или автомобиль в оазис ароматов с BYKALI — парфюмированным спреем, идеальным ароматизатором для дома, автомобиля и других пространств. Наш продукт предлагает уникальное сочетание экологичного и безвредного состава, практичности применения и стойкого аромата, чтобы создать неповторимую атмосферу в любом месте.  C помощью удобного распылителя наш парфюмированный интерьерный спрей обеспечивает практичность в использовании. Просто нажмите на спрей, и ваш дом, автомобиль или другое пространство наполнятся нежным и стойким ароматом.  Погрузитесь в волшебный мир ароматов BYKALI.;Средство не предназначено для нанесения на кожу. При попадании в глаза промыть водой.
19000374400;BAGO HOME Манго;спрей ароматический;Россия;688;488;https://goldapple.ru/19000374400-mango;1.0;"Окунитесь в тропический рай с ароматическим спреем ""Манго"". Яркий букет сочного манго, ананаса, мандарина и спелого персика, дополненный мягкими акцентами сладкой ванили, подарит вашему дому атмосферу лета и уюта. Компактный формат 30 мл идеально подходит для ароматизации дома, мягкой мебели, текстиля, платяных шкафов и салона автомобиля. Этот спрей удобно брать с собой, чтобы освежить пространство в любой момент. Спрей ""Манго"" создан на основе натуральных компонентов и не содержит спирта. Аромат раскрывается чисто и естественно, наполняя ваш дом свежестью и экзотической сладостью. Ключевые преимущества: Тропический и насыщенный аромат для дома с нотами манго и ванили Универсальное применение: для текстиля, мебели, автомобиля Удобный компактный формат для использования в дороге Создайте в своём доме атмосферу лета с ароматическим спреем ""Манго""!";Мы рекомендуем распылять спрей с расстояния не менее 30 сантиметров. Не рекомендуется распылять спрей на шелк и кожу. Перед применением протестируйте спрей на незаметном участке поверхности.
19000172111;MOMACANDLE Verveine Mandarine Jasmin matte;спрей ароматический;Россия;2420;2057;https://goldapple.ru/19000172111-verveine-mandarine-jasmin-matte;1.0;Залитые солнцем деревья, тонкие ароматы лесных цветов, утренняя свежесть травы создают чудесную, завораживающую и дразнящую атмосферу легкости и беззаботного счастья.  Свежий и воздушный, аромат для тех, кто умеет радоваться жизни.;Перед применением рекомендуем встряхнуть. Распылять на расстоянии 30 см.
19000234931;BY KAORI Eden;спрей ароматический;Россия;1890;1890;https://goldapple.ru/19000234931-eden;1.0;Моментальная и насыщенная ароматизация пространства. Парфюм для вашего интерьера и домашнего пространства подарит мгновенную и стойкую ароматизацию на 24 часа. Идеальный вариант для создания атмосферы и настроения по особому поводу. Подходит для использования на домашнем текстиле, шторах и мягких поверхностей мебели;Распылить на текстильные элементы мебели на расстоянии 15-30 см. Интерьерный парфюм предназначен для ароматизации пространства, поэтому вы также можете распылить его в воздух в комнате..
19000234926;BY KAORI Blanc;спрей ароматический;Россия;1890;1890;https://goldapple.ru/19000234926-blanc;1.0;Моментальная и насыщенная ароматизация пространства. Парфюм для вашего интерьера и домашнего пространства подарит мгновенную и стойкую ароматизацию на 24 часа. Идеальный вариант для создания атмосферы и настроения по особому поводу. Подходит для использования на домашнем текстиле, шторах и мягких поверхностей мебели;Распылить на текстильные элементы мебели на расстоянии 15-30 см. Интерьерный парфюм предназначен для ароматизации пространства, поэтому вы также можете распылить его в воздух в комнате.
19000172115;MOMACANDLE Gentle Amber Wood matte;спрей ароматический;Россия;2200;1870;https://goldapple.ru/19000172115-gentle-amber-wood-matte;0.8;Ароматический спрей MOMACANDLE отлично подойдет для ароматизации интерьера, дома, домашнего текстиля, автомобиля. Можно наносить его почти на любые поверхности: он не оставляет масляных разводов, не пачкает ткань.;Перед применением рекомендуем встряхнуть. Распылять на расстоянии 30 см.
19000196156;WALLY 1925 Divino - 90° anniversario;спрей ароматический;Италия;5520;4968;https://goldapple.ru/19000196156-divino-90-anniversario;0.8;Это наша дань уважения тосканским холмам Кьянти: в DIVINO соединены ноты, характерные для вин нашего региона. Каждый сможет почувствовать фруктовую основу, пробуждающую чувства и видения, связанные с собственным опытом. Кто-то услышит в нем ягоды и мед, а кто-то уловит яблоко и мадагаскарскую ваниль. Так благоухает молодое вино, благородное и игристое, с которым хочется провести приятный вечер в компании друзей. Этот аромат отлично дополнит обстановку жилой зоны дома.;Спрей необходимо распылять на расстоянии 30-40 см. Емкость рассчитана на 2000 нажатий.
19000078023;OXYGEN HOME Mandarin & Honey;спрей ароматический;;1248;1060;https://goldapple.ru/19000078023-mandarin-honey;0.8;Ароматический диффузор для дома с ярким и сладким ароматом сочного мандарина с нотами меда. Тип аромата: цитрусовый. Объем: 100 мл. Время использования: 12-16 нед.;
19000172109;MOMACANDLE Warm Tobacco matte;спрей ароматический;Россия;2420;2057;https://goldapple.ru/19000172109-warm-tobacco-matte;0.8;Теплый и роскошный, аромат насыщенный, пряный и многогранный. Нежные сливки с черным кардамоном создают восхитительно уникальный аромат. Табак придает глубину, сухую бархатистость. Ощущается контраст с мягким женственным мускусом. Дополняют аромат черный перец, кардамон и шафран.;Перед применением рекомендуем встряхнуть. Распылять на расстоянии 30 см.
19000297775;BYKALI Сливочное мороженое;спрей ароматический;Россия;612;551;https://goldapple.ru/19000297775-slivocnoe-morozenoe;0.8;Этот теплый гурманский аромат окутает ваши чувства праздничным настроением и унесёт в мечты о прекрасном. Сливочное мороженое включает в себя верхние ноты молока и кокоса, перед тем как уступить место богатому сливочно-карамельному сердцу. Превратите ваш дом или автомобиль в оазис ароматов с BYKALI - Парфюмированным спреем, идеальным ароматизатором для дома, автомобиля и других пространств. Наш продукт предлагает уникальное сочетание экологичного и безвредного состава, практичности применения и стойкого аромата, чтобы создать неповторимую атмосферу в любом месте. С помощью удобного распылителя, наш парфюмированный интерьерный спрей обеспечивает практичность в использовании. Просто нажмите на спрей, и ваш дом, автомобиль или другое пространство наполнятся нежным и стойким ароматом. Погрузитесь в волшебный мир ароматов BYKALI.;Средство не предназначено для нанесения на кожу. При попадании в глаза, промыть водой.
19000297768;BYKALI Дыня и мята;спрей ароматический;Россия;612;428;https://goldapple.ru/19000297768-dyna-i-mata;0.6;Чудесный свежий и фруктовый аромат дыни с мятой. Поистине летнее сочетание, которое даже в холода способно вернуть в теплые края. Превратите ваш дом или автомобиль в оазис ароматов с BYKALI - Парфюмированным спреем, идеальным ароматизатором для дома, автомобиля и других пространств. Наш продукт предлагает уникальное сочетание экологичного и безвредного состава, практичности применения и стойкого аромата, чтобы создать неповторимую атмосферу в любом месте. С помощью удобного распылителя, наш парфюмированный интерьерный спрей обеспечивает практичность в использовании. Просто нажмите на спрей, и ваш дом, автомобиль или другое пространство наполнятся нежным и стойким ароматом. Погрузитесь в волшебный мир ароматов BYKALI.;Средство не предназначено для нанесения на кожу. При попадании в глаза, промыть водой.
19000213995;VAN&MUN Green Field;спрей ароматический;Россия;490;441;https://goldapple.ru/19000213995-green-field;0.6;"Ароматический спрей для дома ""VAN&MUN"" 50 мл. Зеленое поле.  Описание аромата:  Сладковатый аромат свежескошенной травы, оттененный горьковатой нотой полыни.    Ароматический спрей для дома ""VAN&MUN"" - ароматизатор для использования в жилых помещениях, офисах, салонах красоты, автомобилях или магазинах.";Снять пластиковую крышку с флакона, легким нажатием распылить спрей в центре помещения.  При легком нажатии на распылитель спрей   при объеме  50 мл. содержит около 250 пшиков.
19000196160;WALLY 1925 Signoria - 90° anniversario;спрей ароматический;Италия;5520;4968;https://goldapple.ru/19000196160-signoria-90-anniversario;0.4;Безусловно в сочетании культуры и истории Тосканы присутствует некое очарование, без которого не обошлось при создании уникального парфюма Signoria: золотистая жидкость с амбровым и пряным звучанием и с нотами фиалки, бергамота, лаванды и гвоздики.;Спрей необходимо распылять на расстоянии 30-40 см. Емкость рассчитана на 2000 нажатий.
19000155381;VAN&MUN Blooming lilac;спрей ароматический;Россия;420;378;https://goldapple.ru/19000155381-blooming-lilac;0.2;Белая, сиреневая, розовая – такая разная, но такая знакомая каждому прекрасная сирень. Её тонкий по весеннему согревающий аромат наполнит Ваш дом светлым настроением и уютом. Спрей для дома подходит для использования в жилых помещениях, офисах, салонах красоты или магазинах.;Снимите колпачок. Распылите спрей. На текстиль мы рекомендуем распылять спрей с расстояния не менее 20-30 см во избежание пятен. Не рекомендуется распылять спрей на шелк и кожу. Перед применением протестируйте спрей на незаметном участке поверхности. В автомобиле направьте распылитель центральную часть салона, достаточно одного впрыска. Наслаждайтесь ароматом!
99000005134;ANNA TWELVE Flame;спрей ароматический;;6600;4950;https://goldapple.ru/99000005134-flame;0.2;Flame— Безмятежность теплых объятий.  Нежный, свежий цветочный аромат лаванды, туберозы и герани с будоражащим пряным оттенком.  Нотки черного перца саравак и гвоздика, вкупе с соблазнительной мягкостью корицы и кардамона, дополнены ароматными аккордами древесины и ветивера.  Тубероза, Специи, Кедр. Cube — это особый элемент антуража от Anna Twelve, созданный для интерьера, где каждая деталь имеет значение. Изысканный куб из черного стекла со стальным диффузором в стиле минимализма гармонично сочетается с элементами любого стиля.  Идеально подходит для дома или гостиничного номера, о котором хочется сохранить приятные воспоминания.  Помпа позволяет определить правильную дозировку парфюма, регулируя тем самым интенсивность аромата.  Несколько распылений непосредственно на тюль или мебельную ткань обеспечат стойкость аромата в помещении.;Парфюм рекомендуется распылять на автомобильные коврики на расстоянии 60 см. Парфюм не повреждает материалы, не оставляет разводов и следов. Рекомендуется избегать контакта с деликатными поверхностями.
19000213980;VAN&MUN Gingerbread Christmas tree;спрей ароматический;Россия;693;541;https://goldapple.ru/19000213980-gingerbread-christmas-tree;0.2;"Ароматический спрей для дома ""VAN&MUN"" 100 мл. Пряничная елка.   Описание аромата:  Песочные коржи с нежной сливочной ванилью и медовыми нотами.    Ароматический спрей для дома ""VAN&MUN"" - ароматизатор для использования в жилых помещениях, офисах, салонах красоты, автомобилях или магазинах.";Снять пластиковую крышку с флакона, легким нажатием распылить спрей в центре помещения.   При легком нажатии на распылитель спрей   при объеме  100 мл. содержит около 400 пшиков.
19000429275;AROMA HARMONY Vetiver;спрей ароматический;Россия;305;274;https://goldapple.ru/19000429275-vetiver;0.2;Коллекция ароматов для дома  создана для того, чтобы поддерживать в доме атмосферу уюта и  Cozy nature by Aroma Harmony harmony гармонии. В каждом аромате есть частичка природы и её энергия  жизни. Это тёплая коллекция, окутывающая помещение ненавязчивым шлейфом, который дарит ощущение спокойствия.  Концепция минимализма и деревянные ноты, представленные в каждом аромате — это ода планете. В каждой линии, в каждой детали, в каждом дуновении ветра, в  самом взгляде на мир — чувствуется присутствие природы, ее мудрость и сила. Она незримо присутствует в каждой ноте композиции.;Распылить на белье, подушки, одежду, шторы, ковры, мягкую мебель. Для более эффективной и легкой глажки белья, распылить непосредственно на ткань и гладить, как обычно.
19000297765;BYKALI Апельсин и шоколад;спрей ароматический;Россия;612;551;https://goldapple.ru/19000297765-apel-sin-i-sokolad;0.2;Утонченный и свежий вкус апельсина переходит в насыщенный вихрь шоколада, какао и молока. Ваниль приносит нежность и гармонию, оставляя приятное послевкусие. Превратите ваш дом или автомобиль в оазис ароматов с BYKALI - Парфюмированным спреем, идеальным ароматизатором для дома, автомобиля и других пространств. Наш продукт предлагает уникальное сочетание экологичного и безвредного состава, практичности применения и стойкого аромата, чтобы создать неповторимую атмосферу в любом месте. С помощью удобного распылителя, наш парфюмированный интерьерный спрей обеспечивает практичность в использовании. Просто нажмите на спрей, и ваш дом, автомобиль или другое пространство наполнятся нежным и стойким ароматом. Погрузитесь в волшебный мир ароматов BYKALI.;Средство не предназначено для нанесения на кожу. При попадании в глаза, промыть водой.
19000225038;MOMACANDLE French Breakfast;спрей ароматический;Россия;2420;2057;https://goldapple.ru/19000225038-french-breakfast;;Парфюмированный спрей MOMACANDLE для тела и души. Создан дарить приятные ощущения вашему телу и любимому пространству. Благодаря натуральному составу спей универсален и отлично подходит для ароматизации тела, белья, домашнего текстиля.  Спрей не оставляет разводов и следов на ткани. Наносите спрей на расстоянии 30 см.. Встряхнуть перед применением. Хранить в недоступном для детей месте, вдали от прямых солнечных лучей и огня. В случае попадания в глаза, промыть их большим количеством воды. Только для наружного применения.;Спрей не оставляет разводов и следов на ткани. Наносите спрей на расстоянии 30 см. Встряхнуть перед применением. Хранить в недоступном для детей месте, вдали от прямых солнечных лучей и огня. В случае попадания в глаза, промыть их большим количеством воды. Только для наружного применения.
19000118759;CHIARA FIRENZE INCANTO;спрей ароматический;;5620;5058;https://goldapple.ru/19000118759-incanto;;Chiara Firenze посвящает свои ароматы в особый регион: Тоскана. история совершенства, страсти и связи с территорией, а также диалога между знаниями и далекими культурами. парфюмерное искусство и выбор ценных эфирных масел, таким образом, встречает мастеров флорентийских ремесленных мастерских, чтобы возродить магию этой особой земли в ваших комнатах. Корица, гвоздика, виноград, древесина и перец: если бы у Рождества был запах, это была бы та самая композиция! Аромат “Incanto” включает в себе магию праздника , и продлевает свое тепло на весь год, распространяя аромат по вашему дому.;
19000078025;OXYGEN HOME Base Versailles currant;спрей ароматический;;1248;1123;https://goldapple.ru/19000078025-base-versailles-currant;;Насыщенный аромат французской смородины и душистой зелени, с нотами граната.;Интерьерные духи-спрей Oxygen Home используются для локальной ароматизации помещения. Достаточно 2-3 распыления аромата для насыщения помещения прекрасным ароматом.
99000076182;SOVA Зимний лес;спрей ароматический;;1300;1300;https://goldapple.ru/99000076182-zimnij-les;;Парфюмерия в формате room spray - самый быстрый способ наполнить пространство любимым ароматом. Зимний лес - это ноты кипариса и лимонной цедры, которые переходят в древесные ноты кедра. Финальные ноты ели и мха, растворяются в мягком шлейфе амбры. Благодаря натуральному составу и отсутствию спирта спрей можно использовать как туалетную воду для тела и волос.;Спрей можно использовать в доме, в машине, в офисе и других помещениях, распыляя прямо на тюль или мебельную ткань с расстояния 60 см. Перед применением продукта внимательно ознакомьтесь с составом. Возможна непереносимость некоторых компонентов. При проявлении признаков аллергических реакций (покраснение, жжение, зуд) прекратить применение. Избегать контакта с деликатными поверхностями.
19000321558;TEATRO FRAGRANZE UNICHE PATCHOULOVE;спрей ароматический;Италия;5500;4950;https://goldapple.ru/19000321558-patchoulove;;Интенсивные ноты пачули, искусно украшенные ванилью, ламбадиумом и сандалом, воплощают в жизнь современный пересказ классической художественной парфюмерии. Ощущение свежести и чистоты без лишних усилий. Коллекция стильных и элегантных ароматов, вдохновленные фактурой тканей и подходит для сохранения их свежести и аромата. Аромат для белья в спрее может быть использован для ароматизации полотенец, скатертей, салфеток, покрывала и другого текстиля.  Ваше бельё будет благоухать свежим и приятным ароматом. Подходит для любого вида тканей.;Спрей необходимо распылять на расстоянии 30-40 см.
19000374404;BAGO HOME Свежий хлопок;спрей ароматический;Россия;1376;949;https://goldapple.ru/19000374404-svezij-hlopok;;"Наполните ваш дом атмосферой чистоты и свежести с ароматическим спреем ""Свежий хлопок"". Лёгкий и свежий аромат хлопка гармонично сочетается со сладкими нотами лилии и тёплыми акцентами амбры, создавая уютное и приятное окружение. Этот спрей идеально подходит для ароматизации дома, мягкой мебели, текстиля, платяных шкафов и салона автомобиля. Удобный формат позволяет быстро и легко освежить любое пространство, наполняя его приятным стойким ароматом. Спрей ""Свежий хлопок"" изготовлен на основе натуральных компонентов и не содержит спирта. Его парфюм для дома раскрывается чисто и естественно, добавляя вашему интерьеру лёгкость и комфорт. Ключевые преимущества: Свежий и лёгкий аромат для дома с нотами хлопка и лилии Универсальное использование: для текстиля, мебели, автомобиля Удобный формат и простота применения Освежите своё пространство и создайте атмосферу уюта с ароматическим спреем ""Свежий хлопок""!";Мы рекомендуем распылять спрей с расстояния не менее 30 сантиметров. Не рекомендуется распылять спрей на шелк и кожу. Перед применением протестируйте спрей на незаметном участке поверхности.
19000326755;BISOU Mountain air;спрей ароматический;Россия;499;374;https://goldapple.ru/19000326755-mountain-air;;Вдыхайте чистоту и свежесть спрея для крепкого сна, созданного, чтобы привнести в ваши ночи чарующую атмосферу зеленых высокогорных вершин. Плавно распыляясь, продукт создает волшебное облако аромата, словно туман, погружая вас в атмосферу горных хребтов. Специально подобранный букет оттенков горного воздуха приглашает вас в путешествие в гармонии с природой, создавая уникальное умиротворенное пространство для вашего сна.;Распылите продукт на постельное белье и/или тело.
19000321522;TEATRO FRAGRANZE UNICHE FOGLIE DI FICO;спрей ароматический;Италия;8800;7920;https://goldapple.ru/19000321522-foglie-di-fico;;Зеленый и естественный аромат листьев райского инжира смягчается сладостью ландыша и гармонируют с свежими цитрусовыми нотами. Элегантность ветивера и сандала  делает звучание аромата глубже и изысканней. Аромат FOGLIE DI FICO напоминает о радостных моментах прошлого и дарит чувство благожелательности, которая разливается в воздухе, как свежая и размеренная мелодия.  Идеально подходит для кухни, гостиной и столовой.;Спрей необходимо распылять на расстоянии 30-40 см. Может использоваться самостоятельно или служить дополнением к диффузору.
19000288937;CHUPSI Можно я добавлю атмосферу;спрей ароматический;Россия;967;967;https://goldapple.ru/19000288937-ty-pahnes-kak-lubov;;Рум спрей имеет состав, который не оставляет жирных пятен и долго держит аромат на текстиле. Он полностью безопасен для детей, животный и растений. Создает атмосферу роскоши, уюта и дарит ненавязчивый аромат.;Распылить спрей в гардеробной, ванной, на помтельное белье, при необходимости повторить процедуру через 2-3 дня.
99000025576;STENOVA HOME LAGUNA;спрей ароматический;;2200;1540;https://goldapple.ru/99000025576-laguna;;Теплые камни, легкий ветер с запахом моря, лаванды и фруктов… Возможно, это аромат пляжа в лагуне у моря?  Ароматическая композиция в виде спрея на спиртовой основе. Производство - Италия.  Получайте удовольствие от каждой минуты, проведенной дома!;Не распылять вблизи открытого огня. Рекомендуется избегать попадания ароматической жидкости на полированные и глянцевые поверхности.
19000078036;OXYGEN HOME Base Tobacco & tonka;спрей ароматический;;1248;1123;https://goldapple.ru/19000078036-base-tobacco-tonka;;Тонкий аромат редкостных сигар с волнующими нотами дорогих специй.;Интерьерные духи-спрей Oxygen Home используются для локальной ароматизации помещения. Достаточно 2-3 распыления аромата для насыщения помещения прекрасным ароматом.
99000005116;ANNA TWELVE Pacific;спрей ароматический;;12700;9525;https://goldapple.ru/99000005116-pacific;;Pacific - Мечтая о далеких странах, где время дарит незабываемые эмоции. Элегантность легких фруктовых аккордов, вкупе с изысканностью белой розы. Экзотическая орхидея, ваниль и бобы тонка переплетаются с ароматом, в котором угадываются оттенки янтаря, смол и черного дерева. Фруктовый аромат, орхидея, бобы тонка. Cube — это особый элемент антуража от Anna Twelve, созданный для интерьера, где каждая деталь имеет значение. Изысканный куб из черного стекла со стальным диффузором в стиле минимализма гармонично сочетается с элементами любого стиля. Идеально подходит для дома или гостиничного номера, о котором хочется сохранить приятные воспоминания. Помпа позволяет определить правильную дозировку парфюма, регулируя тем самым интенсивность аромата. Несколько распылений непосредственно на тюль или мебельную ткань обеспечат стойкость аромата в помещении.;Аромат распыляется непосредственно на тюль и мебельную ткань с расстояния 60 см.  Парфюм не повреждает ткани, не оставляет разводов и следов.  Рекомендуется избегать контакта с деликатными поверхностями.
19000196149;WALLY 1925 Igienizzante;спрей ароматический;Италия;5070;4563;https://goldapple.ru/19000196149-igienizzante;;Ароматизатор для тканей с дезинфицирующим действием, аромат эфирных масел чайного дерева, эвкалипта, гвоздики, лимона и корицы с дезинфицирующим действием идеально подходит для всех тканей. Просто распылите его на одежду, которую вы носите, и она немедленно дезинфицируются.;Спрей необходимо распылять на расстоянии 30-40 см. Емкость рассчитана на 2000 нажатий.
19000214003;VAN&MUN Winter Hearth;спрей ароматический;Россия;420;378;https://goldapple.ru/19000214003-winter-hearth;;"Ароматический спрей для дома ""VAN&MUN"" 30 мл. Зимний очаг.  Описание аромата:  Бодрящий аромат апельсина и сливочной ванили сменяется горьковатыми дымными нотами.   Ароматический спрей для дома ""VAN&MUN"" - ароматизатор для использования в жилых помещениях, офисах, салонах красоты, автомобилях или магазинах.";Снять пластиковую крышку с флакона, легким нажатием распылить спрей в центре помещения.  При легком нажатии на распылитель спрей   при объеме  30 мл. содержит около 230 пшиков.
19000157334;FLAME MOSCOW Room spray Marie;спрей ароматический;Россия;1500;1050;https://goldapple.ru/19000157334-room-spray-marie;;Земляные и бальзамические ноты сосны, лесной хвои и мускуса балансируют с яркими лимонными и мятными акцентами. Сандал и кедр добавляют теплоты и близости. Этот аромат напоминает старого хорошего друга: он утонченный, но по-семейному близкий. Верхние ноты: Сосновая хвоя, мята Средние ноты: Кипарис, лимон Базовые ноты: Мох, мускус, сандаловое дерево, кедр С помощью спрея можно создать нужную атмосферу дома, в офисе или в путешествии. Благодаря натуральному составу наши спреи не только безвредны, но и мультифункциональны — их можно использовать на текстиле, мебели, одежде, а также как туалетную воду для тела. В каждой бутылочке 50 мл ароматической смеси, которую можно распылить около 350 раз. В зависимости от личных предпочтений в использовании один спрей прослужит от 1 до 3 месяцев.;Аромат держится от 1 до 8 часов, в зависимости от поверхности, на которую наносился спрей, и количества распылений. Так, чем толще, например, текстиль, тем дольше будет держаться аромат! Мы проверили состав на большинстве видов изделий, но советуем также провести пробу самостоятельно в малозаметном уголке вашего изделия до полноценного использования.
19000118779;DURANCE Sea Mist;спрей ароматический;;3550;2449;https://goldapple.ru/19000118779-sea-mist;;Спрей для дома Durance мгновенно ароматизируют все комнаты в доме, чтобы создать индивидуальную атмосферу. Теплая атмосфера, где сладкий аромат корицы совершенствуется с сочными ароматами апельсиновых фруктов, чтобы осветить ваш дом для ваших близких. Прогуляйтесь по прибрежной тропинке, почувствуйте морские брызги на своей коже, пресную воду Золотых островов на фоне слегка янтарного кедрового леса.;
19000078022;OXYGEN HOME Base Coastal verbena;спрей ароматический;;1248;1060;https://goldapple.ru/19000078022-base-coastal-verbena;;Освежающий и слегка терпкий аромат, с приглушенными цветочными нотами и частичкой бергамота.;Интерьерные духи-спрей Oxygen Home используются для локальной ароматизации помещения. Достаточно 2-3 распыления аромата для насыщения помещения прекрасным ароматом.
99000005248;ANNA TWELVE Dune;спрей ароматический;;11500;8625;https://goldapple.ru/99000005248-dune;;Аромат Dune — в ночной глубине между дюнами и звездами. Интенсивная и огненная чувственность агарового дерева дополнена нотками бензоиновых смол и черным ладаном из Сомали.  Нежные аккорды розы сливаются со сладостью малины и силой герани, вплетаясь друг в друга и становясь единым целым с сердцем шафрана, уносящим к звездным ночам в пустыне. Cube — это особый элемент антуража от Anna Twelve, созданный для интерьера, где каждая деталь имеет значение. Изысканный куб из черного стекла со стальным диффузором в стиле минимализма гармонично сочетается с элементами любого стиля. Идеально подходит для дома или гостиничного номера, о котором хочется сохранить приятные воспоминания. Помпа позволяет определить правильную дозировку парфюма, регулируя тем самым интенсивность аромата. Несколько распылений непосредственно на тюль или мебельную ткань обеспечат стойкость аромата в помещении.;Парфюм рекомендуется распылять на автомобильные коврики на расстоянии 60 см. Парфюм не повреждает материалы, не оставляет разводов и следов. Рекомендуется избегать контакта с деликатными поверхностями.
19000118753;DURANCE Cashmere Wood;спрей ароматический;;3550;3195;https://goldapple.ru/19000118753-cashmere-wood;;Спрей для дома Durance мгновенно ароматизируют все комнаты в доме, чтобы создать индивидуальную атмосферу. Теплая атмосфера, где сладкий аромат корицы совершенствуется с сочными ароматами апельсиновых фруктов, чтобы осветить ваш дом для ваших близких. Редкий и нежный аромат , чьи таинственные изысканные верхние нотки усиливаются сладкими, янтарными и ванильными базовыми нотами.;
19000374394;BAGO HOME Жасмин;спрей ароматический;Россия;688;481;https://goldapple.ru/19000374394-zasmin;;"Наполните ваш дом атмосферой утончённости и лёгкости с ароматическим спреем ""Жасмин"". Сочетание белого жасмина и туберозы раскрывается богатым букетом цветов с медовыми и молочно-фруктовыми нотами. Глубокие акценты амбры завершают композицию, добавляя теплоту и изысканность. Компактный формат 30 мл делает этот спрей идеальным для ароматизации дома, мягкой мебели, текстиля, платяных шкафов и салона автомобиля. Его удобно брать с собой, чтобы освежить пространство в любой момент. Спрей ""Жасмин"" создан на основе натуральных компонентов, не содержащих спирта, что позволяет аромату раскрываться чисто и естественно, привнося элегантность и комфорт в ваш дом. Ключевые преимущества: Изящный цветочный аромат для дома с нотами жасмина и туберозы Универсальное применение: для текстиля, мебели, автомобиля Удобный компактный формат для использования в дороге Подарите своему дому аромат цветов и изысканность с ароматическим спреем ""Жасмин""!";Мы рекомендуем распылять спрей с расстояния не менее 30 сантиметров. Не рекомендуется распылять спрей на шелк и кожу. Перед применением протестируйте спрей на незаметном участке поверхности.
99000067421;KARLSBACH Moments Home Perfume Maroon;спрей ароматический;;8000;8000;https://goldapple.ru/99000067421-moments-home-perfume-maroon;;"""Аромат - это природа роскоши или утонченная роскошь природы"" - Кристиан Лакруа. Премиальные товары для дома от Karlsbach: роскошь и комфорт в каждой детали Когда речь заходит о создании уютной и стильной атмосферы в доме, премиальные товары становятся настоящим спасением. Эти изделия не просто украшают интерьер, они привносят в него изысканность и роскошь, делая каждый день особенным. Кампания Karlsbach – первая в индустрии, которая интегрировала настоящую нишевую парфюмерию в ароматы для интерьера, переделав состав, но оставив композиции настоящих духов. Для создания коллекции диффузоров были использованы исключительно натуральные ингредиенты – французское масло и био компоненты, не вызывающие аллергических реакций (не сопровождалось аллергическими реакциями в 98% случаев). Премиальные ароматы – это не просто способ освежить пространство, это искусство создания атмосферы, которая способствует расслаблению и гармонии. Когда речь заходит о создании атмосферы премиальные ароматы становятся неотъемлемой частью этого пространства. Премиальные ароматы – это высококачественные продукты, созданные с использованием натуральных ингредиентов и передовых технологий. Пирамида ароматов отличается своей глубиной и стойкостью, раскрываясь новыми гранями. Подобно хорошему нишевому парфюму. Благодаря высокому качеству ингредиентов и продуманной формуле, ароматы сохраняют свою интенсивность и свежесть на протяжении длительного времени. Эстетика: в зависимости от настроения и особенностей пространства попробуйте оба варианта крышки диффузора – золотой шар или минималистичный классический вариант. Разнообразие ароматов: вы можете выбрать аромат, который соответствует вашему настроению и предпочтениям – от свежих и цитрусовых до древесных амбровых и цветочных нот. Более брутальные и глубокие композиции соседствуют с легкими цветочными букетами. Помимо этого, ароматы созданы с учетом того, чтобы быть уместными не только в жилых интерьерах – Karlsbach идеально впишется в пространство вашего кабинета, офиса, приемной, лобби отеля или зоны ожидания ресторана. Духи в составе коллекции Home Parfume содержат те же компоненты, что и в парфюмерии, адаптированные для использования в помещении. Они могут считаться унисекс-ароматами и безопасны при контакте с кожей. Особенности:  Исключительное стекло - полированное хрустальное стекло, использованное в Karlsbach Moments, создаёт ощущение ясности и элегантности. Фирменный цвет - уникальный оттенок ""Karlsbach blue"" – визитная карточка бренда, придающая неповторимый шарм. Золотая деталь - оригинальный золотой шар с гальваническим покрытием – это не просто декоративный элемент, а символ безупречного стиля, объединяющий все элементы дизайна в единое целое.";Хорошо встряхните флакон. Держа его вертикально, распылите в нужном количестве по помещению. При необходимости повторите. Рекомендуется избегать попадания на светлые ткани, так как парфюмерная композиция может иметь оттенок.
19000118756;CHIARA FIRENZE GRECALE;спрей ароматический;;5620;5058;https://goldapple.ru/19000118756-grecale;;Chiara Firenze посвящает свои ароматы в особый регион: Тоскана. история совершенства, страсти и связи с территорией, а также диалога между знаниями и далекими культурами. парфюмерное искусство и выбор ценных эфирных масел, таким образом, встречает мастеров флорентийских ремесленных мастерских, чтобы возродить магию этой особой земли в ваших комнатах. Аромат получил свое название от ветра Грегаля, дующего с северо-востока и несущего корабли из Греции. Это холодный и сухой ветер, который отличается большей интенсивностью и сильными порывами. Ощущение античности приносят сочетания нот дерева гибискуса и перца, усиленные эссенцией гвоздики, корицы и мускатного ореха.;
19000287837;BY KAORI Provence;спрей ароматический;Россия;2690;2690;https://goldapple.ru/19000287837-provence;;Лучшее средство для того, чтобы наполнить ваше пространство деликатным ароматным шлейфом и придать ему нужное настроение. Спрей добавит белью после стирки ненавязчивый, воздушный, парфюмированный шлейф. Ароматный спрей для текстиля обладает легким антистатическим и разглаживающим эффектом. После его применения ткань станет более мягкой и приятной.;Распылите спрей на расстоянии 25-30 см на домашний текстиль: постельное белье, шторы, полотенца, пледы и другие тканевые элементы интерьера.
99000005120;ANNA TWELVE Dune;спрей ароматический;;6600;4950;https://goldapple.ru/99000005120-dune;;Аромат Dune — в ночной глубине между дюнами и звездами. Интенсивная и огненная чувственность агарового дерева дополнена нотками бензоиновых смол и черным ладаном из Сомали.  Нежные аккорды розы сливаются со сладостью малины и силой герани, вплетаясь друг в друга и становясь единым целым с сердцем шафрана, уносящим к звездным ночам в пустыне. Cube — это особый элемент антуража от Anna Twelve, созданный для интерьера, где каждая деталь имеет значение. Изысканный куб из черного стекла со стальным диффузором в стиле минимализма гармонично сочетается с элементами любого стиля. Идеально подходит для дома или гостиничного номера, о котором хочется сохранить приятные воспоминания. Помпа позволяет определить правильную дозировку парфюма, регулируя тем самым интенсивность аромата. Несколько распылений непосредственно на тюль или мебельную ткань обеспечат стойкость аромата в помещении.;Парфюм рекомендуется распылять на автомобильные коврики на расстоянии 60 см. Парфюм не повреждает материалы, не оставляет разводов и следов. Рекомендуется избегать контакта с деликатными поверхностями.
99000062878;EUTHALIA FRAGRANCES Zanzibar;спрей ароматический;;6500;5200;https://goldapple.ru/99000062878-zanzibar;;Земной рай тысячи цветов, окруженный кристально чистой водой: Занзибар, остров специй. Драйв черного перца идеально сочетается с пряным акцентом красных ягод и травяным оттенком герани. Нетривиальный микс обернут в свежие ноты мирта и бальзамический аромат эвкалипта. В базе древесные ноты ветивера и кедра. Самобытный и динамичный, Zanzibar одновременно яркий и сбалансированный. Глоток дикой, первозданной свободы, смягченной природной гармонией.;Распылите средство в воздух.
99000025570;STENOVA HOME MARINО;спрей ароматический;;2200;1540;https://goldapple.ru/99000025570-marino;;Представьте: бар в порту южного городка, морской пейзаж, заходящее солнце, стойка бара и тропический коктейль… Яхты, паруса, снасти, морская прогулка на закате, таким мы видим ароматический спрей для дома MARINO. Ароматическая композиция в виде спрея на спиртовой основе. Производство - Италия. Добавьте уюта в свой дом вместе с ароматами для дома от STENOVA HOME!;Не распылять вблизи открытого огня. Рекомендуется избегать попадания ароматической жидкости на полированные и глянцевые поверхности.
99000067418;KARLSBACH Moments Home Perfume Panache;спрей ароматический;;8000;8000;https://goldapple.ru/99000067418-moments-home-perfume-panache;;"""Аромат - это природа роскоши или утонченная роскошь природы"" - Кристиан Лакруа. Премиальные товары для дома от Karlsbach: роскошь и комфорт в каждой детали Когда речь заходит о создании уютной и стильной атмосферы в доме, премиальные товары становятся настоящим спасением. Эти изделия не просто украшают интерьер, они привносят в него изысканность и роскошь, делая каждый день особенным. Кампания Karlsbach – первая в индустрии, которая интегрировала настоящую нишевую парфюмерию в ароматы для интерьера, переделав состав, но оставив композиции настоящих духов. Для создания коллекции диффузоров были использованы исключительно натуральные ингредиенты – французское масло и био компоненты, не вызывающие аллергических реакций (не сопровождалось аллергическими реакциями в 98% случаев). Премиальные ароматы – это не просто способ освежить пространство, это искусство создания атмосферы, которая способствует расслаблению и гармонии. Когда речь заходит о создании атмосферы премиальные ароматы становятся неотъемлемой частью этого пространства. Премиальные ароматы – это высококачественные продукты, созданные с использованием натуральных ингредиентов и передовых технологий. Пирамида ароматов отличается своей глубиной и стойкостью, раскрываясь новыми гранями. Подобно хорошему нишевому парфюму. Благодаря высокому качеству ингредиентов и продуманной формуле, ароматы сохраняют свою интенсивность и свежесть на протяжении длительного времени. Эстетика: в зависимости от настроения и особенностей пространства попробуйте оба варианта крышки диффузора – золотой шар или минималистичный классический вариант. Разнообразие ароматов: вы можете выбрать аромат, который соответствует вашему настроению и предпочтениям – от свежих и цитрусовых до древесных амбровых и цветочных нот. Более брутальные и глубокие композиции соседствуют с легкими цветочными букетами. Помимо этого, ароматы созданы с учетом того, чтобы быть уместными не только в жилых интерьерах – Karlsbach идеально впишется в пространство вашего кабинета, офиса, приемной, лобби отеля или зоны ожидания ресторана. Духи в составе коллекции Home Parfume содержат те же компоненты, что и в парфюмерии, адаптированные для использования в помещении. Они могут считаться унисекс-ароматами и безопасны при контакте с кожей. Особенности:  Исключительное стекло - полированное хрустальное стекло, использованное в Karlsbach Moments, создаёт ощущение ясности и элегантности. Фирменный цвет - уникальный оттенок ""Karlsbach blue"" – визитная карточка бренда, придающая неповторимый шарм. Золотая деталь - оригинальный золотой шар с гальваническим покрытием – это не просто декоративный элемент, а символ безупречного стиля, объединяющий все элементы дизайна в единое целое.";Хорошо встряхните флакон. Держа его вертикально, распылите в нужном количестве по помещению. При необходимости повторите. Рекомендуется избегать попадания на светлые ткани, так как парфюмерная композиция может иметь оттенок.
19000078035;OXYGEN HOME Base Mediterranean air;спрей ароматический;;1248;1123;https://goldapple.ru/19000078035-base-mediterranean-air;;Бодрящий аромат с яркими акцентами бергамота и жасмина, дополненный аккордами сандала, ванили и бобов тонка.;Интерьерные духи-спрей Oxygen Home используются для локальной ароматизации помещения. Достаточно 2-3 распыления аромата для насыщения помещения прекрасным ароматом.
19000234932;BY KAORI Garden Mint;спрей ароматический;Россия;1890;1890;https://goldapple.ru/19000234932-garden-mint;;Моментальная и насыщенная ароматизация пространства. Парфюм для вашего интерьера и домашнего пространства подарит мгновенную и стойкую ароматизацию на 24 часа. Идеальный вариант для создания атмосферы и настроения по особому поводу. Подходит для использования на домашнем текстиле, шторах и мягких поверхностей мебели;Распылить на текстильные элементы мебели на расстоянии 15-30 см. Интерьерный парфюм предназначен для ароматизации пространства, поэтому вы также можете распылить его в воздух в комнате.
19000321518;TEATRO FRAGRANZE UNICHE CERESIA;спрей ароматический;Италия;8800;7920;https://goldapple.ru/19000321518-ceresia;;Погружение в соблазнительные ноты вишни, захватывает своей беззаботной атмосферой, подчеркивающей суть самых простых удовольствий в жизни. Фруктовый букет собирается из переплетения вишни и бергамота, миндального молока и листьев инжира, оживляя сочную, свежую и интригующую композицию. Ceíesia взрывной аромат с соблазнительным и завораживающим характером. Ольфакторное путешествие излучает энергию и позитив. Идеально подходит для праздничной обстановки и больших пространств.;Спрей необходимо распылять на расстоянии 30-40 см. Может использоваться самостоятельно или служить дополнением к диффузору.
19000234937;BY KAORI Santal;спрей ароматический;Россия;1890;1890;https://goldapple.ru/19000234937-santal;;Моментальная и насыщенная ароматизация пространства. Парфюм для вашего интерьера и домашнего пространства подарит мгновенную и стойкую ароматизацию на 24 часа. Идеальный вариант для создания атмосферы и настроения по особому поводу. Подходит для использования на домашнем текстиле, шторах и мягких поверхностей мебели;Распылить на текстильные элементы мебели на расстоянии 15-30 см. Интерьерный парфюм предназначен для ароматизации пространства, поэтому вы также можете распылить его в воздух в комнате.
99000107103;BY KAORI SOHO;спрей ароматический;Испания;2790;2790;https://goldapple.ru/99000107103-soho;;Знаменитый район художников и артистов в Лондоне — центр притяжения модников и музыкантов. В воздухе витает аромат пряного, дерзкого шафрана — вы чувствуете дух свободы и легкости. Сочетание смолистых нот и терпкого, брутального аромата дубленой кожи и уда напоминает об истории этого места, популярного у артистов и лондонских денди.  Аромат Soho — это мятежный дух свободы, творчества и красоты, обрамленный томным и крепким звучанием нестареющей брутальной классики. Soho идеально дополнит гостиную в темных тонах, а также комнаты, отделанные древесиной и камнем.;Встряхнуть флакон, распылить необходимое количество в помещении. При использовании распыляйте дозатором от себя и с расстояния не менее 30 см до объектов в комнате.
19000234978;BY KAORI Bamboo;спрей ароматический;Россия;2690;2690;https://goldapple.ru/19000234978-bamboo;;Лучшее средство для того, чтобы наполнить ваше пространство деликатным ароматным шлейфом и придать ему нужное настроение. Спрей добавит белью после стирки ненавязчивый, воздушный, парфюмированный шлейф с нотами бергамота и бамбука.  Ароматный спрей обладает легким антистатическим и разглаживающим эффектом. После его применения ткань станет более мягкой и приятной. Спрей может использоваться при глажке натуральных тканей, таких как хлопок и лен, на невысоких температурах.;Распылите спрей на расстоянии 25-30 см на домашний текстиль: постельное белье, шторы, полотенца, пледы и другие тканевые элементы интерьера. После нанесения спрея на текстиль деликатное и нежное облако с вашим любимым ароматом останется на поверхности в течение нескольких часов или дней, в зависимости от интенсивности нанесения.
19000374406;BAGO HOME Утренняя роса;спрей ароматический;Россия;688;509;https://goldapple.ru/19000374406-utrennaa-rosa;;"Наполните ваш дом свежестью природы с ароматическим спреем ""Утренняя роса"". Аромат свежескошенной травы и влажного леса дополнен сочными нотами алоэ и лёгкой терпкостью молодой крапивы, создавая бодрящую и естественную атмосферу. Компактный формат 30 мл идеально подходит для ароматизации дома, мягкой мебели, текстиля, платяных шкафов и салона автомобиля. Удобный размер позволяет легко взять спрей с собой и быстро освежить любое пространство. Спрей ""Утренняя роса"" создан на основе натуральных компонентов и не содержит спирта. Его аромат раскрывается чисто и естественно, наполняя ваш дом дыханием природы. Ключевые преимущества: Свежий и бодрящий аромат для дома с нотами травы и алоэ Универсальное применение: для текстиля, мебели, автомобиля Компактный формат для удобства и мобильности Создайте атмосферу свежести природы в вашем доме с ароматическим спреем ""Утренняя роса""!";Мы рекомендуем распылять спрей с расстояния не менее 30 сантиметров. Не рекомендуется распылять спрей на шелк и кожу. Перед применением протестируйте спрей на незаметном участке поверхности.
19000321524;TEATRO FRAGRANZE UNICHE NERO DIVINO;спрей ароматический;Италия;8800;7920;https://goldapple.ru/19000321524-nero-divino;;Сладкий и изысканный аромат клубники и черного винограда в сочетании с живостью ежевики и земляника оттенены таинственными благовониями и кожей.  Свежая древесная база привнесет в дом ощущения праздника, радости и роскоши. Идеально подходит для столовой, веранды, кабинет, холл.;Спрей необходимо распылять на расстоянии 30-40 см. Может использоваться самостоятельно или служить дополнением к диффузору.
19000374398;BAGO HOME Лемонграсс;спрей ароматический;Россия;1376;921;https://goldapple.ru/19000374398-lemongrass;;"Ароматический спрей для дома ""Лемонграсс"" подарит вашему дому яркость и свежесть. Освежающие цитрусовые ноты лимонной травы гармонично сочетаются с теплыми оттенками гвоздики и мягкими акцентами мха, создавая ощущение естественной чистоты и уюта. Этот спрей идеально подходит для ароматизации дома, текстиля, мягкой мебели, платяных шкафов и салона автомобиля. Его удобный формат позволяет быстро освежить любое пространство, оставляя за собой стойкий и приятный аромат. Спрей ""Лемонграсс"" изготовлен на основе натуральных компонентов без спирта, что позволяет аромату раскрыться в полной чистоте. Парфюм для дома станет изысканным дополнением вашего интерьера. Ключевые преимущества: Свежий и натуральный аромат для дома с нотами лимонной травы Универсальное использование: для текстиля, мебели, автомобиля Простота применения и стойкость аромата Освежите ваш дом цитрусовыми нотами и создайте уютное окружение с ароматом лимонной травы!";Мы рекомендуем распылять спрей с расстояния не менее 30 сантиметров. Не рекомендуется распылять спрей на шелк и кожу. Перед применением протестируйте спрей на незаметном участке поверхности.
19000321528;TEATRO FRAGRANZE UNICHE PURA AMBRA;спрей ароматический;Италия;8800;7920;https://goldapple.ru/19000321528-pura-ambra;;Глубокий, уютный, теплый, пряно-древесный аромат посвящен Древнему Востоку, его традициям и обычаям.  Главной нотой является аромат аравийской амбры, который многогранно подчеркиваются нотами болгарской розы, фиалки, пачули, кедра, гвоздики и ванили.  Для ценителей дорогой, богатой, элитной восточной парфюмерии.  Идеальный для гостиной и спальни. Аромат прекрасно подходит для вечера, отлично раскрывается в прохладную погоду.;Спрей необходимо распылять на расстоянии 30-40 см. Может использоваться самостоятельно или служить дополнением к диффузору.
99000005128;ANNA TWELVE Riviera;спрей ароматический;;6600;4950;https://goldapple.ru/99000005128-riviera;;Riviera - Чарующая красота итальянского сада.  Свежесть зеленых листьев плюща сверкает цитрусовыми нотками мандарина.  Утонченная белизна жасмина, белого ириса, магнолии и гардении сочетается с ароматами белого мускуса, кедра и амбры.  Cube — это особый элемент антуража от Anna Twelve, созданный для интерьера, где каждая деталь имеет значение. Изысканный куб из черного стекла со стальным диффузором в стиле минимализма гармонично сочетается с элементами любого стиля.  Идеально подходит для дома или гостиничного номера, о котором хочется сохранить приятные воспоминания. Помпа позволяет определить правильную дозировку парфюма, регулируя тем самым интенсивность аромата. Несколько распылений непосредственно на тюль или мебельную ткань обеспечат стойкость аромата в помещении.;Парфюм рекомендуется распылять на автомобильные коврики на расстоянии 60 см. Парфюм не повреждает материалы, не оставляет разводов и следов. Рекомендуется избегать контакта с деликатными поверхностями.
19000234925;BY KAORI Bamboo;спрей ароматический;Россия;1890;1890;https://goldapple.ru/19000234925-bamboo;;Моментальная и насыщенная ароматизация пространства. Парфюм для вашего интерьера и домашнего пространства подарит мгновенную и стойкую ароматизацию на 24 часа. Идеальный вариант для создания атмосферы и настроения по особому поводу. Подходит для использования на домашнем текстиле, шторах и мягких поверхностей мебели;Распылить на текстильные элементы мебели на расстоянии 15-30 см. Интерьерный парфюм предназначен для ароматизации пространства, поэтому вы также можете распылить его в воздух в комнате.
19000454228;BO&ZHUR Tangerine, neroli, bergamot;спрей ароматический;Россия;3000;2700;https://goldapple.ru/19000454228-tangerine-neroli-bergamot;;Спрей для ароматизации помещений, интерьера и текстиля. Изысканный аромат наполняет пространство утонченной гармонией. В его неповторимой композиции переплетаются яркий танжерин, нежная свежесть цветков нероли и изящная терпкость бергамота, формируя атмосферу утонченного стиля.;Распылить необходимое количество спрея на текстиль.  Важно распылять на расстоянии 50 см во избежание масляных пятен.  Избегать хромированных поверхностей.
99000067422;KARLSBACH Moments Home Perfume Desert Sand;спрей ароматический;;8000;8000;https://goldapple.ru/99000067422-moments-home-perfume-desert-sand;;"""Аромат - это природа роскоши или утонченная роскошь природы"" - Кристиан Лакруа. Премиальные товары для дома от Karlsbach: роскошь и комфорт в каждой детали Когда речь заходит о создании уютной и стильной атмосферы в доме, премиальные товары становятся настоящим спасением. Эти изделия не просто украшают интерьер, они привносят в него изысканность и роскошь, делая каждый день особенным. Кампания Karlsbach – первая в индустрии, которая интегрировала настоящую нишевую парфюмерию в ароматы для интерьера, переделав состав, но оставив композиции настоящих духов. Для создания коллекции диффузоров были использованы исключительно натуральные ингредиенты – французское масло и био компоненты, не вызывающие аллергических реакций (не сопровождалось аллергическими реакциями в 98% случаев). Премиальные ароматы – это не просто способ освежить пространство, это искусство создания атмосферы, которая способствует расслаблению и гармонии. Когда речь заходит о создании атмосферы премиальные ароматы становятся неотъемлемой частью этого пространства. Премиальные ароматы – это высококачественные продукты, созданные с использованием натуральных ингредиентов и передовых технологий. Пирамида ароматов отличается своей глубиной и стойкостью, раскрываясь новыми гранями. Подобно хорошему нишевому парфюму. Благодаря высокому качеству ингредиентов и продуманной формуле, ароматы сохраняют свою интенсивность и свежесть на протяжении длительного времени. Эстетика: в зависимости от настроения и особенностей пространства попробуйте оба варианта крышки диффузора – золотой шар или минималистичный классический вариант. Разнообразие ароматов: вы можете выбрать аромат, который соответствует вашему настроению и предпочтениям – от свежих и цитрусовых до древесных амбровых и цветочных нот. Более брутальные и глубокие композиции соседствуют с легкими цветочными букетами. Помимо этого, ароматы созданы с учетом того, чтобы быть уместными не только в жилых интерьерах – Karlsbach идеально впишется в пространство вашего кабинета, офиса, приемной, лобби отеля или зоны ожидания ресторана. Духи в составе коллекции Home Parfume содержат те же компоненты, что и в парфюмерии, адаптированные для использования в помещении. Они могут считаться унисекс-ароматами и безопасны при контакте с кожей. Особенности:  Исключительное стекло - полированное хрустальное стекло, использованное в Karlsbach Moments, создаёт ощущение ясности и элегантности. Фирменный цвет - уникальный оттенок ""Karlsbach blue"" – визитная карточка бренда, придающая неповторимый шарм. Золотая деталь - оригинальный золотой шар с гальваническим покрытием – это не просто декоративный элемент, а символ безупречного стиля, объединяющий все элементы дизайна в единое целое.";Хорошо встряхните флакон. Держа его вертикально, распылите в нужном количестве по помещению. При необходимости повторите. Рекомендуется избегать попадания на светлые ткани, так как парфюмерная композиция может иметь оттенок.
19000321520;TEATRO FRAGRANZE UNICHE DOLCE VANIGLIA;спрей ароматический;Италия;8800;7920;https://goldapple.ru/19000321520-dolce-vaniglia;;Восхитительный аромат цветов ванили в сочетании со сладостью сахарной пудры и нежностью темного шоколада и карамели.  Первые ноты звучат сладкими аккордами сахарной пудры и карамели, в сердце — изысканность темного шоколада и цветов ванили. Волнующий шлейф оставляют пудровые ноты белого мускуса, бобы тонка и стручки ванили. Аромат заставит вас улыбаться и вернет вас в воспоминания о счастливом и беззаботном детстве и испытывать безграничную радость бытия. Идеально подходит для кухни, гостиной и столовой.;Спрей необходимо распылять на расстоянии 30-40 см. Может использоваться самостоятельно или служить дополнением к диффузору.
99000062823;EUTHALIA FRAGRANCES Blue Zest;спрей ароматический;;6500;5200;https://goldapple.ru/99000062823-blue-zest;;Этот свежий и сияющий аромат напоминает легкую морскую прогулку. В нем чувствуются брызги соленого океана. Пахнут разогретые на солнце лимоны и бергамот. Спускается к берегу полоска сочной зелёной травы - прохладные ноты розмарина, базилика и эвкалипта. Blue Zest - искристый и жизнерадостный интерьерный парфюм, в котором каждый аккорд поет о море.;Распылите средство в воздух.
19000225040;MOMACANDLE Very Cherry;спрей ароматический;Россия;2450;2082;https://goldapple.ru/19000225040-very-cherry;;Парфюмированный спрей MOMACANDLE для тела и души. Создан дарить приятные ощущения вашему телу и любимому пространству. Благодаря натуральному составу спей универсален и отлично подходит для ароматизации тела, белья, домашнего текстиля.  Спрей не оставляет разводов и следов на ткани. Наносите спрей на расстоянии 30 см.. Встряхнуть перед применением. Хранить в недоступном для детей месте, вдали от прямых солнечных лучей и огня. В случае попадания в глаза, промыть их большим количеством воды. Только для наружного применения.;Спрей не оставляет разводов и следов на ткани. Наносите спрей на расстоянии 30 см. Встряхнуть перед применением. Хранить в недоступном для детей месте, вдали от прямых солнечных лучей и огня. В случае попадания в глаза, промыть их большим количеством воды. Только для наружного применения.
99000005127;ANNA TWELVE Soho;спрей ароматический;;6600;4950;https://goldapple.ru/99000005127-soho;;Soho - по улочкам города в поисках новых эмоций.  Свежие нотки розового грейпфрута играют пикантной живостью Май Чанг и утопают в изысканном букете из цветов апельсина и жасмина.  Сладость цветов липы дополнена обволакивающими аккордами ветивера.  Лайм, Мускатный шалфей, Цветы липы. Cube — это особый элемент антуража от Anna Twelve, созданный для интерьера, где каждая деталь имеет значение. Изысканный куб из черного стекла со стальным диффузором в стиле минимализма гармонично сочетается с элементами любого стиля. Идеально подходит для дома или гостиничного номера, о котором хочется сохранить приятные воспоминания. Помпа позволяет определить правильную дозировку парфюма, регулируя тем самым интенсивность аромата.  Несколько распылений непосредственно на тюль или мебельную ткань обеспечат стойкость аромата в помещении.;Парфюм рекомендуется распылять на автомобильные коврики на расстоянии 60 см. Парфюм не повреждает материалы, не оставляет разводов и следов. Рекомендуется избегать контакта с деликатными поверхностями.
99000005244;ANNA TWELVE Cruise;спрей ароматический;;11500;8625;https://goldapple.ru/99000005244-cruise;;Сruise — Унисон побережья и моря.  Свежесть алоэ и агавы сочетаются со сладкими нотами инжирного нектара и ревеня, где легкая фруктовая композиция играет травяными зелеными аккордами, дополняемыми  пикантным морским амбре.  Агава, Инжир, Ревень. Cube — это особый элемент антуража от Anna Twelve, созданный для интерьера, где каждая деталь имеет значение. Изысканный куб из черного стекла со стальным диффузором в стиле минимализма гармонично сочетается с элементами любого стиля.  Идеально подходит для дома или гостиничного номера, о котором хочется сохранить приятные воспоминания. Помпа позволяет определить правильную дозировку парфюма, регулируя тем самым интенсивность аромата. Несколько распылений непосредственно на тюль или мебельную ткань обеспечат стойкость аромата в помещении.;Парфюм рекомендуется распылять на автомобильные коврики на расстоянии 60 см. Парфюм не повреждает материалы, не оставляет разводов и следов. Рекомендуется избегать контакта с деликатными поверхностями.
19000118770;CHIARA FIRENZE ORCHIDEA SELVATICA;спрей ароматический;;5620;5058;https://goldapple.ru/19000118770-orchidea-selvatica;;Chiara Firenze посвящает свои ароматы в особый регион: Тоскана. история совершенства, страсти и связи с территорией, а также диалога между знаниями и далекими культурами. парфюмерное искусство и выбор ценных эфирных масел, таким образом, встречает мастеров флорентийских ремесленных мастерских, чтобы возродить магию этой особой земли в ваших комнатах. Многочисленные виды диких орхидей, произрастающих в Тоскане, стали вдохновением для этого аромата. Это маленькие драгоценности, которые своим присутствием делают природу этой земли еще более увлекательной и интересной. Теплые и изысканные ноты дикой орхидеи сочетаются с нотами трав в расслабляющем аромате, напоминающем о весеннем цветении.;
19000321551;TEATRO FRAGRANZE UNICHE VENTO DI MARE;спрей ароматический;Италия;4950;4455;https://goldapple.ru/19000321551-vento-di-mare;;Аромат синего моря врывается через открытое окно и завораживает своей озоновой свежестью и солнечным дыханием.  Морские водоросли раскрываются на фоне сладости дыни и свежего лимона.  Смягчает композицию цветочные ноты жасмина, герани и цикламена.  Пикантности придают классический аромат мускуса и древесные ноты сандала. Как-будто ранним утром прилив морской свежести и чистоты накрывает песчаный берег. Идеально подходит для летних резиденций и ванных комнат.;Спрей необходимо распылять на расстоянии 30-40 см. Может использоваться самостоятельно или служить дополнением к диффузору.
19000234939;BY KAORI Tobacco Vanilla;спрей ароматический;Россия;1890;1890;https://goldapple.ru/19000234939-tobacco-vanilla;;Моментальная и насыщенная ароматизация пространства. Парфюм для вашего интерьера и домашнего пространства подарит мгновенную и стойкую ароматизацию на 24 часа. Идеальный вариант для создания атмосферы и настроения по особому поводу. Подходит для использования на домашнем текстиле, шторах и мягких поверхностей мебели;Распылить на текстильные элементы мебели на расстоянии 15-30 см. Интерьерный парфюм предназначен для ароматизации пространства, поэтому вы также можете распылить его в воздух в комнате.
19000078059;OXYGEN HOME Textile Green riviera;спрей ароматический;;744;520;https://goldapple.ru/19000078059-textile-green-riviera;;Аромат свежести летней природы для вашего белья.;Абсолютно безопасные и нежные ароматы текстильной коллекции Oxygen Home. Которые помогут надолго сохранить свежесть белья и аромат в гардеробе. Ароматы для ткани/шкафа можно наносить на полки шкафа и на саму ткань. Достаточно 2-3 распыления 1-2 в неделю. Следов на ткани не оставляет
19000196152;WALLY 1925 Agrumi di Boboli;спрей ароматический;Италия;4730;4257;https://goldapple.ru/19000196152-agrumi-di-boboli;;Этот аромат посвящен оранжерее лимонных деревьев Садов Боболи во Флоренции, где Великий герцог Тосканы Козимо III Медичи положил начало самой большой коллекции цитрусовых эпохи Возрождения. Парфюмерам удалось удивительно гармонично сочетать цитрусовые ноты в один свежий и небанальный аккорд.;Спрей необходимо распылять на расстоянии 30-40 см. Емкость рассчитана на 2000 нажатий.
19000432767;TEATRO FRAGRANZE UNICHE POMPELMO PEPE GUN;спрей ароматический;Италия;8000;7200;https://goldapple.ru/19000432767-pompelmo-pepe-gun;;Грейпфрут & Перец раскрывается ярким цитрусовым аккордом, где свежесть грейпфрута, юдзу и лимона переплетается с пряной искрой розового и черного перца. Ароматическое путешествие, передающее свет и динамику жизни. Ода творческому началу Флоренции. Взрыв эмоций и утончённости, сочетающий силу и изысканный стиль. Неожиданный контраст, оживляет пространство и наполняет энергией. Аромат вдохновлен атмосферой Sun Club Veuve Clicquot, воплощает ощущение бесконечного лета, солнечного сияния и игривого настроения. Переливается свежими цитрусовыми нотами, искрится пряными акцентами и наполняет пространство радостью, энергией и элегантной непринужденностью. Идеально подходит для кухни, гостиной и столовой.;Спрей необходимо распылять на расстоянии 30-40 см. Может использоваться самостоятельно или служить дополнением к диффузору.
99000065635;12LEGENDS BlackBerry;спрей ароматический;;1999;1799;https://goldapple.ru/99000065635-blackberry;;BlackBerry-ягодный сочный, чувственный аромат. Он начинается легкими нотами яблока и нежными нитями шафрана. Сочная черная смородина и ежевика составляют основу букета, а теплые базовые ноты аниса и амбры окружают вас в этом утонченном коктейле. Эфирные масла пачули и кедра усиливают интенсивность темных фруктов в этом богатом аромате. Дорогой и роскошный – он внесет особый шарм в Ваше пространство!;Распылять спрей следует в воздух или на текстиль с расстояния не менее 20-25 см.
99000005249;ANNA TWELVE Boreal;спрей ароматический;;12700;9525;https://goldapple.ru/99000005249-boreal;;Boreal — тонкий, нежный аромат вплетается в прохладное дыхание, пахнущее свободой. Фруктовые нотки черники обрамлены цветочным ароматом, растворяющемся в северном дыхании ветра.  Свежесть гелиотропа, сирени и фиалки сочетаются с нотками мускуса и бархатистым древесным шлейфом с оттенком сандалового дерева. Черника, Фиалка, Эверния. Cube — это особый элемент антуража от Anna Twelve, созданный для интерьера, где каждая деталь имеет значение. Изысканный куб из черного стекла со стальным диффузором в стиле минимализма гармонично сочетается с элементами любого стиля. Идеально подходит для дома или гостиничного номера, о котором хочется сохранить приятные воспоминания. Помпа позволяет определить правильную дозировку парфюма, регулируя тем самым интенсивность аромата. Несколько распылений непосредственно на тюль или мебельную ткань обеспечат стойкость аромата в помещении.;Аромат распыляется непосредственно на тюль и мебельную ткань с расстояния 60 см.  Парфюм не повреждает ткани, не оставляет разводов и следов.  Рекомендуется избегать контакта с деликатными поверхностями.
19000118784;CHIARA FIRENZE TUSCIA;спрей ароматический;;5620;5058;https://goldapple.ru/19000118784-tuscia;;Chiara Firenze посвящает свои ароматы в особый регион: Тоскана. история совершенства, страсти и связи с территорией, а также диалога между знаниями и далекими культурами. парфюмерное искусство и выбор ценных эфирных масел, таким образом, встречает мастеров флорентийских ремесленных мастерских, чтобы возродить магию этой особой земли в ваших комнатах. Аромат носит название, данное Этрурии после окончания этрусского правления, территории, в которую также входила Тоскана. Благоухание ладана в сочетании с цветочными ароматами, сандаловым деревом и амброй, напоминает нам далекие времена, и отправляет нас  в волшебное путешествии в прошлое.;
19000470016;FLAME MOSCOW Constance;спрей ароматический;Россия;1690;1605;https://goldapple.ru/19000470016-constance;;Эта коллекция — о людях, их простых и настоящих историях, о тепле, которое мы дарим друг другу даже в самую холодную ночь. Зимние окна делают это тепло видимым: в их свете живут надежды и признания, трепет ожидания и радость встреч, улыбки и детский смех. Каждое окно — маленький мир, а вместе они создают общее чувство праздника, которое соединяет нас друг с другом. Душистая вода распыляется на постельном белье, одежде или на любом другом предмете для быстрой и эффективной ароматизации. Можно наносить на тело!;Мы рекомендуем прыснуть 4-5 раз в больших комнатах и 3-5 раз в более мелких помещениях. Спреи можно использовать для ароматизации лежанок питомцев и обивки машин.  Попробуйте нанести спрей на постельное белье, ковры, шторы и полотенца.
99000067416;KARLSBACH Moments Home Perfume Carmine;спрей ароматический;;8000;8000;https://goldapple.ru/99000067416-moments-home-perfume-carmine;;"""Аромат - это природа роскоши или утонченная роскошь природы"" - Кристиан Лакруа. Премиальные товары для дома от Karlsbach: роскошь и комфорт в каждой детали Когда речь заходит о создании уютной и стильной атмосферы в доме, премиальные товары становятся настоящим спасением. Эти изделия не просто украшают интерьер, они привносят в него изысканность и роскошь, делая каждый день особенным. Кампания Karlsbach – первая в индустрии, которая интегрировала настоящую нишевую парфюмерию в ароматы для интерьера, переделав состав, но оставив композиции настоящих духов. Для создания коллекции диффузоров были использованы исключительно натуральные ингредиенты – французское масло и био компоненты, не вызывающие аллергических реакций (не сопровождалось аллергическими реакциями в 98% случаев). Премиальные ароматы – это не просто способ освежить пространство, это искусство создания атмосферы, которая способствует расслаблению и гармонии. Когда речь заходит о создании атмосферы премиальные ароматы становятся неотъемлемой частью этого пространства. Премиальные ароматы – это высококачественные продукты, созданные с использованием натуральных ингредиентов и передовых технологий. Пирамида ароматов отличается своей глубиной и стойкостью, раскрываясь новыми гранями. Подобно хорошему нишевому парфюму. Благодаря высокому качеству ингредиентов и продуманной формуле, ароматы сохраняют свою интенсивность и свежесть на протяжении длительного времени. Эстетика: в зависимости от настроения и особенностей пространства попробуйте оба варианта крышки диффузора – золотой шар или минималистичный классический вариант. Разнообразие ароматов: вы можете выбрать аромат, который соответствует вашему настроению и предпочтениям – от свежих и цитрусовых до древесных амбровых и цветочных нот. Более брутальные и глубокие композиции соседствуют с легкими цветочными букетами. Помимо этого, ароматы созданы с учетом того, чтобы быть уместными не только в жилых интерьерах – Karlsbach идеально впишется в пространство вашего кабинета, офиса, приемной, лобби отеля или зоны ожидания ресторана. Духи в составе коллекции Home Parfume содержат те же компоненты, что и в парфюмерии, адаптированные для использования в помещении. Они могут считаться унисекс-ароматами и безопасны при контакте с кожей. Особенности:  Исключительное стекло - полированное хрустальное стекло, использованное в Karlsbach Moments, создаёт ощущение ясности и элегантности. Фирменный цвет - уникальный оттенок ""Karlsbach blue"" – визитная карточка бренда, придающая неповторимый шарм. Золотая деталь - оригинальный золотой шар с гальваническим покрытием – это не просто декоративный элемент, а символ безупречного стиля, объединяющий все элементы дизайна в единое целое.";Хорошо встряхните флакон. Держа его вертикально, распылите в нужном количестве по помещению. При необходимости повторите. Рекомендуется избегать попадания на светлые ткани, так как парфюмерная композиция может иметь оттенок.
99000062872;EUTHALIA FRAGRANCES Mississippi Blues;спрей ароматический;;6500;6500;https://goldapple.ru/99000062872-mississippi-blues;;Величественная усадьба на берегу Великой реки, спокойное течение воды, насыщенные краски знойного южного заката. Табак, Макаллан и ностальгические мелодии. Mississippi Blues - это переплетение интенсивных и отчетливых нот кожи, дерева, табака и гелиотропа с гладкостью амбры, меда и мускуса. Землисто-пряная, теплая чарующая смесь самобытных и целостных ароматов, усиливающих друг друга. Гармония контрастов, как самый упоительный протяжный блюз. Уверенный, согревающий, плотный: Mississippi Blues идеален для задумчивых меланхоличных вечеров.;Распылите средство в воздух.
19000321547;TEATRO FRAGRANZE UNICHE POLVERE DI IRIS;спрей ароматический;Италия;4950;4455;https://goldapple.ru/19000321547-polvere-di-iris;;Цветочные объятия с пудровыми оттенками талька.  Весенний аромат  - утонченный баланс чувств, напоминающих о роскоши старины и свежих букетов весенних цветов. Аромат построен вокруг нежного ириса, пудровые нотки которого раскрываются буквально с первых секунд и подчеркнуты тальком.  Болгарская роза и фрезия наполняют аромат чувственностью. Древесно-бальзамический шлейф сандала и бензоина придает роскошь композиции.  Идеально подходит для приемных, таких как прихожая и гостиная, а также спальни и гардеробной.;Спрей необходимо распылять на расстоянии 30-40 см. Может использоваться самостоятельно или служить дополнением к диффузору.
19000196081;LOGEVY FIRENZE 1965 Tabacco Toscano;спрей ароматический;Италия;8800;7920;https://goldapple.ru/19000196081-tabacco-toscano;;Аромат тосканского табака, завораживающий и соблазнительны. Сильный и энергичный, делает моменты жизни незабываемыми.;Спрей – подходящий вариант, если вам нужно быстро, локально ароматизировать воздух. Может быть дополнением в диффузору для усиления концентрации аромата, когда это необходимо.
19000118749;CHIARA FIRENZE BIANCO DI BACCO;спрей ароматический;;5620;4496;https://goldapple.ru/19000118749-bianco-di-bacco;;Chiara Firenze посвящает свои ароматы в особый регион: Тоскана. история совершенства, страсти и связи с территорией, а также диалога между знаниями и далекими культурами. парфюмерное искусство и выбор ценных эфирных масел, таким образом, встречает мастеров флорентийских ремесленных мастерских, чтобы возродить магию этой особой земли в ваших комнатах. Колючие нотки винограда Треббьяно и Мальвазия сочетаются со сладостью белого персика и смолы в соблазнительном аромате, посвященном богу вина!;
99000105027;BYKALI Кашемировое дерево;спрей ароматический;Россия;1100;1100;https://goldapple.ru/99000105027-kasemirovoe-derevo;;Изысканный танец свежего бергамота, глубинного уда и теплой амбры – как дорогой кожаный диван в библиотеке старинного особняка.  Превратите ваш дом или автомобиль в оазис ароматов с BYKALI – парфюмированным спреем, идеальным ароматизатором для дома, автомобиля и других пространств. Наш продукт предлагает уникальное сочетание экологичного и безвредного состава, практичности применения и стойкого аромата, чтобы создать неповторимую атмосферу в любом месте.  С помощью удобного распылителя, наш парфюмированный интерьерный спрей обеспечивает практичность в использовании. Просто нажмите на спрей, и ваш дом, автомобиль или другое пространство наполнятся нежным и стойким ароматом.  Погрузитесь в волшебный мир ароматов BYKALI.;Средство не предназначено для нанесения на кожу. При попадании в глаза промыть водой.
19000433680;TOILETPAPER Fig & Lavender;спрей ароматический;Италия;5850;5265;https://goldapple.ru/19000433680-fig-lavender;;Ароматизатор для ткани с ароматом инжира и лаванды. Затерянный в Провансе. Теперь любая ткань, которую вы наденете, перенесет вас на лавандовое поле в Провансе.;Равномерно распылите на расстоянии 15-30 см пока ткань не станет слегка влажной, дайте ей высохнуть.
99000025562;STENOVA HOME FLORA;спрей ароматический;;2200;1540;https://goldapple.ru/99000025562-flora;;Ароматический спрей для дома FLORA ассоциируется у нас с ароматным цветущим садом и загородной прогулкой вдали от городского шума. Яркое сочетание цветов, трав и фруктов! Внутри флакона  -  нежность фиалок и нарциссов, терпкость базилика оттеняет и подчеркивает сладкие ноты ароматных фруктов, сандаловое дерево завершает и соединяет композицию в наполненный летом аккорд! Ароматическая композиция в виде спрея на спиртовой основе. Производство - Италия.;Не распылять вблизи открытого огня. Рекомендуется избегать попадания ароматической жидкости на полированные и глянцевые поверхности
99000062847;EUTHALIA FRAGRANCES Cashmere delight;спрей ароматический;;6500;5200;https://goldapple.ru/99000062847-cashmere-delight;;Восточный аромат для дома, невесомый, как шелковая вуаль. В Cashmere Delight нежная ваниль танцует вокруг сахарных лепестков жасмина. В этот дуэт мягко и тепло вплетается мускус, а древесные ноты пачули и ветивера добавляют упоительной истомы. Обволакивающий и сладкий: Cashmere Delight — это аромат-сон о дивных восточных дворцах и прекрасных пери.;Распылите средство в воздух.
19000321532;TEATRO FRAGRANZE UNICHE VENTO DI MARE;спрей ароматический;Италия;8800;7920;https://goldapple.ru/19000321532-vento-di-mare;;Аромат синего моря врывается через открытое окно и завораживает своей озоновой свежестью и солнечным дыханием. Морские водоросли раскрываются на фоне сладости дыни и свежего лимона. Смягчает композицию цветочные ноты жасмина, герани и цикламена. Пикантности придают классический аромат мускуса и древесные ноты сандала. Как-будто ранним утром прилив морской свежести и чистоты накрывает песчаный берег. Идеально подходит для летних резиденций и ванных комнат.;Спрей необходимо распылять на расстоянии 30-40 см. Может использоваться самостоятельно или служить дополнением к диффузору.
19000454035;ETERIA COSMO Базилик, томатный лист, цитрус;спрей ароматический;Россия;591;531;https://goldapple.ru/19000454035-bazilik-tomatnyj-list-citrus;;Бодрящий, вдохновляющий аромат. Подарите своему дому яркую свежесть с ароматом «Базилик, томатный лист и цитрус». Генуэзский базилик, неизменный ингредиент средиземноморских рецептов, раскрывается изящными терпкими нотами. Томатный лист создаёт освежающую базу. Энергичные оттенки свежевыжатых цитрусов придают аромату сочность и жизнерадостность. Наполните пространство ароматом красочного средиземноморского лета и окунитесь в атмосферу лёгкой беззаботности.;Разбрызгивать на расстоянии не менее 30 см от изделия.
99000005240;ANNA TWELVE Flame;спрей ароматический;;11500;8625;https://goldapple.ru/99000005240-flame;;Flame— Безмятежность теплых объятий.  Нежный, свежий цветочный аромат лаванды, туберозы и герани с будоражащим пряным оттенком.  Нотки черного перца саравак и гвоздика, вкупе с соблазнительной мягкостью корицы и кардамона, дополнены ароматными аккордами древесины и ветивера.  Тубероза, Специи, Кедр. Cube — это особый элемент антуража от Anna Twelve, созданный для интерьера, где каждая деталь имеет значение. Изысканный куб из черного стекла со стальным диффузором в стиле минимализма гармонично сочетается с элементами любого стиля.  Идеально подходит для дома или гостиничного номера, о котором хочется сохранить приятные воспоминания.  Помпа позволяет определить правильную дозировку парфюма, регулируя тем самым интенсивность аромата.  Несколько распылений непосредственно на тюль или мебельную ткань обеспечат стойкость аромата в помещении.;Парфюм рекомендуется распылять на автомобильные коврики на расстоянии 60 см. Парфюм не повреждает материалы, не оставляет разводов и следов. Рекомендуется избегать контакта с деликатными поверхностями.
99000067420;KARLSBACH Moments Home Perfume Mindaro;спрей ароматический;;8000;8000;https://goldapple.ru/99000067420-moments-home-perfume-mindaro;;"""Аромат - это природа роскоши или утонченная роскошь природы"" - Кристиан Лакруа. Премиальные товары для дома от Karlsbach: роскошь и комфорт в каждой детали Когда речь заходит о создании уютной и стильной атмосферы в доме, премиальные товары становятся настоящим спасением. Эти изделия не просто украшают интерьер, они привносят в него изысканность и роскошь, делая каждый день особенным. Кампания Karlsbach – первая в индустрии, которая интегрировала настоящую нишевую парфюмерию в ароматы для интерьера, переделав состав, но оставив композиции настоящих духов. Для создания коллекции диффузоров были использованы исключительно натуральные ингредиенты – французское масло и био компоненты, не вызывающие аллергических реакций (не сопровождалось аллергическими реакциями в 98% случаев). Премиальные ароматы – это не просто способ освежить пространство, это искусство создания атмосферы, которая способствует расслаблению и гармонии. Когда речь заходит о создании атмосферы премиальные ароматы становятся неотъемлемой частью этого пространства. Премиальные ароматы – это высококачественные продукты, созданные с использованием натуральных ингредиентов и передовых технологий. Пирамида ароматов отличается своей глубиной и стойкостью, раскрываясь новыми гранями. Подобно хорошему нишевому парфюму. Благодаря высокому качеству ингредиентов и продуманной формуле, ароматы сохраняют свою интенсивность и свежесть на протяжении длительного времени. Эстетика: в зависимости от настроения и особенностей пространства попробуйте оба варианта крышки диффузора – золотой шар или минималистичный классический вариант. Разнообразие ароматов: вы можете выбрать аромат, который соответствует вашему настроению и предпочтениям – от свежих и цитрусовых до древесных амбровых и цветочных нот. Более брутальные и глубокие композиции соседствуют с легкими цветочными букетами. Помимо этого, ароматы созданы с учетом того, чтобы быть уместными не только в жилых интерьерах – Karlsbach идеально впишется в пространство вашего кабинета, офиса, приемной, лобби отеля или зоны ожидания ресторана. Духи в составе коллекции Home Parfume содержат те же компоненты, что и в парфюмерии, адаптированные для использования в помещении. Они могут считаться унисекс-ароматами и безопасны при контакте с кожей. Особенности:  Исключительное стекло - полированное хрустальное стекло, использованное в Karlsbach Moments, создаёт ощущение ясности и элегантности. Фирменный цвет - уникальный оттенок ""Karlsbach blue"" – визитная карточка бренда, придающая неповторимый шарм. Золотая деталь - оригинальный золотой шар с гальваническим покрытием – это не просто декоративный элемент, а символ безупречного стиля, объединяющий все элементы дизайна в единое целое.";Хорошо встряхните флакон. Держа его вертикально, распылите в нужном количестве по помещению. При необходимости повторите. Рекомендуется избегать попадания на светлые ткани, так как парфюмерная композиция может иметь оттенок.
19000090585;MEDORI Precious;спрей ароматический;;373;249;https://goldapple.ru/19000090585-precious;;Универсальный интерьерный парфюм, для всех видов помещений.;В интерьере дома, офиса, дачи.
99000005246;ANNA TWELVE Riviera;спрей ароматический;;11500;8625;https://goldapple.ru/99000005246-riviera;;Riviera - Чарующая красота итальянского сада.  Свежесть зеленых листьев плюща сверкает цитрусовыми нотками мандарина.  Утонченная белизна жасмина, белого ириса, магнолии и гардении сочетается с ароматами белого мускуса, кедра и амбры.  Cube — это особый элемент антуража от Anna Twelve, созданный для интерьера, где каждая деталь имеет значение. Изысканный куб из черного стекла со стальным диффузором в стиле минимализма гармонично сочетается с элементами любого стиля.  Идеально подходит для дома или гостиничного номера, о котором хочется сохранить приятные воспоминания. Помпа позволяет определить правильную дозировку парфюма, регулируя тем самым интенсивность аромата. Несколько распылений непосредственно на тюль или мебельную ткань обеспечат стойкость аромата в помещении.;Парфюм рекомендуется распылять на автомобильные коврики на расстоянии 60 см. Парфюм не повреждает материалы, не оставляет разводов и следов. Рекомендуется избегать контакта с деликатными поверхностями.
19000118771;CHIARA FIRENZE OSTRO;спрей ароматический;;5620;5058;https://goldapple.ru/19000118771-ostro;;Chiara Firenze посвящает свои ароматы в особый регион: Тоскана. история совершенства, страсти и связи с территорией, а также диалога между знаниями и далекими культурами. парфюмерное искусство и выбор ценных эфирных масел, таким образом, встречает мастеров флорентийских ремесленных мастерских, чтобы возродить магию этой особой земли в ваших комнатах. Южный ветер Австер. Аромат получил свое название от легкого теплого ветра, дующего с юга, приносящего ароматы с нотами мандарина и ванили, которые делают его запах сладким и слегка пряным.;
99000005126;ANNA TWELVE Riviera;спрей ароматический;;12700;9525;https://goldapple.ru/99000005126-riviera;;Riviera - Чарующая красота итальянского сада.  Свежесть зеленых листьев плюща сверкает цитрусовыми нотками мандарина.  Утонченная белизна жасмина, белого ириса, магнолии и гардении сочетается с ароматами белого мускуса, кедра и амбры.  Cube — это особый элемент антуража от Anna Twelve, созданный для интерьера, где каждая деталь имеет значение. Изысканный куб из черного стекла со стальным диффузором в стиле минимализма гармонично сочетается с элементами любого стиля.  Идеально подходит для дома или гостиничного номера, о котором хочется сохранить приятные воспоминания. Помпа позволяет определить правильную дозировку парфюма, регулируя тем самым интенсивность аромата. Несколько распылений непосредственно на тюль или мебельную ткань обеспечат стойкость аромата в помещении.;Аромат распыляется непосредственно на тюль и мебельную ткань с расстояния 60 см.  Парфюм не повреждает ткани, не оставляет разводов и следов.  Рекомендуется избегать контакта с деликатными поверхностями.
19000156557;DIVINE AROMA Bologna;спрей ароматический;Россия;5870;4696;https://goldapple.ru/19000156557-bologna;;Благородный аромат розы умиротворяет и располагает к отдыху. Фруктовые ноты с пудровым послевкусием дарят ощущение легкости и оберегают крепкий сон даже самых юных членов семьи.;Распыляйте необходимое количество парфюмерной композиции в помещении или салоне автомобиля на расстоянии не менее 30 см от поверхностей.  Спрей предназначен исключительно для ароматизации помещений и замкнутых пространств, не использовать в качестве парфюмерно-косметической продукции для людей и животных.
19000321400;TEATRO FRAGRANZE UNICHE DIAMANTE;спрей ароматический;Италия;6050;5445;https://goldapple.ru/19000321400-diamante;;Teatro Fragranze Uniche, флорентийская лаборатория ароматов и Симоне Андреоли - талантливый итальянский парфюмер-новатор с ярко выраженной индивидуальностью, объединились, чтобы создать концептуальный интерьерный аромат, совершенно уникальный: “Diamante - Scent of Art”.  Цель заключалась в создании уникального аромата, подобного камню, которым вдохновились создатели. Его структура определила ароматические аккорды – янтарные, древесные, сладкие и смолистые. Атмосферный аромат наполняет пространство особым благоуханием и располагает к продолжительному и приятному общению. Идеален для ароматизации гостиной и кабинета.;Спрей необходимо распылять на расстоянии 30-40 см. Может использоваться самостоятельно или служить дополнением к диффузору.
99000065225;12LEGENDS Bohemia;спрей ароматический;;1999;1799;https://goldapple.ru/99000065225-bohemia;;Bohemia- Аромат роскоши, уверенности и гармонии! Сложность тёплых специй, богатого какао-масла, оливкового дерева и легкой кокосовой сладости создают по-настоящему богемный аромат. Интерьерный спрей предназначен для ароматизации пространства, текстиля, мебели и автомобиля.;Распылять спрей следует в воздух или на текстиль с расстояния не менее 20-25 см.
19000313996;VENEW berry basket;спрей ароматический;Россия;549;494;https://goldapple.ru/19000313996-berry-basket;;Букет ароматов сочных ягод и фруктов в летний жаркий день. Прекрасный лёгкий спрей, обладающий способностью поднимать настроение и в любой момент переносить в мир горячего солнца и охлаждающего океана. Чистота, свежесть, естественность, сладость, невесомость, радость, сочность, лето. Непередаваемый, тягучий, ласковый, фруктовый запах летнего настроения. Парфюмированный спрей на водной основе. Необычное украшение для комнаты, хит с безвредным составом. Гипоаллергенная формула безопасна для людей и животных. Ароматизатор эффективно борется с неприятными запахами в туалете, от домашних животных или приготовления пищи. Применяйте интерьерный спрей в любом помещении: ванная, спальня или туалет. Нейтрализатор запахов можно использовать как духи для текстиля. Соблюдайте при этом дистанцию не менее 50 см. Парфюмерная композиция также подходит для профессионального использования в сфере услуг. Авто аксессуары быстро нейтрализуют неприятные запахи и создают приятную обстановку в салоне. Духи в машину - отличный подарок мужчине. Порадует любого водителя и заменит автопарфюм по скорости действия. Соберите из нескольких штук подарочный набор для женщин. Спреи ароматические стойкие и наполнены чувственными парфюмерными композициями. Спрей для белья создан для того, кто не готов мириться с затхлым запахом в шкафу или хочет просыпаться в окружении любимого аромата. Обогатите пространство с помощью освежителя воздуха для шкафа, офиса или туалета.  Возьмите 2-3 бутылочки - и вот перед вами готовый набор для ванной в подарок девушке. Поглотитель запаха - успешный продукт на рынке, никто не откажется от первоклассного парфюма для текстиля. Духи для туалета не оставляют следов на поверхностях (при соблюдении инструкции), мелкодисперсное распыление удобно и обеспечивает экономичный расход средства.;Встряхните флакон, держите его вертикально, распылите необходимое количество спрея в воздухе в направлении от лица. При необходимости повторите обработку. Допускается контакт с текстилем: мягкая мебель, шторы, постельное белье, одежда. Соблюдайте при этом дистанцию не менее 50 см. Ароматизатор также подходит для профессионального использования в сфере услуг.
19000118786;CHIARA FIRENZE VELLUTO;спрей ароматический;;5620;5058;https://goldapple.ru/19000118786-velluto;;Chiara Firenze посвящает свои ароматы в особый регион: Тоскана. история совершенства, страсти и связи с территорией, а также диалога между знаниями и далекими культурами. парфюмерное искусство и выбор ценных эфирных масел, таким образом, встречает мастеров флорентийских ремесленных мастерских, чтобы возродить магию этой особой земли в ваших комнатах. Этот необычный аромат получил свое название в честь одноименной ткани - бархат, центром производства которого с 13 века стала Флоренция. Аромат дарит такое же теплое и обволакивающее ощущение мягкого бархата: карамель и ваниль встречаются с цитрусовыми, перцем и корицей в роскошной комбинации, которая наполняет пространство сладостью!;
99000025569;STENOVA HOME SENSO;спрей ароматический;;2200;1540;https://goldapple.ru/99000025569-senso;;Представьте себя вечером на берегу моря, дует легкий теплый ветер и ощущается гармония и спокойствие! Ароматическая композиция в виде спрея на спиртовой основе. Производство - Италия.   Попробуйте этот чувственный аромат для дома от STENOVA HOME!;Не распылять вблизи открытого огня. Рекомендуется избегать попадания ароматической жидкости на полированные и глянцевые поверхности.
19000234935;BY KAORI Rosso;спрей ароматический;Россия;1890;1890;https://goldapple.ru/19000234935-rosso;;Моментальная и насыщенная ароматизация пространства. Парфюм для вашего интерьера и домашнего пространства подарит мгновенную и стойкую ароматизацию на 24 часа. Идеальный вариант для создания атмосферы и настроения по особому поводу. Подходит для использования на домашнем текстиле, шторах и мягких поверхностей мебели;Распылить на текстильные элементы мебели на расстоянии 15-30 см. Интерьерный парфюм предназначен для ароматизации пространства, поэтому вы также можете распылить его в воздух в комнате.
99000025563;STENOVA HOME FRUITY;спрей ароматический;;2200;1540;https://goldapple.ru/99000025563-fruity;;Ароматический спрей для дома FRUITY - это словно прохладный и сладкий фруктовый коктейль в маленьком кафе с букетиком свежих фиалок на столе и кустами сирени вокруг террасы. Ароматическая композиция в виде спрея на спиртовой основе. Производство - Италия.;Не распылять вблизи открытого огня. Рекомендуется избегать попадания ароматической жидкости на полированные и глянцевые поверхности.
19000374390;BAGO HOME Ваниль;спрей ароматический;Россия;1376;963;https://goldapple.ru/19000374390-vanil;;"Ароматический спрей для дома ""Ваниль"" наполнит пространство теплыми и уютными нотами. Сладкие потоки ванили в сочетании с гелиотропом и пряным мускусом создают неповторимую атмосферу комфорта. Этот спрей идеально подходит для ароматизации дома, мягкой мебели, текстиля, платяных шкафов и даже салона автомобиля. Легкий в использовании, он быстро освежает пространство и оставляет стойкий, но ненавязчивый аромат. Спрей ""Ваниль"" изготовлен на основе натуральных компонентов и не содержит спирта. Его парфюм для дома раскрывается чисто и естественно, наполняя ваш дом теплотой и уютом. Ключевые преимущества: Приятный и насыщенный аромат для дома с нотами ванили Универсальное использование: для текстиля, мебели, автомобиля Удобный формат и простота применения Наполните ваш дом сладкой ванильной атмосферой и наслаждайтесь уютом каждый день!";Мы рекомендуем распылять спрей с расстояния не менее 30 сантиметров. Не рекомендуется распылять спрей на шелк и кожу. Перед применением протестируйте спрей на незаметном участке поверхности.
19000214009;VAN&MUN Cinnamon Roll;спрей ароматический;Россия;420;311;https://goldapple.ru/19000214009-cinnamon-roll;;"Ароматический спрей для дома ""VAN&MUN"" 30 мл. Булочка с корицей.  Описание аромата:  Аромат сливочно-ванильной сдобной булочки с терпкой корицей, знакомый с детства.   Ароматический спрей для дома ""VAN&MUN"" - ароматизатор для использования в жилых помещениях, офисах, салонах красоты, автомобилях или магазинах.";Снять пластиковую крышку с флакона, легким нажатием распылить спрей в центре помещения.  При легком нажатии на распылитель спрей   при объеме  30 мл. содержит около 230 пшиков.
19000429277;AROMA HARMONY Cherry oud;спрей ароматический;Россия;305;274;https://goldapple.ru/19000429277-cherry-oud;;Коллекция ароматов для дома  создана для того, чтобы поддерживать в доме атмосферу уюта и  Cozy nature by Aroma Harmony harmony гармонии. В каждом аромате есть частичка природы и её энергия  жизни. Это тёплая коллекция, окутывающая помещение ненавязчивым шлейфом, который дарит ощущение спокойствия.  Концепция минимализма и деревянные ноты, представленные в каждом аромате — это ода планете. В каждой линии, в каждой детали, в каждом дуновении ветра, в  самом взгляде на мир — чувствуется присутствие природы, ее мудрость и сила. Она незримо присутствует в каждой ноте композиции.;Распылить на белье, подушки, одежду, шторы, ковры, мягкую мебель. Для более эффективной и легкой глажки белья, распылить непосредственно на ткань и гладить, как обычно.
19000313992;VENEW mango & grapefruit;спрей ароматический;Россия;549;494;https://goldapple.ru/19000313992-mango-grapefruit;;Манго! Много манго! Большое сочное манго сразу же рисуется в голове, как только вы вдыхаете сладкий запах спрея Манго Грейпфрут. Но через пару секунд, как только первое впечатление отступает, оказывается, что тут прекрасно слышно и чуть горьковатый грейпфрут, и кислинку бергамота. Перед глазами сразу же возникает солнце, пляж, горячий песок какого-нибудь тропического острова. Аромат раскрывается как цитрусовый, фруктовый, и тропический одновременно. Закрывают пирамиду ненавязчивые нежные древесно-мускусные ноты. Эта фантазийная композиция весьма нестандартная, но все же довольно гармоничная и лёгкая.  Парфюмированный спрей на водной основе. Необычное украшение для комнаты, хит с безвредным составом. Гипоаллергенная формула безопасна для людей и животных. Ароматизатор эффективно борется с неприятными запахами в туалете, от домашних животных или приготовления пищи. Применяйте интерьерный спрей в любом помещении: ванная, спальня или туалет. Нейтрализатор запахов можно использовать как духи для текстиля. Соблюдайте при этом дистанцию не менее 50 см. Парфюмерная композиция также подходит для профессионального использования в сфере услуг. Авто аксессуары быстро нейтрализуют неприятные запахи и создают приятную обстановку в салоне. Духи в машину - отличный подарок мужчине. Порадует любого водителя и заменит автопарфюм по скорости действия. Соберите из нескольких штук подарочный набор для женщин. Спреи ароматические стойкие и наполнены чувственными парфюмерными композициями. Спрей для белья создан для того, кто не готов мириться с затхлым запахом в шкафу или хочет просыпаться в окружении любимого аромата. Обогатите пространство с помощью освежителя воздуха для шкафа, офиса или туалета.  Возьмите 2-3 бутылочки - и вот перед вами готовый набор для ванной в подарок девушке. Поглотитель запаха - успешный продукт на рынке, никто не откажется от первоклассного парфюма для текстиля. Духи для туалета не оставляют следов на поверхностях (при соблюдении инструкции), мелкодисперсное распыление удобно и обеспечивает экономичный расход средства.;Встряхните флакон, держите его вертикально, распылите необходимое количество спрея в воздухе в направлении от лица. При необходимости повторите обработку. Допускается контакт с текстилем: мягкая мебель, шторы, постельное белье, одежда. Соблюдайте при этом дистанцию не менее 50 см. Ароматизатор также подходит для профессионального использования в сфере услуг.
19000306252;BANKA_HOME Янтарь и кашемир;спрей ароматический;Россия;1190;1071;https://goldapple.ru/19000306252-antar-i-kasemir;;"Парфюмированный спрей Fresh line ""Янтарь и кашемир"". Средство для ароматизации воздуха в помещениях и автомобиле, придания аромата текстилю.                             Это сложная древесная смесь с нотами янтаря.  Аромат представляет собой сочетание ванили, темного мускуса и сандалового дерева, с хорошо сбалансированной цитрусовой и цветочной нотой.";
99000107099;BY KAORI AMALFI;спрей ароматический;Испания;2790;2790;https://goldapple.ru/99000107099-amalfi;;Солнечные лучи, как лимонный сок, стекают по каждому зданию. Кажется, что вы попали в мечту: с одной стороны вас окружает город, усеянный зелеными кипарисами, а в другой — лазурная вода, переливающаяся на свету.  Аромат Amalfi — это теплое утро в месте, сошедшем с картин, брызги лимонного сока и аромат морской соли на загорелой коже. Amalfi идеален для ванной комнаты или обеденной зоны кухни и гостиной.;Встряхнуть флакон, распылить необходимое количество в помещении. При использовании распыляйте дозатором от себя и с расстояния не менее 30 см до объектов в комнате.
19000313989;VENEW green tea with lemon & mint;спрей ароматический;Россия;549;494;https://goldapple.ru/19000313989-green-tea-with-lemon-mint;;Неустаревающий хит, в какой бы линейке он ни был. Спрей тонизирует, поднимает настроение, заряжает бодростью, придает силы, актуален в жару. Нежный, свежий, ненавязчивый, милый аромат.  Словно освежающий утренний душ или чашка холодного зелёного чая с лимоном и мятой летним утром, которое обещает перерасти в жаркий день. Освежитель именно освежает в жару и умиротворяет в другие времена года. Парфюмированный спрей на водной основе. Необычное украшение для комнаты, хит с безвредным составом. Гипоаллергенная формула безопасна для людей и животных. Ароматизатор эффективно борется с неприятными запахами в туалете, от домашних животных или приготовления пищи. Применяйте интерьерный спрей в любом помещении: ванная, спальня или туалет. Нейтрализатор запахов можно использовать как духи для текстиля. Соблюдайте при этом дистанцию не менее 50 см. Парфюмерная композиция также подходит для профессионального использования в сфере услуг. Авто аксессуары быстро нейтрализуют неприятные запахи и создают приятную обстановку в салоне. Духи в машину - отличный подарок мужчине. Порадует любого водителя и заменит автопарфюм по скорости действия. Соберите из нескольких штук подарочный набор для женщин. Спреи ароматические стойкие и наполнены чувственными парфюмерными композициями. Спрей для белья создан для того, кто не готов мириться с затхлым запахом в шкафу или хочет просыпаться в окружении любимого аромата. Обогатите пространство с помощью освежителя воздуха для шкафа, офиса или туалета.  Возьмите 2-3 бутылочки - и вот перед вами готовый набор для ванной в подарок девушке. Поглотитель запаха - успешный продукт на рынке, никто не откажется от первоклассного парфюма для текстиля. Духи для туалета не оставляют следов на поверхностях (при соблюдении инструкции), мелкодисперсное распыление удобно и обеспечивает экономичный расход средства.;Встряхните флакон, держите его вертикально, распылите необходимое количество спрея в воздухе в направлении от лица. При необходимости повторите обработку. Допускается контакт с текстилем: мягкая мебель, шторы, постельное белье, одежда. Соблюдайте при этом дистанцию не менее 50 см. Ароматизатор также подходит для профессионального использования в сфере услуг.
19000118762;CHIARA FIRENZE LIMONAIA;спрей ароматический;;5620;5058;https://goldapple.ru/19000118762-limonaia;;"Chiara Firenze посвящает свои ароматы в особый регион: Тоскана. история совершенства, страсти и связи с территорией, а также диалога между знаниями и далекими культурами. парфюмерное искусство и выбор ценных эфирных масел, таким образом, встречает мастеров флорентийских ремесленных мастерских, чтобы возродить магию этой особой земли в ваших комнатах. Лимонный дом времен династии Медичи, Тосканы 18 века.  В Тоскане не было ни одной виллы, в которой не было бы ""лимонного домика"" для укрытия цитрусовых в зимний сезон после того, как Медичи распространили эту практику. Свежий и беззаботный аромат для отдыха в вашем доме.";
99000005119;ANNA TWELVE Horizon;спрей ароматический;;12700;9525;https://goldapple.ru/99000005119-horizon;;Horizon - На краю земли, вглядываясь в глубины неба. Живой и легкий аромат цитрусовых и слегка фруктовые нотки красных ягод сочетаются с дикой непосредственностью листьев мирта.  Солоноватый, влажный, травянистый, с оттенками йода -аромат морских водорослей смягчает выразительные аккорды сладких нот и древесную горечь.  Морская соль, цитрусовые, морские водоросли. Cube — это особый элемент антуража от Anna Twelve, созданный для интерьера, где каждая деталь имеет значение. Изысканный куб из черного стекла со стальным диффузором в стиле минимализма гармонично сочетается с элементами любого стиля. Идеально подходит для дома или гостиничного номера, о котором хочется сохранить приятные воспоминания. Помпа позволяет определить правильную дозировку парфюма, регулируя тем самым интенсивность аромата. Несколько распылений непосредственно на тюль или мебельную ткань обеспечат стойкость аромата в помещении.;Аромат распыляется непосредственно на тюль и мебельную ткань с расстояния 60 см.  Парфюм не повреждает ткани, не оставляет разводов и следов.  Рекомендуется избегать контакта с деликатными поверхностями.
19000118747;CHIARA FIRENZE AMBRA;спрей ароматический;;5620;5001;https://goldapple.ru/19000118747-ambra;;Chiara Firenze посвящает свои ароматы в особый регион: Тоскана. история совершенства, страсти и связи с территорией, а также диалога между знаниями и далекими культурами. парфюмерное искусство и выбор ценных эфирных масел, таким образом, встречает мастеров флорентийских ремесленных мастерских, чтобы возродить магию этой особой земли в ваших комнатах. Амбровые тона сочетаются с нотами уда, редкой и драгоценной восточной смолы. Сочетание, напоминающее запах корней и земли с древесно-бальзамическим фоном.;
19000196155;WALLY 1925 Brezza Di Mare;спрей ароматический;Италия;4730;4257;https://goldapple.ru/19000196155-brezza-di-mare;;Этот свежий аромат с цитрусовыми нотами наполнит ваш дом средиземноморским воздухом. Вы буквально кожей ощутите приятное дуновение прохладного и солоноватого бриза, будто вы находитесь на берегу моря. Аромат отлично подходит для помещений, предназначенных для ухода за телом.;Спрей необходимо распылять на расстоянии 30-40 см. Емкость рассчитана на 2000 нажатий.
99000065636;12LEGENDS Noir;спрей ароматический;;1999;1699;https://goldapple.ru/99000065636-noir;;Noir-cложный парфюмерный элегантный и богатый аромат. Идеально пойдет как женщинам, так и мужчинам. Он начинается с пряного оттенка шалфея и нотки цитрусовых. Лаванда придает мягкое цветочное и травяное ощущение этому букету, а дубовый мох, амбра и бобы тонка дополняют базу, создавая красивый и глубокий характер. Наполни свое пространство этим чувственным ароматом, создавая яркое настроение.;Распылять спрей следует в воздух или на текстиль с расстояния не менее 20-25 см.
19000160315;OXYGEN HOME Water lily;спрей ароматический;Россия;1008;907;https://goldapple.ru/19000160315-water-lily;;Абсолютно безопасные и нежные ароматы текстильной коллекции Oxygen Home. Которые помогут надолго сохранить свежесть белья и аромат в гардеробе. Ароматы для глажки наносятся непосредственно перед глажкой на ткань, перед прохождением по ней утюгом. Ароматы позволяют сохранить нежный/свежий аромат ткани надолго. Следов на ткани не оставляет. Нежный аромат водяной лилии с легкими  свежими нотами .;
19000182891;CULTI MILANO Supreme Amber;спрей ароматический;Италия;7720;7334;https://goldapple.ru/19000182891-supreme-amber;;Эксклюзивный скульптурный флакон квадратной формы из прозрачного стекла с цветной обрамлением флакона  для каждого аромата. Ароматы можно наносить на кожу и домашний текстиль. Теплый и насыщенный аромат пачули и амбры смягчается драгоценной черной ванилью.;Распылить небольшое количество спрея в помещении.
19000196147;WALLY 1925 Cashmere;спрей ароматический;Италия;4730;4257;https://goldapple.ru/19000196147-cashmere;;Ароматизаторы для белья – это незаменимое средство для придания вашим вещам индивидуального и неповторимого аромата. Наши парфюмы, созданные на основе традиций флорентийского текстильного ремесла, подарят предметам вашей одежды длительное ощущение чистоты.  Мягкость кашемира передана звучанием тосканских фруктовых нот и сладости ванили. Ничто не заменит теплые ароматные объятия долгими зимними вечерами!;Спрей необходимо распылять на расстоянии 30-40 см. Емкость рассчитана на 2000 нажатий.
19000118788;DURANCE Verbena;спрей ароматический;;3550;2449;https://goldapple.ru/19000118788-verbena;;В ароматической композиции переплелись искристые освежающие ноты лимона и цитронеллы и почти лимонная прохлада сочных листьев вербены, формируя яркий, бодрящий и очень красивый аромат. Поскольку бренд традиционно использует только натуральные эфирные масла, ароматическая композиция диффузора отличается особой красотой и атмосферностью звучания.;
19000118746;CHIARA FIRENZE AGRUMI;спрей ароматический;;5620;4496;https://goldapple.ru/19000118746-agrumi;;Chiara Firenze посвящает свои ароматы в особый регион: Тоскана. история совершенства, страсти и связи с территорией, а также диалога между знаниями и далекими культурами. парфюмерное искусство и выбор ценных эфирных масел, таким образом, встречает мастеров флорентийских ремесленных мастерских, чтобы возродить магию этой особой земли в ваших комнатах. Аромат посвящен особому способу выращивания цитрусовых растений в горшках, распространенному в Тоскане. Этот способ связан с желанием знатных семей прошлого использовать эти растения в качестве украшения своих вилл, а также с необходимостью прятать их от холодов в оранжереях в зимний период. Свежие и горькие нотки грейпфрута в сочетании с цедрой сладкого апельсина создают живой и насыщенный аромат, который обладает расслабляющим эффектом и дарит спокойствие.;
19000432768;TEATRO FRAGRANZE UNICHE POMPELMO PEPE;спрей ароматический;Италия;5000;4500;https://goldapple.ru/19000432768-pompelmo-pepe;;Грейпфрут & Перец раскрывается ярким цитрусовым аккордом, где свежесть грейпфрута, юдзу и лимона переплетается с пряной искрой розового и черного перца. Ароматическое путешествие, передающее свет и динамику жизни. Ода творческому началу Флоренции. Взрыв эмоций и утончённости, сочетающий силу и изысканный стиль. Прозрачный флакон подчеркивает гармонию и свежесть, превращая аромат в выразительную деталь интерьера. Неожиданный контраст, оживляет пространство и наполняет энергией. Аромат вдохновлен атмосферой Sun Club Veuve Clicquot, воплощает ощущение бесконечного лета, солнечного сияния и игривого настроения. Переливается свежими цитрусовыми нотами, искрится пряными акцентами и наполняет пространство радостью, энергией и элегантной непринужденностью. Идеально подходит для кухни, гостиной и столовой.;Спрей необходимо распылять на расстоянии 30-40 см.
19000374391;BAGO HOME Водяная лилия;спрей ароматический;Россия;1376;963;https://goldapple.ru/19000374391-vodanaa-lilia;;"Ароматический спрей для дома ""Водяная лилия"" окутает ваш дом свежестью и легкостью. Освежающий аромат водяной лилии с тонкими морскими акцентами соли и теплой мускусной основой создаёт атмосферу уюта и расслабления. Этот спрей идеально подходит для ароматизации дома, мягкой мебели, текстиля, платяных шкафов и салона автомобиля. Удобный формат позволяет быстро и легко освежать любое пространство, наполняя его приятным и ненавязчивым ароматом. Спрей ""Водяная лилия"" создан на основе натуральных компонентов без содержания спирта. Его парфюм для дома раскрывается чисто и естественно, добавляя свежие акценты вашему интерьеру. Ключевые преимущества: Освежающий аромат для дома с морскими и цветочными нотами Универсальное применение: для текстиля, мебели, автомобиля Удобство использования и стойкость аромата Создайте в своём доме атмосферу свежести и расслабления с ароматом водяной лилии!";Мы рекомендуем распылять спрей с расстояния не менее 30 сантиметров. Не рекомендуется распылять спрей на шелк и кожу. Перед применением протестируйте спрей на незаметном участке поверхности.
19000172112;MOMACANDLE Blue Fig & Santal matte;спрей ароматический;Россия;2420;2178;https://goldapple.ru/19000172112-blue-fig-santal-matte;;Густая роща инжирных деревьев. В тесном дворике на жаре вариться варенье из смоквы. Над кипящим вареньем поднимается волшебный, медовый аромат. Еще немного томного сандала и мускатного ореха и хочется вдыхать этот манящий аромат снова и снова.  Аромат средиземноморского инжира напоминает о весне и лете весь год.;Перед применением рекомендуем встряхнуть. Распылять на расстоянии 30 см.
19000118778;CHIARA FIRENZE ROSSO FIORENTINO;спрей ароматический;;5620;5058;https://goldapple.ru/19000118778-rosso-fiorentino;;Chiara Firenze посвящает свои ароматы в особый регион: Тоскана. история совершенства, страсти и связи с территорией, а также диалога между знаниями и далекими культурами. парфюмерное искусство и выбор ценных эфирных масел, таким образом, встречает мастеров флорентийских ремесленных мастерских, чтобы возродить магию этой особой земли в ваших комнатах. Этот аромат получил свое название от отца флорентийского маньеризма , рисовальщика Россо Фиорентино. Его картины характеризуются интенсивными цветами, как и этот аромат, который представляет сильный оттенок всей гаммы ароматов Chiara Firenze. Цитрусовые нотки в сочетании с перцем и корицей создают стимулирующую и острую комбинацию.;
19000321559;TEATRO FRAGRANZE UNICHE ROSE OUD;спрей ароматический;Италия;5500;4950;https://goldapple.ru/19000321559-rose-oud;;Элегантность розы. Ночные встречи. Таинственность уда. Таинственный и соблазнительный, как тайные отношения, которые необходимо скрывать, как история любви, которую шепчут в ночном саду, полном волшебных роз и деревьев.  Цветочно-пряный аромат с нотками мускусного уда.  Идеально подходит для особых мероприятий или просто для придания интригующей ауры любому пространству.  Идеально подходит как в более интимной и замкнутой обстановке, так и в местах для отдыха и встреч. Ощущение свежести и чистоты  без лишних усилий. Коллекция стильных и элегантных ароматов, вдохновленные фактурой тканей и подходит для сохранения их свежести и аромата. Аромат для белья в спрее  может быть использован для ароматизации полотенец, скатертей, салфеток, покрывала и другого текстиля. Ваше бельё будет благоухать свежим и приятным ароматом. Подходит для любого вида тканей.;Спрей необходимо распылять на расстоянии 30-40 см.
19000321557;TEATRO FRAGRANZE UNICHE NERO DIVINO;спрей ароматический;Италия;5500;4950;https://goldapple.ru/19000321557-nero-divino;;Сладкий и изысканный аромат клубники и черного винограда в сочетании с живостью ежевики и земляника оттенены таинственными благовониями и кожей.  Свежая древесная база привнесет в дом ощущения праздника, радости и роскоши. Ощущение свежести и чистоты  без лишних усилий. Коллекция стильных и элегантных ароматов, вдохновленные фактурой тканей и подходит для сохранения их свежести и аромата. Аромат для белья в спрее  может быть использован для ароматизации полотенец, скатертей, салфеток, покрывала и другого текстиля. Ваше бельё будет благоухать свежим и приятным ароматом.  Подходит для любого вида тканей.;Спрей необходимо распылять на расстоянии 30-40 см.
19000118785;CHIARA FIRENZE URTICA;спрей ароматический;;5620;5058;https://goldapple.ru/19000118785-urtica;;Chiara Firenze посвящает свои ароматы в особый регион: Тоскана. история совершенства, страсти и связи с территорией, а также диалога между знаниями и далекими культурами. парфюмерное искусство и выбор ценных эфирных масел, таким образом, встречает мастеров флорентийских ремесленных мастерских, чтобы возродить магию этой особой земли в ваших комнатах.;
99000005123;ANNA TWELVE Soho;спрей ароматический;;12700;9525;https://goldapple.ru/99000005123-soho;;Soho - по улочкам города в поисках новых эмоций.  Свежие нотки розового грейпфрута играют пикантной живостью Май Чанг и утопают в изысканном букете из цветов апельсина и жасмина.  Сладость цветов липы дополнена обволакивающими аккордами ветивера.  Лайм, Мускатный шалфей, Цветы липы. Cube — это особый элемент антуража от Anna Twelve, созданный для интерьера, где каждая деталь имеет значение. Изысканный куб из черного стекла со стальным диффузором в стиле минимализма гармонично сочетается с элементами любого стиля. Идеально подходит для дома или гостиничного номера, о котором хочется сохранить приятные воспоминания. Помпа позволяет определить правильную дозировку парфюма, регулируя тем самым интенсивность аромата.  Несколько распылений непосредственно на тюль или мебельную ткань обеспечат стойкость аромата в помещении.;Аромат распыляется непосредственно на тюль и мебельную ткань с расстояния 60 см.  Парфюм не повреждает ткани, не оставляет разводов и следов.  Рекомендуется избегать контакта с деликатными поверхностями.
99000005113;ANNA TWELVE Dune;спрей ароматический;;12700;9525;https://goldapple.ru/99000005113-dune;;Аромат Dune — в ночной глубине между дюнами и звездами. Интенсивная и огненная чувственность агарового дерева дополнена нотками бензоиновых смол и черным ладаном из Сомали.  Нежные аккорды розы сливаются со сладостью малины и силой герани, вплетаясь друг в друга и становясь единым целым с сердцем шафрана, уносящим к звездным ночам в пустыне. Cube — это особый элемент антуража от Anna Twelve, созданный для интерьера, где каждая деталь имеет значение. Изысканный куб из черного стекла со стальным диффузором в стиле минимализма гармонично сочетается с элементами любого стиля. Идеально подходит для дома или гостиничного номера, о котором хочется сохранить приятные воспоминания. Помпа позволяет определить правильную дозировку парфюма, регулируя тем самым интенсивность аромата. Несколько распылений непосредственно на тюль или мебельную ткань обеспечат стойкость аромата в помещении.;Аромат распыляется непосредственно на тюль и мебельную ткань с расстояния 60 см.  Парфюм не повреждает ткани, не оставляет разводов и следов.  Рекомендуется избегать контакта с деликатными поверхностями.
19000078065;OXYGEN HOME Textile Waterfall;спрей ароматический;;1008;907;https://goldapple.ru/19000078065-textile-waterfall;;Нежный оттенок леденящей воды освежит поглаженную ткань.;Абсолютно безопасные и нежные ароматы текстильной коллекции Oxygen Home. Которые помогут надолго сохранить свежесть белья и аромат в гардеробе. Ароматы для глажки наносятся непосредственно перед глажкой на ткань, перед прохождением по ней утюгом. Ароматы позволяют сохранить нежный/свежий аромат ткани надолго. Следов на ткани не оставляет
19000234927;BY KAORI Carolina;спрей ароматический;Россия;1890;1890;https://goldapple.ru/19000234927-carolina;;Моментальная и насыщенная ароматизация пространства. Парфюм для вашего интерьера и домашнего пространства подарит мгновенную и стойкую ароматизацию на 24 часа. Идеальный вариант для создания атмосферы и настроения по особому поводу. Подходит для использования на домашнем текстиле, шторах и мягких поверхностей мебели;Распылить на текстильные элементы мебели на расстоянии 15-30 см. Интерьерный парфюм предназначен для ароматизации пространства, поэтому вы также можете распылить его в воздух в комнате.
19000321550;TEATRO FRAGRANZE UNICHE SPEZIATO FIORENTINO;спрей ароматический;Италия;4950;4455;https://goldapple.ru/19000321550-speziato-fiorentino;;Аромат домашней атмосферы, семейного праздника, волшебства для детей и взрослых.  Праздничные, знакомые ароматы апельсина и мандарина переплетаются с пряными нотами корицы, черного перца и гвоздики.  Лучше всего подходит для кухни, столовой и гостиной. Идеален для ароматизации гостиной, столовой или кухни. Согревает длинными зимними вечерами и вносит в атмосферу предчувствие волшебства и праздника.;Спрей необходимо распылять на расстоянии 30-40 см. Может использоваться самостоятельно или служить дополнением к диффузору.
19000454038;ETERIA COSMO Розмарин, лавр, шалфей;спрей ароматический;Россия;591;531;https://goldapple.ru/19000454038-rozmarin-lavr-salfej;;Аромат для концентрации и баланса энергии. Насладитесь моментами счастья и гармонии с ароматом «Розмарин, лавр и шалфей». Свежий и бодрящий аромат розмарина переплетается с благородными нотами лавра, пряно-травяные акценты бархатистого шалфея создают утончённую композицию, которая наполняет дом чистотой и освежает сознание. Вдохновитесь ароматным шлейфом тосканских пейзажей, заряжаясь жизнерадостной энергией.;Разбрызгивать на расстоянии не менее 30 см от изделия.
99000066063;12LEGENDS Relax;спрей ароматический;;1999;1799;https://goldapple.ru/99000066063-relax;;Relax - цветочный, свежий, сладкий аромат с аккордами океанской соли, подчеркнутым изысканными цветочными нотами - от нежной орхидеи до ароматного жасмина и тонкого аромата ландыша. Дополнение в виде ноток дерева придает этому аромату теплоту и мягкость, создавая уютное облако в любом пространстве.;Распылять спрей следует в воздух или на текстиль с расстояния не менее 20-25 см. Хранить при температуре от +5 до +25 в недоступном для детей месте. Не ставьте спрей возле источников тепла. Храните в недоступном для детей месте. Избегать попадания в глаза. Беречь от огня. Не употреблять внутрь.
19000118748;CHIARA FIRENZE ARBOREA;спрей ароматический;;5620;5058;https://goldapple.ru/19000118748-arborea;;"Chiara Firenze посвящает свои ароматы в особый регион: Тоскана. история совершенства, страсти и связи с территорией, а также диалога между знаниями и далекими культурами. парфюмерное искусство и выбор ценных эфирных масел, таким образом, встречает мастеров флорентийских ремесленных мастерских, чтобы возродить магию этой особой земли в ваших комнатах. Аромат получил свое название  в честь силы кедрового дерева, которое всегда было символом долголетия и величия. В сочетании с морскими нотами, ""вода"" и ""земля"" объединяются, давая жизнь свежему живому  аромату ,благодаря нотам березы и смолы.";
19000061958;TONKA PERFUMES MOSCOW ALTAI;спрей ароматический;;3500;2800;https://goldapple.ru/19000061958-altai;;Парфюмированный спрей для интерьера Tonka Perfumes Moscow предназначен для ароматизации пространств. Спрей мгновенно ароматизирует пространство до 50 м2.;2-3 нажатиями на дозатор распылите в центре помещения или нанесите на домашний текстиль. Не рекомендуется наносить на светлые, натуральные ткани, резину. С осторожностью используйте для пластика, мобильных устройств и бытовой техники.
19000321515;TEATRO FRAGRANZE UNICHE BATUFFOLO;спрей ароматический;Италия;8800;7920;https://goldapple.ru/19000321515-batuffolo;;Аромат BATUFFOLO создан специально для детской комнаты: легкий и неосязаемый, безусловный, как мамина любовь. Чистый аромат пудры в сочетании с бальзамическими нотами эвкалипта и морской сосны создают расслабляющий и очищающий аромат, подобный свежести предрассветного воздуха. В сердце аромата свежие женственные ноты ландыша и жасмина. В нотах базы собраны спокойные оттенки мускуса и ванили. Идеально подходит для спальни, ванной и детской комнаты.;Спрей необходимо распылять на расстоянии 30-40 см. Может использоваться самостоятельно или служить дополнением к диффузору.
19000469364;FLAME MOSCOW Eulalia;спрей ароматический;Россия;1500;1425;https://goldapple.ru/19000469364-eulalia;;"Eulalia — это воспоминания юности; воспоминания, вдохновлённые беззаботным временем. В нём мы старались увековечить мимолётную красоту момента. Розовая вода, окружённая землистыми аккордами, нотами пачули и тёплого трюфеля. Роза в сочетании с шиповником отражает нежную природу аромата. Результат — мягкий, сияющий, прозрачный. С помощью спрея можно создать нужную атмосферу дома, в офисе или в путешествии. Благодаря натуральному составу наши спреи не только безвредны, но и мультифункциональны — их можно использовать на текстиле, мебели, одежде, а также как туалетную воду для тела. В каждой бутылочке 50 мл ароматической смеси, которую можно распылить около 350 раз. В зависимости от личных предпочтений в использовании один спрей прослужит от 1 до 3 месяцев.";Распылите аромат на текстиль.
19000118764;CHIARA FIRENZE MEDITERRANEO;спрей ароматический;;5620;5058;https://goldapple.ru/19000118764-mediterraneo;;Chiara Firenze посвящает свои ароматы в особый регион: Тоскана. история совершенства, страсти и связи с территорией, а также диалога между знаниями и далекими культурами. парфюмерное искусство и выбор ценных эфирных масел, таким образом, встречает мастеров флорентийских ремесленных мастерских, чтобы возродить магию этой особой земли в ваших комнатах. Этот аромат получил свое название в честь побережья Средиземного моря , и потрясающих его пейзажей. Это ароматное  путешествие по культуре древних традиций с нотами леса и смол средиземноморских деревьев в сочетании со свежими и живыми оттенками цитрусовых.;
19000196071;LOGEVY FIRENZE 1965 Cotone;спрей ароматический;Италия;8800;7920;https://goldapple.ru/19000196071-cotone;;Наши парфюмеры, посвятили этот аромат натуральной хлопковой ткани. Свежие и элегантные ноты, создают ощущение чистоты и гармонии.;Аромат для белья в спреи может быть использован для ароматизации полотенец, скатертей, салфеток, покрывала и другого текстиля. Ваше бельё будет благоухать свежим и приятным ароматом. Подходит для любого вида тканей. Не оставляет пятен. Спрей необходимо распылить на белье на расстоянии 30-40 см.
99000062860;EUTHALIA FRAGRANCES Herbes Sauvages;спрей ароматический;;6500;5200;https://goldapple.ru/99000062860-herbes-sauvages;;Herbes Sauvages пахнет, словно букет диких трав, собранный по дороге к Средиземному морю. Вдохните свежие искрящиеся ноты мяты и эвкалипта с горьковатым акцентом розмарина, лаванды, тимьяна и майорана. Душистые травы переплетаются с пряными оттенками кориандра и гвоздики. Древесная нота сосны напоминает расплавленную от жары хвойную смолу. Терпкость букета смягчена нежным, чувственным присутствием жасмина. Травяной, дикий и насыщенный: Herbes Sauvages как нагретый солнцем парк в Средиземноморье.;Распылите средство в воздух.
19000196154;WALLY 1925 Arilli di Melagrana;спрей ароматический;Италия;4730;4257;https://goldapple.ru/19000196154-arilli-di-melagrana;;Гранат – это идеальный аромат для Рождества, испокон веков он олицетворял плодородие и изобилие. Дарить гранаты на Рождество или вкушать его ягоды в кругу семьи в Новогоднюю ночь сулит удачу в будущем году. Его фруктовый аромат, деликатный и стойкий, дарит ощущение чистоты и свежести, будто свежевыжатый гранатовый сок.;Спрей необходимо распылять на расстоянии 30-40 см. Емкость рассчитана на 2000 нажатий.
19000118780;DURANCE Silver Cedar;спрей ароматический;;3550;2449;https://goldapple.ru/19000118780-silver-cedar;;Спрей для дома Durance мгновенно ароматизируют все комнаты в доме, чтобы создать индивидуальную атмосферу. Теплая атмосфера, где сладкий аромат корицы совершенствуется с сочными ароматами апельсиновых фруктов, чтобы осветить ваш дом для ваших близких. Острые ноты серебряного кедра отрезвляют, в то время как сандаловое дерево еще более усиливает наши чувства.;
19000454039;ETERIA COSMO Фрезия, сирень, драгоценное дерево;спрей ароматический;Россия;591;531;https://goldapple.ru/19000454039-frezia-siren-dragocennoe-derevo;;Аромат для концентрации и баланса энергии. Погрузитесь в изысканный мир чувственности и изящества с ароматом «Фрезия, сирень и драгоценное дерево». Насыщенные ноты фрезии переплетаются с нежным ароматом сирени, создавая волшебное сочетание свежести и благоухания в вашем доме. Древесные аккорды добавляют глубину и роскошь. Наполните свое пространство природной красотой и ощущением полной гармонии.;Разбрызгивать на расстоянии не менее 30 см от изделия.
19000118752;CHIARA FIRENZE CARDAMOMUM;спрей ароматический;;5620;5058;https://goldapple.ru/19000118752-cardamomum;;Chiara Firenze посвящает свои ароматы в особый регион: Тоскана. история совершенства, страсти и связи с территорией, а также диалога между знаниями и далекими культурами. парфюмерное искусство и выбор ценных эфирных масел, таким образом, встречает мастеров флорентийских ремесленных мастерских, чтобы возродить магию этой особой земли в ваших комнатах. Опьяняющий аромат, получивший свое название от пряности, которая в древности считалась «пряностью, заставляющей влюбляться». Это незаменимый аромат, когда вы чувствуете недостаток энергии и усталость. Кардамон- это пряные тона, подслащенные нотами листьев мандарина и мускатного ореха , он придает силы и стимулирует мозговую активность.;
99000005245;ANNA TWELVE Royale;спрей ароматический;;11500;8625;https://goldapple.ru/99000005245-royale;;Royale — Поиск сокровищ- это приключение, которое ждет тебя каждый день.  Необузданная ласка черной смородины окутана ванильным букетом бурбонской розы, иланг-иланга и орхидеи.  Шлейф манит приятным ароматом пачули.  Черная смородина, Бурбонская роза, Какао. Cube — это особый элемент антуража от Anna Twelve, созданный для интерьера, где каждая деталь имеет значение. Изысканный куб из черного стекла со стальным диффузором в стиле минимализма гармонично сочетается с элементами любого стиля. Идеально подходит для дома или гостиничного номера, о котором хочется сохранить приятные воспоминания. Помпа позволяет определить правильную дозировку парфюма, регулируя тем самым интенсивность аромата. Несколько распылений непосредственно на тюль или мебельную ткань обеспечат стойкость аромата в помещении.;Парфюм рекомендуется распылять на автомобильные коврики на расстоянии 60 см. Парфюм не повреждает материалы, не оставляет разводов и следов. Рекомендуется избегать контакта с деликатными поверхностями.
19000288454;BOCA AROMA Natural Cotton;спрей ароматический;Россия;1650;1650;https://goldapple.ru/19000288454-natural-cotton;;Парфюмированный интерьерный спрей для ароматизации постельного белья, полотенец и прочего текстиля вашего дома.  Аромат Natural Cotton—идеальный аромат белых, хрустящих отельных полотенец. Вспомнили? Теперь воссоздать эту эстетику у себя дома стало проще. Аромат, который сливается в гармонию спокойным звучанием хлопка и белого мускуса. Благодаря экологичному составу наши спреи на водной основе не только безвредны, но и многофункциональны — их можно использовать на текстиле, мебели, одежде, в автомобиле. Не содержат спирт и фталаты.  В интернет-магазине представлен актуальный дизайн продукта. Обращаем внимание, возможно поступление товара в старом дизайне.;Нанесите на текстиль на расстоянии 30-40 см 2-3 нажатиями на распылитель.  Беречь от детей.  Не содержат спирт и фталаты.
19000118777;DURANCE Precious Wood;спрей ароматический;;3550;2343;https://goldapple.ru/19000118777-precious-wood;;Спрей для дома Durance мгновенно ароматизируют все комнаты в доме, чтобы создать индивидуальную атмосферу. Теплая атмосфера, где сладкий аромат корицы совершенствуется с сочными ароматами апельсиновых фруктов, чтобы осветить ваш дом для ваших близких. Богатство и изысканность аккордов удового дерева  для теплой и элегантной атмосферы. Желание отправиться на далекую землю ... Приглашение в  путешествие в  уникальный, драгоценный , и  далекий лес , богатый различными древесными породами.;
19000155389;VAN&MUN Coniferous forest;спрей ароматический;Россия;490;363;https://goldapple.ru/19000155389-coniferous-forest;;Аромат свежих иголок и смолы напомнит о прогулках в хвойном лесу. Он поможет отвлечься от суеты и расслабиться, поэтому прекрасно подойдет для ванной комнаты или спальни. Спрей для дома подходит для использования в жилых помещениях, офисах, салонах красоты или магазинах.;Снимите колпачок. Распылите спрей. На текстиль мы рекомендуем распылять спрей с расстояния не менее 20-30 см во избежание пятен. Не рекомендуется распылять спрей на шелк и кожу. Перед применением протестируйте спрей на незаметном участке поверхности. В автомобиле направьте распылитель центральную часть салона, достаточно одного впрыска. Наслаждайтесь ароматом!
99000062890;EUTHALIA FRAGRANCES Nefertiti Oud;спрей ароматический;;6500;6500;https://goldapple.ru/99000062890-nefertiti-oud;;Сложный и утонченный, Nefertiti Oud — это таинственный, завораживающий аромат, раскрывающийся с течением времени. Изысканная нота шоколада, легкий привкус ревеня и нежный нюанс ванили открывают аромат, сопровождаемый пряными, интенсивными аккордами кофе, черного перца и корицы.Сложная симфония, которая усиливает ноту уда, “дерева богов”, самого благородного среди ароматов. В основе - элегантные, стильные ноты амбры, ветивера и сандалового дерева.Nefertiti Oud - аромат, заключающий в себе величие вечной красоты, гармонии и равновесия.;Распылите средство в воздух.
19000266547;BOTANIKA MARRAKECH Jemaa el fna;спрей ароматический;Марокко;6990;6990;https://goldapple.ru/19000266547-jemaa-el-fna;;Средство для ароматизации помещений.  Распыляйте cпрей в комнате или в ванной. Стойкость продукта от 3 до 7 часов, в зависимости от поверхности, на которую он наносится, и количества пшиков.;Распылите необходимое количество средства в воздухе.  Для усиления ароматического эффекта можно распылить спрей на текстиль — диваны, шторы и постельное белье.  Важно распылять с расстояния не менее одного метра, чтобы избежать масляных пятен.  Избегать попадания на кожу и кожзаменитель.
99000005121;ANNA TWELVE Flame;спрей ароматический;;12700;9525;https://goldapple.ru/99000005121-flame;;Flame— Безмятежность теплых объятий.  Нежный, свежий цветочный аромат лаванды, туберозы и герани с будоражащим пряным оттенком.  Нотки черного перца саравак и гвоздика, вкупе с соблазнительной мягкостью корицы и кардамона, дополнены ароматными аккордами древесины и ветивера.  Тубероза, Специи, Кедр. Cube — это особый элемент антуража от Anna Twelve, созданный для интерьера, где каждая деталь имеет значение. Изысканный куб из черного стекла со стальным диффузором в стиле минимализма гармонично сочетается с элементами любого стиля.  Идеально подходит для дома или гостиничного номера, о котором хочется сохранить приятные воспоминания.  Помпа позволяет определить правильную дозировку парфюма, регулируя тем самым интенсивность аромата.  Несколько распылений непосредственно на тюль или мебельную ткань обеспечат стойкость аромата в помещении.;Аромат распыляется непосредственно на тюль и мебельную ткань с расстояния 60 см.  Парфюм не повреждает ткани, не оставляет разводов и следов.  Рекомендуется избегать контакта с деликатными поверхностями.
19760345304;DR. VRANJES FIRENZE Milano;спрей ароматический;;7800;7800;https://goldapple.ru/19760345304-milano;;Обволакивающий аромат для дома, воплощающий взрыв чувственности. Сочетание перца и сандала вместе с искрящимся аккордом кедра оживляют интенсивные ноты пачули. Аромат придаёт энергию жилым комнатам, любезно приглашая всех присоединиться к компании.  Предлагается для использования в гостиной и офисе.;Распылите аромат в воздух.
19000321521;TEATRO FRAGRANZE UNICHE FIORE;спрей ароматический;Италия;8800;7920;https://goldapple.ru/19000321521-fiore;;Элегантный аромат воспоминаний. Свежий и изысканный, привлекательный и соблазнительный, аромат, который раскрывает элегантность воспоминаний. Меланж белых цветов с мягким, но сильным характером, словно взрыв цветочных нот, которые пробуждают эмоции и воспоминания о чисто женской энергии.  Соблазнительный аромат роскоши и воспоминаний Fiore  — Цветок — словно прогулка в садах на флорентийской вилле в разгар весны. Сложная композиция Fiore создает особое настроение и элегантную атмосферу.;Спрей необходимо распылять на расстоянии 30-40 см. Может использоваться самостоятельно или служить дополнением к диффузору.
19000321560;TEATRO FRAGRANZE UNICHE TABACCO 1815;спрей ароматический;Италия;5500;4950;https://goldapple.ru/19000321560-tabacco-1815;;Тайна и очарование традиций Тосканы. Роскошный аромат Tabacco 1815 посвящен 200-летнему юбилею знаменитой тосканской сигары (1615 год).  Звучит нотами специй, цейлонской корицы, гвоздики и полыни, раскрывающими сильный табачный характер.  В сердце аромата — табак, в обрамлении ветивера и кокоса. Мощный аккорд из гелиотропа, бензоина, ванили и амбры останется в памяти надолго. Особенно обратите внимание на этот аромат все, кому важно подчеркнуть статусность в офисе.  Ощущение свежести и чистоты  без лишних усилий. Коллекция стильных и элегантных ароматов, вдохновленные фактурой тканей и подходит для сохранения их свежести и аромата. Аромат для белья в спрее  может быть использован для ароматизации полотенец, скатертей, салфеток, покрывала и другого текстиля.  Ваше бельё будет благоухать свежим и приятным ароматом.  Подходит для любого вида тканей.;Спрей необходимо распылять на расстоянии 30-40 см.
19000321530;TEATRO FRAGRANZE UNICHE SPEZIATO FIORENTINO;спрей ароматический;Италия;8800;7920;https://goldapple.ru/19000321530-speziato-fiorentino;;Аромат домашней атмосферы, семейного праздника, волшебства для детей и взрослых.  Праздничные, знакомые ароматы апельсина и мандарина переплетаются с пряными нотами корицы, черного перца и гвоздики. Лучше всего подходит для кухни, столовой и гостиной. Идеален для ароматизации гостиной, столовой или кухни. Согревает длинными зимними вечерами и вносит в атмосферу предчувствие волшебства и праздника.;Спрей необходимо распылять на расстоянии 30-40 см. Может использоваться самостоятельно или служить дополнением к диффузору.
19000321519;TEATRO FRAGRANZE UNICHE DIAMANTE;спрей ароматический;Италия;8800;7920;https://goldapple.ru/19000321519-diamante;;Teatro Fragranze Uniche, флорентийская лаборатория ароматов и Симоне Андреоли - талантливый итальянский парфюмер-новатор с ярко выраженной индивидуальностью, объединились, чтобы создать концептуальный интерьерный аромат, совершенно уникальный: “DIAMANTE - Scent of Art”. Цель заключалась в создании уникального аромата, подобного камню, которым вдохновились создатели. Его структура определила ароматические аккорды – янтарные, древесные, сладкие и смолистые. Атмосферный аромат наполняет пространство особым благоуханием и располагает к продолжительному и приятному общению. Идеален для ароматизации гостиной и кабинета.;Спрей необходимо распылять на расстоянии 30-40 см. Может использоваться самостоятельно или служить дополнением к диффузору.
19000266549;BOTANIKA MARRAKECH Kasbah;спрей ароматический;Марокко;3700;3700;https://goldapple.ru/19000266549-kasbah;;Средство для ароматизации помещений.  Распыляйте cпрей в комнате или в ванной.  Стойкость продукта от 3 до 7 часов, в зависимости от поверхности, на которую он наносится, и количества пшиков.;Распылите необходимое количество средства в воздухе.  Для усиления ароматического эффекта можно распылить спрей на текстиль — диваны, шторы и постельное белье.  Важно распылять с расстояния не менее одного метра, чтобы избежать масляных пятен.  Избегать попадания на кожу и кожзаменитель.
99000005141;ANNA TWELVE Cruise;спрей ароматический;;6600;4950;https://goldapple.ru/99000005141-cruise;;Сruise — Унисон побережья и моря.  Свежесть алоэ и агавы сочетаются со сладкими нотами инжирного нектара и ревеня, где легкая фруктовая композиция играет травяными зелеными аккордами, дополняемыми  пикантным морским амбре.  Агава, Инжир, Ревень. Cube — это особый элемент антуража от Anna Twelve, созданный для интерьера, где каждая деталь имеет значение. Изысканный куб из черного стекла со стальным диффузором в стиле минимализма гармонично сочетается с элементами любого стиля.  Идеально подходит для дома или гостиничного номера, о котором хочется сохранить приятные воспоминания. Помпа позволяет определить правильную дозировку парфюма, регулируя тем самым интенсивность аромата. Несколько распылений непосредственно на тюль или мебельную ткань обеспечат стойкость аромата в помещении.;Парфюм рекомендуется распылять на автомобильные коврики на расстоянии 60 см. Парфюм не повреждает материалы, не оставляет разводов и следов. Рекомендуется избегать контакта с деликатными поверхностями.
19000156549;DIVINE AROMA Corleone;спрей ароматический;Россия;5870;4696;https://goldapple.ru/19000156549-corleone;;Утонченная ягодно-фруктовая композиция с игривыми оттенками просекко вдохновляет на творческие свершения. Сладкие цветочные аккорды дарят чувство гармонии и безмятежности, отвлекая от суеты внешнего мира.;Распыляйте необходимое количество парфюмерной композиции в помещении или салоне автомобиля на расстоянии не менее 30 см от поверхностей.  Спрей предназначен исключительно для ароматизации помещений и замкнутых пространств, не использовать в качестве парфюмерно-косметической продукции для людей и животных.
19000321549;TEATRO FRAGRANZE UNICHE ROSE OUD;спрей ароматический;Италия;6050;5445;https://goldapple.ru/19000321549-rose-oud;;Элегантность розы. Ночные встречи. Таинственность уда. Таинственный и соблазнительный, как тайные отношения, которые необходимо скрывать, как история любви, которую шепчут в ночном саду, полном волшебных роз и деревьев.  Цветочно-пряный аромат с нотками мускусного уда. Идеально подходит для особых мероприятий или просто для придания интригующей ауры любому пространству.  Идеально подходит как в более интимной и замкнутой обстановке, так и в местах для отдыха и встреч.;Спрей необходимо распылять на расстоянии 30-40 см. Может использоваться самостоятельно или служить дополнением к диффузору.
19000266550;BOTANIKA MARRAKECH Koutoubia;спрей ароматический;Марокко;6990;6990;https://goldapple.ru/19000266550-koutoubia;;Средство для ароматизации помещений. Распыляйте cпрей в комнате или в ванной. Стойкость продукта от 3 до 7 часов, в зависимости от поверхности, на которую он наносится, и количества пшиков.;Распылите необходимое количество средства в воздухе. Для усиления ароматического эффекта можно распылить спрей на текстиль — диваны, шторы и постельное белье. Важно распылять с расстояния не менее одного метра, чтобы избежать масляных пятен. Избегать попадания на кожу и кожзаменитель.
19000196150;WALLY 1925 Lino;спрей ароматический;Италия;4730;4257;https://goldapple.ru/19000196150-lino;;Ароматизаторы для белья – это незаменимое средство для придания вашим вещам индивидуального и неповторимого аромата. Наши парфюмы, созданные на основе традиций флорентийского текстильного ремесла, подарят предметам вашей одежды длительное ощущение чистоты.  Льняные изделия всегда навевают мысли о далеких и диких землях. Грубая и скользкая текстура передана с помощью контраста цитрусовых верхних нот и базовых восточных нот.;Спрей необходимо распылять на расстоянии 30-40 см. Емкость рассчитана на 2000 нажатий.
99000067423;KARLSBACH Moments Home Perfume Mardi;спрей ароматический;;8000;8000;https://goldapple.ru/99000067423-moments-home-perfume-mardi;;"""Аромат - это природа роскоши или утонченная роскошь природы"" - Кристиан Лакруа. Премиальные товары для дома от Karlsbach: роскошь и комфорт в каждой детали Когда речь заходит о создании уютной и стильной атмосферы в доме, премиальные товары становятся настоящим спасением. Эти изделия не просто украшают интерьер, они привносят в него изысканность и роскошь, делая каждый день особенным. Кампания Karlsbach – первая в индустрии, которая интегрировала настоящую нишевую парфюмерию в ароматы для интерьера, переделав состав, но оставив композиции настоящих духов. Для создания коллекции диффузоров были использованы исключительно натуральные ингредиенты – французское масло и био компоненты, не вызывающие аллергических реакций (не сопровождалось аллергическими реакциями в 98% случаев). Премиальные ароматы – это не просто способ освежить пространство, это искусство создания атмосферы, которая способствует расслаблению и гармонии. Когда речь заходит о создании атмосферы премиальные ароматы становятся неотъемлемой частью этого пространства. Премиальные ароматы – это высококачественные продукты, созданные с использованием натуральных ингредиентов и передовых технологий. Пирамида ароматов отличается своей глубиной и стойкостью, раскрываясь новыми гранями. Подобно хорошему нишевому парфюму. Благодаря высокому качеству ингредиентов и продуманной формуле, ароматы сохраняют свою интенсивность и свежесть на протяжении длительного времени. Эстетика: в зависимости от настроения и особенностей пространства попробуйте оба варианта крышки диффузора – золотой шар или минималистичный классический вариант. Разнообразие ароматов: вы можете выбрать аромат, который соответствует вашему настроению и предпочтениям – от свежих и цитрусовых до древесных амбровых и цветочных нот. Более брутальные и глубокие композиции соседствуют с легкими цветочными букетами. Помимо этого, ароматы созданы с учетом того, чтобы быть уместными не только в жилых интерьерах – Karlsbach идеально впишется в пространство вашего кабинета, офиса, приемной, лобби отеля или зоны ожидания ресторана. Духи в составе коллекции Home Parfume содержат те же компоненты, что и в парфюмерии, адаптированные для использования в помещении. Они могут считаться унисекс-ароматами и безопасны при контакте с кожей. Особенности:  Исключительное стекло - полированное хрустальное стекло, использованное в Karlsbach Moments, создаёт ощущение ясности и элегантности. Фирменный цвет - уникальный оттенок ""Karlsbach blue"" – визитная карточка бренда, придающая неповторимый шарм. Золотая деталь - оригинальный золотой шар с гальваническим покрытием – это не просто декоративный элемент, а символ безупречного стиля, объединяющий все элементы дизайна в единое целое.";Хорошо встряхните флакон. Держа его вертикально, распылите в нужном количестве по помещению. При необходимости повторите. Рекомендуется избегать попадания на светлые ткани, так как парфюмерная композиция может иметь оттенок.
19000306247;BANKA_HOME Булочки с корицей;спрей ароматический;Россия;1190;1071;https://goldapple.ru/19000306247-bulocki-s-koricej;;Парфюмированный спрей Fresh line - Булочки с корицей. Средство для ароматизации воздуха в помещениях и автомобиле, придания аромата текстилю.                   Аромат свежеиспеченных булочек с корицей, политых ванильной глазурью.;
19000213988;VAN&MUN Green Field;спрей ароматический;Россия;693;589;https://goldapple.ru/19000213988-green-field;;"Ароматический спрей для дома ""VAN&MUN"" 100 мл. Зеленое поле.   Описание аромата:   Сладковатый аромат свежескошенной травы, оттененный горьковатой нотой полыни.     Ароматический спрей для дома ""VAN&MUN"" - ароматизатор для использования в жилых помещениях, офисах, салонах красоты, автомобилях или магазинах.";Снять пластиковую крышку с флакона, легким нажатием распылить спрей в центре помещения.   При легком нажатии на распылитель спрей   при объеме  100 мл. содержит около 400 пшиков.
19000156558;DIVINE AROMA Verona;спрей ароматический;Россия;6220;4976;https://goldapple.ru/19000156558-verona;;Чувственная восточно-древесная композиция с теплыми переливами нот янтаря раскрепощает, придает уверенности и настраивает на положительные эмоции. Свежее звучание листьев пачули и герани наполняет пространство гармонией и спокойствием.;Распыляйте необходимое количество парфюмерной композиции в помещении или салоне автомобиля на расстоянии не менее 30 см от поверхностей.  Спрей предназначен исключительно для ароматизации помещений и замкнутых пространств, не использовать в качестве парфюмерно-косметической продукции для людей и животных.
19760302659;HEMP CARE Scented Water For Rooms And Fabrics;спрей ароматический;Италия;3075;2767;https://goldapple.ru/19760302659-scented-water-for-rooms-and-fabrics;;Ароматический спрей HEMP CARE поможет создать волшебную атмосферу и наполнить дом уютом. С этим средством можно придать приятный аромат не только комнате, но также постельному белью и тканям. Наслаждайтесь ощущением комфорта и оригинальной парфюмерной композицией, раскрывающей красоту природы. Цитрусы и шалфей сочетаются с древесным аккордом и тонкими нотами конопляного масла, белой розы, жасмина и ветивера.;Распылите спрей в комнате. Для придания аромата тканям используйте на расстоянии около 30 см.
19000297766;BYKALI Булочка с корицей;спрей ароматический;Россия;612;551;https://goldapple.ru/19000297766-bulocka-s-koricej;;Волнующе-пряная мелодия с насыщенным и многогранным ароматом. Он завораживает энергичностью сочетания свежей выпечки, пряностей и бархатных нот кокосовой стружки. Такой коктейль оставляет незабываемые воспоминания. Превратите ваш дом или автомобиль в оазис ароматов с BYKALI - Парфюмированным спреем, идеальным ароматизатором для дома, автомобиля и других пространств. Наш продукт предлагает уникальное сочетание экологичного и безвредного состава, практичности применения и стойкого аромата, чтобы создать неповторимую атмосферу в любом месте. С помощью удобного распылителя, наш парфюмированный интерьерный спрей обеспечивает практичность в использовании. Просто нажмите на спрей, и ваш дом, автомобиль или другое пространство наполнятся нежным и стойким ароматом. Погрузитесь в волшебный мир ароматов BYKALI.;Средство не предназначено для нанесения на кожу. При попадании в глаза, промыть водой.
19000196076;LOGEVY FIRENZE 1965 Champagne e bacche di rosa;спрей ароматический;Италия;8800;7920;https://goldapple.ru/19000196076-champagne-e-bacche-di-rosa;;Игристая элегантность шампанского сочетается с изысканностью розовых ягод, создавая особенное и изысканное сочетание.;Спрей – подходящий вариант, если вам нужно быстро, локально ароматизировать воздух. Может быть дополнением в диффузору для усиления концентрации аромата, когда это необходимо.
19000118751;CHIARA FIRENZE CAPRIFICO;спрей ароматический;;5620;5058;https://goldapple.ru/19000118751-caprifico;;Chiara Firenze посвящает свои ароматы в особый регион: Тоскана. история совершенства, страсти и связи с территорией, а также диалога между знаниями и далекими культурами. парфюмерное искусство и выбор ценных эфирных масел, таким образом, встречает мастеров флорентийских ремесленных мастерских, чтобы возродить магию этой особой земли в ваших комнатах. За основу аромата взяты листья инжира,родного дерева Тосканы. Обычно Инжир высаживали рядом с виноградниками на самых засушливых и каменистых участках полей. Аромат с зелеными и древесными нотами, подслащенный листьями томата и базилика.;
19000306255;BANKA_HOME Сосна и пачули;спрей ароматический;Россия;1190;1071;https://goldapple.ru/19000306255-sosna-i-paculi;;"Парфюмированный спрей ""Сосна и пачули"". Средство для ароматизации воздуха в помещениях и автомобиле, придания аромата текстилю.                        Сибирский хвойный аромат не елки, а именно сосны, дополненный лесными ягодами и зелёным яблоком. Этот аромат богат натуральными эфирными маслами пихтовой иглы, кедровым деревом и пачули.";
19000196151;WALLY 1925 Seta;спрей ароматический;Италия;4730;4257;https://goldapple.ru/19000196151-seta;;Ароматизаторы для белья – это незаменимое средство для придания вашим вещам индивидуального и неповторимого аромата. Наши парфюмы, созданные на основе традиций флорентийского текстильного ремесла, подарят предметам вашей одежды длительное ощущение чистоты.  Самая благородная из тканей может быть выражена только в аккорде цветочных и ванильных нот. Шелк обладает особой женской нежностью, которая навевает нам ощущения легкости первых весенних дней.;Спрей необходимо распылять на расстоянии 30-40 см. Емкость рассчитана на 2000 нажатий.
19000433681;TOILETPAPER Jasmine & Sage;спрей ароматический;Италия;5850;5265;https://goldapple.ru/19000433681-jasmine-sage;;Ароматизатор для помещений-спрей с ароматом жасмина и шалфея. Самое эффективное средство против любого неприятного запаха, который так и просится в гости. С помощью одного простого спрея вы сможете придать индивидуальность своей комнате и создать бодрящую атмосферу в любое время суток.;Распылите в помещении для ароматизации пространства.
19000321517;TEATRO FRAGRANZE UNICHE BORGO DEGLI AGRUMI;спрей ароматический;Италия;8800;7920;https://goldapple.ru/19000321517-borgo-degli-agrumi;;Невероятная сочность цитрусовых-грейпфрута, бергамота и лайма, переплетается с нежным цветочным аккордом лаванды и розы.  Прохладный, изысканный акцент розмарина и жасмина добавляет мягкости. Чувственный шлейф создают утонченные и глубокие оттенки белого мускуса и амбры. Солнечный аромат Borgo Degli Agrumi способен согреть вас даже в самый хмурый день, он словно заряжает пространство энергией и придает особый шарм Средиземноморья.  Идеально подходит для кухни, гостиной и столовой.;Спрей необходимо распылять на расстоянии 30-40 см. Может использоваться самостоятельно или служить дополнением к диффузору.
99000067419;KARLSBACH Moments Home Perfume Taupe;спрей ароматический;;8000;8000;https://goldapple.ru/99000067419-moments-home-perfume-taupe;;"""Аромат - это природа роскоши или утонченная роскошь природы"" - Кристиан Лакруа. Премиальные товары для дома от Karlsbach: роскошь и комфорт в каждой детали Когда речь заходит о создании уютной и стильной атмосферы в доме, премиальные товары становятся настоящим спасением. Эти изделия не просто украшают интерьер, они привносят в него изысканность и роскошь, делая каждый день особенным. Кампания Karlsbach – первая в индустрии, которая интегрировала настоящую нишевую парфюмерию в ароматы для интерьера, переделав состав, но оставив композиции настоящих духов. Для создания коллекции диффузоров были использованы исключительно натуральные ингредиенты – французское масло и био компоненты, не вызывающие аллергических реакций (не сопровождалось аллергическими реакциями в 98% случаев). Премиальные ароматы – это не просто способ освежить пространство, это искусство создания атмосферы, которая способствует расслаблению и гармонии. Когда речь заходит о создании атмосферы премиальные ароматы становятся неотъемлемой частью этого пространства. Премиальные ароматы – это высококачественные продукты, созданные с использованием натуральных ингредиентов и передовых технологий. Пирамида ароматов отличается своей глубиной и стойкостью, раскрываясь новыми гранями. Подобно хорошему нишевому парфюму. Благодаря высокому качеству ингредиентов и продуманной формуле, ароматы сохраняют свою интенсивность и свежесть на протяжении длительного времени. Эстетика: в зависимости от настроения и особенностей пространства попробуйте оба варианта крышки диффузора – золотой шар или минималистичный классический вариант. Разнообразие ароматов: вы можете выбрать аромат, который соответствует вашему настроению и предпочтениям – от свежих и цитрусовых до древесных амбровых и цветочных нот. Более брутальные и глубокие композиции соседствуют с легкими цветочными букетами. Помимо этого, ароматы созданы с учетом того, чтобы быть уместными не только в жилых интерьерах – Karlsbach идеально впишется в пространство вашего кабинета, офиса, приемной, лобби отеля или зоны ожидания ресторана. Духи в составе коллекции Home Parfume содержат те же компоненты, что и в парфюмерии, адаптированные для использования в помещении. Они могут считаться унисекс-ароматами и безопасны при контакте с кожей. Особенности:  Исключительное стекло - полированное хрустальное стекло, использованное в Karlsbach Moments, создаёт ощущение ясности и элегантности. Фирменный цвет - уникальный оттенок ""Karlsbach blue"" – визитная карточка бренда, придающая неповторимый шарм. Золотая деталь - оригинальный золотой шар с гальваническим покрытием – это не просто декоративный элемент, а символ безупречного стиля, объединяющий все элементы дизайна в единое целое.";Хорошо встряхните флакон. Держа его вертикально, распылите в нужном количестве по помещению. При необходимости повторите. Рекомендуется избегать попадания на светлые ткани, так как парфюмерная композиция может иметь оттенок.
19000196078;LOGEVY FIRENZE 1965 Peonia in Fiore;спрей ароматический;Италия;8800;7920;https://goldapple.ru/19000196078-peonia-in-fiore;;Нежный цветок с неповторимым оттенком и ароматом. Пион известен как горная роза, имеет сладкий, насыщенный, терпкий аромат. Самый нежный, романтичный аромат в нашей линейке  Пионы здесь не сладкие, они лёгкие и свежие. Наполнят ваше пространство нежностью, свежестью и чистотой, словно капли дождя на пионах.;Спрей – подходящий вариант, если вам нужно быстро, локально ароматизировать воздух. Может быть дополнением в диффузору для усиления концентрации аромата, когда это необходимо.
19000196080;LOGEVY FIRENZE 1965 Selva Oscura;спрей ароматический;Италия;8800;7920;https://goldapple.ru/19000196080-selva-oscura;;Символический «тёмный лес» из Божественной комедии Данте- дикий и пряный аромат.;Спрей – подходящий вариант, если вам нужно быстро, локально ароматизировать воздух. Может быть дополнением в диффузору для усиления концентрации аромата, когда это необходимо.
19000078067;OXYGEN HOME Textile Aloe and menthol;спрей ароматический;;1008;856;https://goldapple.ru/19000078067-textile-aloe-and-menthol;;Аромат свежести раннего утра.;Абсолютно безопасные и нежные ароматы текстильной коллекции Oxygen Home. Которые помогут надолго сохранить свежесть белья и аромат в гардеробе. Ароматы для глажки наносятся непосредственно перед глажкой на ткань, перед прохождением по ней утюгом. Ароматы позволяют сохранить нежный/свежий аромат ткани надолго. Следов на ткани не оставляет
19000454034;ETERIA COSMO Апельсин, гардения, душистый горошек;спрей ароматический;Россия;591;531;https://goldapple.ru/19000454034-apel-sin-gardenia-dusistyj-gorosek;;Бодрящий, вдохновляющий аромат. Привнесите в свой дом нежность и радость с ароматом «Апельсин, гардения и душистый горошек». Сладкий апельсин Сицилии раскроет свою сочность и свежесть, наполняя воздух теплым и ярким ароматом. Гардения добавляет ноты благоухания и элегантности, а аромат душистого горошка придает композиции легкую сладость. Подарите себе чувство летней радости и вдохновения в любое время года.;Разбрызгивать на расстоянии не менее 30 см от изделия.
19000078030;OXYGEN HOME Base Italian cashmere;спрей ароматический;;1248;499;https://goldapple.ru/19000078030-base-italian-cashmere;;Теплый аромат кашемира с легкими нотами мускуса.;Интерьерные духи-спрей Oxygen Home используются для локальной ароматизации помещения. Достаточно 2-3 распыления аромата для насыщения помещения прекрасным ароматом.
19000297778;BYKALI Черная вишня;спрей ароматический;Россия;612;551;https://goldapple.ru/19000297778-cernaa-visna;;Нежный сладкий и древесный аромат. Шлейф дарят представители верхних нот: нежная и сладкая вишня с легким кислым оттенком. Но достаточно тяжелая древесная база в связке с нотами амбры придает запаху особого шарма. Превратите ваш дом или автомобиль в оазис ароматов с BYKALI - Парфюмированным спреем, идеальным ароматизатором для дома, автомобиля и других пространств. Наш продукт предлагает уникальное сочетание экологичного и безвредного состава, практичности применения и стойкого аромата, чтобы создать неповторимую атмосферу в любом месте. С помощью удобного распылителя, наш парфюмированный интерьерный спрей обеспечивает практичность в использовании. Просто нажмите на спрей, и ваш дом, автомобиль или другое пространство наполнятся нежным и стойким ароматом. Погрузитесь в волшебный мир ароматов BYKALI.;Средство не предназначено для нанесения на кожу. При попадании в глаза, промыть водой.
19000078024;OXYGEN HOME Base Pure cotton;спрей ароматический;;1248;873;https://goldapple.ru/19000078024-base-pure-cotton;;Свежий аромат хлопка со сладкими цветочными нотами.;Интерьерные духи-спрей Oxygen Home используются для локальной ароматизации помещения. Достаточно 2-3 распыления аромата для насыщения помещения прекрасным ароматом.
19760345301;DR. VRANJES FIRENZE Ginger Lime;спрей ароматический;;5400;5400;https://goldapple.ru/19760345301-ginger-lime;;Обволакивающий аромат для дома с лучистым характером, в котором свежие цитрусовые ноты лайма встречаются с пряным и энергичным имбирём. Эта концентрированная свежесть идеальна для украшения жилых комнат и создания гостеприимной оживлённой атмосферы. Предлагается для гостиной, офиса, ванной, холла, кабинета.;Распылите аромат в воздух.
19000234938;BY KAORI Sicily;спрей ароматический;Россия;1890;1890;https://goldapple.ru/19000234938-sicily;;Моментальная и насыщенная ароматизация пространства. Парфюм для вашего интерьера и домашнего пространства подарит мгновенную и стойкую ароматизацию на 24 часа. Идеальный вариант для создания атмосферы и настроения по особому поводу. Подходит для использования на домашнем текстиле, шторах и мягких поверхностей мебели;Распылить на текстильные элементы мебели на расстоянии 15-30 см. Интерьерный парфюм предназначен для ароматизации пространства, поэтому вы также можете распылить его в воздух в комнате.
19000321536;TEATRO FRAGRANZE UNICHE BORGO DEGLI AGRUMI;спрей ароматический;Италия;4950;4455;https://goldapple.ru/19000321536-borgo-degli-agrumi;;Невероятная сочность цитрусовых-грейпфрута, бергамота и лайма, переплетается с нежным цветочным аккордом лаванды и розы.  Прохладный, изысканный акцент розмарина и жасмина добавляет мягкости. Чувственный шлейф создают утонченные и глубокие оттенки белого мускуса и амбры. Солнечный аромат Borgo Degli Agrumi способен согреть вас даже в самый хмурый день, он словно заряжает пространство энергией и придает особый шарм Средиземноморья.  Идеально подходит для кухни, гостиной и столовой.;Спрей необходимо распылять на расстоянии 30-40 см. Может использоваться самостоятельно или служить дополнением к диффузору.
19000213978;VAN&MUN Anti-tobacco;спрей ароматический;Россия;693;624;https://goldapple.ru/19000213978-anti-tobacco;;"Ароматический спрей для дома ""VAN&MUN"" 100 мл. Антитабак.   Описание аромата:  Аромат был создан специально для того, чтобы избавлять помещения от запаха дыма сигарет и освежать воздух. Аромат довольно интенсивный. Сочетает в себе интересную композицию из ароматов.      Ароматический спрей для дома ""VAN&MUN"" - ароматизатор для использования в жилых помещениях, офисах, салонах красоты, автомобилях или магазинах.";Снять пластиковую крышку с флакона, легким нажатием распылить спрей в центре помещения.   При легком нажатии на распылитель спрей   при объеме  100 мл. содержит около 400 пшиков.
19000309581;ESSENTIA NATURE Lavender;спрей ароматический;Италия;1466;1319;https://goldapple.ru/19000309581-lavender;;"Спокойствие и расслабление. Опьяняющая свежесть лаванды - ""голубое золото"" - ароматное сокровище Южной Франции. Безошибочный, обволакивающий аромат лаванды придаст тканям вневременной и элегантный акцент.  Благодаря неотразимым пронзительным и изысканным нотам провансальских полей. В ароматерапии лаванда используется еще со времен средневековья, ее помещали в подушки для спокойного сна.  Верхние ноты: герань, дрок красильный, артемизия. Средние ноты: ирис, лавандино, лаванда. Нижние ноты: сандал, кедр, мускус.  Ультраконцентрированный рум-спрей с дезинфицирующим действием. Изготовлен из натуральных эссенций высочайшего качества, которые делают его стойким на более длительное время.   Подходит для ароматизации пространства и тканей, автомобиля и других различных зон. Специальная дезинфицирующая формула устраняет неприятные запахи, распространяя элегантные и изысканные парфюмерные ноты.  Идеально подходит для очистки и пыли мебели, светильников, кухонных столешниц, нержавеющей стали, ванной комнаты и различных предметов, оживления горшка-пурри, пылесосов, осушителей, воды для железа, оставляя приятный запах. Без токсичных и канцерогенных веществ. Сертифицированное качество ISS.";Перед применением встряхнуть. Пространство: сделайте 1-2 нажатия в воздух. От пыли: распылите непосредственно на влажную ткань, затем протрите необходимые предметы. Полы: распылите в воду или непосредственно на влажную тряпку.
19000196073;LOGEVY FIRENZE 1965 Seta;спрей ароматический;Италия;8800;7920;https://goldapple.ru/19000196073-seta;;Наши парфюмеры создали нежную композицию, как прикосновение шелка, собрав самые нежные цветочные ноты розы, ландыша и магнолии, оттенив их драгоценными акцентами амбры. Вступительные свежие ноты яблока, морские и бергамота  подчеркивают легкость аромата.;Аромат для белья в спреи может быть использован для ароматизации полотенец, скатертей, салфеток, покрывала и другого текстиля. Ваше бельё будет благоухать свежим и приятным ароматом. Подходит для любого вида тканей. Не оставляет пятен. Спрей необходимо распылить на белье на расстоянии 30-40 см.
19000321526;TEATRO FRAGRANZE UNICHE PATCHOULOVE;спрей ароматический;Италия;8800;7920;https://goldapple.ru/19000321526-patchoulove;;Новое ольфакторное путешествие возвращает нас в конец 1960-х годов.  Чарующие ноты пачули покорили ‘Поколение любви’ своей афродизиакальной и медитативной силой, создав настоящий обонятельный манифест. Это вдохновило нас на создание “Patchoulove”, последнего творения роскошной линии Teatro Fragranze Uniche, в котором ноты пачули, искусно смешаны с ванилью, лабданумом и сандаловым деревом, придают пространству теплую и соблазнительную атмосферу. Интенсивный и сбалансированный аромат подходит для зон медитации, учебы и гостиных.;Спрей необходимо распылять на расстоянии 30-40 см. Может использоваться самостоятельно или служить дополнением к диффузору.
19000118776;DURANCE Poppy;спрей ароматический;;3550;2449;https://goldapple.ru/19000118776-poppy;;Спрей для дома Durance мгновенно ароматизируют все комнаты в доме, чтобы создать индивидуальную атмосферу. Теплая атмосфера, где сладкий аромат корицы совершенствуется с сочными ароматами апельсиновых фруктов, чтобы осветить ваш дом для ваших близких. Восхитительно легкая концентрация мускусного, цветочного аромата мака.;
