article;name;product_type;country;price_actual;price_loyalty;url;popularity_coefficient;description;application
19000038909;BAGO HOME Fresh cotton;саше ароматическое;;331;297;https://goldapple.ru/19000038909-fresh-cotton;64.5;Сочетание свежего с цветочным ароматом. Ароматический диффузор «Свежий Хлопок» от Bago home наполнит ваш дом свежим, но при этом сладким цветочным ароматом.;Освободите ароматическое саше от целлофановой упаковки
19000268048;AROMA HARMONY #8 Pepper;саше ароматическое;Россия;140;126;https://goldapple.ru/19000268048-8-pepper;54.56;Аромат начинает свою композицию с нот чёрного перца, раскрываясь лёгкой древесностью и терпкостью. Постепенно пробуждаются пряные и теплые ноты кардамона, аккорды которого наполняют пространство манящей тайной. Начиная своё звучание, амбра придаёт аромату глубину и пленительную медовую сладость.;Откройте прозрачную упаковку. 2. Достаньте ароматическое саше.  Положите саше в ящик для белья, в комод, повесьте в шкаф или автомобиль при помощи держателя.
19000268047;AROMA HARMONY #15 Cedar;саше ароматическое;Россия;140;126;https://goldapple.ru/19000268047-15-cedar;45.08;Верхние ноты аромата начинаются с дымного, древесного, слегка сладкого гаякового дерева. Его богатый и сложный аромат добавляет композиции глубину и характер. Далее слышны бальзамические ноты пачули, а обрамляет композицию медовый кедр с оттенками специй.;Откройте прозрачную упаковку. 2. Достаньте ароматическое саше.  Положите саше в ящик для белья, в комод, повесьте в шкаф или автомобиль при помощи держателя.
19000268050;AROMA HARMONY #24 Wood;саше ароматическое;Россия;140;126;https://goldapple.ru/19000268050-24-wood;17.1;Пряные и древесные оттенки уда рисуют в воображении образ загадочного востока, его таинственность. Сладковатая и мягкая амбра добавляет аромату тепла. Завершающий аккорд композиции – свежая, чистая и успокаивающая лаванда. Ее травяные и цветочные ноты словно переносят вас на поля лавандовых ферм, где время течёт медленнее.;Откройте прозрачную упаковку 2. Достаньте ароматическое саше  Положите саше в ящик для белья, в комод, повесьте в шкаф или автомобиль при помощи держателя.
19000268060;AROMA HARMONY Yuzu Mandarine;саше ароматическое;Россия;140;126;https://goldapple.ru/19000268060-yuzu-mandarine;14.08;Почувствуйте свежесть цитрусовых! Аромат юзу и мандарина оживит ваш дом и подарит вам ощущение бодрости и настроения. Дайте этому аромату возможность пробудить в вас чувство радости и оптимизма.;Откройте прозрачную упаковку. 2. Достаньте ароматическое саше.  Положите саше в ящик для белья, в комод, повесьте в шкаф или автомобиль при помощи держателя.
19000038904;BAGO HOME Figs;саше ароматическое;;331;238;https://goldapple.ru/19000038904-figs;12.32;Многогранный аромат инжира от летнего и травянистого до тонкого и горьковатого, как миндаль, волшебным образом объединяются со спелой малиной и сочной клюквой. Цветочная феерия из пряной ванили, сладкой лилии и свежести герани дополняет фруктово-ягодный букет. Впустите это богатство в дом и удивите друзей!;Освободите ароматическое саше от целлофановой упаковки
19000268049;AROMA HARMONY #13 Warm Tobacco;саше ароматическое;Россия;140;79;https://goldapple.ru/19000268049-13-warm-tobacco;12.16;"Саше ""#13 Warm Tobacco"" наполнит ваше пространство нотами табака, бобов тонка и сухофруктов, придавая ему уют и теплоту. Этот аромат создаст атмосферу комфорта и спокойствия, наполнив ваш дом теплыми и обволакивающими нотами.";Откройте прозрачную упаковку 2. Достаньте ароматическое саше  Положите саше в ящик для белья, в комод, повесьте в шкаф или автомобиль при помощи держателя.
19000429286;AROMA HARMONY CHERRY OUD;саше ароматическое;Россия;140;126;https://goldapple.ru/19000429286-cherry-oud;11.52;Коллекция ароматов для дома  создана для того, чтобы поддерживать в доме атмосферу уюта и  Cozy nature by Aroma Harmony harmony гармонии.  В каждом аромате есть частичка природы и её энергия  жизни. Это тёплая коллекция, окутывающая помещение ненавязчивым  шлейфом, который дарит ощущение спокойствия. Концепция минимализма и деревянные ноты, представленные в каждом аромате — это ода планете.   В каждой линии, в каждой детали, в каждом дуновении ветра, в  самом взгляде на мир — чувствуется присутствие природы, ее  мудрость и сила. Она незримо присутствует в каждой ноте композиции.  Саше — в новой  упаковке. Простой и лаконичной.;Откройте прозрачную упаковку. Достаньте ароматическое саше. Положите саше в ящик для белья, в комод, повесьте в шкаф или автомобиль при помощи держателя.
19000060308;INSIDE YOU Cashmere wood;саше ароматическое;;660;594;https://goldapple.ru/19000060308-cashmere-wood;10.78;Готовы окунуться в мир ароматов ?  Кашемировое дерево- основу аромата составляют древесные, амбровые ноты с оттенками какао и цитруса. В меру терпкий, элегантный аромат для утонченных вечеров.  Аромасаше от Insideyou выполнены из натурального кокосового воска.  Кокосовый воск не имеет своего запаха и прекрасно отдаёт аромат, добавленных в него аромамасел. Его текстура не оставляет следов, не крошится, и имеет приятную глянцевую поверхность.  Аромасаше будет радовать вас приятным ароматом 2-4 месяца. Чем более интенсивный аромат, тем более насыщенная и долгая аромотдача.;"-повесить аромасаше на вешалку в шкаф между одеждой;   -положить на полку с одеждой;   -повесить в комнате и тогда лёгкий аромат будет распространяться по всему пространству;   -положить в дамскую или спортивную сумку;  -растопить на аромалампе.  Меры предосторожности: -Не оставляйте аромасаше на солнце и рядом с теплоисточниками."
19000310347;ETERIA COSMO Апельсин и гардения;саше ароматическое;Россия;200;140;https://goldapple.ru/19000310347-apel-sin-i-gardenia;10.08;Привнесите в свой дом нежность и радость с ароматом «Апельсин, гардения и душистый горошек». Сладкий апельсин Сицилии раскроет свою сочность и свежесть, наполняя воздух теплым и ярким ароматом. Гардения добавляет ноты благоухания и элегантности, а аромат душистого горошка придает композиции легкую сладость. Площадь ароматизации до 5 м2. Срок службы после вскрытия 5-7 недель.;Освободите саше от целлофановой упаковки, положите саше в бельевой шкаф или повесьте на штангу платяного шкафа при помощи держателя на оборотной стороне саше.
19000038905;BAGO HOME Lavender;саше ароматическое;;331;274;https://goldapple.ru/19000038905-lavender;9.6;Расслабляющий цветочный аромат лаванды в союзе с волшебной палитрой жасмина и бобов тонка. Восточный колорит бобов тонка насыщает букет аккордами миндаля и карамели. Создайте атмосферу умиротворения и спокойствия в вашем доме!;Освободите ароматическое саше от целлофановой упаковки
19000268052;AROMA HARMONY LAVANDER;саше ароматическое;Россия;140;126;https://goldapple.ru/19000268052-lavander;9.2;Lavander объединяет прохладный эвкалипт и свежую лаванду, смешиваясь с бодрящими нотами мяты и тонизирующего розмарина. Оно завершается уютными сандаловыми нотами и теплым ветивером.;Откройте прозрачную упаковку. 2. Достаньте ароматическое саше.  Положите саше в ящик для белья, в комод, повесьте в шкаф или автомобиль при помощи держателя.
19000316372;FLAME MOSCOW Sonia;саше ароматическое;Россия;670;636;https://goldapple.ru/19000316372-sonia;9.12;Этот аромат — настоящий рок-н-ролл!  Смелый и с характером. Начинается с уверенных аккордов мускуса и сексуальных ноток кожи, табака и черного перца. Душистый черный чай, амбра и сандал делают этот аромат любимым и мужчинами, и женщинами. Ароматическое саше автомобильное предназначено для ароматизации воздуха.;Откройте упаковку, достаньте карточку. Карточку можно повесить для ароматизации в автомобиле, но также она будет радовать своим шлейфом в шкафах, спортивных сумках или чемоданах, чулане/кладовке и других маленьких замкнутых пространствах. Важно! Карточка должна висеть, не прикасаясь к поверхностям. Длительность действия до 30 дней.
19000268053;AROMA HARMONY LOTUS;саше ароматическое;Россия;140;126;https://goldapple.ru/19000268053-lotus;8.6;Дай себе возможность расслабиться с ароматом Lotus, с лотосом в основе, который поможет найти внутреннюю гармонию и спокойствие, а ноты морской соли и зелёного чая деликатно дополнят картину.;Откройте прозрачную упаковку. 2. Достаньте ароматическое саше.  Положите саше в ящик для белья, в комод, повесьте в шкаф или автомобиль при помощи держателя.
19000023352;BAGO HOME White Jasmine, Tuberose, Amber;саше ароматическое;;220;110;https://goldapple.ru/19000023352-white-jasmine-tuberose-amber;8.2;Почувствуйте буйство красок и страсти с пьянящим ароматом туберозы, сладкого жасмина и молочно-фруктовых нот цветков тропического растения франжипани с оттенками пряностей. Это очень простой и быстрый способ ароматизировать одежду и белье в комоде или платяном шкафу, наполнить приятным ароматом небольшую комнату или гардеробную, ароматизировать сумки и чемоданы, и даже салон автомобиля!;Освободите ароматическое саше от целлофановой упаковки  • Саше можно поместить в гардеробную комнату, в ящики для белья и платяные шкафы, в багаж или сумку, в салон автомобиля и под подушку  • Не кладите саше на полированные и окрашенные поверхности
19000306244;BANKA_HOME Чистый хлопок;саше ароматическое;Россия;590;531;https://goldapple.ru/19000306244-cistyj-hlopok;7.36;"Ароматный воск-саше ""Чистый хлопок"". Аромат чистого белья в свежий солнечный день.  Дополнен оттенками цитрусовых, зеленого яблока, кедра, жасмина, лаванды и лилии. Данный воск можно использовать в аромалампе, либо пересыпать в стильный мешочек из органзы, который находится в комплекте, и повесить в шкаф для ароматизации.";Вскрыть упаковку, поместить саше в мешочек, разместить в шкафу/ящике для белья. Подходит для использования в аромалампе.  Отломить нужное количество кубиков воска, расположить на греющей поверхности аромалампы.
19000429284;AROMA HARMONY COTTON;саше ароматическое;Россия;140;126;https://goldapple.ru/19000429284-cotton;6.56;Коллекция ароматов для дома  создана для того, чтобы поддерживать в доме атмосферу уюта и  Cozy nature by Aroma Harmony harmony гармонии.  В каждом аромате есть частичка природы и её энергия  жизни. Это тёплая коллекция, окутывающая помещение ненавязчивым  шлейфом, который дарит ощущение спокойствия. Концепция минимализма и деревянные ноты, представленные в каждом аромате — это ода планете.   В каждой линии, в каждой детали, в каждом дуновении ветра, в  самом взгляде на мир — чувствуется присутствие природы, ее  мудрость и сила. Она незримо присутствует в каждой ноте композиции.  Саше — в новой  упаковке. Простой и лаконичной.;Откройте прозрачную упаковку. Достаньте ароматическое саше. Положите саше в ящик для белья, в комод, повесьте в шкаф или автомобиль при помощи держателя.
19000374383;BAGO HOME Хлопок и лилия;саше ароматическое;Россия;220;198;https://goldapple.ru/19000374383-hlopok-i-lilia;5.74;"Погрузитесь в атмосферу нежности и свежести с ароматическим саше ""Хлопок и лилия"". Истоки хлопковой культуры берут начало в Персии, а символизм лилии, связанный с чистотой и счастьем, добавляет этому аромату особое значение. Композиция объединяет чистые и сладковатые аккорды белых цветов хлопка и лилии с лёгкими оттенками луговых трав и свежего горного воздуха, создавая лёгкий и утончённый аромат. Саше весом 10 грамм эффективно ароматизирует пространство площадью до 5 м². Изготовленное из минеральной пудры и парфюмерной композиции, оно обеспечивает стойкий и чистый аромат. После вскрытия саше сохраняет свои свойства в течение 5–7 недель, а срок годности не ограничен. Ароматическое саше ""Хлопок и лилия"" идеально подходит для гардеробов, ящиков с бельём или небольших зон дома, добавляя вашему пространству нотки лёгкости и свежести. Создайте в своём доме атмосферу утончённости с коллекцией NATURE от BAGO home!";Освободите саше от целлофановой упаковки, положите саше в бельевой шкаф или повесьте на штангу платяного шкафа при помощи держателя на оборотной стороне саше.
19000310349;ETERIA COSMO Нарцисс и нероли;саше ароматическое;Россия;200;180;https://goldapple.ru/19000310349-narciss-i-neroli;5.74;Антистрессовый, расслабляющий аромат. Откройте для себя благоухание цветущего сада с ароматом «Нарцисс, нероли и мускус».  Нежный аромат нарцисса наполнит воздух чистой и нежной энергией, создавая атмосферу гармонии и релаксации. Нероли добавляет ноты цветочной свежести и элегантности, а мускус гальбанума придает аромату глубину и мягкость. Площадь ароматизации до 5 м2. Срок службы после вскрытия 5-7 недель.;Освободите саше от целлофановой упаковки, положите саше в бельевой шкаф или повесьте на штангу платяного шкафа при помощи держателя на оборотной стороне саше.
19000306243;BANKA_HOME Черное море;саше ароматическое;Россия;590;531;https://goldapple.ru/19000306243-cernoe-more;5.74;"Ароматный воск-саше ""Чёрное море"" . Сладкие, но в то же время, соленые океанические аккорды сочетаются с нотами янтаря и ванили. Черное море было известно древним цивилизациям как ""конец известного мира"". Есть легенды, что его воды скрывают потерянную Атлантиду.  Его тайны и интриги вдохновили на создание этого соблазнительного аромата.   Данный воск можно использовать в аромалампе, либо пересыпать в стильный мешочек из органзы, который находится в комплекте, и повесить в шкаф для ароматизации.";Вскрыть упаковку, поместить саше в мешочек, разместить в шкафу/ящике для белья. Подходит для использования в аромалампе. Отломить нужное количество кубиков воска, расположить на греющей поверхности аромалампы.
19000316370;FLAME MOSCOW Noor;саше ароматическое;Россия;670;636;https://goldapple.ru/19000316370-noor;5.4;Это мягкое и романтичное представление удового дерева, которое будто сливается с Вами и становится тенью, дополняющей Вас.  Подсвечивают уд в композиции томное розовое дерево и пачули, а в шлейфе остается чистота мускуса и легкая свежая горчинка только что очищенного мандарина. Аромат как хамелеон подстраивается под температуру и Вашу кожу: то звучит более прохладно, то согревает, при этом не стягивая и не утяжеляя обоняние. Ароматическое саше автомобильное предназначено для ароматизации воздуха.;Откройте упаковку, достаньте карточку. Карточку можно повесить для ароматизации в автомобиле, но также она будет радовать своим шлейфом в шкафах, спортивных сумках или чемоданах, чулане/кладовке и других маленьких замкнутых пространствах. Важно! Карточка должна висеть, не прикасаясь к поверхностям. Длительность действия до 30 дней.
19000023353;BAGO HOME Cassis, Herbs, Fig;саше ароматическое;;220;110;https://goldapple.ru/19000023353-cassis-herbs-fig;5.04;Свежесть трав, лист смородины, мята и инжир – это палитра оттенков зелёного сада. Аромат перенесёт вас в раннее летнее утро, когда в саду ещё прохладно, но робкие солнечные лучи уже пробиваются сквозь листья деревьев. Это очень простой и быстрый способ ароматизировать одежду и белье в комоде или платяном шкафу, наполнить приятным ароматом небольшую комнату или гардеробную, ароматизировать сумки и чемоданы, и даже салон автомобиля!;Освободите ароматическое саше от целлофановой упаковки  • Саше можно поместить в гардеробную комнату, в ящики для белья и платяные шкафы, в багаж или сумку, в салон автомобиля и под подушку  • Не кладите саше на полированные и окрашенные поверхности
19000060309;INSIDE YOU Sandal wood;саше ароматическое;;660;389;https://goldapple.ru/19000060309-sandal-wood;4.4;Готовы окунуться в мир ароматов ?  Сандаловое дерево﻿ - аромат сладкий, пряный, древесный, полный загадок и роскоши.  Аромасаше от Insideyou выполнены из натурального кокосового воска.  Кокосовый воск не имеет своего запаха и прекрасно отдаёт аромат, добавленных в него аромамасел. Его текстура не оставляет следов, не крошится, и имеет приятную глянцевую поверхность.  Аромасаше будет радовать вас приятным ароматом 2-4 месяца. Чем более интенсивный аромат, тем более насыщенная и долгая аромотдача.;"-повесить аромасаше на вешалку в шкаф между одеждой;   -положить на полку с одеждой;   -повесить в комнате и тогда лёгкий аромат будет распространяться по всему пространству;   -положить в дамскую или спортивную сумку;  -растопить на аромалампе.  Меры предосторожности: -Не оставляйте аромасаше на солнце и рядом с теплоисточниками."
19000067213;FLAME MOSCOW Sonia;саше ароматическое;;2100;1575;https://goldapple.ru/19000067213-sonia;4.0;Саше используется для наполнения ароматом пространства, будь то платяной шкаф, гардероб или ящик для постельного белья.;Длительность действия до 90 дней после начала использования.
99000077296;LOVELY DAY! Sweet Yuzu;саше ароматическое;;1430;1359;https://goldapple.ru/99000077296-sweet-yuzu;3.6;.Ароматические саше для шкафа или аромалампы. Любопытное сочетание ярких цитрусовых и деликатных сладких нот. Многие пользователи отмечают стойкость аромата. Бодрящие юзу, лимон и грейпфрут смешиваются со спокойным персиком. Все это дополняется сладкими нотами пралине и сахара. Еще немного напоминает булочку с лимоном.;Саше используется для наполнения ароматом пространства: шкаф, гардеробная или ящик для постельного белья. Откройте упаковку, достаньте ароматические саше в кубиках. Положите или повесьте саше в ящик для белья, платяной шкаф или гардеробную комнату, используя мешочек, идущий в комплекте. Длительность действия до 90 дней после начала использования.
19000023356;BAGO HOME Citrus, Orange blossom, Sweet woods;саше ароматическое;;220;110;https://goldapple.ru/19000023356-citrus-orange-blossom-sweet-woods;3.4;Бодрящий, солнечный аромат с очень ярким характером. Это очень простой и быстрый способ ароматизировать одежду и белье в комоде или платяном шкафу, наполнить приятным ароматом небольшую комнату или гардеробную, ароматизировать сумки и чемоданы, и даже салон автомобиля!;Освободите ароматическое саше от целлофановой упаковки  • Саше можно поместить в гардеробную комнату, в ящики для белья и платяные шкафы, в багаж или сумку, в салон автомобиля и под подушку  • Не кладите саше на полированные и окрашенные поверхности
19000067216;FLAME MOSCOW Veronica;саше ароматическое;;2100;1701;https://goldapple.ru/19000067216-veronica;3.36;Саше используется для наполнения ароматом пространства, будь то платяной шкаф, гардероб или ящик для постельного белья.;Длительность действия до 90 дней после начала использования.
19000234820;BY KAORI Hemp;саше ароматическое;Россия;690;690;https://goldapple.ru/19000234820-hemp;3.2;Стильное гипсовое аромасаше, которое наполнит пространство точечной, детальной ароматизацией. Идеальное решение для гардеробных, кронштейнов с верхней одеждой, шкафов, а также небольших помещений.;Подвесьте аромасаше с помощью ленты, которая идет в комплекте, в вашу гардеробную, шкаф или кронштейн с верхней одеждой.
19000316371;FLAME MOSCOW Sansa;саше ароматическое;Россия;670;636;https://goldapple.ru/19000316371-sansa;3.2;"Многим этот аромат напоминает запах книги, другим — дерева или дыма. Чье-то обоняние отдает предпочтение специям, кардамону и шафрану, а другое — свежести ириса и фиалке. Кто-то отчетливо вспоминает запах замши, а кто-то влюбляется в базовые ноты сандала и амбры. Это аромат, не подлежащий описанию; аромат, в котором кожа, папирус, амбра, фиалка и ирис соединяются в пламени, вызывающем зависимость. Ароматическое саше автомобильное предназначено для ароматизации воздуха.";Откройте упаковку, достаньте карточку. Карточку можно повесить для ароматизации в автомобиле, но также она будет радовать своим шлейфом в шкафах, спортивных сумках или чемоданах, чулане/кладовке и других маленьких замкнутых пространствах. Важно! Карточка должна висеть, не прикасаясь к поверхностям. Длительность действия до 30 дней.
19000060313;INSIDE YOU Baked Quince;саше ароматическое;;660;389;https://goldapple.ru/19000060313-baked-quince;3.0;Готовы окунуться в мир ароматов ?  Печёная айва - аромат сладкого варенья из детства, приправленного пряностями.  Аромасаше от Insideyou выполнены из натурального кокосового воска.  Кокосовый воск не имеет своего запаха и прекрасно отдаёт аромат, добавленных в него аромамасел. Его текстура не оставляет следов, не крошится, и имеет приятную глянцевую поверхность.  Аромасаше будет радовать вас приятным ароматом 2-4 месяца. Чем более интенсивный аромат, тем более насыщенная и долгая аромотдача.;"-повесить аромасаше на вешалку в шкаф между одеждой;   -положить на полку с одеждой;   -повесить в комнате и тогда лёгкий аромат будет распространяться по всему пространству;   -положить в дамскую или спортивную сумку;  -растопить на аромалампе.  Меры предосторожности: -Не оставляйте аромасаше на солнце и рядом с теплоисточниками."
99000074202;ALEXANDRIA Пион;саше ароматическое;;5400;1728;https://goldapple.ru/99000074202-pion;2.82;Гипсовое аромасаше премиального качества с цветочным ароматом. Саше украшено цветной кисточкой и петлей за которую его можно закрепить вешалке в гардеробной. В комплект входит флакон с ароматической отдушкой 5мл, гипсовое саше -100гр. Что бы вы всегда могли освежить аромат. Саше можно разместить в емкостях для хранения, шкафах, полках, вешалках, автомобиле и наслаждаться ароматом и свежестью. Аромат сохраняется в течение нескольких месяцев. Набор упакован в презентабельную подарочную коробку с логотипом, это оригинальный, готовый подарок для ценителей уюта, комфорта, красоты и идеальный способ побаловать себя. Преимущества гипсовых саше: • Не оставляет пятен на одежде и поверхностях, в отличии от других материалов. • Не липкие. • Можно использовать многократно, нанося ваши любимые ароматы, когда саше перестанет отдавать аромат.;Снимите защитную упаковку с саше, разместите саше в гардеробе, на вешалке или положите к белью в ящик комода. Для хорошей ароматической отдачи необходимы потоки воздуха. Для интенсивности аромата, распылите содержимое флакона на гипсовую поверхность по мере необходимости. Не рекомендуется размещать саше вплотную к одежде из тонких, деликатных тканей. Аромат сохраняется более 90 дней.
19000316369;FLAME MOSCOW Marie;саше ароматическое;Россия;670;636;https://goldapple.ru/19000316369-marie;2.8;Земляные и бальзамические ноты сосны, лесной хвои и мускуса балансируют с яркими лимонными и мятными акцентами. Сандал и кедр добавляют теплоты и близости. Этот аромат напоминает старого хорошего друга: он утонченный, но по-семейному близкий. Ароматическое саше автомобильное предназначено для ароматизации воздуха.;Откройте упаковку, достаньте карточку. Карточку можно повесить для ароматизации в автомобиле, но также она будет радовать своим шлейфом в шкафах, спортивных сумках или чемоданах, чулане/кладовке и других маленьких замкнутых пространствах. Важно! Карточка должна висеть, не прикасаясь к поверхностям. Длительность действия до 30 дней.
19000374381;BAGO HOME Слива и мед;саше ароматическое;Россия;220;198;https://goldapple.ru/19000374381-sliva-i-med;2.58;"Этот аромат вдохновлён японской сливой, которая символизирует возрождение и непрерывность жизни, а также цветочным мёдом, широко известным благодаря производству в Китае. Композиция сочетает насыщенные сладкие ноты спелой сливы с ароматным цветочным мёдом, дополненные мягкой мускусной основой, создавая утончённый и уютный аромат. Саше весом 10 грамм эффективно ароматизирует пространство площадью до 5 м². Изготовленное из минеральной пудры и парфюмерной композиции, оно гарантирует чистый и стойкий аромат. После вскрытия саше сохраняет свои свойства на протяжении 5–7 недель, а срок годности не ограничен. Ароматическое саше ""Слива и мед"" идеально подходит для гардеробов, ящиков с бельём или небольших помещений, добавляя вашему дому нотки восточной сладости и тепла. Насладитесь изысканным ароматом с коллекцией NATURE от BAGO home!";Освободите саше от целлофановой упаковки, положите саше в бельевой шкаф или повесьте на штангу платяного шкафа при помощи держателя на оборотной стороне саше.
19000038907;BAGO HOME Marula;саше ароматическое;;331;165;https://goldapple.ru/19000038907-marula;2.4;Насыщенный аромат марулы и королевской розы с нотами бергамота, ягод перечного дерева, лилии и фрезии.;Освободите ароматическое саше от целлофановой упаковки
19000038906;BAGO HOME Mango;саше ароматическое;;331;274;https://goldapple.ru/19000038906-mango;2.4;Щедрый букет природы, филигранно собранный из сочной экзотики манго и ананаса, цитрусовой кислинки мандарина и солнечной сладости спелого персика. Легкие капли пряной ванили завершают композицию, объединяя в калейдоскоп фрукты и пряности. Найдите свой тон в этом букете – поддайтесь его очарованию!;Освободите ароматическое саше от целлофановой упаковки
19000160311;OXYGEN HOME Italian cashmere;саше ароматическое;Россия;870;713;https://goldapple.ru/19000160311-italian-cashmere;2.0;Теплый аромат кашемира с легкими нотами мускуса.;Ароматическое саше рекомендуем использовать в шкафу, гардеробной для придания приятного аромата вашим вещам
99000064923;HYPNOTECA Cherry Bloom;саше ароматическое;;1250;1250;https://goldapple.ru/99000064923-cherry-bloom;2.0;"Aroma Stone - это саше, которое наконец-то можно положить в шкаф и не испачкать вещи. Ароматическое саше выполнено не из воска, а из специального материала - внешне и на ощупь похожего на гладкий камень. Его можно повесить или положить в шкаф, комод, гардероб. Ароматическое саше ""Cherry Bloom"" в стильном оттенке ""барби"" подарит ароматный шлейф пышной терпкости нот вишни с бодрящим имбирём, который вы будете чувствовать не только при открытии дверцы, но и от одежды.";Саше можно повесить или положить в шкаф, комод, гардероб. Оно не меняет своих свойств со временем, его аромоотдача будет радовать не менее года и потребует замены лишь тогда, когда вы захотите побаловать себя нашим новым ароматом! Рекомендуем использовать несколько ароматических саше, если у вас большая гардеробная.
19000268059;AROMA HARMONY Papaya;саше ароматическое;Россия;140;126;https://goldapple.ru/19000268059-papaya;1.8;Отправьтесь в экзотическое путешествие! Аромат папайи привнесет в вашу жизнь волшебство тропических островов. Расслабьтесь и позвольте себе окунуться в мир гармонии и благополучия.;Откройте прозрачную упаковку. 2. Достаньте ароматическое саше.  Положите саше в ящик для белья, в комод, повесьте в шкаф или автомобиль при помощи держателя.
19000234821;BY KAORI Lime Basil;саше ароматическое;Россия;690;690;https://goldapple.ru/19000234821-lime-basil;1.8;Стильное гипсовое аромасаше, которое наполнит пространство точечной, детальной ароматизацией. Идеальное решение для гардеробных, кронштейнов с верхней одеждой, шкафов, а также небольших помещений.;Подвесьте аромасаше с помощью ленты, которая идет в комплекте, в вашу гардеробную, шкаф или кронштейн с верхней одеждой.
19000374382;BAGO HOME Тубероза и пудра;саше ароматическое;Россия;220;198;https://goldapple.ru/19000374382-tuberoza-i-pudra;1.8;"Добавьте в свой дом изысканность и нежность с ароматическим саше ""Тубероза и пудра"". Этот аромат родом из Мексики и Центральной Америки, где тубероза и растения с пудровым ароматом были известны с древних времён. В XVI веке они были завезены в Европу, став популярными в парфюмерии. Композиция сочетает чувственные ноты цветущей туберозы с мягкими пудровыми акцентами и лёгкой сладостью кокосовой мякоти, создавая утончённый и нежный аромат. Саше весом 10 грамм предназначено для ароматизации небольших помещений площадью до 5 м². Изготовленное из минеральной пудры и парфюмерной композиции, оно обеспечивает стойкое и чистое звучание аромата. После вскрытия саше сохраняет свои свойства на протяжении 5–7 недель, а срок годности не ограничен. Саше ""Тубероза и пудра"" станет отличным выбором для гардеробов, ящиков с бельём или компактных зон вашего дома, добавляя нотку изысканности и тепла. Наслаждайтесь утончённым ароматом с коллекцией NATURE от BAGO home!";Освободите саше от целлофановой упаковки, положите саше в бельевой шкаф или повесьте на штангу платяного шкафа при помощи держателя на оборотной стороне саше.
19000421330;SECOND SHOWER Yuza;саше ароматическое;Республика Корея;3050;2745;https://goldapple.ru/19000421330-yuza;1.62;Стимеры (ароматические таблетки) для душа — это прекрасный аналог бомбочкам для ванн. Подойдут тем, у кого нет ванной или времени её набирать. Помогают превратить пятиминутный душ в настоящий SPA-ритуал с ароматерапией.  В наборе 6 таблеток с ярким и свежим ароматом экзотического цитруса Юдзу. Каждый стимер Second Shower создан на основе редких эфирных масел и обладает ароматерапевтическим эффектом.  Просто поместите стимер на дно в вашем душе и наслаждайтесь легким ароматом.;Снимите упаковку со стимера.  Разместите стимер на полу душевой, обеспечьте постоянное попадание мелких капель воды и пара. Избегайте прямого сильного напора воды!  Стимер не должен “тонуть” в воде.  После растворения стимера смойте его остатки водой.   Если вы принимаете душ менее 10 минут, используйте половину стимера. Для этого просто разломите его в руках, а оставшуюся часть уберите обратно в упаковку до следующего раза.
19000421327;SECOND SHOWER Yuza, Passion Fruit;саше ароматическое;Республика Корея;1010;808;https://goldapple.ru/19000421327-yuza-passion-fruit;1.62;Стимеры (ароматические таблетки) для душа — это прекрасный аналог бомбочкам для ванн. Подойдут тем, у кого нет ванной или времени её набирать.Помогают превратить пятиминутный душ в настоящий SPA-ритуал с ароматерапией.  В наборе 2 изысканных аромата, каждый из которых обладает уникальными свойствами:  Юдзу — яркий, свежий и бодрящий аромат экзотического цитруса. Маракуйя — свежий тропический аромат с нотами экзотического острова.  Каждый стимер Second Shower создан на основе редких эфирных масел и обладает ароматерапевтическим эффектом.  Просто поместите стимер на дно в вашем душе и наслаждайтесь легким ароматом.;Снимите упаковку со стимера.  Разместите стимер на полу душевой, обеспечьте постоянное попадание мелких капель воды и пара. Избегайте прямого сильного напора воды!  Стимер не должен “тонуть” в воде.  После растворения стимера смойте его остатки водой.   Если вы принимаете душ менее 10 минут, используйте половину стимера. Для этого просто разломите его в руках, а оставшуюся часть уберите обратно в упаковку до следующего раза.
19000306240;BANKA_HOME Лист табака и кориандр;саше ароматическое;Россия;590;519;https://goldapple.ru/19000306240-list-tabaka-i-koriandr;1.6;"Ароматный воск-саше ""Лист табака и кориандр"". Этот аромат можно описать, как богатый и знойный, с нотами янтаря, табака и сладкой ванили. Действительно уникальный и увлекательный аромат для любимого пространства. Данный воск можно использовать в аромалампе, либо пересыпать в стильный мешочек из органзы, который находится в комплекте, и повесить в шкаф для ароматизации.";Вскрыть упаковку, поместить саше в мешочек, разместить в шкафу/ящике для белья. Подходит для использования в аромалампе. Отломить нужное количество кубиков воска, расположить на греющей поверхности аромалампы.
99000077289;LOVELY DAY! lemongrass;саше ароматическое;;1430;1359;https://goldapple.ru/99000077289-lemongrass;1.0;Ароматические саше для шкафа или аромалампы. Саше Lemongrass — как утренний ветер с пряным акцентом. Тонкий, звонкий аромат лимонной травы переплетается с сочностью танжерина, лайма и бергамота. Где-то в тени — нежность иланг-иланга, глубина пачули и чуть уловимый кардамон. Энергия природы, заключённая в кусочке воска. Для тех, кто любит открывать окна по утрам и ставить свежие цветы в вазу.;Саше используется для наполнения ароматом пространства: шкаф, гардеробная или ящик для постельного белья. Откройте упаковку, достаньте ароматические саше в кубиках. Положите или повесьте саше в ящик для белья, платяной шкаф или гардеробную комнату, используя мешочек, идущий в комплекте. Длительность действия до 90 дней после начала использования.
99000111158;POCHERK SPA ritual;саше ароматическое;Россия;2000;1380;https://goldapple.ru/99000111158-spa-ritual;1.0;"Ощущение лёгкости, чистоты и ухода за собой. Аромасаше ""День в SPA"" создано для тех, кто умеет устраивать себе паузы в повседневности. Этот аромат — как шелест белого халата, как тепло масла на коже, как глубокий вдох после массажа. Шесть сердечек из соевого воска во флаконе объемом 125 мл раскрываются в пространстве тонким, светлым шлейфом, наполняя атмосферой уюта и мягкой роскоши.";Достаньте саше из защитного пакета, поместите во флакон. Разместите флакон с саше в гардеробе, на полочке в шкафу или в открытом пространстве. Для хорошей аромаотдачи необходимы потоки воздуха.
99000077294;LOVELY DAY! Simply Genius;саше ароматическое;;1430;1359;https://goldapple.ru/99000077294-simply-genius;1.0;Ароматические саше для шкафа или аромалампы. Аромат высушенных на верёвке простыней в солнечный, свежий день. Этот аромат начинается успокаивающими нотами цветков хлопка и лимона, уступая место сердцу из свежего льна. Композиция, которая вызывает стойкие ассоциации с домашним уютом.;Саше используется для наполнения ароматом пространства: шкаф, гардеробная или ящик для постельного белья. Откройте упаковку, достаньте ароматические саше в кубиках. Положите или повесьте саше в ящик для белья, платяной шкаф или гардеробную комнату, используя мешочек, идущий в комплекте. Длительность действия до 90 дней после начала использования.
99000105103;НАШЕ САШЕ Берегиня страсти;саше ароматическое;Россия;890;623;https://goldapple.ru/99000105103-beregina-strasti;1.0;«Наше саше» родилось из тоски по настоящему дому – дому, где пахнет свежеиспечённым хлебом, малиной и клубникой с огорода, где бабушка печет пироги и варит варенье, а мама бережно складывает льняные полотенца в шкаф с душистыми мешочками. Это тот самый дом, куда всегда хочется возвращаться.  Именно поэтому наше саше «Берегиня страсти» наполнит Ваш шкаф и пространство ароматом страсти, дорогого парфюма и роскоши.  Наше саше «Берегиня страсти» упаковано в подарочную коробочку, внутри которой есть льняной мешочек и блистер с аромасаше.;Извлеките саше из блистера, отломите кусочек (1-2 сердечка) и положите в льняной мешочек.  Положите в комод с бельём или одеждой — пусть аромат бережёт ваши вещи, как бабушка берегла рушник.  Повесьте в шкафу или гардеробной — и каждый раз, открывая дверь, вы будете знать: в доме есть душа.  Положите в прикроватную тумбочку — и сон придёт мягко, будто вечерняя сказка от самой жизни.  Около рабочего места — чтобы дни текли спокойно, с ясной головой и добрым сердцем.  Растопите в аромалампе — если хочется окутать себя уютом целиком.
99000111162;POCHERK Raspberry and Green Hearts;саше ароматическое;Россия;920;773;https://goldapple.ru/99000111162-raspberry-and-green-hearts;1.0;Миниатюрные сердечки из ароматного воска — это не просто саше, а тихая забота о вашем пространстве. Аромат малины с зеленью — про живую свежесть и простые удовольствия. Он легко наполняет пространство ощущением природы: чуть терпкая зелёная нота, как только что сорванные листья, и сочная малина — как любимое лето из детства. Созданные вручную с вниманием к деталям, ароматические саше POCHERK источают утончённые и стойкие ароматы, раскрываясь в течение нескольких недель, словно маленькое любовное письмо, написанное ароматом. Выберите свой аромат, и пусть каждый вдох наполняет ваш день уютом, теплом и прекрасными воспоминаниями.;Достаньте саше из емкости, поместите в мешочек из органзы. Разместите мешочек с саше в гардеробе на штанге/вешалке или положите в ящик комода. Для хорошей аромаотдачи необходимы потоки воздуха. Не размещайте саше вплотную к одежде из тонких, деликатных тканей. Используйте саше в аромалампе для усиления аромаотдачи и ароматизации помещений.
19000234819;BY KAORI Green Mango;саше ароматическое;Россия;690;690;https://goldapple.ru/19000234819-green-mango;1.0;Стильное гипсовое аромасаше, которое наполнит пространство точечной, детальной ароматизацией. Идеальное решение для гардеробных, кронштейнов с верхней одеждой, шкафов, а также небольших помещений.;Подвесьте аромасаше с помощью ленты, которая идет в комплекте, в вашу гардеробную, шкаф или кронштейн с верхней одеждой.
19000349053;MAY MEADOW white birch;саше ароматическое;Россия;1300;1170;https://goldapple.ru/19000349053-white-birch;1.0;Изысканный древесный аромат, который покоряет свежестью зеленой листвы и сладостью березового сока.  Композиция аромата наполнена яркими нотами эвкалипта, кедровой древесины, кипариса и бобов тонка.  Аромат содержит в себе натуральные эфирные масла эвкалипта, кедра, еловой хвои, пачули.  Ароматическое саше ручной работы, изготовлены из натурального, экологически чистого соевого воска. При изготовлении саше применяются безопасные ароматические масла, не содержащие фталатов. Объем саше рассчитан на ароматизацию пространства до 4 квадратных метров.;Снимите защитную упаковку с саше, пропустите ленту через специальное отверстие и разместите саше в гардеробе на штанге, на вешалке или положите к белью в ящик комода.  Для хорошей ароматической отдачи необходимы потоки воздуха.  Аромасаше не стоит размещать рядом с нагревательными приборами или источниками тепла, чтобы оно не начало таять и выделять масло.  Не рекомендуется размещать саше вплотную к одежде из тонких, деликатных тканей.  Аромат сохраняется более 90 дней, когда аромаотдача станет менее яркой, саше можно использовать в аромалампе.
19000383978;HERE TO FEEL Heartbeat;саше ароматическое;Россия;820;738;https://goldapple.ru/19000383978-heartbeat;1.0;Последние штрихи перед выходом: проверить, как сидит платье, поправить макияж. Не каждый день тебе выпадает возможность поужинать с любимой кинозвездой. Сердце начинает биться чаще, мысли путаются – сегодня мечта станет реальностью с ароматом какао и кашемира.   Мы изготовили саше из оливкового воска, который имеет высокую температуру плавления, поэтому эти сердца не растопит даже жаркая летняя погода.   Не переживайте за чистоту своих вещей, ведь аромасаше не оставляет следов на ткани. Все, что оставит аромасаше – это невероятно вкусный аромат на одежде или домашнем текстиле, который сохранится до шести месяцев после начала использования.;Достаньте саше из упаковки и разместите его в ящике с одеждой, домашнем текстилем или в спортивной сумке. Варьируйте интенсивность аромата с помощью количества сердечек.
19000383983;HERE TO FEEL Sunrise in Santorini;саше ароматическое;Россия;820;738;https://goldapple.ru/19000383983-sunrise-in-santorini;1.0;Изысканный аромат, начинающийся с нот мандарина и лемонграсса, усиленный нотами бергамота и имбиря, пропитанный базой из белого чая и жасмина. Идеален для тех, кто давно мечтает отправиться в путешествие к морю, чтобы расслабиться и насладиться моментом.  Мы изготовили саше из оливкового воска, который имеет высокую температуру плавления, поэтому эти сердца не растопит даже жаркая летняя погода. Не переживайте за чистоту своих вещей, ведь аромасаше не оставляет следов на ткани.  Все, что оставит аромасаше – это невероятно вкусный аромат на одежде или домашнем текстиле, который сохранится до шести месяцев после начала использования;Достаньте саше из упаковки и разместите его в ящике с одеждой, домашнем текстилем или в спортивной сумке.  Варьируйте интенсивность аромата с помощью количества сердечек.
19000234817;BY KAORI Fleur;саше ароматическое;Россия;690;690;https://goldapple.ru/19000234817-fleur;1.0;Стильное гипсовое аромасаше, которое наполнит пространство точечной, детальной ароматизацией. Идеальное решение для гардеробных, кронштейнов с верхней одеждой, шкафов, а также небольших помещений.;Подвесьте аромасаше с помощью ленты, которая идет в комплекте, в вашу гардеробную, шкаф или кронштейн с верхней одеждой.
19000306245;BANKA_HOME Янтарь и кашемир;саше ароматическое;Россия;590;501;https://goldapple.ru/19000306245-antar-i-kasemir;1.0;"Ароматный воск-саше ""Янтарь и кашемир"". Это сложная древесная смесь с нотами янтаря.  Аромат представляет собой сочетание ванили, темного мускуса и сандалового дерева, с хорошо сбалансированной цитрусовой и цветочной нотой. Данный воск можно использовать в аромалампе, либо пересыпать в стильный мешочек из органзы, который находится в комплекте, и повесить в шкаф для ароматизации.";Вскрыть упаковку, поместить саше в мешочек, разместить в шкафу/ящике для белья. Подходит для использования в аромалампе. Отломить нужное количество кубиков воска, расположить на греющей поверхности аромалампы.
19000424998;BLESLY MUSK, SEA SALT & JASMINE;саше ароматическое;Россия;760;608;https://goldapple.ru/19000424998-musk-sea-salt-jasmine;1.0;Ароматическое саше стильное решение для ароматизации пространства это может быть шкаф, гардеробная, ящик для хранения, автомобиль и т.д. Деликатный аромат чистоты!  Утонченные свежие ноты озона и морской соли, перетекают в деликатный цитрус и жасмин. А уютная пудра и фиалка завершают эту стильную композицию.;Извлекайте саше из технического прозрачного пакета только перед началом использования. Формат саше позволяет разную вариацию его размещения, положите его в комод или разместите на штанге платяного шкафа. Используйте саше по очереди или сразу оба для более насыщенной ароматизации.
99000080131;WANT AROMA лаванда;саше ароматическое;;690;690;https://goldapple.ru/99000080131-lavanda;1.0;Саше в мешочке — идеальный выбор для создания уютной и ароматной атмосферы в вашем доме. Внутри мешочка находятся восковые ароматные сердечки, которые наполняют пространство нежным и стойким ароматом, сохраняющимся от 3-х месяцев. Это саше не только освежает воздух, но и придает свежесть вашей одежде, делая её ароматной и приятной.;Положите саше в шкаф или повесьте на вешалку.
19000421331;SECOND SHOWER Eucalyptus;саше ароматическое;Республика Корея;3050;2745;https://goldapple.ru/19000421331-eucalyptus;1.0;Стимеры (ароматические таблетки) для душа — это прекрасный аналог бомбочкам для ванн. Подойдут тем, у кого нет ванной или времени её набирать. Помогают превратить пятиминутный душ в настоящий SPA-ритуал с ароматерапией.  В наборе 6 таблеток с охлаждающим и освежающим, словно прогулка по свежему лесу, ароматом эвкалипта. Каждый стимер Second Shower создан на основе редких эфирных масел и обладает ароматерапевтическим эффектом.  Просто поместите стимер на дно в вашем душе и наслаждайтесь легким ароматом.;Снимите упаковку со стимера.  Разместите стимер на полу душевой, обеспечьте постоянное попадание мелких капель воды и пара. Избегайте прямого сильного напора воды!  Стимер не должен “тонуть” в воде.  После растворения стимера смойте его остатки водой.   Если вы принимаете душ менее 10 минут, используйте половину стимера. Для этого просто разломите его в руках, а оставшуюся часть уберите обратно в упаковку до следующего раза.
99000105108;НАШЕ САШЕ В саду у бабушки;саше ароматическое;Россия;890;623;https://goldapple.ru/99000105108-v-sadu-u-babuski;1.0;«Наше саше» родилось из тоски по настоящему дому – дому, где пахнет свежеиспечённым хлебом, малиной и клубникой с огорода, где бабушка печет пироги и варит варенье, а мама бережно складывает льняные полотенца в шкаф с душистыми мешочками. Это тот самый дом, куда всегда хочется возвращаться.;Извлеките саше из блистера, отломите кусочек (1-2 сердечка) и положите в льняной мешочек.  Положите в комод с бельём или одеждой — пусть аромат бережёт ваши вещи, как бабушка берегла рушник.  Повесьте в шкафу или гардеробной — и каждый раз, открывая дверь, вы будете знать: в доме есть душа.  Положите в прикроватную тумбочку — и сон придёт мягко, будто вечерняя сказка от самой жизни.  Около рабочего места — чтобы дни текли спокойно, с ясной головой и добрым сердцем.  Растопите в аромалампе — если хочется окутать себя уютом целиком.
19000421329;SECOND SHOWER Cherry Blossom;саше ароматическое;Республика Корея;3050;2745;https://goldapple.ru/19000421329-cherry-blossom;1.0;Стимеры (ароматические таблетки) для душа — это прекрасный аналог бомбочкам для ванн. Подойдут тем, у кого нет ванной или времени её набирать. Помогают превратить пятиминутный душ в настоящий SPA-ритуал с ароматерапией.  В наборе 6 таблеток с уютным и сладким ароматом цветущей вишни, напоминающим о теплых весенних днях. Каждый стимер Second Shower создан на основе редких эфирных масел и обладает ароматерапевтическим эффектом.  Просто поместите стимер на дно в вашем душе и наслаждайтесь легким ароматом.;Снимите упаковку со стимера.  Разместите стимер на полу душевой, обеспечьте постоянное попадание мелких капель воды и пара. Избегайте прямого сильного напора воды!  Стимер не должен “тонуть” в воде.  После растворения стимера смойте его остатки водой.   Если вы принимаете душ менее 10 минут, используйте половину стимера. Для этого просто разломите его в руках, а оставшуюся часть уберите обратно в упаковку до следующего раза.
19000060315;INSIDE YOU Grapefruit;саше ароматическое;;660;389;https://goldapple.ru/19000060315-grapefruit;1.0;Готовы окунуться в мир ароматов ?  Грейпфрут -  сочная мякоть красного цитруса с ароматом солнечного лета. Грейпфрут как он есть — нежный, с характерной горчинкой, кислинкой и сладостью.  Аромасаше от Insideyou выполнены из натурального кокосового воска.  Кокосовый воск не имеет своего запаха и прекрасно отдаёт аромат, добавленных в него аромамасел. Его текстура не оставляет следов, не крошится, и имеет приятную глянцевую поверхность.  Аромасаше будет радовать вас приятным ароматом 2-4 месяца. Чем более интенсивный аромат, тем более насыщенная и долгая аромотдача.;"-повесить аромасаше на вешалку в шкаф между одеждой;   -положить на полку с одеждой;   -повесить в комнате и тогда лёгкий аромат будет распространяться по всему пространству;   -положить в дамскую или спортивную сумку;  -растопить на аромалампе.  Меры предосторожности: -Не оставляйте аромасаше на солнце и рядом с теплоисточниками."
99000085130;LOVELY DAY! Pepper and Amber;саше ароматическое;;1430;1359;https://goldapple.ru/99000085130-pepper-and-amber;1.0;Pepper and Amber это тепло, в которое хочется завернуться. Пряный чёрный перец, густая амбра и нежное нероли — как аромат уютного вечера, когда ничего не отвлекает от себя. Этот аромат — не фон, а атмосфера. Стильная, обволакивающая, с характером. Идеально для шкафа, прикроватного ящика или аромалампы. Если вы любите уют с перчинкой — это он.;Саше используется для наполнения ароматом пространства: шкаф, гардеробная или ящик для постельного белья. Откройте упаковку, достаньте ароматические саше в кубиках. положите или повесьте саше в ящик для белья, платяной шкаф или гардеробную комнату, используя мешочек, идущий в комплекте. Длительность действия до 90 дней после начала использования.
19000374377;BAGO HOME Мята и лайм;саше ароматическое;Россия;331;297;https://goldapple.ru/19000374377-mata-i-lajm;0.8;"Наполните ваш дом бодрящим ароматом саше ""Мята и лайм"". Яркие цитрусовые ноты лайма в сочетании с лёгкой мятной прохладой и утончённым оттенком розы создают гармоничную и свежую композицию, наполняющую пространство энергией и лёгкостью. Саше весом 15 грамм идеально подходит для ароматизации небольших помещений площадью до 5 м². Натуральная минеральная пудра и парфюмерная композиция обеспечивают чистое и натуральное звучание аромата. После вскрытия саше сохраняет аромат в течение 5–7 недель, а срок годности не ограничен. Саше ""Мята и лайм"" прекрасно дополнит ваш гардероб, ящики с бельём или компактные зоны дома, привнося свежесть и стиль в ваше пространство. Добавьте вашему дому яркость и утончённую прохладу с коллекцией Originals от BAGO home!";Освободите саше от целлофановой упаковки, положите саше в бельевой шкаф или повесьте на штангу платяного шкафа при помощи держателя на оборотной стороне саше.
19000429285;AROMA HARMONY SUNNY DAY;саше ароматическое;Россия;140;126;https://goldapple.ru/19000429285-sunny-day;0.6;Коллекция ароматов для дома  создана для того, чтобы поддерживать в доме атмосферу уюта и  Cozy nature by Aroma Harmony harmony гармонии.  В каждом аромате есть частичка природы и её энергия  жизни. Это тёплая коллекция, окутывающая помещение ненавязчивым  шлейфом, который дарит ощущение спокойствия. Концепция минимализма и деревянные ноты, представленные в каждом аромате — это ода планете.   В каждой линии, в каждой детали, в каждом дуновении ветра, в  самом взгляде на мир — чувствуется присутствие природы, ее  мудрость и сила. Она незримо присутствует в каждой ноте композиции.  Саше — в новой  упаковке. Простой и лаконичной.;Откройте прозрачную упаковку. Достаньте ароматическое саше. Положите саше в ящик для белья, в комод, повесьте в шкаф или автомобиль при помощи держателя.
99000064928;HYPNOTECA Red Heart;саше ароматическое;;1250;1250;https://goldapple.ru/99000064928-red-heart;0.6;"Aroma Stone - это саше, которое наконец-то можно положить в шкаф и не испачкать вещи. Ароматическое саше выполнено не из воска, а из специального материала - внешне и на ощупь похожего на гладкий камень. Его можно повесить или положить в шкаф, комод, гардероб. Ароматическое саше ""Red Heart"" в эстетичном сером цвете подарит ароматный шлейф тёплых нот уда, корицы и шафрана, придающих ему восточное звучание, в сочетании с аккордами ладана и мускатного ореха, окутывая, словно вуалью, таинственной и глубокой атмосферой, который вы будете чувствовать не только при открытии дверцы, но и от одежды. Саше не меняет своих свойств со временем, его аромоотдача будет радовать не менее года и потребует замены лишь тогда, когда вы захотите побаловать себя нашим новым ароматом!";Ароматическое саше можно повесить или положить в шкаф, комод, гардероб. Саше не меняет своих свойств со временем, его аромоотдача будет радовать не менее года и потребует замены лишь тогда, когда вы захотите побаловать себя нашим новым ароматом! Рекомендуем использовать несколько ароматических саше, если у вас большая гардеробная.
19000097480;LOCHERBER MILANO Linen Buds;саше ароматическое;;3130;2660;https://goldapple.ru/19000097480-linen-buds;0.2;Мягкий летний климат и свежий воздух зеленых холмов Новой Зеландии стали природной основой для создания интерьерного аромата Linen Buds от Locherber. Наполните свой интерьер ароматом свежих цветов и спелых ягод. Начальные ноты черной смородины, сицилийского лимона и бергамота в сочетании с цветочным букетом розы, герани и иланг-иланга, с мягкой сливочной сладостью ванили, сандала и мускуса.Ароматическое саше – это элегантная льняная подушечка, украшенная пуговицей Locherber из перламутровой раковины. Внутреннее наполнение: сицилийская соль, выдержанная в ароматической эссенции Locherber. Саше применяется для ароматизации одежды или белья, приятный подарок для автолюбителей, красивый ароматный аксессуар на туалетном столике. Рассчитано на 5-6 месяцев.;
19000349047;MAY MEADOW champange;саше ароматическое;Россия;1300;1170;https://goldapple.ru/19000349047-champange;;Аромат, создающий атмосферу праздника в любое время года. Невероятно реалистичный аромат игристых пузырьков шампанского с яркими фруктовыми акцентами.  Ароматическое саше ручной работы, изготовлены из натурального, экологически чистого соевого воска. При изготовлении саше применяются безопасные ароматические масла, не содержащие фталатов. Объем саше рассчитан на ароматизацию пространства до 4 квадратных метров.;Снимите защитную упаковку с саше, пропустите ленту через специальное отверстие и разместите саше в гардеробе на штанге, на вешалке или положите к белью в ящик комода.  Для хорошей ароматической отдачи необходимы потоки воздуха.  Аромасаше не стоит размещать рядом с нагревательными приборами или источниками тепла, чтобы оно не начало таять и выделять масло.  Не рекомендуется размещать саше вплотную к одежде из тонких, деликатных тканей.  Аромат сохраняется более 90 дней, когда аромаотдача станет менее яркой, саше можно использовать в аромалампе.
99000064922;HYPNOTECA Vanilla Peach;саше ароматическое;;1250;1250;https://goldapple.ru/99000064922-vanilla-peach;;"Aroma Stone - это саше, которое наконец-то можно положить в шкаф и не испачкать вещи. Ароматическое саше выполнено не из воска, а из специального материала - внешне и на ощупь похожего на гладкий камень. Его можно повесить или положить в шкаф, комод, гардероб. Ароматическое саше ""Vanilla Peach"" персикового цвета подарит шлейф глубокого и изысканного аромата фруктово-цветочной композиции, который вы будете чувствовать не только при открытии дверцы, но и от одежды. Саше не меняет своих свойств со временем, его аромоотдача будет радовать не менее года и потребует замены лишь тогда, когда вы захотите побаловать себя нашим новым ароматом!";Ароматическое саше можно повесить или положить в шкаф, комод, гардероб. Саше не меняет своих свойств со временем, его аромоотдача будет радовать не менее года и потребует замены лишь тогда, когда вы захотите побаловать себя нашим новым ароматом! Рекомендуем использовать несколько ароматических саше, если у вас большая гардеробная.
19000349044;MAY MEADOW lavender;саше ароматическое;Россия;1300;1170;https://goldapple.ru/19000349044-lavender;;Аромат лавандовых полей, наполненный натуральными маслами лаванды, эвкалипта, апельсина и кедра, создаст неповторимую атмосферу отпуска на солнечных склонах Прованса. Ароматическое саше ручной работы, изготовлены из натурального, экологически чистого соевого воска. При изготовлении саше применяются безопасные ароматические масла, не содержащие фталатов. Объем саше рассчитан на ароматизацию пространства до 4 квадратных метров.;Снимите защитную упаковку с саше, пропустите ленту через специальное отверстие и разместите саше в гардеробе на штанге, на вешалке или положите к белью в ящик комода.  Для хорошей ароматической отдачи необходимы потоки воздуха.  Аромасаше не стоит размещать рядом с нагревательными приборами или источниками тепла, чтобы оно не начало таять и выделять масло.  Не рекомендуется размещать саше вплотную к одежде из тонких, деликатных тканей.  Аромат сохраняется более 90 дней, когда аромаотдача станет менее яркой, саше можно использовать в аромалампе.
99000079810;LOVELY DAY! Stress Relief;саше ароматическое;;1430;1359;https://goldapple.ru/99000079810-stress-relief;;Покой начинается с мелочей. С маленькой коробочки, в которой лежит аромат, похожий на вечер пятницы после долгой недели. ⁣Мы назвали его Stress Relief— и он действительно умеет успокаивать.⁣ Лаванда, тёплый янтарь, сладковатая ваниль и чуть землистый шалфей соединяются в аромат, который будто выключает шум в голове. ⁣Один глубокий вдох — и всё становится на свои места.;Саше используется для наполнения ароматом пространства: шкаф, гардеробная или ящик для постельного белья. Откройте упаковку, достаньте ароматические саше в кубиках. Положите или повесьте саше в ящик для белья, платяной шкаф или гардеробную комнату, используя мешочек, идущий в комплекте. Длительность действия до 90 дней после начала использования.
19000440556;ARIDA HOME #18 Османтус и нарцисс;саше ароматическое;Россия;197;177;https://goldapple.ru/19000440556-18-osmantus-i-narciss;;Особенность коллекции HYGGE в гармонии внутреннего содержимого и внешней оболочки. Приятные, мягкие цветовые решения в дизайне упаковки и флакона сочетаются с ароматами уюта и спокойствия.;Вскройте пакет и достаньте ароматическое саше в картонной упаковке. НЕ ВСКРЫВАЯ ЕГО, разместите в ящике для белья, шкафу, сумке или автомобиле с помощью держателя.
99000073486;BÉNIYA HOME STORE Белый чай и Жасмин;саше ароматическое;;650;650;https://goldapple.ru/99000073486-belyj-caj-i-zasmin;;Свежий аромат мандарина и лемонграсса, дополненный нотами бергамота и имбиря. Нежный аромат белого чая и жасмина завершают эту ароматную композицию. В интернет-магазине представлен актуальный дизайн продукта. Обращаем внимание, возможно поступление товара в старом дизайне.;Достаньте саше из упаковки и разместите его в гардеробной, ящике с одеждой или домашнем текстилем.Наслаждайтесь приятным ароматом!
99000105030;BYKALI Табак и ваниль;саше ароматическое;Россия;755;680;https://goldapple.ru/99000105030-tabak-i-vanil;;Сочетание мягких и глубоких нот табачного листа, благородной сладости ванили приводит рецепторы в восторг, когда каждую молекулу запаха хочется вдохнуть поглубже.  BYKALI — ароматическое саше, которое оживит ваш шкаф и наполнит дом уютом.  Пусть каждая полка, каждая вешалка и каждый ящик источают тонкий, изысканный аромат.  Ароматическое саше BYKALI в виде стильных кубиков с мешочком — это больше, чем ароматизатор. Это элемент уюта, заботы и личного стиля вашего пространства.;Откройте упаковку и достаньте ароматические кубики.  Положите саше в мешочек (идет в комплекте) или разместите прямо в ящике с одеждой, бельем или обувью.  Можно использовать в аромалампе — просто поместите кубик на греющую поверхность.   Идеально подходит для освежения воздуха в небольших закрытых пространствах. Подарите своим вещам приятный и утонченный аромат!
19000284753;BY KAORI Green Mango;саше ароматическое;Россия;890;890;https://goldapple.ru/19000284753-green-mango;;Пара ароматных сердечек в формате саше - лучшее решение, чтобы еще раз выразить свои чувства. Два сердца-аромасаше идеально подойдут для того, чтобы точечно наполнить ваше пространство ароматом.  Мы рекомендуем подвесить их в гардеробной, шкафу или на кронштейне с верхней одеждой. Такое аромасердечко навсегда останется в памяти вашей второй половинки и станет еще одним напоминанием о том, как сильно вы ее любите!;Подвесьте аромасаше с помощью ленты, которая идет в комплекте, в вашу гардеробную, шкаф или кронштейн с верхней одеждой.
19000454045;ETERIA COSMO Базилик, томатный лист, цитрус;саше ароматическое;Россия;200;180;https://goldapple.ru/19000454045-bazilik-tomatnyj-list-citrus;;Бодрящий, вдохновляющий аромат. Подарите своему дому яркую свежесть с ароматом «Базилик, томатный лист и цитрус». Генуэзский базилик, неизменный ингредиент средиземноморских рецептов, раскрывается изящными терпкими нотами. Томатный лист создаёт освежающую базу. Энергичные оттенки свежевыжатых цитрусов придают аромату сочность и жизнерадостность. Наполните пространство ароматом красочного средиземноморского лета и окунитесь в атмосферу лёгкой беззаботности.;Освободите саше от целлофановой упаковки.  Положите саше в бельевой шкаф или повесьте на штангу платяного шкафа при помощи держателя на оборотной стороне саше.
19000454047;ETERIA COSMO Чабрец, китайская мята, зеленый лист;саше ароматическое;Россия;200;180;https://goldapple.ru/19000454047-cabrec-kitajskaa-mata-zelenyj-list;;Ароматы для концентрации и баланса энергии. Погрузитесь в оазис сочной зелени с ароматом «Чабрец, китайская мята и зелёный лист». Чабрец и китайская мята создают освежающий и живительный букет, который наполняет дом звенящей лёгкостью и чистотой. Современное звучание ароматных трав и зелёного листа добавляет естественную свежесть и способствует концентрации внимания. Уловите удивительную атмосферу ароматной гармонии природных нот и обретите уверенность в собственных силах.;Освободите саше от целлофановой упаковки.  Положите саше в бельевой шкаф или повесьте на штангу платяного шкафа при помощи держателя на оборотной стороне саше.
19000383975;HERE TO FEEL Confidence;саше ароматическое;Россия;820;738;https://goldapple.ru/19000383975-confidence;;Аромат-напоминание о той силе и уверенности, что кроется внутри каждого из нас. Древесная композиция CONFIDENCE со смелыми нотами кожи и бобов тонка и благородными нотами пачули и мускуса.   Мы изготовили саше из оливкового воска, который имеет высокую температуру плавления, поэтому эти сердца не растопит даже жаркая летняя погода.   Не переживайте за чистоту своих вещей, ведь аромасаше не оставляет следов на ткани. Все, что оставит аромасаше – это невероятно вкусный аромат на одежде или домашнем текстиле, который сохранится до шести месяцев после начала использования;Достаньте саше из упаковки и разместите его в ящике с одеждой, домашнем текстилем или в спортивной сумке. Варьируйте интенсивность аромата с помощью количества сердечек.
19000349049;MAY MEADOW mediterranean;саше ароматическое;Россия;1300;1170;https://goldapple.ru/19000349049-mediterranean;;Аромат погрузит Вас в атмосферу средиземноморья, беззаботного солнечного отпуска на морском побережье среди свежей зелени и цветущих садов. Аромат сочетает в себе свежие ноты озона и зеленых листьев, которые сменяются аккордами  цитрусовых и белого мускуса. Ароматическое саше ручной работы, изготовлены из натурального, экологически чистого соевого воска. При изготовлении саше применяются безопасные ароматические масла, не содержащие фталатов. Объем саше рассчитан на ароматизацию пространства до 4 квадратных метров.;Снимите защитную упаковку с саше, пропустите ленту через специальное отверстие и разместите саше в гардеробе на штанге, на вешалке или положите к белью в ящик комода.  Для хорошей ароматической отдачи необходимы потоки воздуха.  Аромасаше не стоит размещать рядом с нагревательными приборами или источниками тепла, чтобы оно не начало таять и выделять масло.  Не рекомендуется размещать саше вплотную к одежде из тонких, деликатных тканей.  Аромат сохраняется более 90 дней, когда аромаотдача станет менее яркой, саше можно использовать в аромалампе.
19000345272;FLAME MOSCOW Noor;саше ароматическое;Россия;2100;1575;https://goldapple.ru/19000345272-noor;;Это мягкое и романтичное представление удового дерева, которое будто сливается с Вами и становится тенью, дополняющей Вас. Подсвечивают уд в композиции томное розовое дерево и пачули, а в шлейфе остается чистота мускуса и легкая свежая горчинка только что очищенного мандарина.  Аромат как хамелеон подстраивается под температуру и Вашу кожу: то звучит более прохладно, то согревает, при этом не стягивая и не утяжеляя обоняние.                                                                                                                                                                                                                Саше используется для наполнения ароматом пространства, будь то платяной шкаф, гардероб или ящик для постельного белья.;Длительность действия до 90 дней после начала использования.
19000374376;BAGO HOME Лемонграсс;саше ароматическое;Россия;331;238;https://goldapple.ru/19000374376-lemongrass;;"Наполните ваш дом свежестью природы с ароматическим саше ""Лемонграсс"". Цитрусовые ноты лимонной травы, дополненные теплотой цветущей гвоздики и насыщенными акцентами влажного мха, создают гармоничный аромат, который оживляет пространство. Саше весом 15 грамм идеально подходит для ароматизации небольших помещений, площадью до 5 м². Его состав включает натуральную минеральную пудру и парфюмерную композицию, что обеспечивает чистое и натуральное раскрытие аромата. После вскрытия саше сохраняет свой аромат в течение 5–7 недель, а срок годности не ограничен. Саше ""Лемонграсс"" станет прекрасным выбором для гардероба, ящиков с бельём, чемоданов или компактных зон вашего дома. Это стильное и функциональное решение, которое добавит вашему пространству нотку свежести и уюта. Создайте атмосферу гармонии и природной лёгкости с коллекцией Originals от BAGO home!";Освободите саше от целлофановой упаковки, положите саше в бельевой шкаф или повесьте на штангу платяного шкафа при помощи держателя на оборотной стороне саше.
19000440613;ARIDA HOME The Nicety;саше ароматическое;Россия;231;207;https://goldapple.ru/19000440613-the-nicety;;Аромадиффузоры серии ХО - маленькая тайна, благодаря которой в вашем помещении захочется задержаться! Эта коллекция ароматов создаст атмосферу стиля и роскоши в вашем доме, отеле, ресторане, салоне или магазине.;Вскройте пакет и достаньте ароматическое саше в картонной упаковке. НЕ ВСКРЫВАЯ ЕГО, разместите в ящике для белья, шкафу, сумке или автомобиле с помощью держателя.
19000383976;HERE TO FEEL Friday night out;саше ароматическое;Россия;820;738;https://goldapple.ru/19000383976-friday-night-out;;Томный и сложный аромат для влюбленных в тайные рандеву. Смесь легких нот амаретто и пудры, сочетающихся с томными нотами рома, мускуса и смолистого уда, будет служить напоминанием о той вечеринке, с которой вы сбежали лишь вдвоем.  Мы изготовили саше из оливкового воска, который имеет высокую температуру плавления, поэтому эти сердца не растопит даже жаркая летняя погода.  Не переживайте за чистоту своих вещей, ведь аромасаше не оставляет следов на ткани. Все, что оставит аромасаше – это невероятно вкусный аромат на одежде или домашнем текстиле, который сохранится до шести месяцев после начала использования.;Достаньте саше из упаковки и разместите его в ящике с одеждой, домашнем текстилем или в спортивной сумке. Варьируйте интенсивность аромата с помощью количества сердечек.
99000111161;POCHERK Hello, Maldives!;саше ароматическое;Россия;2000;1380;https://goldapple.ru/99000111161-hello-maldives;;Состояние души, запечатлённое в форме воскового сердечка. Минималистичный диффузор ручной работы, вдохновлённый атмосферой приватного курорта на Мальдивах. Аромасаше создаёт чувственное впечатление даже без слов. В стеклянном флаконе объемом 125 мл — шесть сердечных палочек из соевого воска, пропитанных парфюмерной композицией в духе тёплого океанского побережья.;Достаньте саше из защитного пакета, поместите во флакон. Разместите флакон с саше в гардеробе, на полочке в шкафу или в открытом пространстве. Для хорошей аромаотдачи необходимы потоки воздуха.
99000079811;LOVELY DAY! Matcha Party;саше ароматическое;;1430;1359;https://goldapple.ru/99000079811-matcha-party;;Переходим в режим slow — по одному вдоху. Matcha Party— это не просто аромат. Это утренний ритуал, в котором нет спешки. Плотный, чуть землистый запах чая, теплое молоко, медовая нота — и всё, ты уже не на бегу. Добавь аромат туда, где хочешь больше мягкости. В ящик с бельём. В угол спальни. В офисный ящик с тайными шоколадками.;Саше используется для наполнения ароматом пространства: шкаф, гардеробная или ящик для постельного белья. Откройте упаковку, достаньте ароматические саше в кубиках. Положите или повесьте саше в ящик для белья, платяной шкаф или гардеробную комнату, используя мешочек, идущий в комплекте. Длительность действия до 90 дней после начала использования.
99000075883;PARFDESIGN Violet Dreams;саше ароматическое;;1050;893;https://goldapple.ru/99000075883-violet-dreams;;Набор из 2 аромасаше Parfdesign с ароматом Violet Dreams. Немного тумана, немного фиалки. И всё - в полтона. Этот аромат будто создан для медленных утр, писем без адреса и уютных мыслей под шум моря. Он не спешит - просто мягко присутствует. Фиалковая нежность встречается с солёным деревом и тёплой ванилью. Редкий, мечтательный, очень личный. Для тех, кто находит красоту в паузах. Формат: 2 саше в наборе.;Разместите ароматическое саше на полочке или в бельевом ящике, либо подвесьте его на вешалку, чтобы наполнить пространство вашего шкафа элегантным ароматом. Полное раскрытие аромата происходит в течение трех дней, после чего он будет радовать вас своей утонченностью на протяжении 2-3 месяцев. Важно: не накрывайте саше одеждой, чтобы аромат мог свободно распространяться.
99000063200;EUTHALIA FRAGRANCES Mississippi Blues;саше ароматическое;;6100;4880;https://goldapple.ru/99000063200-mississippi-blues;;Величественная усадьба на берегу Великой реки, спокойное течение воды, насыщенные краски знойного южного заката. Табак, Макаллан и ностальгические мелодии. Mississippi Blues — это переплетение интенсивных и отчетливых нот кожи, дерева, табака и гелиотропа с гладкостью амбры, меда и мускуса. Землисто-пряная, теплая чарующая смесь самобытных и целостных ароматов, усиливающих друг друга. Гармония контрастов, как самый упоительный протяжный блюз. Уверенный, согревающий, плотный: Mississippi Blues идеален для задумчивых меланхоличных вечеров.;Вынуть ароматизатор из полиэтиленовой пленки, поместить ароматическую керамику в небольшие пространства, такие как ящики, шкафы, гардеробы, чемоданы, автомобили. Аромат можно обновлять, распылив на саше новую парфюмерную композицию.
99000092838;CANDLE ZEN с цветочными ароматами;саше ароматическое;Россия;855;855;https://goldapple.ru/99000092838-s-cvetocnymi-aromatami;;Набор ароматических восковых саше с цветочным декором. Морская соль и орхидея — свежий, цветочный аромат. Верхние ноты: озон, морская соль. Средние ноты: ландыш, зеленые листья, орхидея, жасмин. Базовые ноты: кедр, бобы тонка, сандал. Сандал и роза — теплый, древесный аромат с цветочными нотами. Верхние ноты: зеленые листья, вино. Средние ноты: роза, гуаяк, бальзам. Базовые ноты: белый кедр, амбра, ваниль, мускус. В комплекте идут мешочки из органзы, в которых удобно размещать саше в шкафу или бельевом ящике. Мешочки отлично пропускают аромат, защищают цветочный декор от повреждений.;Рекомендуем повесить в гардеробной (на вешалку, крючок) или положить в бельевой ящик.
99000028806;FITIL Amber pepper;саше ароматическое;;590;590;https://goldapple.ru/99000028806-amber-pepper;;Ароматическое, брендированное саше ручной работы — это стильное решение для ароматизации пространства, это может быть гардеробная, шкаф, ящик для белья или может косметичка с Вашими любимыми средствами.  Аромат Amber pepper будоражит сознание восточными пряностями, свежестью нероли и афродизиаком в качестве амбры. Наполняй свою жизнь яркими ароматами вместе с Fitil.;"Повесить аромасаше на вешалку в шкаф;  Положить саше в полку с одеждой/постельным бельем;  Растопить саше в аромалампе;  Положить в дамскую или спортивную сумку/косметичку;  Избегайте контакта аромасаше с одеждой;  Не оставляйте саше на солнце."
19000383980;HERE TO FEEL Inspiration;саше ароматическое;Россия;820;738;https://goldapple.ru/19000383980-inspiration;;Не существует вечного источника вдохновения, но мы можем предложить тот, что будет радовать вас долгое время.  Попробуйте это саше и убедитесь в этом сами: элегантная, сложная и при этом ненавязчивая композиция из древесных амбровых нот станет вашим безусловным фаворитом.  Мы изготовили саше из оливкового воска, который имеет высокую температуру плавления, поэтому эти сердца не растопит даже жаркая летняя погода.  Не переживайте за чистоту своих вещей, ведь аромасаше не оставляет следов на ткани. Все, что оставит аромасаше – это невероятно вкусный аромат на одежде или домашнем текстиле, который сохранится до шести месяцев после начала использования.;Достаньте саше из упаковки и разместите его в ящике с одеждой, домашнем текстилем или в спортивной сумке.  Варьируйте интенсивность аромата с помощью количества сердечек.
19000383984;HERE TO FEEL Under the sun;саше ароматическое;Россия;820;738;https://goldapple.ru/19000383984-under-the-sun;;Пикник посреди полей виноградников в Тоскане. Разве может быть что-то романтичнее?  Вы в белом платье наслаждаетесь итальянским солнцем и ароматом зеленой лозы. В плетеной корзине рядом – спелые грозди винограда.  Дополните эту картину бокалом вина, букетом цветов и ароматом виноград и кашемир. Мы изготовили саше из оливкового воска, который имеет высокую температуру плавления, поэтому эти сердца не растопит даже жаркая летняя погода. Не переживайте за чистоту своих вещей, ведь аромасаше не оставляет следов на ткани.  Все, что оставит аромасаше – это невероятно вкусный аромат на одежде или домашнем текстиле, который сохранится до шести месяцев после начала использования.;Достаньте саше из упаковки и разместите его в ящике с одеждой, домашнем текстилем или в спортивной сумке.  Варьируйте интенсивность аромата с помощью количества сердечек.
19000349048;MAY MEADOW sea salt;саше ароматическое;Россия;1300;1170;https://goldapple.ru/19000349048-sea-salt;;Утонченный, аромат морской соли и минералов, наполнен свежестью озоновых нот.  Выдержанные ноты эвкалипта и фрезии в сердце аромата придают чистоту и элегантность.  Аромат идеально подходит для создания атмосферы гармонии и легкости в вашем пространстве.   Композиция аромата наполнена натуральными эфирными маслами пачули, эвкалипта, сосны и цитронеллы. Ароматическое саше ручной работы, изготовлены из натурального, экологически чистого соевого воска. При изготовлении саше применяются безопасные ароматические масла, не содержащие фталатов. Объем саше рассчитан на ароматизацию пространства до 4 квадратных метров.;Снимите защитную упаковку с саше, пропустите ленту через специальное отверстие и разместите саше в гардеробе на штанге, на вешалке или положите к белью в ящик комода.  Для хорошей ароматической отдачи необходимы потоки воздуха.  Аромасаше не стоит размещать рядом с нагревательными приборами или источниками тепла, чтобы оно не начало таять и выделять масло.  Не рекомендуется размещать саше вплотную к одежде из тонких, деликатных тканей.  Аромат сохраняется более 90 дней, когда аромаотдача станет менее яркой, саше можно использовать в аромалампе.
19000383977;HERE TO FEEL Havana club;саше ароматическое;Россия;820;738;https://goldapple.ru/19000383977-havana-club;;Вихрь из душистого перца, табачного листа, нот гвоздики, сандала и амбры перенесет вас на Кубинскую вечеринку. Надевайте свой самый лучший наряд, отправляйтесь танцевать и не забудьте захватить стакан пряного рома в баре. Сегодня вы будете встречать самый красивый закат в жизни.  Мы изготовили саше из оливкового воска, который имеет высокую температуру плавления, поэтому эти сердца не растопит даже жаркая летняя погода.  Не переживайте за чистоту своих вещей, ведь аромасаше не оставляет следов на ткани. Все, что оставит аромасаше – это невероятно вкусный аромат на одежде или домашнем текстиле, который сохранится до шести месяцев после начала использования.;Достаньте саше из упаковки и разместите его в ящике с одеждой, домашнем текстилем или в спортивной сумке. Варьируйте интенсивность аромата с помощью количества сердечек.
19000432177;CULTI MILANO the, 7x7 см;саше ароматическое;Италия;4650;4417;https://goldapple.ru/19000432177-the-7x7-sm;;Саше для ароматизации гардероба, комода, шкафа. Отверстие в саше для удобного размещения на вешалке гардероба. Сочетания бергамота и японского зеленого чая медитативный и умиротворяющий аромат. Повесьте в гардероб, положите на полку или в сумочку для создания приятный эмоций в течение всего дня при открывании гардероба или сумочки. Длительность 3-4 месяца.;Закрепить держатель саше в решетку заслонки воздуховода внутри автомобиля.
19000349050;MAY MEADOW oakmoss;саше ароматическое;Россия;1300;1170;https://goldapple.ru/19000349050-oakmoss;;Аромат весеннего леса после дождя, когда воздух наполнен запахами молодой листвы, древесины и мха.  Композиция аромата начинается с ярких нот грейпфрута и шалфея плавно переходя в терпкую сладость цветов лаванды. Глубину аромату придают ноты дубового мха, амбры и бобов тонка. Аромат содержит натуральные эфирные масла грейпфрута, лаванды и шалфея.                                                              Ароматическое саше ручной работы, изготовлены из натурального, экологически чистого соевого воска. При изготовлении саше применяются безопасные ароматические масла, не содержащие фталатов. Объем саше рассчитан на ароматизацию пространства до 4 квадратных метров.;Снимите защитную упаковку с саше, пропустите ленту через специальное отверстие и разместите саше в гардеробе на штанге, на вешалке или положите к белью в ящик комода.  Для хорошей ароматической отдачи необходимы потоки воздуха.  Аромасаше не стоит размещать рядом с нагревательными приборами или источниками тепла, чтобы оно не начало таять и выделять масло.  Не рекомендуется размещать саше вплотную к одежде из тонких, деликатных тканей.  Аромат сохраняется более 90 дней, когда аромаотдача станет менее яркой, саше можно использовать в аромалампе.
19000234823;BY KAORI Rose and Peach;саше ароматическое;Россия;690;690;https://goldapple.ru/19000234823-rose-and-peach;;Стильное гипсовое аромасаше, которое наполнит пространство точечной, детальной ароматизацией. Идеальное решение для гардеробных, кронштейнов с верхней одеждой, шкафов, а также небольших помещений.;Подвесьте аромасаше с помощью ленты, которая идет в комплекте, в вашу гардеробную, шкаф или кронштейн с верхней одеждой.
99000063199;EUTHALIA FRAGRANCES Herbes Sauvages;саше ароматическое;;6100;4880;https://goldapple.ru/99000063199-herbes-sauvages;;Herbes Sauvages пахнет, словно букет диких трав, собранный по дороге к Средиземному морю. Вдохните свежие искрящиеся ноты мяты и эвкалипта с горьковатым акцентом розмарина, лаванды, тимьяна и майорана. Душистые травы переплетаются с пряными оттенками кориандра и гвоздики. Древесная нота сосны напоминает расплавленную от жары хвойную смолу. Терпкость букета смягчена нежным, чувственным присутствием жасмина. Травяной, дикий и насыщенный: Herbes Sauvages как нагретый солнцем парк в Средиземноморье.;Вынуть ароматизатор из полиэтиленовой пленки, поместить ароматическую керамику в небольшие пространства, такие как ящики, шкафы, гардеробы, чемоданы, автомобили. Аромат можно обновлять, распылив на саше новую парфюмерную композицию.
19000234815;BY KAORI Eden;саше ароматическое;Россия;690;690;https://goldapple.ru/19000234815-eden;;Стильное гипсовое аромасаше, которое наполнит пространство точечной, детальной ароматизацией. Идеальное решение для гардеробных, кронштейнов с верхней одеждой, шкафов, а также небольших помещений.;Подвесьте аромасаше с помощью ленты, которая идет в комплекте, в вашу гардеробную, шкаф или кронштейн с верхней одеждой.
19000432175;CULTI MILANO Aramara, 7x7 см;саше ароматическое;Италия;4650;4417;https://goldapple.ru/19000432175-aramara-7x7-sm;;Саше для ароматизации гардероба, комода, шкафа. Отверстие в саше для удобного размещения на вешалке гардероба. Аромат бестселлер, цитрусовый, сочный, яркий. Именно в этом аромате раскрываются все оттенки горького сицилийского апельсина, бергамота и сандала. Повесьте в гардероб, положите на полку или в сумочку для создания приятный эмоций в течение всего дня при открывании гардероба или сумочки. Длительность 3-4 месяца.;Закрепить держатель саше в решетку заслонки воздуховода внутри автомобиля.
99000037510;MIRÚSHKA spices&citrus;саше ароматическое;;630;536;https://goldapple.ru/99000037510-spices-citrus;;Ароматическое саше в форме сердец  Mirushka сделано вручную из соевого воска премиум качества. Оно наполнит вашу гардеробную или шкаф необыкновенно приятными, сладкими и пряными ароматами корицы и апельсина, и подарит настроение домашнего уюта. Ароматическое саше упаковано в стильный мешочек из натуральной ткани и фирменную коробку.;Положите или повесьте ароматическое саше в вашу гардеробную или шкаф и наслаждайтесь ароматом каждый раз. Избегайте контакта ароматического саше с одеждой.
19000374378;BAGO HOME Мята и апельсин;саше ароматическое;Россия;220;198;https://goldapple.ru/19000374378-mata-i-apel-sin;;"Добавьте в свой дом яркие и бодрящие ноты с ароматическим саше ""Мята и апельсин"". История апельсинов началась в субтропических районах мира, а в XV веке они были завезены португальцами в Европу, где быстро завоевали популярность. Этот аромат сочетает сочные ноты апельсинов, оранжево-красных танжеринов, сладость сушёного винограда и освежающие зелёные акценты перечной мяты. Саше весом 10 грамм эффективно ароматизирует небольшие пространства площадью до 5 м². Изготовленное из минеральной пудры и парфюмерной композиции, оно дарит чистый и стойкий аромат. После вскрытия саше сохраняет свои свойства в течение 5–7 недель, а срок годности не ограничен. Саше ""Мята и апельсин"" станет отличным выбором для гардеробов, ящиков с бельём или небольших помещений, наполняя их бодрящей свежестью и солнечным настроением. Оживите свой дом с коллекцией NATURE от BAGO home!";Освободите саше от целлофановой упаковки, положите саше в бельевой шкаф или повесьте на штангу платяного шкафа при помощи держателя на оборотной стороне саше.
19000098981;CASA LEGGERA Silk;саше ароматическое;;880;748;https://goldapple.ru/19000098981-silk;;Ароматические саше из соевого воска Casa leggera Silk помогут наполнить помещение гардеробной или шкафа нежным, лёгким пудровым ароматом с ягодными нотами, подарит чувство бодрости, а древесные и цветочные аккорды в композиции добавляют аромату невероятную глубину и неповторимое звучание. Аромат, который ассоциируется с чистотой, свежевыстиранным и высушенным на солнце или только что отглаженным бельем.;Положите или повесьте саше в гардеробную или шкаф для ароматизации вещей. Избегайте контакта аромасаше с одеждой
19000038913;BAGO HOME Citrus;саше ароматическое;;331;274;https://goldapple.ru/19000038913-citrus;;Солнечный и сладкий апельсин с сочным гранатом окутал нежный и теплый шлейф мускуса. Создайте в доме экзотическую атмосферу – этот витаминный коктейль поможет Вам в этом!;Освободите ароматическое саше от целлофановой упаковки
19000316373;FLAME MOSCOW Vanda;саше ароматическое;Россия;670;636;https://goldapple.ru/19000316373-vanda;;Аромат отражает поиск лучшей версии: себя, состояния или атмосферы.  Стремление к чистоте, идеалу, но без потери необходимой изюминки и характера, чтобы превосходить безликое и «серое». Запомниться, но остаться верным своей роли и предназначению. Главную роль в аромате Vanda играет лаванда. Растение, которое получило такую популярность в прошлом веке, что были выведены аналоги (натуральные и синтетические), чтобы справиться с востребованностью, но ни один не смог проявить себя как та самая, очаровавшая в самом начале всех, лаванда. Дополнена свежими нотами эвкалипта, мяты и можжевельника, которые вместо добавления привычной остроты, наоборот, смягчают горькие грани ее характера. Пряность кориандра и обволакивающая ваниль добавляют тепло и уют, которые можно сравнить с крепким и долгожданным объятием, любимым кашемировым пледом или паром от горячей ванны в грозу. Завершает композицию полная противоположность первоначальным стараниям - пыль, землистость и тень. Мускус и пачули в сочетании с кедром противостоят сложившемуся впечатлению идеала и чистоты и добавляют штрих реального мира прерывая утопичный круговорот впечатлений, мыслей и, главное, стремлений. Ароматическое саше автомобильное предназначено для ароматизации воздуха.;Откройте упаковку, достаньте карточку. Карточку можно повесить для ароматизации в автомобиле, но также она будет радовать своим шлейфом в шкафах, спортивных сумках или чемоданах, чулане/кладовке и других маленьких замкнутых пространствах. Важно! Карточка должна висеть, не прикасаясь к поверхностям. Длительность действия до 30 дней.
99000063194;EUTHALIA FRAGRANCES Cashmere delight;саше ароматическое;;6100;4880;https://goldapple.ru/99000063194-cashmere-delight;;Восточный аромат для дома, невесомый, как шелковая вуаль. В Cashmere Delight нежная ваниль танцует вокруг сахарных лепестков жасмина. В этот дуэт мягко и тепло вплетается мускус, а древесные ноты пачули и ветивера добавляют упоительной истомы. Обволакивающий и сладкий Cashmere Delight — это аромат-сон о дивных восточных дворцах и прекрасных пери.;Вынуть ароматизатор из полиэтиленовой пленки, поместить ароматическую керамику в небольшие пространства, такие как ящики, шкафы, гардеробы, чемоданы, автомобили. Аромат можно обновлять, распылив на саше новую парфюмерную композицию.
19000440607;ARIDA HOME The Dream;саше ароматическое;Россия;231;207;https://goldapple.ru/19000440607-the-dream;;Аромадиффузоры серии ХО - маленькая тайна, благодаря которой в вашем помещении захочется задержаться! Эта коллекция ароматов создаст атмосферу стиля и роскоши в вашем доме, отеле, ресторане, салоне или магазине.;Вскройте пакет и достаньте ароматическое саше в картонной упаковке. НЕ ВСКРЫВАЯ ЕГО, разместите в ящике для белья, шкафу, сумке или автомобиле с помощью держателя.
99000105028;BYKALI Кашемировое дерево;саше ароматическое;Россия;755;680;https://goldapple.ru/99000105028-kasemirovoe-derevo;;Изысканный танец свежего бергамота, глубинного уда и теплой амбры — как дорогой кожаный диван в библиотеке старинного особняка.  BYKALI — ароматическое саше, которое оживит ваш шкаф и наполнит дом уютом.  Пусть каждая полка, каждая вешалка и каждый ящик источают тонкий, изысканный аромат.  Ароматическое саше BYKALI в виде стильных кубиков с мешочком — это больше, чем ароматизатор. Это элемент уюта, заботы и личного стиля вашего пространства.;Откройте упаковку и достаньте ароматические кубики.  Положите саше в мешочек (идет в комплекте) или разместите прямо в ящике с одеждой, бельем или обувью.  Можно использовать в аромалампе — просто поместите кубик на греющую поверхность.   Идеально подходит для освежения воздуха в небольших закрытых пространствах. Подарите своим вещам приятный и утонченный аромат!
19000234824;BY KAORI Rosso;саше ароматическое;Россия;690;690;https://goldapple.ru/19000234824-rosso;;Стильное гипсовое аромасаше, которое наполнит пространство точечной, детальной ароматизацией. Идеальное решение для гардеробных, кронштейнов с верхней одеждой, шкафов, а также небольших помещений.;Подвесьте аромасаше с помощью ленты, которая идет в комплекте, в вашу гардеробную, шкаф или кронштейн с верхней одеждой.
19000440610;ARIDA HOME The Harmony;саше ароматическое;Россия;231;207;https://goldapple.ru/19000440610-the-harmony;;Аромадиффузоры серии ХО - маленькая тайна, благодаря которой в вашем помещении захочется задержаться! Эта коллекция ароматов создаст атмосферу стиля и роскоши в вашем доме, отеле, ресторане, салоне или магазине.;Вскройте пакет и достаньте ароматическое саше в картонной упаковке. Не вскрывая его, разместите в ящике для белья, шкафу, сумке или автомобиле с помощью держателя.
19000349052;MAY MEADOW cashmere;саше ароматическое;Россия;1300;1170;https://goldapple.ru/19000349052-cashmere;;Пленительный аромат, наполненный нотами мускуса, шафрана и амбры, окутает Вас своим теплом как кашемировый плед в прохладный вечер.  Дорогой, томный аромат начинается с нот шафрана и бергамота, раскрывается в сердце аккордами амбры, соединяясь с базовыми нотами ветивера и темного мускуса.  Ароматическое саше ручной работы, изготовлены из натурального, экологически чистого соевого воска. При изготовлении саше применяются безопасные ароматические масла, не содержащие фталатов. Объем саше рассчитан на ароматизацию пространства до 4 квадратных метров.;Снимите защитную упаковку с саше, пропустите ленту через специальное отверстие и разместите саше в гардеробе на штанге, на вешалке или положите к белью в ящик комода.  Для хорошей ароматической отдачи необходимы потоки воздуха.  Аромасаше не стоит размещать рядом с нагревательными приборами или источниками тепла, чтобы оно не начало таять и выделять масло.  Не рекомендуется размещать саше вплотную к одежде из тонких, деликатных тканей.  Аромат сохраняется более 90 дней, когда аромаотдача станет менее яркой, саше можно использовать в аромалампе.
99000028809;FITIL Vetiver, Lemon, Bergamot;саше ароматическое;;590;590;https://goldapple.ru/99000028809-vetiver-lemon-bergamot;;Ароматическое, брендированное саше ручной работы — это стильное решение для ароматизации пространства, это может быть гардеробная, шкаф, ящик для белья или может косметичка с Вашими любимыми средствами.  Саше Vetiver Lemon Bergamot - это очаровательный и многогранный ветивер, заманчивый и сочный лимон, уверенный и терпкий бергамот. Наполняй свою жизнь яркими ароматами вместе с Fitil.;"Повесить аромасаше на вешалку в шкаф;  Положить саше в полку с одеждой/постельным бельем;  Растопить саше в аромалампе;  Положить в дамскую или спортивную сумку/косметичку;  Избегайте контакта аромасаше с одеждой;  Не оставляйте саше на солнце."
99000080127;WANT AROMA можжевельник;саше ароматическое;;690;690;https://goldapple.ru/99000080127-mozzevel-nik;;Саше в мешочке — идеальный выбор для создания уютной и ароматной атмосферы в вашем доме. Внутри мешочка находятся восковые ароматные сердечки, которые наполняют пространство нежным и стойким ароматом, сохраняющимся от 3-х месяцев. Это саше не только освежает воздух, но и придает свежесть вашей одежде, делая её ароматной и приятной.;Положите саше в шкаф или повесьте на вешалку.
99000115599;LOVELY DAY! Snow Apple;саше ароматическое;Россия;1430;1359;https://goldapple.ru/99000115599-snow-apple;;Snow Apple — это маленькая зимняя сказка в вашем шкафу или ящике стола. Яблоко и мандарин создают ощущение яркой фруктовой свежести, хвойные аккорды пихты и можжевельника приносят морозную чистоту, а кедр с сахарной нотой обволакивает мягким теплом. Саше наполняет пространство атмосферой зимнего праздника и свежестью первых снежинок.;Саше используется для наполнения ароматом пространства: шкаф, гардеробная или ящик для постельного белья. Откройте упаковку, достаньте ароматические саше в кубиках. Положите или повесьте саше в ящик для белья, платяной шкаф или гардеробную комнату, используя мешочек, идущий в комплекте. Длительность действия до 90 дней после начала использования.
99000079898;ROKKYHOME Кумкват & Лемонграсс & Абрикос Мандарин Базилик;саше ароматическое;;850;774;https://goldapple.ru/99000079898-kumkvat-lemongrass-abrikos-mandarin-bazilik;;Мы создаём саше руками и лапками, вкладывая тепло и заботу в каждый мешочек. Надеемся, его аромат подарит тебе спокойствие, уют и хорошее настроение каждый день. Ароматы: Кумкват - наполняет пространство яркими, сладкими и слегка кислыми нотами этого миниатюрного цитруса, создавая весёлое и освежающее впечатление. Лемонграсс - предлагает жизнеутверждающие цитрусовые оттенки, способные напомнить о солнечном дне и придающие бодрость. Абрикос & Мандарин & Базилик - соединяет сочные нотки сладкого абрикоса и мандарина с зелеными, травяными оттенками базилика, создавая гармоничную и освежающую композицию. Вес 40 г.;Извлеките мешочек с саше из пластикового защитного пакета. Поместите мешочек с саше в шкафу, в комоде или на полке, ящике или на вешалке с одеждой или в другую закрытую поверхность рядом с одеждой или бельем. Не зажимайте саше вещами, воздух должен циркулировать, чтобы аромат распространялся. Интенсивность ароматизации зависит от количества сердечек и объема пространства куда вы помещаете саше. При необходимости можно размещать саше в разные части шкафа для равномерного распространения аромата. Если аромат стал слабее - потрите мешочек в ладонях, чтоб воск немного нагрелся. Храните саше в закрытом пространстве, чтобы аромат сохранялся дольше и вдали от источников тепла и влаги. НЕ используйте для ароматизации пищевых продуктов. Держите в месте, недоступном для детей и домашних животных. Саше можно использовать в аромалампе. Освободите саше из мешочка и разместите его в чашу аромалампы. Зажгите свечу, постепенно воск начнем плавиться и ароматизировать комнату. Наслаждайтесь ароматом.
19000310351;ETERIA COSMO Фрезия и сирень;саше ароматическое;Россия;200;180;https://goldapple.ru/19000310351-frezia-i-siren;;Аромат для концентрации и баланса энергии. Погрузитесь в изысканный мир чувственности и изящества с ароматом «Фрезия, сирень и драгоценное дерево». Насыщенные ноты фрезии переплетаются с нежным ароматом сирени, создавая волшебное сочетание свежести и благоухания в вашем доме. Древесные аккорды добавляют глубину и роскошь.  Площадь ароматизации до 5 м2.  Срок службы после вскрытия 5-7 недель.;Освободите саше от целлофановой упаковки, положите саше в бельевой шкаф или повесьте на штангу платяного шкафа при помощи держателя на оборотной стороне саше.
99000080128;WANT AROMA мята - эвкалипт;саше ароматическое;;690;690;https://goldapple.ru/99000080128-mata-evkalipt;;Саше в мешочке — идеальный выбор для создания уютной и ароматной атмосферы в вашем доме. Внутри мешочка находятся восковые ароматные сердечки, которые наполняют пространство нежным и стойким ароматом, сохраняющимся от 3-х месяцев. Это саше не только освежает воздух, но и придает свежесть вашей одежде, делая её ароматной и приятной.;Положите саше в шкаф или повесьте на вешалку.
99000064926;HYPNOTECA Black Space;саше ароматическое;;1350;1350;https://goldapple.ru/99000064926-black-space;;"Aroma Stone - это саше, которое наконец-то можно положить в шкаф и не испачкать вещи. Ароматическое саше выполнено не из воска, а из специального материала - внешне и на ощупь похожего на гладкий камень. Ароматическое саше ""Black Space"" в эстетичном сером цвете подарит шлейф изысканного и роскошного аромата, который вы будете чувствовать не только при открытии дверцы, но и от одежды.";Саше можно повесить или положить в шкаф, комод, гардероб. Оно не меняет своих свойств со временем, его аромоотдача будет радовать не менее года и потребует замены лишь тогда, когда вы захотите побаловать себя нашим новым ароматом! Рекомендуем использовать несколько ароматических саше, если у вас большая гардеробная.
19000421334;SECOND SHOWER Passion Fruit;саше ароматическое;Республика Корея;3050;2745;https://goldapple.ru/19000421334-passion-fruit;;Стимеры (ароматические таблетки) для душа — это прекрасный аналог бомбочкам для ванн. Подойдут тем, у кого нет ванной или времени её набирать. Помогают превратить пятиминутный душ в настоящий SPA-ритуал с ароматерапией.  В наборе 6 таблеток со свежим тропическим ароматом маракуйи и нотами экзотического острова.  Каждый стимер Second Shower создан на основе редких эфирных масел и обладает ароматерапевтическим эффектом.  Просто поместите стимер на дно в вашем душе и наслаждайтесь легким ароматом.;Снимите упаковку со стимера.  Разместите стимер на полу душевой, обеспечьте постоянное попадание мелких капель воды и пара. Избегайте прямого сильного напора воды!  Стимер не должен “тонуть” в воде.  После растворения стимера смойте его остатки водой.   Если вы принимаете душ менее 10 минут, используйте половину стимера. Для этого просто разломите его в руках, а оставшуюся часть уберите обратно в упаковку до следующего раза.
99000059882;TOGAS Легкое дуновение;саше ароматическое;;1390;1390;https://goldapple.ru/99000059882-legkoe-dunovenie;;Аромат «Легкое дуновение» наполнит дом восхитительной свежестью. Сочные цитрусовые: лимон, лайм и бергамот с его ярким ароматом, а также свежесть весенней зелени создают прохладный легкий букет. Основные ноты этой линии дополнены чуть уловимым душистым жасмином и тропическим иланг-илангом.;Достаньте саше из упаковки и разместите его в ящике с одеждой, домашнем текстилем или в спортивной сумке.
99000111160;POCHERK Tobacco and Vanilla Hearts;саше ароматическое;Россия;920;773;https://goldapple.ru/99000111160-tobacco-and-vanilla-hearts;;Миниатюрные сердечки из ароматного воска — это не просто саше, а тихая забота о вашем пространстве. Бархатистая пряность табачного листа, в который аккуратно вплетена сладость ванили. Он мягкий, как плед на плечах прохладным вечером, и благородный, как винтажная книга на дубовой полке. Созданные вручную с вниманием к деталям, ароматические саше POCHERK источают утончённые и стойкие ароматы, раскрываясь в течение нескольких недель, словно маленькое любовное письмо, написанное ароматом. Выберите свой аромат, и пусть каждый вдох наполняет ваш день уютом, теплом и прекрасными воспоминаниями.;Достаньте саше из емкости, поместите в мешочек из органзы.  Разместите мешочек с саше в гардеробе на штанге/вешалке или положите в ящик комода.  Для хорошей аромаотдачи необходимы потоки воздуха.  Не размещайте саше вплотную к одежде из тонких, деликатных тканей.  Используйте саше в аромалампе для усиления аромаотдачи и ароматизации помещений.
99000028805;FITIL Sweet tobacco;саше ароматическое;;590;590;https://goldapple.ru/99000028805-sweet-tobacco;;Ароматическое, брендированное саше ручной работы — это стильное решение для ароматизации пространства, это может быть гардеробная, шкаф, ящик для белья или может косметичка с Вашими любимыми средствами.  Наполняй свою жизнь яркими ароматами вместе с Fitil.;"Повесить аромасаше на вешалку в шкаф;  Положить саше в полку с одеждой/постельным бельем;  Растопить саше в аромалампе;  Положить в дамскую или спортивную сумку/косметичку;  Избегайте контакта аромасаше с одеждой;  Не оставляйте саше на солнце."
99000092988;CANDLE ZEN Тонка и уд;саше ароматическое;Россия;495;470;https://goldapple.ru/99000092988-tonka-i-ud;;Ароматическое восковое саше с цветочным декором. Интенсивный, теплый, древесный аромат с алкогольными нотами — Тонка и Уд. В комплекте мешочек из органзы, в котором удобно размещать саше в шкафу или бельевом ящике. Мешочек отлично пропускает аромат, защищает декор от повреждений.;Рекомендуем повесить в гардеробной (на вешалку, крючок) или положить в бельевой ящик.
99000093026;CANDLE ZEN с зимними ароматами;саше ароматическое;Россия;1350;1283;https://goldapple.ru/99000093026-s-zimnimi-aromatami;;Набор ароматических восковых саше с декором — это ароматы, которые вызывают стойкие ассоциации с теплотой, уютом и новогодним настроением. Глинтвейн: Тёплая и манящая смесь фруктов, специй и красного вина.   Верхние ноты: апельсиновая цедра, корица, лимон.   Средние ноты: клюква, красная смородина, яблочный сидр.   Базовые ноты: красное вино, древесина.   Тип аромата: пряный, гурманский, фруктовый. Морозный можжевельник:   Смесь вечнозелёных растений и фруктов. Аромат морозной свежести.   Верхние ноты: цитрусы, камфора, озон.   Средние ноты: вишня, красная смородина, сосна, груша.  Базовые ноты: шалфей, можжевельник.   Тип аромата: свежий, древесный, фруктовый. Северное сияние:  Аромат, наполненный прохладой зимней ночи.   Верхние ноты: лаванда, эвкалипт.   Средние ноты: бейберри, кипарис, сосна.   Базовые ноты: дубовый мох, перец, кедр, розмарин. В комплекте идут мешочки из органзы, в которых удобно размещать саше в шкафу или бельевом ящике. Мешочки отлично пропускают аромат и защищают цветочный декор от повреждений.;Рекомендуем повесить в гардеробной (на вешалку, крючок) или положить в бельевой ящик.
19000432176;CULTI MILANO Mareminerale, 7x7 см;саше ароматическое;Италия;4650;4417;https://goldapple.ru/19000432176-mareminerale-7x7-sm;;Саше для ароматизации гардероба, комода, шкафа. Отверстие в саше для удобного размещения на вешалке гардероба. Морской аккорд и минеральный мускус, аромат словно прогулка вдоль морского побережья. Повесьте в гардероб, положите на полку или в сумочку для создания приятный эмоций в течение всего дня при открывании гардероба или сумочки. Длительность 3-4 месяца.;Закрепить держатель саше в решетку заслонки воздуховода внутри автомобиля.
99000111159;POCHERK Naked night;саше ароматическое;Россия;2050;1394;https://goldapple.ru/99000111159-naked-night;;Ощущение прикосновения, растворённое в воздухе. «Обнажённая ночь» — это тёплый и утончённый аромат для дома, созданный для тех, кто умеет ценить атмосферу молчания, полумрака и тонких нюансов. Шесть восковых сердечек на бамбуковых палочках помещаются в стильный флакон объемом 125 мл и работают как аромадиффузор, медленно раскрывая парфюмерную композицию. Эстетичный и функциональный элемент интерьера.;Достаньте саше из защитного пакета, поместите во флакон. Разместите флакон с саше в гардеробе, на полочке в шкафу или в открытом пространстве. Для хорошей аромаотдачи необходимы потоки воздуха.
99000028807;FITIL Black patchouli;саше ароматическое;;590;590;https://goldapple.ru/99000028807-black-patchouli;;Ароматическое, брендированное саше ручной работы — это стильное решение для ароматизации пространства, это может быть гардеробная, шкаф, ящик для белья или может косметичка с Вашими любимыми средствами.  Аромасаше Black patchouli никого не оставить равнодушным- это невероятная пряно-древесная композиция с нотками цитруса.  Наполняй свою жизнь яркими ароматами вместе с Fitil.;"Повесить аромасаше на вешалку в шкаф;  Положить саше в полку с одеждой/постельным бельем;  Растопить саше в аромалампе;  Положить в дамскую или спортивную сумку/косметичку;  Избегайте контакта аромасаше с одеждой;  Не оставляйте саше на солнце."
99000092993;CANDLE ZEN Сантал и роза;саше ароматическое;Россия;495;495;https://goldapple.ru/99000092993-santal-i-roza;;Ароматическое восковое саше с декором. Интенсивный теплый, древесный аромат с цветочными нотами — сантал и роза. В комплекте мешочек из органзы, в котором удобно размещать саше в шкафу или бельевом ящике. Мешочек отлично пропускает аромат, защищает декор от повреждений.;Рекомендуем повесить в гардеробной (на вешалку, крючок) или положить в бельевой ящик.
19000440546;ARIDA HOME #6 Манго;саше ароматическое;Россия;197;177;https://goldapple.ru/19000440546-6-mango;;Особенность коллекции HYGGE в гармонии внутреннего содержимого и внешней оболочки. Приятные, мягкие цветовые решения в дизайне упаковки и флакона сочетаются с ароматами уюта и спокойствия.;Вскройте пакет и достаньте ароматическое саше в картонной упаковке. НЕ ВСКРЫВАЯ ЕГО, разместите в ящике для белья, шкафу, сумке или автомобиле с помощью держателя.
99000109561;POCHERK Raspberry and Green;саше ароматическое;Россия;590;496;https://goldapple.ru/99000109561-raspberry-and-green;;Мелтс из ароматного воска — это не просто саше, а тихая забота о вашем пространстве. Аромат малины с зеленью — про живую свежесть и простые удовольствия. Он легко наполняет пространство ощущением природы: чуть терпкая зелёная нота, как только что сорванные листья, и сочная малина — как любимое лето из детства. Созданные вручную с вниманием к деталям, ароматические саше POCHERK источают утончённые и стойкие ароматы, раскрываясь в течение нескольких недель, словно маленькое любовное письмо, написанное ароматом. Выберите свой аромат, и пусть каждый вдох наполняет ваш день уютом, теплом и прекрасными воспоминаниями.;Достаньте саше из емкости, поместите в мешочек из органзы.  Разместите мешочек с саше в гардеробе на штанге/вешалке или положите в ящик комода.  Для хорошей аромаотдачи необходимы потоки воздуха.  Не размещайте саше вплотную к одежде из тонких, деликатных тканей.  Используйте саше в аромалампе для усиления аромаотдачи и ароматизации помещений.
19000234818;BY KAORI Garden Mint;саше ароматическое;Россия;690;690;https://goldapple.ru/19000234818-garden-mint;;Стильное гипсовое аромасаше, которое наполнит пространство точечной, детальной ароматизацией. Идеальное решение для гардеробных, кронштейнов с верхней одеждой, шкафов, а также небольших помещений.;Подвесьте аромасаше с помощью ленты, которая идет в комплекте, в вашу гардеробную, шкаф или кронштейн с верхней одеждой.
99000063195;EUTHALIA FRAGRANCES Bouquet Royal;саше ароматическое;;6100;4880;https://goldapple.ru/99000063195-bouquet-royal;;Осенний вечер в Тоскане. Медовое солнце подсвечивает гроздья созревшего винограда. Запах разогретого кипариса смешивается с ароматом цитрусов. Bouquet Royal — это яркая фруктовая композиция, уравновешенная благородными древесными нотами. Праздничная тональность лучших сортов винограда и малины смягчена бархатистым оттенком меда и лимона. Древесные аккорды сандала, пачули и кедра добавляют аромату объема и тепла. Хорошо читаемый, беспроигрышный парфюм вне времени.;Вынуть ароматизатор из полиэтиленовой пленки, поместить ароматическую керамику в небольшие пространства, такие как ящики, шкафы, гардеробы, чемоданы, автомобили. Аромат можно обновлять, распылив на саше новую парфюмерную композицию.
19000268046;AROMA HARMONY #20 Balm Leather;саше ароматическое;Россия;140;126;https://goldapple.ru/19000268046-20-balm-leather;;"Саше ""#20 Balm Leather"" окружит вас нотами кожи, туберозы и виски, придающими вашему пространству теплую и волнующую атмосферу. Этот аромат подарит вашему дому шарм и элегантность, создавая неповторимую ауру роскоши.";Откройте прозрачную упаковку. 2. Достаньте ароматическое саше.  Положите саше в ящик для белья, в комод, повесьте в шкаф или автомобиль при помощи держателя.
99000115596;LOVELY DAY! Christmas Tree;саше ароматическое;Россия;1430;1359;https://goldapple.ru/99000115596-christmas-tree;;Представьте северный лес, где воздух наполнен ароматом хвои и смолы. Саше «Christmas Tree» переносит вас в эту атмосферу: цедра лимона даёт лёгкую свежесть, сибирская пихта и еловые шишки — натуральную силу природы, а мох, ладан, кедр и пачули — ощущение тепла. Достаточно положить саше в любимое место, и пространство наполнится дыханием зимнего леса.;Саше используется для наполнения ароматом пространства: шкаф, гардеробная или ящик для постельного белья. Откройте упаковку, достаньте ароматические саше в кубиках. Положите или повесьте саше в ящик для белья, платяной шкаф или гардеробную комнату, используя мешочек, идущий в комплекте. Длительность действия до 90 дней после начала использования.
19000349040;MAY MEADOW mimosa;саше ароматическое;Россия;1300;1170;https://goldapple.ru/19000349040-mimosa;;Самый солнечный, пьянящий цветочный аромат мимозы с легкими нотками дерева и цедры цитрусовых.  Чистый, бархатный аромат с оттенками зелени наполнит ваше пространство легкостью и весенним настроением  Ароматическое саше ручной работы, изготовлены из натурального, экологически чистого соевого воска.  При изготовлении саше применяются безопасные ароматические масла, не содержащие фталатов.  Объем саше рассчитан на ароматизацию пространства до 4 квадратных метров.;Снимите защитную упаковку с саше, пропустите ленту через специальное отверстие и разместите саше в гардеробе на штанге, на вешалке или положите к белью в ящик комода.  Для хорошей ароматической отдачи необходимы потоки воздуха.  Аромасаше не стоит размещать рядом с нагревательными приборами или источниками тепла, чтобы оно не начало таять и выделять масло.  Не рекомендуется размещать саше вплотную к одежде из тонких, деликатных тканей.  Аромат сохраняется более 90 дней, когда аромаотдача станет менее яркой, саше можно использовать в аромалампе.
19000067212;FLAME MOSCOW Alexandra;саше ароматическое;;2100;1848;https://goldapple.ru/19000067212-alexandra;;Саше используется для наполнения ароматом пространства, будь то платяной шкаф, гардероб или ящик для постельного белья.;Длительность действия до 90 дней после начала использования.
19000038903;BAGO HOME Guaiac wood;саше ароматическое;;331;274;https://goldapple.ru/19000038903-guaiac-wood;;Потрите волшебную лампу Аладдина – и вы услышите сладко-сливочный аромат гваякового дерева в обрамлении древесных мотивов и пряных имбирных полутонов.;Освободите ароматическое саше от целлофановой упаковки
99000073483;BÉNIYA HOME STORE Чистый хлопок;саше ароматическое;;650;650;https://goldapple.ru/99000073483-cistyj-hlopok;;Расслабляющий аромат чистого и свежего текстиля.Этот освежающий легкий аромат объединяющий в себе льняные и цветочные акценты, дополненные мягкими пудровыми и сандаловыми нотами. В интернет-магазине представлен актуальный дизайн продукта. Обращаем внимание, возможно поступление товара в старом дизайне.;Достаньте саше из упаковки и разместите его в гардеробной, ящике с одеждой или домашнем текстилем.Наслаждайтесь приятным ароматом!
19000432179;CULTI MILANO Era, 7x7 см;саше ароматическое;Италия;4650;4417;https://goldapple.ru/19000432179-era-7x7-sm;;Саше для ароматизации гардероба, комода, шкафа. Отверстие в саше для удобного размещения на вешалке гардероба. Терпкое ощущение лесного воздуха дополнено тонкими нотами черной смородины и клюквы. Повесьте в гардероб, положите на полку или в сумочку для создания приятный эмоций в течение всего дня при открывании гардероба или сумочки. Длительность 3-4 месяца.;Закрепить держатель саше в решетку заслонки воздуховода внутри автомобиля.
99000105105;НАШЕ САШЕ Москва;саше ароматическое;Россия;890;846;https://goldapple.ru/99000105105-moskva;;«Наше Саше» родилось из тоски по настоящему дому – дому, где пахнет свежеиспечённым хлебом, малиной и клубникой с огорода, где бабушка печет пироги и варит варенье, а мама бережно складывает льняные полотенца в шкаф с душистыми мешочками. Это тот самый дом, куда всегда хочется возвращаться.  Чем пахнет Москва? Для многих, конечно, множеством кофеен и деньгами. Так родился аромат кофе с корицей, который нам напоминает Москву в четверг.;Извлеките саше из блистера, отломите кусочек (1-2 сердечка) и положите в льняной мешочек.  Положите в комод с бельём или одеждой — пусть аромат бережёт ваши вещи, как бабушка берегла рушник.  Повесьте в шкафу или гардеробной — и каждый раз, открывая дверь, вы будете знать: в доме есть душа.  Положите в прикроватную тумбочку — и сон придёт мягко, будто вечерняя сказка от самой жизни.  Около рабочего места — чтобы дни текли спокойно, с ясной головой и добрым сердцем.  Растопите в аромалампе — если хочется окутать себя уютом целиком.
19000067211;FLAME MOSCOW Jackie;саше ароматическое;;2100;1974;https://goldapple.ru/19000067211-jackie;;Саше используется для наполнения ароматом пространства, будь то платяной шкаф, гардероб или ящик для постельного белья.;Длительность действия до 90 дней после начала использования.
19000349057;MAY MEADOW fig tree;саше ароматическое;Россия;1300;1170;https://goldapple.ru/19000349057-fig-tree;;Отпуск, солнечный день на морском побережье в конце лета, свежесть легкого ветра и кипарисов, сочный аромат спелого инжира и зелени.  Композиция аромата начинается с легких зеленых нот, раскрываясь в сердце аккордами яркой, спелой мякоти инжира. Легкая база из мускуса, белого мха и дерева завершает композицию аромата.  Ароматическое саше ручной работы, изготовлены из натурального, экологически чистого соевого воска.  При изготовлении саше применяются безопасные ароматические масла, не содержащие фталатов.  Объем саше рассчитан на ароматизацию пространства до 4 квадратных метров.;Снимите защитную упаковку с саше, пропустите ленту через специальное отверстие и разместите саше в гардеробе на штанге, на вешалке или положите к белью в ящик комода.  Для хорошей ароматической отдачи необходимы потоки воздуха.  Аромасаше не стоит размещать рядом с нагревательными приборами или источниками тепла, чтобы оно не начало таять и выделять масло.  Не рекомендуется размещать саше вплотную к одежде из тонких, деликатных тканей.  Аромат сохраняется более 90 дней, когда аромаотдача станет менее яркой, саше можно использовать в аромалампе.
99000063202;EUTHALIA FRAGRANCES Zanzibar;саше ароматическое;;6100;4880;https://goldapple.ru/99000063202-zanzibar;;Земной рай тысячи цветов, окруженный кристально чистой водой: Занзибар, остров специй. Драйв черного перца идеально сочетается с пряным акцентом красных ягод и травяным оттенком герани. Нетривиальный микс обернут в свежие ноты мирта и бальзамический аромат эвкалипта. В базе древесные ноты ветивера и кедра. Самобытный и динамичный, Zanzibar одновременно яркий и сбалансированный. Глоток дикой, первозданной свободы, смягченной природной гармонией.;Вынуть ароматизатор из полиэтиленовой пленки, поместить ароматическую керамику в небольшие пространства, такие как ящики, шкафы, гардеробы, чемоданы, автомобили. Аромат можно обновлять, распылив на саше новую парфюмерную композицию.
99000063198;EUTHALIA FRAGRANCES Fleur de Bali;саше ароматическое;;6100;6100;https://goldapple.ru/99000063198-fleur-de-bali;;Аромат-медитация, приносящий умиротворение и кристальную чистоту ощущений. Теплая амбра и мускус, как мягкий свет индонезийского восхода, проливаются на сочную травяную ноту зеленого чая. Нежное цветочное звучание жасмина и фиалки оттеняет свежий блеск апельсина и бергамота. Утренняя мелодия Fleur De Bali ложится на глубокие древесные ноты благородного ветивера. Прохладный, нежный и чистый: Fleur De Bali словно бирюзовые воды архипелага.;Вынуть ароматизатор из полиэтиленовой пленки, поместить ароматическую керамику в небольшие пространства, такие как ящики, шкафы, гардеробы, чемоданы, автомобили. Аромат можно обновлять, распылив на саше новую парфюмерную композицию.
19000306241;BANKA_HOME Сосна и пачули;саше ароматическое;Россия;590;531;https://goldapple.ru/19000306241-sosna-i-paculi;;"Ароматный воск-саше ""Сосна и пачули"" . Сибирский хвойный аромат не елки, а именно сосны, дополненный лесными ягодами и зелёным яблоком. Этот аромат богат натуральными эфирными маслами пихтовой иглы, кедровым деревом и пачули. Данный воск можно использовать в аромалампе, либо пересыпать в стильный мешочек из органзы, который находится в комплекте, и повесить в шкаф для ароматизации.";Вскрыть упаковку, поместить саше в мешочек, разместить в шкафу/ящике для белья. Подходит для использования в аромалампе.  Отломить нужное количество кубиков воска, расположить на греющей поверхности аромалампы.
99000085129;LOVELY DAY! lovely day;саше ароматическое;;1430;1359;https://goldapple.ru/99000085129-lovely-day;;Lovely Day! — аромат, как солнечное утро в цветущем саду. Свежие зелёные листья, сладость груши, лепестки сирени и розы — тонкая цветочная композиция, от которой в доме становится светлее. Создаёт ощущение лёгкости и радости, как первое тёплое утро после долгой зимы. Подходит для использования в шкафу, ящиках или аромалампе — чтобы каждый уголок напоминал о любимом времени года.;Саше используется для наполнения ароматом пространства: шкаф, гардеробная или ящик для постельного белья. Откройте упаковку, достаньте ароматические саше в кубиках. положите или повесьте саше в ящик для белья, платяной шкаф или гардеробную комнату, используя мешочек, идущий в комплекте. Длительность действия до 90 дней после начала использования.
19000345273;FLAME MOSCOW Vanda;саше ароматическое;Россия;2100;1575;https://goldapple.ru/19000345273-vanda;;Аромат отражает поиск лучшей версии: себя, состояния или атмосферы.  Стремление к чистоте, идеалу, но без потери необходимой изюминки и характера, чтобы превосходить безликое и «серое».  Запомниться, но остаться верным своей роли и предназначению.                                                                                                                                                                                                                                                                                                                                                                                                                                                      Саше используется для наполнения ароматом пространства, будь то платяной шкаф, гардероб или ящик для постельного белья.;Длительность действия до 90 дней после начала использования.
99000080130;WANT AROMA вербена;саше ароматическое;;690;690;https://goldapple.ru/99000080130-verbena;;Саше в мешочке — идеальный выбор для создания уютной и ароматной атмосферы в вашем доме. Внутри мешочка находятся восковые ароматные сердечки, которые наполняют пространство нежным и стойким ароматом, сохраняющимся от 3-х месяцев. Это саше не только освежает воздух, но и придает свежесть вашей одежде, делая её ароматной и приятной.;Положите саше в шкаф или повесьте на вешалку.
19000023354;BAGO HOME Basil, Green tomato, China mint;саше ароматическое;;220;110;https://goldapple.ru/19000023354-basil-green-tomato-china-mint;;Аромат базилика и китайской мяты переносит в атмосферу уюта вечерних семейных чаепитий в саду. Это очень простой и быстрый способ ароматизировать одежду и белье в комоде или платяном шкафу, наполнить приятным ароматом небольшую комнату или гардеробную, ароматизировать сумки и чемоданы, и даже салон автомобиля!;Освободите ароматическое саше от целлофановой упаковки  • Саше можно поместить в гардеробную комнату, в ящики для белья и платяные шкафы, в багаж или сумку, в салон автомобиля и под подушку  • Не кладите саше на полированные и окрашенные поверхности
19000182849;CULTI MILANO Tessuto;саше ароматическое;Италия;4620;4389;https://goldapple.ru/19000182849-tessuto;;Для автомобиля CULTI MILANO подобрал динамичные ароматы, которые очищают воздух, обеспечивая максимальную концентрацию во время движения. Тканевые саше, которые можно прикрепить к вентиляционной системе с помощью регулируемой опоры. Аромат прохлады и чистоты соткан из бергамота, листьев кассии и цветов хлопка.  Продолжительность действия 1-2 месяца.;Закрепить держатель саше в решетку заслонки воздуховода внутри автомобиля.
99000026300;EYEPILLOW Lavender;саше ароматическое;;2238;1611;https://goldapple.ru/99000026300-lavender;;Комплект ароматических саше в стиле Toile De Jouy, что вы держите в руках с любовью наполнено цветками лаванды. Лаванда обладает тонким приятным цветочным ароматом, она дарит спокойствие и гармонию. Ароматическое саше служит натуральной ароматизацией небольшого помещения, салона автомобиля, шкафа с одеждой, сумки, постельного белья, являясь красивой деталью интерьера. Наши травы вручную собраны в экологически чистых районах горного Алтая, которые внесены в список наследия ЮНЕСКО.;Поместите арома-саше в выбранном вами месте: 1. на полках шкафа для ароматизации белья. 2. на постели между подушками для более глубокого расслабления. 3. в салоне авто вместо синтетических отдушек. 4. в спортивной сумке для нейтрализации запахов. 5. на прикроватной тумбе, в внной или в зоне входа в качестве украшения интерьера и ароматизации комнаты.
99000059873;TOGAS Легенда;саше ароматическое;;1390;1390;https://goldapple.ru/99000059873-legenda;;Аромат для дома «Легенда» – это удивительное сочетание грейпфрута и лимонника с острым черным перцем. Смешение свежести и остроты, слегка разбавленное нежными нотками – едва уловимым ароматом мускатного ореха и кокосового молока – рождает сложный, необычный букет. «Легенда» создаст особенную, неповторимую атмосферу в вашем доме, оставит легкий флер загадочности.;Достаньте саше из упаковки и разместите его в ящике с одеждой, домашнем текстилем или в спортивной сумке.
99000115600;LOVELY DAY! New Year's Drinks;саше ароматическое;Россия;1430;1430;https://goldapple.ru/99000115600-new-year-s-drinks;;Вместо того чтобы ждать праздника, носите его с собой. Саше «New Year’s Drinks» хранит в себе аромат Нового года: свежий розовый грейпфрут, терпкая клюква и едва уловимые нотки игристого вина создают ощущение лёгкости и радости. Положите его в шкаф или ящик стола — и пространство вокруг наполнится предвкушением волшебства.;Саше используется для наполнения ароматом пространства: шкаф, гардеробная или ящик для постельного белья. Откройте упаковку, достаньте ароматические саше в кубиках. Положите или повесьте саше в ящик для белья, платяной шкаф или гардеробную комнату, используя мешочек, идущий в комплекте. Длительность действия до 90 дней после начала использования.
99000105107;НАШЕ САШЕ Русский лес;саше ароматическое;Россия;890;623;https://goldapple.ru/99000105107-russkij-les;;«Наше саше» родилось из тоски по настоящему дому – дому, где пахнет свежеиспечённым хлебом, малиной и клубникой с огорода, где бабушка печет пироги и варит варенье, а мама бережно складывает льняные полотенца в шкаф с душистыми мешочками. Это тот самый дом, куда всегда хочется возвращаться.  Именно поэтому наше саше «Чистый хлопок» наполнит Ваш шкаф и пространство ароматом леса, хвои и травы.  Аромасаше «Русский лес» упаковано в подарочную коробочку, внутри которой есть льняной мешочек и блистер с аромасаше.;Извлеките саше из блистера, отломите кусочек (1-2 сердечка) и положите в льняной мешочек.  Положите в комод с бельём или одеждой — пусть аромат бережёт ваши вещи, как бабушка берегла рушник.  Повесьте в шкафу или гардеробной — и каждый раз, открывая дверь, вы будете знать: в доме есть душа.  Положите в прикроватную тумбочку — и сон придёт мягко, будто вечерняя сказка от самой жизни.  Около рабочего места — чтобы дни текли спокойно, с ясной головой и добрым сердцем.  Растопите в аромалампе — если хочется окутать себя уютом целиком.
99000028810;FITIL Tonka;саше ароматическое;;590;590;https://goldapple.ru/99000028810-tonka;;Ароматическое, брендированное саше ручной работы — это стильное решение для ароматизации пространства, это может быть гардеробная, шкаф, ящик для белья или может косметичка с Вашими любимыми средствами.  Наполняй свою жизнь яркими ароматами вместе с Fitil.;"Повесить аромасаше на вешалку в шкаф;  Положить саше в полку с одеждой/постельным бельем;  Растопить саше в аромалампе;  Положить в дамскую или спортивную сумку/косметичку;  Избегайте контакта аромасаше с одеждой;  Не оставляйте саше на солнце."
99000092992;CANDLE ZEN Морская соль и орхидея;саше ароматическое;Россия;495;470;https://goldapple.ru/99000092992-morskaa-sol-i-orhidea;;Ароматическое восковое саше с цветочным декором, флорентийские саше. Интенсивный свежий, цветочный аромат — Морская соль и орхидея. В комплекте мешочек из органзы, в котором удобно размещать саше в шкафу или бельевом ящике. Мешочек отлично пропускает аромат, защищает декор от повреждений.;Рекомендуем повесить в гардеробной (на вешалку, крючок) или положить в бельевой ящик.
19000023355;BAGO HOME White flowers, Ripe melon, Sugary vanilla;саше ароматическое;;220;110;https://goldapple.ru/19000023355-white-flowers-ripe-melon-sugary-vanilla;;Сочная спелая дыня и сладкая ваниль в сочетании с великолепными белыми цветами быстро поднимут настроение! Это очень простой и быстрый способ ароматизировать одежду и белье в комоде или платяном шкафу, наполнить приятным ароматом небольшую комнату или гардеробную, ароматизировать сумки и чемоданы, и даже салон автомобиля!;Освободите ароматическое саше от целлофановой упаковки  • Саше можно поместить в гардеробную комнату, в ящики для белья и платяные шкафы, в багаж или сумку, в салон автомобиля и под подушку  • Не кладите саше на полированные и окрашенные поверхности
19000268056;AROMA HARMONY Apricot;саше ароматическое;Россия;140;126;https://goldapple.ru/19000268056-apricot;;Почувствуйте тепло летнего солнца! Сочный и свежий аромат абрикоса пробудит в вас радость и энергию. Позвольте этому аромату проникнуть в каждый уголок вашего дома и создать атмосферу безмятежности и вдохновения.;Откройте прозрачную упаковку. 2. Достаньте ароматическое саше. Положите саше в ящик для белья, в комод, повесьте в шкаф или автомобиль при помощи держателя.
99000079883;ROKKYHOME Белый чай Инжир & Шоколад и Кокос & Жасмин;саше ароматическое;;850;774;https://goldapple.ru/99000079883-belyj-caj-inzir-sokolad-i-kokos-zasmin;;Мы создаём саше руками и лапками, вкладывая тепло и заботу в каждый мешочек. Надеемся, его аромат подарит тебе спокойствие, уют и хорошее настроение каждый день. В наборе 3 набора с разными ароматами: Белый чай & Инжир - сочетает в себе свежесть нежного белого чая с тонкими сладковатыми нотами спелого инжира, создавая утончённую и расслабляющую атмосферу. Шоколад & Кокос наполнен сладкими, кремовыми нотами шоколада, дополненными экзотической легкостью кокоса. Жасмин излучает изящность и чувственность, с цветочными оттенками, привносящими романтическую атмосферу. Вес: 40 г.;Извлеките мешочек с саше из пластикового защитного пакета. Поместите мешочек с саше в шкафу, в комоде или на полке, ящике или на вешалке с одеждой или в другую закрытую поверхность рядом с одеждой или бельем. Не зажимайте саше вещами, воздух должен циркулировать, чтобы аромат распространялся. Интенсивность ароматизации зависит от количества сердечек и объема пространства куда вы помещаете саше. При необходимости можно размещать саше в разные части шкафа для равномерного распространения аромата. Если аромат стал слабее - потрите мешочек в ладонях, чтоб воск немного нагрелся. Храните саше в закрытом пространстве, чтобы аромат сохранялся дольше и вдали от источников тепла и влаги. НЕ используйте для ароматизации пищевых продуктов. Держите в месте, недоступном для детей и домашних животных. Саше можно использовать в аромалампе. Освободите саше из мешочка и разместите его в чашу аромалампы. Зажгите свечу, постепенно воск начнем плавиться и ароматизировать комнату. Наслаждайтесь ароматом.
19000234822;BY KAORI Pear Freesia;саше ароматическое;Россия;690;690;https://goldapple.ru/19000234822-pear-freesia;;Стильное гипсовое аромасаше, которое наполнит пространство точечной, детальной ароматизацией. Идеальное решение для гардеробных, кронштейнов с верхней одеждой, шкафов, а также небольших помещений.;Подвесьте аромасаше с помощью ленты, которая идет в комплекте, в вашу гардеробную, шкаф или кронштейн с верхней одеждой.
99000037506;MIRÚSHKA gingersnap;саше ароматическое;;630;536;https://goldapple.ru/99000037506-gingersnap;;Описание товара: Ароматическое саше в форме сердец  Mirushka сделано вручную из соевого воска премиум качества. Оно наполнит вашу гардеробную или шкаф необыкновенно приятным, сладким и пряным ароматом имбирного печенья, и подарит настроение домашнего уюта. Ароматическое саше упаковано в стильный мешочек из натуральной ткани и фирменную коробку.;Положите или повесьте ароматическое саше в вашу гардеробную или шкаф и наслаждайтесь ароматом каждый раз. Избегайте контакта ароматического саше с одеждой.
