article;name;product_type;country;price_actual;price_loyalty;url;popularity_coefficient;description;application
19000121291;THE WOODS COLLECTION Bloom;подарочные наборы;Франция;11745;10570;https://goldapple.ru/19000121291-bloom;125.76;Мягкое сияние луны освещает лесную подстилку, раскрывая нежные ночные цветы, ожидающие нежной серебряной ласки, чтобы расцвести и раскрыть свою красоту, насыщенную свежесть и силу. Нежный букет цветов и фруктов наполняет ваши легкие в сопровождении древесных базовых тонов и соблазнительного ладана.  Бутоны полевых цветов всегда будут  to bloom из коллекции Natural by The Woods. Состав набор: 100ml+5ml. Флакон 5 ml пустой.;
19000121290;THE WOODS COLLECTION Dusk;подарочные наборы;Франция;11745;10570;https://goldapple.ru/19000121290-dusk;107.52;Когда солнце делегирует свои обязанности луне во время их ежедневного свидания, захватывающий переход от яркой светящейся ауры к теплой и тусклой атмосфере охватывает леса, затаившие дыхание в момент покоя. Dusk начинает свое путешествие с фруктового свежего чарующего яблока, смешанного с бергамотом и мандарином, а затем взрывается среднецветочным ощущением фиалок, жасмина и яркой герани.  Последние осколки раскрепощенного дневного времени зовут вас в DUSK из Natural by The Woods Collection. Состав набор: 100ml+5ml. Флакон 5 ml пустой.;
19760310035;STATE OF MIND Butterfly Mind;подарочные наборы;Франция;12023;7213;https://goldapple.ru/19760310035-butterfly-mind;68.16;Мобильная версия спрея создана, чтобы любимый аромат всегда был под рукой! Стильный восьмигранный флакон с изысканным дизайном защищен бархатным чехлом, который входит в набор.  Также прилагается воронка для наполнения компактной упаковки (атомайзера) из полноразмерного флакона. Невесомый цветочно-фруктовый аромат вызывает ассоциации с природой, молодостью и лёгкостью. На его создание вдохновила красота весны и вечного начала. В этом светлом, романтичном и многогранном аромате нежность белого чая и цветков сакуры гармонирует с фруктовыми нотами фейхоа.  Украшают праздничный букет чувственные вишня и мускус.  Компактный флакон в элегантном чехле станет украшением сумочки и позволит наслаждаться нежной композицией в течение всего дня.;
19000275550;CHOPARD Imperiale iris malika;подарочные наборы;Италия;13999;8399;https://goldapple.ru/19000275550-imperiale-iris-malika;61.44;В подарочный набор Chopard входят парфюмерная вода IMPERIALE IRIS MALIKA (100 мл) и элегантная косметичка. Современный и женственный аромат Chopard воспевает роскошную ноту ириса – одного из самых аристократичных и благородных цветов.  Королевский цветочный букет с чарующим ирисом, иланг-илангом и жасмином украшают соблазнительные ноты сочных ягод, древесный аккорд, теплые ноты смол и пряные специи.  Парфюмер – Dora Baghriche.;Парфюмерная вода: только для наружного применения, распылите на кожу или одежду с небольшого расстояния.  Косметичку используйте для хранения косметики или парфюмерии.
19000030981;L'ATELIER PARFUM DOUCE INSOMNIE + VERTE EUPHORIE;подарочные наборы;Франция;12356;7413;https://goldapple.ru/19000030981-douce-insomnie-verte-euphorie;58.56;"Два аромата – и две совершенно разные эмоции. Откройте для себя гармоничную пару изысканных парфюмерных композиций из коллекции L'ATELIER PARFUM, пробуждающей различные чувства и ощущения. В подарочный набор входят два аромата: парфюмерная вода DOUCE INSOMNIE, в чувственном и гипнотическом аромате которой гармонируют яркая кофейная нота, сандал и нежный цветочный аккорд, и миниатюра парфюмерной воды VERTE EUPHORIE с игривой и бодрящей композицией, объединившей свежесть цитрусов, ноту белого кедра и нежность мускуса. Парфюмерная вода DOUCE INSOMNIE напоминает о маленьких удовольствиях, таких как чашка горячего капучино, а VERTE EUPHORIE дарит чувство свободы и беззаботности. В набор входит:  L'ATELIER PARFUM Douce Insomnie Парфюмерная вода, 100 мл; L'ATELIER PARFUM Verte Euphorie Парфюмерная вода, 15 мл.";Распылите на пульсирующие зоны, такие как запястья, шея, за ушами и внутренняя сторона локтя. Избегайте контакта с одеждой, чтобы сохранить качество аромата.
19000121300;SIGNATURE BY SILLAGE DORIENT Ambre;подарочные наборы;Франция;19574;17616;https://goldapple.ru/19000121300-ambre;58.28;В изысканный набор входят парфюмерная вода AMBRE (100 мл) и её миниатюра в тревел-формате (15 мл).  Аромат SIGNATURE by Sillage d'Orient посвящен красоте янтаря, который ценили на протяжении веков: древние египтяне верили в его способность защищать, а древние греки считали янтарь слезами богинь. Аристократический камень вдохновил на создание благородной и насыщенной парфюмерной композиции, в которой чувственный амбровый аккорд обрамляют бальзамические ноты и нежная сладость ванили.  В интернет-магазине представлен актуальный дизайн товара. При заказе вы можете получить товар как в старом, так и в новом дизайне.;Распылять на кожу с расстояния 20-30 см.
19000178436;MOSCHINO TOY BOY;подарочные наборы;Италия;15700;14130;https://goldapple.ru/19000178436-toy-boy;54.88;В подарочный набор от MOSCHINO входят парфюмерная вода TOY BOY (100 мл), её миниатюра (10 мл), которую удобно носить с собой и брать в путешествия, парфюмированный гель для душа и ванны (100 мл) и парфюмированный бальзам после бритья (100 мл). Соблазнительная композиция раскрывается нотами бергамота, розовых ягод, мускатного ореха, груши и элеми. Абсолю розы, гвоздика, магнолия и цветы льна играют в сердце аромата. Кашмеран, гаитянский ветивер, амбермакс и силколид подчеркивают смелый характер композиции.;
19000121304;SIGNATURE BY SILLAGE DORIENT Musk;подарочные наборы;Франция;19574;13701;https://goldapple.ru/19000121304-musk;51.24;В изысканный набор входят парфюмерная вода MUSK (100 мл), её миниатюра в тревел-формате (15 мл) и распылитель.  Нежная и чувственная композиция SIGNATURE by Sillage d'Orient – это гармония соблазнительного мускуса, свежих цветочных нот и специй. Вдохновением для создания роскошной композиции стали легенды о прекрасных нимфах в белых платьях и с цветами в волосах, развевающихся на ветру. Нимфы пели и танцевали, встречая весну, и эта свежесть первых теплых дней отражена в аромате.  Восточная композиция идеально дополняет уникальные чары человека и подчеркивает его чувственность.;Распылять на кожу с расстояния 20-30 см.
19000221689;PRESS GURWITZ PERFUMERIE Discovery Set;подарочные наборы;Россия;4700;4230;https://goldapple.ru/19000221689-discovery-set;49.02;Discovery Set – прекрасная возможность познакомиться сразу со всеми пятнадцатью ароматами Press Gurwitz Perfumerie. Изысканные, пленительные бленды на основе лучших ценных компонентов, собранных из разных уголков мира. Все ароматы унисекс. Каждый из ароматов заключен во флакон 2,5 мл, который легко поместится даже в самую маленькую сумку. Куда бы вы не направлялись – в офис или на вечеринку, аромат будет с вами везде. В СОСТАВ НАБОРА ВХОДЯТ БЕСТСЕЛЛЕРЫ БРЕНДА: Eau de Parfum №2 c нотами бобов тонка, перца и пачули. Насыщенный теплый бленд, содержит природные афродизиаки, которые раскроют чувственное настроение.  Eau de Parfum №3 – дымный, уютный и пряный. Сочетает в себе ноты мадагаскарской ванили, табака и корицы. Пористый, как ванильное печенье, горячий словно табак, утонченный, как сломанная палочка корицы. Аромат №3 погружает вас в тепло и мягкость нежных, но мужественных объятий. Eau de Parfum №6 – древесный, но при этом тонкий, шипровый за счет земельных нот пачули с переплетением амбровых аккордов и кожных вкраплений. Чувственный и сексуальный, аромат содержит феромоны, которые делают ваш образ особенно притягательным и создают стойкий головокружительный шлейф. Eau de Parfum №15 – яркая композиция, которая передает чувственность благодаря дымчато-древесным аккордам сандала и кедра, пряным оттенкам кожи, сочным нотам ириса, инжира и кардамона. Теплый, интимный и уютный аромат, словно тающий в лучах солнца. Познакомьтесь со всеми ароматами и отыщите ваш собственный бестселлер!  Этот стильный набор станет прекрасным подарком в праздничный сезон. PRESS GURWITZ PERFUMERIE – АРОМАТЫ ДЛЯ ЛЮДЕЙ СВОБОДНЫХ ДУХОМ;Распылять на кожу или одежду с расстояния 50 см. Можно брызнуть парфюмом в воздухе перед собой и войти в облако аромата. Для усиления стойкости наносить на разогретое тело.
19000263996;CHOPARD Oud Malaki;подарочные наборы;Италия;13591;9513;https://goldapple.ru/19000263996-oud-malaki;29.76;В изысканный подарочный набор Chopard входят парфюмерная вода OUD MALAKI (80 мл) и гель для душа OUD MALAKI (150 мл).  Парфюмерная композиция, стартующая со свежих нот грейпфрута и лаванды, раскрывает благородную красоту уда, подчеркнутую чувственным звучанием табака, амбры, кожи и пряностей.  Древесно-восточный аромат, отражающий встречу динамичного Запада и загадочного Востока, словно переносит в сказочную арабскую ночь.;Только для наружного применения.
19000121298;SIGNATURE BY SILLAGE DORIENT Diamond;подарочные наборы;Франция;19574;11744;https://goldapple.ru/19000121298-diamond;29.24;В изысканный набор входят парфюмерная вода DIAMOND (100 мл), её миниатюра в тревел-формате (15 мл) и распылитель.  Древние греки верили, что алмазы – это осколки звезд, упавшие с неба, в древней Индии алмазам приписывали способность защищать от зла, а римляне первыми начали использовать их как символ вечной любви. Композиция DIAMOND, названная в честь этих драгоценных камней, стала парфюмерным воплощением соблазна, ведь алмазы веками обольщали людей и продолжают очаровывать нас по сей день.  Притягательная сила аромата SIGNATURE by Sillage d'Orient кроется в ярком сочетании чувственной ноты арабской амбры, таинственного ладана и благородного, ценного уда с его темным очарованием.;Распылять на кожу с расстояния 20-30 см.
19000287141;MOSCHINO TOY 2 BUBBLE GUM;подарочные наборы;Италия;15700;11775;https://goldapple.ru/19000287141-toy-2-bubble-gum;26.46;Яркий набор с культовым флаконом в виде плюшевого мишки создан для жизнерадостных и позитивных женщин.  В стильный набор MOSCHINO входят туалетная вода TOY 2 BUBBLE GUM (100 мл), её миниатюра (10 мл), парфюмированный гель для душа и ванны (100 мл), деликатно очищающий кожу, и парфюмированный лосьон для тела (100 мл), который увлажняет и смягчает кожу, оставляя на ней нежный аромат.  Женственная и вдохновляющая композиция TOY 2 BUBBLE GUM с игривыми нотами жевательной резинки поднимает настроение и заряжает позитивной энергией. В аромате, пробуждающем радость, звучат многогранная роза, сочный персик, засахаренные цитрусы и спелая черная смородина.  Имбирь и корица придают аромату лёгкую остроту, а древесные ноты и нежный мускус делают его элегантным.;Только для наружного применения.  Гель для душа и ванны нанесите на влажную кожу тела, аккуратно распределите, затем смойте водой.  Лосьон для тела нанесите на кожу и равномерно распределите массирующими движениями. Туалетную воду распылите с небольшого расстояния.  Избегайте попадания в глаза.
19000121293;THE WOODS COLLECTION Royal night;подарочные наборы;Франция;11745;10570;https://goldapple.ru/19000121293-royal-night;25.92;В угольно-черной тьме ночи Закат и Рассвет танцуют рука об руку, как будто они находятся в большом зале короля, и их ароматы переплетаются, когда они двигаются в устойчивом ритме.  Его духи пахли агаровым деревом, янтарным деревом и березой, отмечая его силу и мужество, в то время как ее аромат розы и малины отмечал ее сладость и благородство, слившиеся воедино.  Не бойтесь влюбиться в ROYAL NIGHT от Natural by The Woods Collection. Состав набор: 100ml+5ml. Флакон 5 ml пустой.;
19000182246;CHOPARD Black incense malaki;подарочные наборы;Италия;13999;12599;https://goldapple.ru/19000182246-black-incense-malaki;21.56;В изысканный подарочный набор Chopard входят парфюмерная вода Black incense malaki (80 мл) и гель для душа Black incense malaki  (150 мл).  В насыщенной парфюмерной композиции переливаются бальзамические, ароматические, древесные, дымные и восточные ноты. Аромат отражает многогранную и таинственную красоту ладана.  Словно волнующие клубы дыма, ноты смол, редких специй и ценных пород дерева окружают ладан, усиливая его благородное звучание.  Ноты лабданума и уда дополняют эту композицию, напоминающую об атмосфере восточных королевских церемоний.;Только для наружного применения.
19000341966;MAISON FRANCIS KURKDJIAN Baccarat Rouge 540;подарочные наборы;Франция;25000;25000;https://goldapple.ru/19000341966-baccarat-rouge-540;21.12;Откройте для себя парфюмерный набор из линии культового аромата Baccarat Rouge 540:  эксклюзивный набор для идеального ухода за телом, состоящий из дымки для волос, парфюмированное масло для тела и парфюмерной воды, каждый объемом 35 мл.;
19000235607;MIND GAMES Mini Discovery;подарочные наборы;США;6673;6005;https://goldapple.ru/19000235607-artisan-discovery-set;18.48;Исследуйте разум, чувства, силу духа с мини-версиями парфюмерного экстракта MIND GAMES (10 шт. по 2 мл) и погрузитесь в стратегически идеальные композиции. В набор входят восточно-гурманский GRAND MASTER с цветами, древесно-цветочный с кожей GARDEZ, древесно-дымный с нотами цветов SCHOLAR’S MATE, цитрусово-древесный с гурманским аккордом DOUBLE ATTACK, цветочно-древесный J’ADOUBE с фруктами, цветочно-шипровый с нотами табака CHECKMATE, древесный CAÏSSA с аккордами белых цветов, древесно-дымный с цветами и фруктами AS-SULI’S DIAMOND, кожано-древесный с фруктами BLOCKADE, древесно-цветочный с зелеными нотами CASTLING.;Распылите на кожу с расстояния 20-30 см.
19000342349;HFC WHITE;подарочные наборы;Франция;25000;21250;https://goldapple.ru/19000342349-white;18.4;В набор HFC Paris Travel Set White входят духи в формате travel - 15 мл: Diamond In The Sky, Wear Love Everywhere, Party On The Moon и Dancing Queen.;Для наружного применения.
19000458713;MIXIT Spa Rituals, wild garden;подарочные наборы;Россия;1100;990;https://goldapple.ru/19000458713-spa-rituals-wild-garden;17.0;Spa Rituals Wild Cherry Jelly Body Scrub — парфюмированный гель-скраб для тела с ароматом дикой вишни бережно отшелушивает и полирует кожу. Делает её восхитительно гладкой и нежной, словно шелк. Ценные масла и экстракты в составе питают и насыщают каждую клеточку полезными веществами. Манящий вишневый шлейф с благородными нотами сандала, жасмина и белого кедра приглашает на прогулку в летний сад, где царит умиротворяющая прохлада и витает в воздухе ощущение счастья. Spa Rituals Body Butter Wild Cherry — парфюмированный баттер для тела с ароматом цветущей вишни питает и увлажняет каждую клеточку кожи. Невесомая тающая текстура быстро впитывается, делая кожу гладкой и нежной, словно шелк. Эти чувственные прикосновения превращают уход в удовольствие, а манящий вишневый аромат с едва уловимыми молочными и цветочными нюансами приглашает на прогулку в вишневый сад, где царит вечное лето. Результат: — Интенсивное увлажнение. — Полное устранение шелушений. — Поддержание упругости кожи. — Яркий аромат дикой вишни. предостережения Содержит производное ретинола, рекомендуем использовать с осторожностью и воздержаться от использования в период беременности и грудного вскармливания.;Скраб: Возьми небольшое количество скраба, равномерно распредели по влажной коже легкими массирующими движениями, смой водой. Используй 2-3 раза в неделю. Баттер: Нанеси баттер на чистую кожу массирующими движениями до полного впитывания. Подходит для ежедневного использования.
99000024651;DELTA COSMETICS Vanilla, Amber, Musk;подарочные наборы;;470;470;https://goldapple.ru/99000024651-vanilla-amber-musk;15.3;Веган-френдли линейка продуктов для людей с этичным отношением к себе и окружающему миру. В наших продуктах мы стараемся максимально ответственно подойти к выбору сырья и материалов.Отдушки содержат только растительные и синтетические компоненты, а также натуральные эфирные масла из экологически чистых регионов мира. Увлажняет, на долго оставляя на коже шлейф парфюма. В состав набора входит:  Гель для душа, 300 мл. Парфюмированный спрей для тела, 150 мл.;Гель для душа: нанести необходимое количество средства на влажное тело, помассировать, смыть водой. Парфюмированный спрей: распылить на чистую, сухую кожу на расстоянии 10-15 см.
19000263997;CHOPARD Black incense malaki;подарочные наборы;Италия;13999;6299;https://goldapple.ru/19000263997-black-incense-malaki;15.04;В изысканный подарочный набор Chopard входят парфюмерная вода BLACK INCENSE MALAKI (80 мл) и гель для душа BLACK INCENSE MALAKI (150 мл). В насыщенной парфюмерной композиции переливаются бальзамические, ароматические, древесные, дымные и восточные ноты.  Аромат отражает многогранную и таинственную красоту ладана. Словно волнующие клубы дыма, ноты смол, редких специй и ценных пород дерева окружают ладан, усиливая его благородное звучание. Ноты лабданума и уда дополняют эту композицию, напоминающую об атмосфере восточных королевских церемоний.;Только для наружного применения.
19000287111;VERSACE Dylan Turquoise;подарочные наборы;Италия;11590;8692;https://goldapple.ru/19000287111-dylan-turquoise;14.7;"Подарочный набор VERSACE ""DYLAN TURQUOISE"". Состав набора:  Туалетная вода VERSACE ""DYLAN TURQUOISE"" pour femme, жен., 50 мл;  Парфюмированный гель для душа и ванны VERSACE ""DYLAN TURQUOISE"", 50 мл;  Парфюмированный гель для тела VERSACE ""DYLAN TURQUOISE"", 50 мл.";
19000316441;DUFT & DOFT Niche perfume hand cream miniature gift set;подарочные наборы;Республика Корея;1247;623;https://goldapple.ru/19000316441-niche-perfume-hand-cream-miniature-gift-set;14.08;"В набор входят 4 увлажняющих крема для рук DUFT&DOFT в мини-формате (по 10 мл):   парфюмированный крем для рук NICHE PERFUME HAND CREAM DE BLANC с изысканным и свежим ароматом бергамота, жасмина, фрезии и мускуса;  парфюмированный крем для рук NICHE PERFUME HAND CREAM DEW GRASS с нежными и освежающими нотами петитгрейна, персика, сандала, ванили и мускуса;  парфюмированный крем для рук NICHE PERFUME HAND CREAM SPLASH c вдохновляющим фруктово-цветочным звучанием грейпфрута, черной смородины, персика и гардении;  парфюмированный крем для рук NICHE PERFUME HAND CREAM SAGE LEAF с элегантными зелеными аккордами кипариса, шалфея, свежей травы и древесным акцентом кедра.  Каждый из этих кремов интенсивно увлажняет кожу рук, устраняя сухость и не оставляя липкости. Нежные средства быстро впитываются, окутывая руки легкой вуалью изысканного аромата.";Нанесите на кожу рук и распределите массирующими движениями.  Используйте в течение дня по мере необходимости.
19000121305;SIGNATURE BY SILLAGE DORIENT Oud;подарочные наборы;Франция;19574;11744;https://goldapple.ru/19000121305-oud;13.16;В изысканный набор входят парфюмерная вода OUD (100 мл), её миниатюра в тревел-формате (15 мл) и распылитель.  Этот впечатляющий, редкий аромат SIGNATURE by Sillage d'Orient представляет собой единство противоположностей. Пачули и шафран гармонично сочетаются, создавая интенсивное звучание с древесными и землистыми нотами, чувственными и таинственными гранями. Магия уда заключена в уникальный флакон, словно джин в волшебной лампе.  Композиция гипнотизирует, будто заклинатель змей, играющий с коброй, и погружает в атмосферу удивительных сказок из «Книги тысячи и одной ночи».;Распылять на кожу с расстояния 20-30 см.
19000287143;MOSCHINO TOY 2 PEARL;подарочные наборы;Италия;10390;7792;https://goldapple.ru/19000287143-toy-2-pearl;12.0;В набор MOSCHINO входят парфюмерная вода TOY 2 PEARL (50 мл), парфюмированный гель для душа и ванны TOY 2 PEARL (50 мл) и парфюмированный лосьон для тела TOY 2 PEARL (50 мл).  Яркий, игривый и переливающийся аромат TOY 2 PEARL пробуждает чистую радость и заряжает энергией. Бодрящая комбинация жасмина, пьянящего орегано и свежего, искрящегося лимона накрывает волной оптимизма. Аккорд лимонного сорбета, объединивший свежесть и притягательную сладость, напоминает о солнечных днях и красочной итальянской культуре.  В сердце аромата элегантное звучание жасмина дополняют чувственная фрезия и песочный аккорд, которые переносят на залитый солнцем райский остров. Базовые ноты ветивера, нежного мускуса и свежего кипариса смягчают насыщенную и воодушевляющую композицию MOSCHINO.;Только для наружного применения.  Гель для душа и ванны нанесите на влажную кожу тела, аккуратно распределите, затем смойте водой.  Лосьон для тела нанесите на кожу и равномерно распределите массирующими движениями.  Парфюмерную воду распылите с небольшого расстояния.  Избегайте попадания в глаза.
19000215487;TUMI Atlas 00:00 gmt;подарочные наборы;США;12457;8097;https://goldapple.ru/19000215487;11.0;"В набор входят парфюмерная вода TUMI ""ATLAS [00:00 GMT]"" (100 мл), парфюмерная вода TUMI ""ATLAS [00:00 GMT]"" (30 мл) в объёме, удобном для путешествий, и парфюмированный гель для душа TUMI ""ATLAS [00:00 GMT]"" (200 мл), который очищает кожу тела и оставляет освежающий аромат. Изысканная, насыщенная и смелая парфюмерная композиция окутывает завораживающей свежестью. Звучание начинается с нот итальянского бергамота и кардамона, смягченных тонкой древесно-амбровой сладостью. Охлаждающий эффект усиливают герань и имбирь, которые сочетаются с лабданумом в сердце аромата. Базовые ноты ветивера и индийского сандала придают шлейфу мягкость и чувственность.";Только для наружного применения. Нанесите гель для душа на влажную кожу тела, распределите массирующими движениями, затем смойте водой. Парфюмерную воду наносите на точки пульсации.
19000342347;HFC DIVINE BLOSSOM;подарочные наборы;Франция;25000;18750;https://goldapple.ru/19000342347-divine-blossom;10.78;Divine Blossom - Божественный цветок.  Лотос - удивительно красивый цветок, который раскрывается не под палящими лучами солнца, а только при лунном свете. Это символ становления мира. Магическая сила цветка ассоциируется со светом. Глядя на него, вы обретаете силу чувственного забвения. Набор Travel Divine Blossom - 4*15 мл.;Для наружного применения.
19000458709;MIXIT Spa Rituals, Black Pepper Embrace Body & Soul;подарочные наборы;Россия;1301;1170;https://goldapple.ru/19000458709-spa-rituals-black-pepper-embrace-body-soul;10.0;Набор парфюмированных средств с ароматом черного перца создан, чтобы пробудить твой природный магнетизм. Пряные ноты окутывают тело и раскрываются благородным аккордом из черного перца, табака и кедра. Гель тонизирует кожу, а крем глубоко питает и увлажняет ее. Мочалка-варежка помогает создавать обильную пену из геля для душа и очищает кожу. В состав набора входят: — Парфюмированный гель для душа с ароматом черного перца. — Парфюмированный крем для рук и тела с ароматом черного перца. — Мочалка-варежка для тела. Как работает: — Масло черного перца обладает тонизирующим действием, уменьшает воспаления и улучшает питание клеток кожи. — Экстракты имбиря и розмарина повышают эластичность кожи, ускоряют процесс регенерации и оказывают противовоспалительное действие. Результат: — Шелковистая и мягкая кожа. — Устранение шелушения и сухости. — Повышение упругости и эластичности кожи. — Стойкий шлейфовый аромат. Для кого: Для тех, кто ищет набор для тела с изысканным ароматом черного перца.;Гель для душа: Нанести на мочалку или влажную кожу, вспенить, смыть теплой водой. Крем для тела: Нанести на чистую кожу тела, мягко помассировать до полного впитывания.
19000287137;MOSCHINO TOY BOY;подарочные наборы;Италия;10390;7792;https://goldapple.ru/19000287137-toy-boy;9.9;В подарочный набор от MOSCHINO входят парфюмерная вода TOY BOY (50 мл), парфюмированный гель для душа и ванны (50 мл) и парфюмированный бальзам после бритья (50 мл).  Соблазнительная композиция раскрывается нотами бергамота, розовых ягод, мускатного ореха, груши и элеми.  Абсолю розы, гвоздика, магнолия и цветы льна играют в сердце аромата.  Кашмеран, гаитянский ветивер, амбермакс и силколид подчеркивают смелый характер композиции.;Только для наружного применения.  Гель для душа и ванны нанесите на влажную кожу тела, равномерно распределите, затем смойте водой.  Бальзам аккуратно и равномерно нанесите на кожу лица после бритья.  Парфюмерную воду распылите с небольшого расстояния.  Избегайте попадания в глаза.
19000215481;TUMI Unwind 20:00 gmt;подарочные наборы;США;12457;7474;https://goldapple.ru/19000215481;9.0;"В набор входят парфюмерная вода TUMI ""UNWIND [20:00 GMT]"" (100 мл), парфюмерная вода TUMI ""UNWIND [20:00 GMT]"" (30 мл) в объёме, удобном для путешествий, и парфюмированный гель для душа TUMI ""UNWIND [20:00 GMT]"" (200 мл), который очищает кожу тела и оставляет теплый, расслабляющий аромат. Чувственная парфюмерная композиция помогает настроиться на отдых после насыщенного, долгого дня и погрузиться в интригующую вечернюю атмосферу. Расслабляющий аромат, стартующий с яркого звучания лимона и имбиря, смягчается и раскрывает ноты шалфея, лаванды и герани. Благородные базовые ноты уда, сандала и ветивера окутывают теплом и заряжают уверенностью.";Только для наружного применения. Нанесите гель для душа на влажную кожу тела, распределите массирующими движениями, затем смойте водой. Парфюмерную воду наносите на точки пульсации.
19000215478;TUMI Awaken 08:00 gmt;подарочные наборы;США;12457;8719;https://goldapple.ru/19000215478;7.92;"В набор входят парфюмерная вода TUMI ""AWAKEN [08:00 GMT]"" (100 мл), парфюмерная вода TUMI ""AWAKEN [08:00 GMT]"" (30 мл) в объёме, удобном для путешествий, и парфюмированный гель для душа TUMI ""AWAKEN [08:00 GMT]"" (200 мл), который очищает кожу тела и оставляет свежий, бодрящий аромат. Современная парфюмерная композиция с фужерными, цитрусовыми и древесными нотами заряжает энергией, подчеркивает уверенность и открытость миру. Добиться пробуждающего, воодушевляющего эффекта помогают ноты цитрусов, кориандра, кипариса, мускатного шалфея, еловых иголок и кедра.";Только для наружного применения.  Нанесите гель для душа на влажную кожу тела, распределите массирующими движениями, затем смойте водой.  Парфюмерную воду наносите на точки пульсации.
19000458514;GUERLAIN Aqua Allegoria Forte Florabloom Eau de Parfum и KissKiss Bee Glow Oil;подарочные наборы;Франция;15500;15500;https://goldapple.ru/19000458514-aqua-allegoria-forte-florabloom-eau-de-parfum-i-kisskiss-bee-glow-oil;7.84;Florabloom Forte – это деликатный цветочный букет из тубероз, роз, ириса и фиалки, который окутывают теплом ноты сандала и мха, а фруктовые ноты манго, кокоса и танжерина дополняют его сладостью. Медовое масло-тинт для губ KissKiss Bee Glow Oil в ультра-сочном розовом оттенке деликатно тонирует и придаёт красивый влажный блеск. Питательная формула обеспечивает 24-часовой уход, гарантирует мгновенный эффект объёма и абсолютно завораживающий зеркальный блеск без ощущения липкости. Чтобы отпраздновать волшебный Новый Год, коробки парфюмерных наборов Guerlain облачены в мерцающие красные и золотые цвета и украшены уникальным дизайном со сказочными персонажами. Пчёлы, символ Дома Guerlain, наполняют атмосферу золотистой пыльцой, пробуждая волшебство вокруг. Настоящая сказка, в которой золотые рыбки исполняют самые заветные желания, а райские птицы, пролетающие над звёздным небом, несут пожелания счастья. И даже цветы, чудом распустившись в зимнюю пору, дарят вам яркие ароматы любви. Идеальный сказочный подарок, наполненный чудесами и передающий атмосферу волшебства и праздника. Состав набора:    Парфюмерная вода AQUA ALLEGORIA FORTE FLORABLOOM, 75 мл. Масло для губ KISSKISS BEE GLOW, 9,5 мл, 258 розовый.;
19000360586;GUCCI Flora Gorgeous Jasmin;подарочные наборы;Испания;16290;14661;https://goldapple.ru/19000360586-flora-gorgeous-jasmin;7.0;Погружение в мир чарующей женственности с Gucci Flora Gorgeous Jasmine. Этот изысканный набор включает в себя парфюмерную воду объемом 50 мл и удобную миниатюру 10 мл, идеально подходящую для поездок.  Аромат воплощает в себе нежные ноты жасмина, создавая ауру утонченной элегантности и грации.  Восхитительный цветочный аромат с оттенками фруктов и теплых древесных аккордов идеально подходит для тех, кто хочет подчеркнуть свою неповторимую индивидуальность и создать вокруг себя ауру волшебства и очарования.;Нанесите парфюмерную воду на чистую кожу в области запястий, шеи и за ушами. Для более стойкого эффекта используйте парфюмерную воду в дорожном формате в качестве легкого освежения в течение дня.
19000215484;TUMI Continuum 12:00 gmt;подарочные наборы;США;12457;11211;https://goldapple.ru/19000215484;6.58;"В набор входят парфюмерная вода TUMI ""CONTINUUM [12:00 GMT]"" (100 мл), парфюмерная вода TUMI ""CONTINUUM [12:00 GMT]"" (30 мл) в объёме, удобном для путешествий, и парфюмированный гель для душа TUMI ""CONTINUUM [12:00 GMT]"" (200 мл), который очищает кожу тела и оставляет чувственный восточно-древесный аромат. С уверенным и авантюрным характером парфюмерной композиции знакомят ноты зеленого мандарина, ладана и амбры. Торжество свободы и риска продолжают выразительные лабданум, ирис и  листья табака. Базовые соблазнительные ноты уда, замши и дымного мускуса подчеркивают глубину и яркость аромата.";Только для наружного применения. Нанесите гель для душа на влажную кожу тела, распределите массирующими движениями, затем смойте водой. Парфюмерную воду наносите на точки пульсации.
19000342594;KORRES CASHMERE KUMQUAT;подарочные наборы;Греция;7390;5542;https://goldapple.ru/19000342594-cashmere-kumquat;6.44;В состав набора входит: Туалетная вода Cashmere Kumquat Eau de Toilette, 50мл Туалетная вода Cashmere Kumquat - чувственный и теплый аромат, сделает Ваш образ еще более притягательным и обворожительным, подарит Вам еще большую притягательность и обаяние. Композиция: Кашемир - нежный, теплый - это синоним роскоши, который привносит в композицию чувственный баланс. Это глубокий, многогранный, пряный, мускусно-древесный аккорд с цветочным оттенком. Кумкват - ярко-оранжевый цитрусовый фрукт, символ процветания, с горьковато-сладким ароматом, который вызывает положительные чувства и поднимает настроение, бодрит и тонизирует. Его цитрусовый профиль ближе к мандарину с виноградными и земляничными нюансами. Ваниль пробуждает чувства и вызывает мечты о любви. Превосходный ингредиент с отчетливо сладким и соблазнительным ароматом и многолетней репутацией одного из самых мощных природных афродизиаков. Верхние ноты: кумкват, мандарин, апельсин. Ноты сердца: цветок апельсина, жасмин, миндаль. Базовые ноты: кашемир, кедровое дерево, ваниль. Содержит 88% натуральных компонентов. Дерматологически протестировано. Гель для душа Cashmere Kumquat, 250мл. Парфюмированный гель для душа Cashmere Kumquat содержит в себе экстракт алоэ, протеины пшеницы и экстракт алтея, которые обеспечивают естественный баланс увлажнения кожи для ее комфортного и бережного очищения каждый день. Такая комбинация компонентов идеальна для принятия ванны и душа. Элегантная парфюмерная композиция создаст атмосферу блаженства и непревзойденного комфорта. Содержит 88% натуральных компонентов. Дерматологически протестировано.;Гель для душа: нанесите на кожу, вспеньте и смойте водой.  Туалетная вода: распылите на расстоянии примерно 20 см. от кожи, уделив особое внимание таким зонам, как запястья и шея.
19000252179;KORLOFF PARIS KORLOVE;подарочные наборы;Франция;10900;8720;https://goldapple.ru/19000252179-korlove;6.0;"Ко Дню святого Валентина французский ювелирный дом Korloff представляет парфюмерную оду любви в красном флаконе - аромат, названный в честь их коллекции украшений. Парфюм, имя которого составлено из названия бренда и слова 'любовь', вдохновлён яркими эмоциями и ""приправлен рок-мантичными нотками"". Korlove открывается комбинацией гелиотропа и солнечных цветов. В сердце аромата доминируют лимонные и зеленоватые ландыши, подслащенные сочным апельсином и акцентированные сливочной нотой белого дерева. База придаёт композиции гурманский оттенок благодаря аккорду мусса, смешанному с мускусом и ванилью.";Наносить на неповрежденные участки кожи, волос и одежду.
19000287138;MOSCHINO Toy Boy;подарочные наборы;Италия;15700;11775;https://goldapple.ru/19000287138-toy-boy;6.0;Набор MOSCHINO – отличный подарок для активного, увлеченного и страстного мужчины, который не боится раскрыть свою мягкую и чувственную сторону. В набор входят парфюмерная вода TOY BOY (100 мл), её миниатюра (10 мл), которую удобно носить с собой и брать в путешествия, парфюмированный гель для душа и ванны (100 мл) и парфюмированный бальзам после бритья (100 мл). Соблазнительная композиция раскрывается нотами бергамота, розовых ягод, мускатного ореха, груши и элеми. Абсолю розы, гвоздика, магнолия и цветы льна играют в сердце аромата. Кашмеран, гаитянский ветивер, амбермакс и силколид подчеркивают смелый характер композиции.;Только для наружного применения.  Гель для душа и ванны нанесите на влажную кожу тела, равномерно распределите, затем смойте водой.  Бальзам аккуратно и равномерно нанесите на кожу лица после бритья.  Парфюмерную воду распылите с небольшого расстояния.  Избегайте попадания в глаза.
19000449079;KENZO L'EAU PURE;подарочные наборы;Франция;8680;6076;https://goldapple.ru/19000449079-l-eau-pure;5.0;С новогодними наборами Kenzo момент вручения подарка становится поистине особенным.  Каждая деталь, тщательно продуманная до мелочей, воплощает в себе дух праздника и тепло совместных мгновений, делая Новый Год по-настоящему незабываемым. Подарочный набор L’Eau Pure Kenzo состоит из парфюмерной воды и миниатюры для путешествий.  Подарочные наборы произведены во Франции из 100% картона и бумаги из ответственных источников и подлежат переработке. Набор: Парфюмерная вода L'EAU PURE, 50 мл + Миниатюра Парфюмерная вода L'EAU PURE, 10 мл.;Нанесите на пульсирующие точки.
19000466972;TESORI D’ORIENTE BYZANTIUM;подарочные наборы;Италия;1541;1386;https://goldapple.ru/19000466972-byzantium;4.6;В состав набора входят: Гель для душа Византия — 250 мл. Крем для тела Византия — 300 мл. Tesori d'Oriente Byzantium — это чарующий и сказочный аромат, окутанный медовой томностью и сливочными миндальными нотами. Загадочная черная роза, оттененная благородным звучанием лабданума и гелиотропа, постепенно растворяется в сладком и утонченном аккорде ванили, оставаясь на коже нежным пудровым шлейфом. Как сверкающая византийская мозаика, этот аромат сочетает роскошь, таинственность и чувственность, создавая атмосферу восточного великолепия.;Гель: Нанесите небольшое количество геля на влажную кожу, нежно помассируйте до образования пены, затем тщательно смойте водой. Крем: Нанесите крем на чистую, сухую кожу, массажными движениями распределить по телу до полного его впитывания.
19000416505;CHOPARD VANILLE MALIKA;подарочные наборы;Италия;13999;12599;https://goldapple.ru/19000416505-vanille-malika;4.6;"В подарочный набор входят парфюмерная вода Chopard ""Vanille Malika"" (100 мл) и парфюмированный лосьон для тела Chopard VANILLE MALIKA (75 мл), который увлажняет кожу и оставляет чарующий аромат. Насыщенный и роскошный аромат Chopard построен вокруг вневременной красоты ванили, дополненной неожиданными и яркими нотами. В этой композиции, отражающей чувственность и уверенность, чарующий аккорд ванили обрамляют загадочный ладан, розовый перец и тонкая сладость личи. В базовых нотах гармонируют сандал, кашмеран и опопанакс, делающие шлейф гипнотическим и притягательным.";Лосьон для тела: нанесите лосьон на кожу тела и распределите массирующими движениями.  Парфюмерная вода: парфюмерную воду распылите с небольшого расстояния.
19000350526;BVLGARI Rose Goldea Blossom Delight;подарочные наборы;Италия;13380;13380;https://goldapple.ru/19000350526-rose-goldea-blossom-delight;4.0;В подарочный набор BVLGARI входит парфюмерная вода Rose Goldea Blossom Delight (50 мл) и парфюмированное увлажняющее молочко для тела ROSE GOLDEA BLOSSOM DELIGHT MOISTURIZING BODY MILK (75 мл).  Современная, изысканная и воздушная композиция объединила чарующую ноту розы и весеннее звучание ландыша.  Романтичный цветочный аромат окутывает аурой нежности и истинной женственности.;только для наружного применения. Молочко нанесите на кожу тела и равномерно распределите массирующими движениями. Парфюмерную воду распылите на кожу с небольшого расстояния.
19000287144;MOSCHINO Toy 2 Pearl;подарочные наборы;Италия;15700;11775;https://goldapple.ru/19000287144-toy-2-pearl;4.0;"Подарочный набор MOSCHINO ""TOY BOY"". Состав набора:  Парфюмерная вода MOSCHINO ""TOY 2 PEARL"", 100 мл;  Парфюмированный гель для душа и ванны MOSCHINO ""TOY 2 PEARL"", 100 мл;  Парфюмированный лосьон для тела MOSCHINO ""TOY 2 PEARL"", 100 мл;  Парфюмерная вода MOSCHINO ""TOY 2 PEARL"", 10 мл.";
99000024652;DELTA COSMETICS Pepper, Amber, Neroli;подарочные наборы;;470;470;https://goldapple.ru/99000024652-pepper-amber-neroli;4.0;Веган-френдли линейка продуктов для людей с этичным отношением к себе и окружающему миру. В наших продуктах мы стараемся максимально ответственно подойти к выбору сырья и материалов.Отдушки содержат только растительные и синтетические компоненты, а также натуральные эфирные масла из экологически чистых регионов мира. Увлажняет, на долго оставляя на коже шлейф парфюма. В состав набора входит:  Гель для душа, 300 мл. Парфюмированный спрей для тела, 150 мл.;Гель для душа: нанести необходимое количество средства на влажное тело, помассировать, смыть водой. Парфюмированный спрей: распылить на чистую, сухую кожу на расстоянии 10-15 см.
19760310030;STATE OF MIND Sense of Humor;подарочные наборы;Франция;12023;7213;https://goldapple.ru/19760310030-sense-of-humor;3.8;Зеленый цитрусовый аромат Sense of Humor – это эйфорическое сочетание яркости и экзотики. Игривое и весёлое зелье открывается неожиданными нотами мате и чая Дарджилинг в сочетании с листьями чёрной смородины и кинзы. Аромат переходит в свежую гармонию солнечного цитрона, мандарина и персика, дополненную тёплыми нотами кедра и мускуса. Насыщенная и бодрящая композиция намекает: юмор – это лучшая одежда, которую нужно носить в обществе.   Верхние ноты: персик, листья чёрной смородины, мускус  Ноты сердца: чай Дарджилинг, цитрон, мате  Базовые ноты: мандарин, кориандр, кедр;
19760310038;STATE OF MIND French Gallantry;подарочные наборы;Франция;12023;7213;https://goldapple.ru/19760310038-french-gallantry;3.6;Свежий древесный аромат French Gallantry, посвящённый галантности, может служить образцом ароматной гармонии. Крепкую свежесть базилика и томатов дополняют ноты лавра, орегано и тимьяна. Тонкое сочетание кенийского чёрного чая и шалфея с гелиотропом создаёт чувственный шлейф, подчёркнутый древесными и амбровыми нотами. Композиция говорит о силе, харизме и элегантности того, кто его носит.   Верхние ноты: чёрный чай, томат, базилик   Ноты сердца: шалфей, тимьян, лавр, орегано  Базовые ноты: гелиотроп, кожа, амбра, животные ноты;
19000319611;DESIGNER SHAIK Petite Perfume Collection for Men;подарочные наборы;Бахрейн;34190;20514;https://goldapple.ru/19000319611-petite-perfume-collection-for-men;3.04;Коллекция Petite — новейшее дополнение к парфюмерной линейке Shaik, созданное, чтобы прекрасно помещаться в карманах, кошельках и сумочках.  Приятный бонус к коллекции – фирменный чехол Petite, изготовленный из натуральной кожи. В набор входит: Opulent Shaik Gold Edition - духи, Opulent Shaik № 77 Classic - духи,  Chic Shaik № 70 - парфюмерная вода, Sochi Onyx - парфюмерная вода. 4*4 мл.;Нанести на пульсирующие точки.
19000344544;TIZIANA TERENZI Orion;подарочные наборы;Италия;36000;18360;https://goldapple.ru/19000344544-orion;3.0;Состав набора :  Духи Orion Extrait de Parfum 100 мл. Парфюмированный лосьон для тела Orion Parfum Body Lotion 50 мл.  Парфюмированный гель для душа Orion Parfum Shower Gel 50 мл.   Роскошный набор с духами Orion и одноимёнными продуктами SPA линии создан для вашего ежедневного ритуала красоты и заботы о себе.   Пряные и яркие духи Orion - сильные и деликатные одновременно. Букет цитрусов делает их искрящимися в контрасте со сладостью ананаса и сочностью яблока. Появление пряной гармонии тимьяна и орегано сопровождается благородными древесными нотами.   Применяемая инновационная формула продуктов для ухода за телом точно воспроизводит аромат, достигая 7% ароматической композиции, способной обеспечить стойкий эффект «как при нанесении аромата».   В составе духов-лосьона для тела Orion применяются масло карите, миндальное масло и витамин Е.   Духи-гель для душа имеет превосходную прозрачную и плотную и его применение сопровождается приятным образованием жемчужной пены. Ухаживающие экстракты алоэ и водной мяты сочетаются с высоким процентным содержанием ароматных эссенций духов, обеспечивая изумительный комфорт и аромат в течение дня.;Средство предназначено для наружного применения с целью придания приятного аромата. Нанести аромат на кожу.
19000212989;FLORINDA Muschio Bianco;подарочные наборы;Италия;1665;1248;https://goldapple.ru/19000212989-muschio-bianco;3.0;"Набор мыла Florinda - гордость итальянского мыловарения, дошедшего до нас в классических рецептах и традиционных ароматических купажах. Мыло полностью изготовлено из безопасных и натуральных ингредиентов растительного происхождения, что обеспечивает его мягкость и нежную заботу о коже при использовании.  Благодаря высокому содержанию в составе парфюмерной композиции, мыло обладает ароматом лаванды.   Это не просто великолепный аромат и забота о вашем здоровье - это ""запах эмоций"". В наборе 2 шт. по 100 гр.";
19000230301;VILHELM PARFUMERIE Faces of Francis;подарочные наборы;Франция;17550;14917;https://goldapple.ru/19000230301-faces-of-francis;2.82;Представьте, что вы находитесь в мастерской рядом с художником.  Что его вдохновляет? Воспоминания о далеком вулканическом острове где-то в Средиземном море, о красках и запахах жаркого Танжера с его фисташками и шафраном, обо всех путешествиях, реальных и придуманных, которые по-прежнему будоражат чувства. Ведь что такое вдохновение? Это воображаемый мост от воспоминаний к желаниям.  Созданный под впечатлением от таинственных триптихов Фрэнсиса Бэкона - гениального авангардного художника, Faces of Francis открывается необычной комбинацией шафрана и жареных фисташек. Затем он звучит гурманской нежностью и воздушной свежестью, словно парит мечтой и реальностью, переливаясь дымными и древесными нотами.;Нанести на пульсирующие точки
19000466971;TESORI D’ORIENTE WHITE MUSK;подарочные наборы;Италия;1541;1386;https://goldapple.ru/19000466971-white-musk;2.58;В состав набора входят: Гель для душа Белый мускус — 250 мл. Крем для тела Белый мускус — 300 мл. Аромат белого мускуса пробуждает ощущение трепета, волнения и радости, создавая образ абсолютной чистоты и накрахмаленных рубашек. Классические альдегиды на старте плавно переходят в нежную россыпь ирисовой пудры, а по мере раскрытия белый мускус смягчается и становится пушистым, лаская кожу и даря ощущение умиротворения.;Гель: Нанесите небольшое количество геля на влажную кожу, нежно помассируйте до образования пены, затем тщательно смойте водой. Крем: Нанесите крем на чистую, сухую кожу, массажными движениями распределите по телу до полного его впитывания.
99000024653;DELTA COSMETICS Tonka Beans, Leather;подарочные наборы;;470;470;https://goldapple.ru/99000024653-tonka-beans-leather;2.58;Веган-френдли линейка продуктов для людей с этичным отношением к себе и окружающему миру. В наших продуктах мы стараемся максимально ответственно подойти к выбору сырья и материалов.Отдушки содержат только растительные и синтетические компоненты, а также натуральные эфирные масла из экологически чистых регионов мира. Увлажняет, на долго оставляя на коже шлейф парфюма. В состав набора входит:  Гель для душа, 300 мл. Парфюмированный спрей для тела, 150 мл.;Гель для душа: нанести необходимое количество средства на влажное тело, помассировать, смыть водой. Парфюмированный спрей: распылить на чистую, сухую кожу на расстоянии 10-15 см.
99000083633;MOYORY Tabacco&Vanille и Amber, Vanille, Patchouli;подарочные наборы;;3000;897;https://goldapple.ru/99000083633-tabacco-vanille-i-amber-vanille-patchouli;2.22;Выбор идеального подарка — это всегда задача со звёздочкой. Именно поэтому в Moyöry мы создали подарочный набор, который сочетает в себе уход и атмосферу нишевой парфюмерии. Наш набор уходовой косметики включает два парфюмированных геля для душа по 500 мл — каждый с уникальным, стойким ароматом. Tabacco & Vanille — глубокий, теплый, с нотами табака и сладкой ванили. Amber, Vanille, Patchouli — соблазнительный аромат. Этот набор станет отличным решением, если вы ищете:  стильные и практичные подарки для женщин, универсальные подарочные наборы для женщины, качественную косметику в наборе с премиальной подачей.  Премиальная упаковка, уходовая формула и парфюмированное послевкусие на коже превращают обычный душ в ежедневный ритуал удовольствия. Выбирайте продуманные наборы, которые радуют не только ароматом, но и заботой. Парфюмированный гель для душа с ароматом, который сохраняется на коже. Подходит для ежедневного использования. Не сушит кожу, придаёт мягкость и свежесть. Эстетичная упаковка в фирменной коробке Moyöry.;Нанесите небольшое количество средства на влажную кожу, вспеньте, смойте водой.
19000214442;SOLINOTES Thé blanc et crème mains;подарочные наборы;Франция;3403;1361;https://goldapple.ru/19000214442-the-blanc-et-creme-mains;2.22;В подарочный набор SOLINOTES входят парфюмерная вода THÉ BLANC (50 мл) и парфюмированный крем для рук CRÈME MAINS PARFUM THÉ BLANC (30 мл). Аромат крема для рук идеально сочетается с парфюмерной водой.  Композиция раскрывает натуральный аромат чайного листа. Чистоту и свежесть его нот усиливают искрящийся бергамот и бодрящий кардамон.  В сердце цветочно-мускусной композиции переливаются нежная нота белого чая, пробуждающая чувства, и успокаивающий шалфей.  Цветы османтуса, в аромате которых ощущается мягкое звучание ноты абрикоса, сочетаются с белым мускусом, создавая нежную гармонию базовых нот.;
19000334702;HELLO KITTY Lemonade bubbles;подарочные наборы;Россия;1124;899;https://goldapple.ru/19000334702-lemonade-bubbles;2.22;"Подарочные наборы Hello Kitty - идеальный выбор для принцесс любого возраста!   Туалетная вода Hello Kitty 50 мл - это ода нежной и радостной юности, которую парфюмеры, будто особенные волшебники поместили во флакон. Парфюм о котором мечтает каждая девочка! Флакончик ароматных парфюмерных духов, подарит вам позитивные эмоции на целый день. Ощутите, как это быть частью волшебного мира Hello Kitty!   Подарите себе добрую сказку! Бальзам для губ Hello Kitty с SPF - защита и восстановление. Эффективно смягчает, увлажняет и тонизирует, дарит ощущение комфорта. Натуральная формула бальзама, обогащенная органическим маслом персика, экстрактом абрикоса и аллантоином защищает кожу губ от сухости и шелушения, глубоко питает и насыщает полезными микроэлементами, заживляет мелкие трещинки, делает губы мягкими и нежными.   Деликатный фруктовый аромат окутает вас ощущением доброй сказки. А ещё сделает ваши поцелуи нежными, как персик! Аромат ""Lemonade bubbles"" - нежно окутает помадковой нежностью, уютной ванилью и ароматом любимых конфет.  Сладкий, но не приторный, очень деликатный, кружит голову и поднимает настроение, как обладательнице аромата, так и окружающим!   Аромат придется по вкусу не только юным модницам, но всем сладкоежкам и лакомкам! Стоит только окунуться в ароматное облако ""Lemonade bubbles"" и сразу хочется шутить, играть и кокетничать!  В составе набора:  Туалетная вода 50 мл. Гигиеническая помада Lemonade bubbles - 1 шт.";Для полноценного раскрытия туалетная вода наносится на пульсирующие участки кожи вблизи сосудов, которые будут постоянно его подогревать - на шею за ушами, под колено, на запястье, локтевые сгибы, волосы.
19000013259;STATE OF MIND OPEN MIND;подарочные наборы;Франция;12734;7640;https://goldapple.ru/19000013259-open-mind;2.0;Мобильная версия спрея создана, чтобы любимый аромат всегда был под рукой!  К нему прилагается воронка для наполнения атомайзера из полноразмерного флакона. Компактный спрей в элегантном чехле станет украшением сумочки и позволит наслаждаться многогранной композицией в течение всего дня.  Древесно-акватический аромат State of Mind предлагает открыть свой разум для новых, свежих и удивительных впечатлений.  Вспышка зеленых нот лайма и хиноки разжигает интерес уже с первых секунд знакомства.  Чистый и воздушный старт композиции плавно превращается в волну, накрывающую нежным ароматом лотоса и дыни. Их звучание помогает смягчить гесперидный аккорд, свежие ноты критмума и зелёного японского чая гёкуро.  Одновременно насыщенный, сложный и тонкий аромат этого элитного чая, играющий с нотами водорослей и йода, делает морскую грань композиции более яркой и необычной. Гваяковое дерево подчеркивает смелый и оригинальный характер аромата Open Mind.;
19000436163;AMBREE PROFESSIONAL Pure vanilla+Black pepper+Pinky sand;подарочные наборы;Россия;978;782;https://goldapple.ru/19000436163-pure-vanilla-black-pepper-pinky-sand;2.0;Набор жидкого мыла Ambree разных ароматов, 3 шт по 300 мл. Набор включает в себя три разных аромата: Pure vanilla, Pinky Sand и Black pepper. Подарочный набор жидкого мыла для рук Ambree Professional - современный и стильный подарок на новоселье или любой другой праздник. Парфюмированное жидкое мыло для рук и тела Ambree идеально подойдет для тех, кто заботится о своей коже и предпочитает косметику с уникальными ароматами. Мыло создано с использованием современных технологий и предназначено для ежедневного применения. Жидкое мыло Ambree Professional обладает несколькими преимуществами:  Активные компоненты: Масло семян хлопка улучшает структуру кожи и обладает регенерирующим действием. Витамин Е является антиоксидантом. Гипоаллергенное: Продукт предназначен для людей с разной чувствительностью кожи. Оно тщательно очищает кожу, не вызывая раздражений и аллергических реакций. Уникальные ароматы: Мы положили для вас 3 флакона по 300мл разных приятных ароматов:  Pure Vanilla, Pinky sand и Black pepper, что позволит выбрать свой любимый запах. Гелевая текстура: Крем мыло легко наносится и создает нежную пену, обеспечивая комфорт и мягкость рук после каждого применения. Дизайн: Флакон выполнен в минималистичном монохромном дизайне, который идеально впишется в интерьер.;Нанесите мыло на влажную кожу, смойте водой.
19000345441;ORENS PARFUMS Yama Rouge;подарочные наборы;Франция;17940;12558;https://goldapple.ru/19000345441-yama-rouge;2.0;Yama Rouge - Красная Гора. Ароматное путешествие к сакральной горе Фудзи в Японии, считающейся местом силы. Воплощение Фудзи в лучах заката, когда снежная вершина горы окрашивается в красный цвет лучами заходящего солнца. Yama Rouge – современный, гурманский и притягательный аромат, в котором оттенки роз и жасмина соединяются  с древесными нотами. В сердце аромата раскрывается красота королевы цветов – розы, в то время как жасмин придаёт ей таинственное очарование. В ароматном шлейфе мускус и амбра сплетаются с сандалом, создавая чувственный и особенно соблазнительный эффект. Набор Yama Rouge 10мл*3шт.;Парфюмерную воду следует наносить с расстояния 10-15 см. на тепловые точки: под коленями, область живота, запястья, сгибы локтей, район солнечного сплетения, точки за ушами, основание шеи со стороны спины, затылок. Как правило на одну точку достаточно один раз нажать на спрей. Растирать парфюмерную воду не рекомендуется, так как это может нарушить правильный процесс раскрытия композиции. Для повышения стойкости рекомендуем наносить на хорошо увлажненную кожу, комбинируя с кремом, молочком или маслом для тела.
19000458516;GUERLAIN L'Homme Ideal Eau de Toilette;подарочные наборы;Франция;15500;11625;https://goldapple.ru/19000458516-l-homme-ideal-eau-de-toilette;2.0;Идеальный мужчина — это миф. Его аромат — реальность. Guerlain опережает желания мужчин и создает для них концентрат идеальности – L’Homme Idéal. В туалетной воде L'Homme Idéal ноты цитрусовых, розмарина и флердоранжа придают аромату свежесть, бодрость и терпкость. В сердце аромата — богатый, чувственный и тёплый аккорд amaretto, созданный на основе нот бобов тонка, натурального миндаля и ванили. Насыщенная база из древесного аккорда с нотами ветивера, кедра и кожи проявляет мужской характер аромата. Состав набора:    Туалетная вода L’HOMME IDEAL DE GUERLAIN, 100 мл. Туалетная вода L’HOMME IDEAL DE GUERLAIN, 10 мл. Парфюмированный гель для душа L’HOMME IDEAL, 75 мл.;
19000374876;KORLOFF PARIS SET LADY;подарочные наборы;Франция;10900;9265;https://goldapple.ru/19000374876-lady;2.0;О, как же нежен и оригинален аромат Korloff Korloff Lady! Как настоящая Франция, он завораживает своей гармоничностью и мелодичностью, и воссоздает атмосферу весенне-летнего цветущего сада где-нибудь на берегах экзотического острова!  Начальные фруктовые акценты, состоящие из композиции апельсина, мандарина и спелой груши, ненавязчиво, но эффективно привлекают к себе внимание.  В самом сердце парфюма притаились заманчивый апельсиновый цвет, экзотическая тубероза и утонченный жасмин, сочетание которых пленит элегантностью и оригинальностью.  Пряные, насыщенные, древесные элементы мускуса, сандала и кедра придают запаху гармоничную завершенность и оставляют после себя интересное послевкусие.  Поспешите познакомиться с очаровательным, неназойливым и подходящим для повседневного использования ароматом Korloff Korloff Lady. В набор входит : Парфюмерная вода 88 мл + 30 мл.;Наносить на неповрежденные участки кожи, волос и одежду.
19000458007;VERSACE CRYSTAL NOIR;подарочные наборы;Италия;20150;15112;https://goldapple.ru/19000458007-crystal-noir;2.0;В состав набора входят: Парфюмерная вода Versace Crystal Noir женская — 90 мл. Парфюмированный гель для душа и ванны Versace Crystal Noir — 100 мл. Парфюмированный лосьон для тела Versace Crystal Noir — 100 мл. Косметичка Versace — 1 шт. Парфюмерная вода Versace Crystal Noir женская. Парфюмированный гель для душа и ванны Versace Crystal Noir мгновенно обволакивает парфюмерной вуалью и продлевает момент наслаждения вместе с ароматом Crystal Noir от Versace. Парфюмированный лосьон для тела Versace Crystal Noir питает и смягчает кожу, придавая ей мягкость и тонкий аромат.;"Парфюмированный гель для душа и ванны VERSACE ""CRYSTAL NOIR"": Нанесите на влажную кожу, вспеньте круговыми движениями или добавьте в ванну, затем смойте водой. Парфюмированный лосьон для тела VERSACE ""CRYSTAL NOIR"": Наносить утром и/или вечером круговыми движениями на очищенную кожу всего тела."
19000125191;ORENS PARFUMS Utaki Sacre;подарочные наборы;;32760;27846;https://goldapple.ru/19000125191-utaki-sacre;2.0;"""Utaki Sacré - """"Священная роща"""" Древесная композиция,  что приглашает нас в ольфактивное путешествие по священной роще Утаки, на японских островах  Рюкю. Великолепное сочетание экзотических древесных и пряных нот: чарующего Гахару Буайа – редкого дерева из лесов Борнео, известного как «белый уд», и непальского перца Тимут, скорее напоминающего грейпфрут. Уд, шафран и кедр подчеркивают экзотическое очарование сердца композиции.  Росистый ладан, белый сандал и амброксан придают всей композиции нежный и элегантный оттенок… Состав набора: парфюмерная вода 2*50мл";Парфюмерную воду следует наносить с расстояния 10-15 см. на тепловые точки: под коленями, область живота, запястья, сгибы локтей, район солнечного сплетения, точки за ушами, основание шеи со стороны спины, затылок. Как правило на одну точку достаточно один раз нажать на спрей. Растирать парфюмерную воду не рекомендуется, так как это может нарушить правильный процесс раскрытия композиции. Для повышения стойкости рекомендуем наносить на хорошо увлажненную кожу, комбинируя с кремом, молочком или маслом для тела.
19000059314;ORENS PARFUMS Sabil Nocturne;подарочные наборы;;32760;22932;https://goldapple.ru/19000059314-sabil-nocturne;2.0;Ароматное воплощение тайны и чувственности. Плотские кожаные оттенки играют самыми разными гранями на вашей коже, раскрывая все свои чувственные стороны. Многогранный ориентально-древесный аккорд обладает незабываемым звучанием – в этом аромате вы точно не останетесь незамеченными.  Объем: 2*50 мл.;Нанести на пульсирующие точки.
19000445879;VERSACE EROS;подарочные наборы;Италия;16950;12712;https://goldapple.ru/19000445879-eros;2.0;В состав набора входят: Туалетная вода Versace «Eros» мужская — 100 мл. Туалетная вода Versace «Eros» мужская — 10 мл. Косметичка Versace — 1 шт.;
19000362633;M. MICALLEF GENTLEMAN;подарочные наборы;Франция;14290;12861;https://goldapple.ru/19000362633-gentleman;2.0;Ставшие незаменимыми спутниками в повседневной жизни, атомайзеры для путешествий теперь поставляются в элегантных коробках, содержащих 4 сменных блока по 10 мл с лучшими мужским ароматами от M.Micallef.;
19000466973;TESORI D’ORIENTE HAMMAM;подарочные наборы;Италия;906;815;https://goldapple.ru/19000466973-hammam;1.0;В состав набора входят: Гель для душа Хаммам с аргановым маслом и цветком апельсина — 250 мл. Мыло ароматическое твёрдое Хаммам — 125 г. Хаммам — это олицетворение неги и томной сладости, которое окутает вас ощущением блаженства и умиротворения благодаря парфюмерной композиции с ароматом крепкого чая с цитрусом и цукатами. Чувственная сияющая цветочная эссенция открывается яркими нотами мандарина в сочетании с цветами сладкого миндаля, ванили и амбры.;Гель: Нанесите небольшое количество геля на влажную кожу, нежно помассируйте до образования пены, затем тщательно смойте водой. Мыло: Вспенить мыло в руках. Тщательно смыть теплой водой.
19000460658;KILIAN PARIS Old Fashioned Icon set;подарочные наборы;Франция;37000;33300;https://goldapple.ru/19000460658-old-fashioned-icon-set;1.0;"Парфюмерный набор с культовым ароматом Old Fashioned. Old Fashioned, вдохновлённый легендарным коктейлем, воссоздаёт аромат односолодового шотландского виски 18-летней выдержки. Аромат открывается как глоток абсолюта пшеницы с лёгким цветочным оттенком эссенции даваны. Затем он переходит в комплекс ультраконцентрированной эссенции кедра, дополненный нотами стиракса и бальзама толу, которые переносят в атмосферу шотландского поместья, погребов и загадочных шотландских легенд. Группа ароматов: амбровые, древесные. Ноты аромата: абсолют пшеницы, гиперконцентрированная эссенция кедра, бальзам толу. Парфюмер: Сидони Лансессер. Состав набора: аромат Old Fashioned в пополняемом флаконе объёмом 50 мл; миниатюра аромата в пополняемом флаконе 7,5 мл и тревел-атомайзер в подарочной упаковке.";Нанесите аромат на запястья, шею и точки пульса на очищенную и увлажненную кожу. Не растирайте.
19000404780;LA FLORENTINA Bellosguardo;подарочные наборы;Италия;2631;1762;https://goldapple.ru/19000404780-bellosguardo;1.0;Вдохновленная величественными холмами Тосканы и изображенная местными художниками, эта роскошная коллекция раскрывает тайны культурного наследия нашего региона.  Эксклюзивное мыло La Florentina, изготовленное с заботой, расскажет вам о красотах Тосканы, заключенных в необыкновенные ароматы цитрусовых, лаванды, ириса, собранных в самых красивых ее уголках.  Специальная растительная формула, обогащенная оливковым и маслом Ши, органическими экстрактами, а также нежнейшая шелковистая пена, превращает процесс ухода за собой в роскошный ритуал.  Сбалансированный состав мыла обеспечивает качественное очищение и бережный уход, подходит для любого типа кожи.;Намочите руки водой и намыльте их мылом до образования пены, затем смойте теплой водой.
19000391722;NIMASKIN Tobacco & Vanilla, Bergamot & White flowers, Grape & Neroli;подарочные наборы;Россия;912;684;https://goldapple.ru/19000391722-tobacco-vanilla;1.0;Подарочный набор для ухода за кожей рук. В составе три парфюмированных крема с ароматами: Tobacco & Vanilla, Bergamot & White flowers, Grape & Neroli. Набор предназначен для увлажнения, питания, восстановления и защиты кожи рук. Это лучший подарок для проявления любви и заботы.  Крем для рук Tobacco & Vanilla.  Аромат: •    Верхние ноты: табачный лист, специи. •    Средние ноты: имбирь, какао, бобы тонка, цветок табака. •    Базовые ноты: древесный аккорд, бензоин, мускус, ваниль. Действие: Разглаживающий крем повышает упругость кожи и предотвращает её сухость. Обладает тонизирующим и регенерирующим эффектом. Легкая текстура быстро впитывается, а комплекс из трёх масел делает кожу более ухоженной. Активные компоненты: экстракт ванили, масло жожоба, масло макадамии, масло арганы.  Крем для рук Bergamot & White flowers.  Аромат: •    Верхние ноты: шафран, бергамот, грейпфрут, зеленые листья. •    Средние ноты: фрезия, герань, шоколад, жасмин, ландыш. •    Базовые ноты: ваниль, дубовый мох, ириска, мускус, карамель. Действие: Восстанавливающий крем насыщает кожу витаминами, укрепляет и разглаживает её. Защищает от ветра и мороза. Легкая текстура крема не оставляет липкости. Активные компоненты: комплекс витаминов (В3, С, Е, F), масло ши, пантенол, эфирное масло грейпфрута, молочная кислота.  Крем для рук Grape & Neroli.  Аромат: •    Верхние ноты: мандарин, апельсин. •    Средние ноты: виноград, маракуйя, нероли, аир. •    Базовые ноты: тимьян, кедр гималайский. Действие: Увлажняющий крем насыщает кожу влагой и витаминами, усиливает её защитные функции. Нежная текстура моментально впитывается, а масло мандарина тонизирует и разглаживает кожу. Активные компоненты: комплекс витаминов (В3, С, Е, F), масло ши, пантенол, масло мандарина, экстракт маракуйи, молочная кислота.;Наносите на чистую кожу рук в течение дня по мере необходимости.
19000399473;HI,DEAR Saffron & tonka beans;подарочные наборы;Россия;6600;5940;https://goldapple.ru/19000399473-saffron-tonka-beans;1.0;Согревающий и манящий аромат Saffron & Tonka. Будоражит все чувства, раскрывается для каждого по-разному: легкая притягательная сладость, глубокое и густое сочетание амбры, мускуса и бобов тонка, игривый и пряный шафран. Подходит жадным до жизни натурам — тем, кто знает, что не надо выбирать, когда можно взять всё сразу.  Набор hi,dear — искусство ухода, превращающее каждый ритуал в момент удовольствия. Полноценная линейка косметики, которая заботится о коже, даря ей увлажнение, питание и защиту. Этот набор станет идеальным выбором как для себя, так и в подарок. Натуральные компоненты: Алоэ вера и глицерин увлажняют, а масла оливы и подсолнечника питают и восстанавливают. Эффективность и защита: Экстракты льна и гибискуса мягко успокаивают и возвращают коже естественную упругость. Лёгкость и комфорт: Текстуры, которые быстро впитываются, оставляя на коже ощущение бархатистой и шелковистой мягкости. Упаковано в стильную коробку с магнитной крышкой и хлопковой лентой — идеальный выбор для тех, кто ценит заботу.;Гель для душа: Нанести на влажную кожу, вспенить и смыть водой. Мыло для рук: Нанести на влажные руки, вспенить и смыть водой. Крем для рук: Нанести на кожу рук легкими массирующими движениями по мере необходимости. Лосьон для тела: После душа нанести на кожу лёгкими массирующими движениями, дать впитаться.
19000442219;THE WOODS COLLECTION AZURE;подарочные наборы;Франция;8897;8007;https://goldapple.ru/19000442219-azure;1.0;"Погрузитесь в отражение мечтательного лазурного неба. Яркий летний день наполняется нотами жасмина, амбры и мха, которые создают ощущение бархатистой чувственности, напоминающей дорогую кожу.  Пронзительно-голубой небосклон окутан игрой цветочных и землистых нот, сбалансированных оттенками цветов пачули. В набор входят парфюмерная вода The Woods Collection ""Azure"" (100 мл), парфюмерная вода The Woods Collection ""Pure Shine"", пробник (2 мл) и парфюмерная вода The Woods Collection ""Royal Night"", пробник (2 мл).";
19000399479;HI,DEAR Saffron & tonka beans;подарочные наборы;Россия;2500;2250;https://goldapple.ru/19000399479-saffron-tonka-beans;1.0;Согревающий и манящий аромат Saffron & Tonka. Будоражит все чувства, раскрывается для каждого по-разному: легкая притягательная сладость, глубокое и густое сочетание амбры, мускуса и бобов тонка, игривый и пряный шафран. Подходит жадным до жизни натурам — тем, кто знает, что не надо выбирать, когда можно взять всё сразу.  Набор для ухода за руками hi,dear превращает каждый момент в нежность и заботу. Крем для рук и мыло работают в гармонии, обеспечивая увлажнение, питание и защиту кожи. Натуральные компоненты: глицерин и масла оливы и подсолнечника увлажняют и восстанавливают, даря коже здоровый вид. Эффективность и защита: экстракты ромашки и гибискуса успокаивают и поддерживают баланс кожи. Лёгкость и комфорт: текстуры быстро впитываются, не оставляя жирных следов, создавая ощущение бархатистости и шелковистости. Изысканный аромат: средства наполняют уход утонченным ароматом, который остаётся с тобой надолго. Упаковано в стильную косметичку — идеальный выбор для ежедневного ухода или в подарок.;Нанести мыло на влажные руки, вспенить и смыть водой. После этого нанести крем для рук на чистую, сухую кожу, равномерно распределяя и массируя до полного впитывания.
19000445871;VERSACE DYLAN BLUE;подарочные наборы;Италия;16900;12675;https://goldapple.ru/19000445871-dylan-blue;1.0;В состав набора входят: Туалетная вода Versace «Dylan Blue» мужская — 100 мл. Туалетная вода Versace «Dylan Blue» мужская — 10 мл. Косметичка Versace — 1 шт.;Dylan Blue Pour Homme Туалетная вода: Распылите на одежду или в воздух, и пройдите сквозь ароматное облако. Избегайте нанесения на кожу, чтобы аромат держался дольше.
19000466970;TESORI D’ORIENTE WHITE MUSK;подарочные наборы;Италия;906;815;https://goldapple.ru/19000466970-white-musk;1.0;В состав набора входят: Гель для душа Белый мускус — 250 мл. Мыло ароматическое твёрдое Белый мускус — 125 г. Белый мускус пробуждает ощущение трепета, волнения и радости, создавая аромат абсолютной чистоты и накрахмаленных рубашек. Классические альдегиды на старте плавно переходят в нежную россыпь ирисовой пудры, а по мере раскрытия белый мускус смягчается и становится пушистым, лаская кожу и даря ощущение умиротворения.;Гель: Нанесите небольшое количество геля на влажную кожу, нежно помассируйте до образования пены, затем тщательно смойте водой. Мыло: Вспенить мыло в руках. Тщательно смыть теплой водой.
19000409781;SAVONRY Цветочная лавка;подарочные наборы;Россия;1030;669;https://goldapple.ru/19000409781-cvetocnaa-lavka;;"Состав набора:  Гель для душа Цветочная лавка: Ощутите атмосферу благоухающего цветочного магазина с гелем для душа ""Цветочная лавка"". Этот нежный и ароматный гель создан для тех, кто ценит природную красоту и заботу о коже.  Вдохновленный свежестью цветочного магазина, он дарит коже ощущение чистоты, мягкости и увлажнения. Каждый раз, используя этот гель, вы словно оказываетесь в уютной цветочной лавке, где ароматы свежесрезанных цветов наполняют воздух гармонией и легкостью. Активные компоненты:  Экстракты эхинацеи, ромашки, жасмина, розы и ириса — питают и успокаивают кожу, даря ей сияние и комфорт. -Эфирное масло иланг-иланг — раскрывает глубокий, чувственный аромат, поднимая настроение и расслабляя. -Цветочная вода иланг-иланг — увлажняет и тонизирует, сохраняя естественный баланс кожи. -Мочевина и аллантоин — интенсивно увлажняют, смягчают и способствуют восстановлению кожи. Подарите своей коже момент наслаждения и заботы. """"Цветочная лавка"""" — это не просто    гель для душа, это ваш ежедневный ритуал красоты и гармонии.  Пена для ванн Вербена и лемонграсс: Окунитесь в свежесть цитрусовых лугов и зелени с пеной для ванны """"Вербена и лемонграсс"""". Этот освежающий и бодрящий продукт создан для тех, кто ищет гармонию тела и духа. Насыщенная пена с ярким ароматом вербены и лемонграсса превращает обычное купание в настоящий спа-ритуал, наполняя ванну энергией природы и свежестью. Активные компоненты: • Бетаин — мягко очищает и увлажняет кожу, сохраняя ее естественный баланс. • Комплекс биологически активных СО2 экстрактов (ламинария, фукус, одуванчик, крапива, аир) — насыщает кожу витаминами и минералами, улучшает ее тонус и эластичность. • Д-пантенол — успокаивает, восстанавливает и увлажняет кожу, снимая раздражение. • Эфирное масло вербены — дарит яркий цитрусовый аромат, поднимает настроение и тонизирует. • Эфирное масло лемонграсса — освежает, бодрит и обладает антибактериальными свойствами. • Молочная кислота — мягко отшелушивает, выравнивает текстуру кожи и придает ей сияние. Этот аромат — как глоток свежего воздуха после долгого дня. Яркие нотки вербены и лемонграсса пробуждают чувства, дарят заряд энергии и помогают расслабиться. Легкая, воздушная пена мягко обволакивает кожу, оставляя ее чистой, увлажненной и невероятно мягкой.";Гель для душа Цветочная лавка: нанесите необходимое количество геля на влажную губку или непосредственно на кожу, распределите массирующими движениями и затем смойте водой. Подходит для ежедневного применения.  Пена для ванн Вербена и лемонграсс: небольшое количество пены влить под струю воды во время наполнения ванны.  Рекомендуется использовать сильный напор и не выключать воду, пока пена не образовалась. Принимайте ванну 20-30 минут. Рекомендуется использовать пену для ванн 1-2 раза в неделю для поддержания расслабляющего ритуала и ухода за кожей.
19000399480;HI,DEAR Black tea & lumi;подарочные наборы;Россия;2500;2250;https://goldapple.ru/19000399480-black-tea-lumi;;Универсальный аромат Black tea & Loomi — одновременно дерзкий и расслабляющий. Заряжает на все 100% яркими брызгами лимона, лайма и солнечного света, и тут же погружает в атмосферу чувственного и романтичного вечера у камина — нотами черного чая, дыма, теплого дерева. С ним ярко и тепло. И так будет всегда.  Набор для ухода за руками hi,dear превращает каждый момент в нежность и заботу. Крем для рук и мыло работают в гармонии, обеспечивая увлажнение, питание и защиту кожи. Натуральные компоненты: глицерин и масла оливы и подсолнечника увлажняют и восстанавливают, даря коже здоровый вид. Эффективность и защита: экстракты ромашки и гибискуса успокаивают и поддерживают баланс кожи. Лёгкость и комфорт: текстуры быстро впитываются, не оставляя жирных следов, создавая ощущение бархатистости и шелковистости. Изысканный аромат: средства наполняют уход утонченным ароматом, который остаётся с тобой надолго. Упаковано в стильную косметичку — идеальный выбор для ежедневного ухода или в подарок.;Нанести мыло на влажные руки, вспенить и смыть водой. После этого нанести крем для рук на чистую, сухую кожу, равномерно распределяя и массируя до полного впитывания.
99000055137;MOYORY Amber & Black Pepper и Tobacco & Vanille;подарочные наборы;;3000;810;https://goldapple.ru/99000055137-amber-black-pepper-i-tobacco-vanille;;Ваш идеальный выбор для подарка - это эксклюзивный набор жидкого мыла для рук от MOYÖRY, включающий в себя два флакона объемом по 500 мл. каждый.  Этот набор представляет собой уникальную коллекцию ароматов  Amber&black pepper и Tabacco&vanille, которые обогатят ваш ежедневный уход за собой и превратят обычное мытье рук в настоящее ароматерапевтическое наслаждение.  Сочетание ярких и соблазнительных нот черного перца с благородными аккордами табачного листа создает ощущение роскоши и утонченности, подчеркивая вкус и стиль владельца.;Нанесите небольшое количество средства на влажную кожу, вспеньте, смойте водой.
19000444982;MOSCHINO TOY 2;подарочные наборы;Италия;13200;9900;https://goldapple.ru/19000444982-toy-2;;"Парфюмерная вода MOSCHINO ""TOY 2 PEARL"". Объем: 50 мл. Парфюмированный гель для душа и ванны MOSCHINO ""TOY 2 PEARL"". Гель для душа мягко и эффективно очищает кожу тела, оставляя на ней чарующий аромат. Игривая и переливающаяся композиция с нотами лимонного сорбета, жасмина, орегано, фрезии и песка переносит на залитый солнцем и омываемый свежими морскими волнами райский остров. Объем: 50 мл. Парфюмированный лосьон для тела MOSCHINO ""TOY 2 PEARL"". Парфюмированный лосьон для тела увлажняет и смягчает кожу, оставляя на ней тонкий аромат. Игривая и переливающаяся композиция с нотами лимонного сорбета, жасмина, орегано, фрезии и песка переносит на залитый солнцем и омываемый свежими морскими волнами райский остров. Объем: 50 мл.";"Парфюмированный гель для душа и ванны MOSCHINO ""TOY 2 PEARL"": Добавьте в ванну или нанесите на влажную кожу тела во время принятия душа, вспеньте и распределите круговыми массажными движениями, затем смойте водой. Парфюмированный лосьон для тела MOSCHINO ""TOY 2 PEARL"": Нанесите на чистую кожу тела и распределите круговыми массажными движениями до полного впитывания."
19000059317;ORENS PARFUMS Undea des Iles;подарочные наборы;;32760;13104;https://goldapple.ru/19000059317-undea-des-iles;;Ориентальный древесный аромат, который словно покрыт брызгами сочных фруктов, свежего бергамота и сладостной малины. Роскошный теплый уд наполняет сердце аромата.  Аромат раскрывается на ложе, сотканном из сильнейших – сплетение чувственного мускуса с манящей ванилью. Аромат настолько кружит голову, что окружающие будут одержимы этим ароматом и вами в нём. Объем: 2*50 мл.;Нанести на пульсирующие точки.
99000055140;MOYORY Amber & Black Pepper и Cherry & Beans Tonka;подарочные наборы;;3000;810;https://goldapple.ru/99000055140-amber-black-pepper-i-cherry-beans-tonka;;Изысканный подарочный набор жидкого мыла для рук от MOYÖRY включает в себя два флакона, предлагая эксклюзивные ароматы Amber&Black pepper и Cherry&Beans tonka.  Этот набор - идеальное сочетание ароматического блаженства и тщательного очищения, разработанного для тех, кто ценит не только чистоту, но и уникальные парфюмерные композиции. Благодаря своей универсальности, мыло подходит как для взрослых, так и для детей, обеспечивая мягкий уход за кожей рук и тела.  Используйте его в ванной, на кухне или в гостевом санузле, чтобы каждое мытье рук стало маленьким ритуалом красоты и ухода.;Нанесите небольшое количество средства на влажную кожу, вспеньте, смойте водой.
19000399469;HI,DEAR Saffron & tonka beans;подарочные наборы;Россия;4100;3690;https://goldapple.ru/19000399469-saffron-tonka-beans;;Согревающий и манящий аромат Saffron & Tonka. Будоражит все чувства, раскрывается для каждого по-разному: легкая притягательная сладость, глубокое и густое сочетание амбры, мускуса и бобов тонка, игривый и пряный шафран. Подходит жадным до жизни натурам — тем, кто знает, что не надо выбирать, когда можно взять всё сразу.  Набор для душа hi,dear — полноценный уход, превращающий каждый уход в момент заботы. Гель для душа и лосьон для тела работают в комплексе, обеспечивая увлажнение, питание и защиту для кожи. Полноценный уход: гель мягко очищает и увлажняет, а лосьон питает и укрепляет барьер кожи. Натуральные компоненты: алоэ вера и глицерин сохраняют влагу, масло оливы и подсолнечника питают и восстанавливают. Эффективность и защита: экстракты льна и гибискуса успокаивают и поддерживают баланс кожи. Лёгкость и комфорт: текстуры быстро впитываются, не оставляя жирных следов, создавая ощущение бархатистой, шелковистой кожи. Упаковано в элегантную косметичку — идеальный выбор для ежедневного ухода или подарка.;Нанести гель для душа на влажную кожу, вспенивая и смывая водой. После душа нанести лосьон для тела на очищенную кожу, равномерно распределяя и массируя до полного впитывания.
19000444978;MOSCHINO CHEAP & CHIC;подарочные наборы;;12100;9075;https://goldapple.ru/19000444978-cheap-chic;;Туалетная вода MOSCHINO CHEAP AND CHIC женская. Объем: 50 мл. Парфюмированный лосьон для тела MOSCHINO CHEAP&CHIC. Лосьон для тела питает и смягчает кожу, придавая ей мягкость и тонкий аромат. Объем: 100 мл.;"Парфюмированный лосьон для тела MOSCHINO ""CHEAP&CHIC"": Наносить утром и/или вечером круговыми движениями на очищенную кожу всего тела."
19000444984;MOSCHINO TOY 2 BUBBLE GUM;подарочные наборы;Италия;13200;9900;https://goldapple.ru/19000444984-toy-2-bubble-gum;;Туалетная вода MOSCHINO TOY 2 BUBBLE GUM женская. Объем: 50 мл. Парфюмированный гель для душа и ванны MOSCHINO TOY 2 BUBBLE GUM. Гель для душа мягко и эффективно очищает кожу тела, оставляя на ней нежный аромат. Парфюмерная композиция, в которой ярко звучат роза и игривые ноты жевательной резинки, поднимает настроение и вдохновляет. Объем: 50 мл. Парфюмированный лосьон для тела MOSCHINO TOY 2 BUBBLE GUM. Лосьон для тела увлажняет и смягчает кожу, оставляя на ней нежный аромат. Композиция с игривыми нотами жевательной резинки поднимает настроение и вдохновляет. Объем: 50 мл.;"Парфюмированный гель для душа и ванны MOSCHINO ""TOY 2 BUBBLE GUM"": Нанесите на влажную кожу тела, вспеньте и распределите круговыми массажными движениями или добавьте в ванну, затем смойте водой. Парфюмированный лосьон для тела MOSCHINO ""TOY 2 BUBBLE GUM"": Нанесите на чистую кожу тела и распределите круговыми массажными движениями до полного впитывания."
19000230126;INITIO PARFUMS PRIVES SIDE EFFECT + Atomic Rose;подарочные наборы;Франция;51500;43775;https://goldapple.ru/19000230126-side-effect-atomic-rose;;НАБОР Side Effect (парфюмерная вода/спрей 90 мл Side Effect + парфюмерная вода/спрей 10 мл Side Effect  + парфюмерная вода/спрей 10 мл Atomic Rose). Initio Side Effect. Оживите свои вечера различными способами, начиная с экзотического и знойного Initio”Побочный эффект”. Этот загадочный эликсир сочетает в себе всего несколько бальзамических и пряных аккордов для богатого, мощного результата, который гарантированно произведет впечатление на всех, кто находится рядом с вами. Нота сладкого сиропообразного рома смешивается с блаженно-сливочной ванилью, теплой корицей и землистым табаком, образуя очень сложный и соблазнительный аромат, который вы будете рады сочетать со всеми вашими вечерними нарядами. Эта искусная композиция, идеально подходящая для светских мероприятий, когда требуется профессиональная или формальная одежда. Она создаст о вас впечатление еще до того, как вы войдете в дверь. Атомная Роза – это парфюм для тех,  кто желает, чтобы их фирменный аромат заявлял о себе. Atomic Rose, новейший релиз 2019 года, является еще одним ярким примером способности Initio находить гармоничный баланс между красотой и мощью. Восхитительно сексуальный, бодрящий унисекс аромат розы с живостью и стилем.;для наружного применения
19000109147;PRESS GURWITZ PERFUMERIE №2, 6, 9;подарочные наборы;;8340;6588;https://goldapple.ru/19000109147-no2-6-9;;Парфюмерный сет Press Gurwitz Perfumerie №2, №6, №9.  В сет входят:  1. Парфюмерная вода Press Gurwitz Perfumie№2 c нотами бобов тонка, перца и пачули  2. Парфюмерная вода Press Gurwitz Perfumie№6 с нотами пачули, амбры и кожи.  3. Парфюмерная вода Press Gurwitz Perfumie№9 с нотами цитрусовых, сандала и кедра.;Распылять на кожу или одежду с расстояния 50 см. Можно брызнуть парфюмом в воздухе перед собой и войти в облако аромата. Для усиления стойкости наносить на разогретое тело.
19000412935;DR. VRANJES FIRENZE Rosso Nobile;подарочные наборы;Италия;15600;15600;https://goldapple.ru/19000412935-rosso-nobile;;Восхитительный дуэт из Диффузора и Ароматической свечи в удобном компактном объеме 80г для роскошного аромадекора станет отличным подарком для себя и самых любимых! Истинная магия Тосканы, запечатленная в неповторимой ольфакторной композиции.  Позвольте себе насладиться ароматом знаменитого красного вина с холмов Кьянти с едва ощутимыми аккордами цветов апельсина, клубники, лесных ягод, переплетающимися с чуть шершавыми, дымными и теплыми нотами дуба и березовой древесины, которые отсылают к прославленным на весь мир винам в драгоценных дубовых бочках.  Главный бестселлер Dr. Vranjes Firenze с насыщенным, ярким и утонченным ароматом, созвучным благородному красному вину, одному из ключевых символов Италии. Совершенное сочетание нот и безупречное элегантное оформление превращает Rosso Nobile в символ непревзойденного стиля и благополучия.;"Поместите во флакон все палочки, которые идут в комплекте – таким образом аромат не будет испаряться через открытое горлышко флакона.  Для того, чтобы отрегулировать интенсивность аромата, переворачивайте необходимое количество палочек ежедневно (1-2 для деликатного, еле заметного звучания; все палочки – для более яркого). Для оптимального распространения аромата диффузор следует разместить в центре комнаты, чтобы воздух циркулировал при прохождении людей. В больших помещениях рекомендуется разместить два диффузора на противоположных концах комнаты.  Выбирайте объем флакона в зависимости от помещения. Необходимо поддерживать уровень жидкости в диффузоре выше середины флакона, это позволит сохранить аутентичное звучание аромата. Для этого используйте рефил, регулярно добавляя необходимый объем ароматической жидкости в стеклянный флакон диффузора. Расположите свечу на устойчивой поверхности вдали от легковоспламеняющихся предметов. Зажгите свечу и оставьте гореть, не допуская горения более 2 часов. Дайте воску прогреть на всей поверхности, чтобы избежать образования лунки со временем. Не зажигайте свечу, если стекло повреждено.  Вы можете сочетать ароматические свечи с комплементарными диффузорами для дома, а также использовать несколько свечей одновременно для большей интенсивности аромата. В таком случае располагайте их на расстоянии минимум 15 см друг от друга."
19000444979;MOSCHINO CHEAP & CHIC I LOVE LOVE;подарочные наборы;;12100;9075;https://goldapple.ru/19000444979-cheap-chic-i-love-love;;"Туалетная вода MOSCHINO """"CHEAP AND CHIC I LOVE LOVE"""" женская. Объем: 50 мл. Парфюмированный лосьон для тела MOSCHINO """"CHEAP AND CHIC I LOVE LOVE"""". Лосьон для тела питает и смягчает кожу, придавая ей мягкость и тонкий аромат.";"Парфюмированный лосьон для тела MOSCHINO ""CHEAP AND CHIC I LOVE LOVE"": Наносить утром и/или вечером круговыми движениями на очищенную кожу всего тела."
19000460657;KILIAN PARIS Angels' Share Layering Set;подарочные наборы;Франция;39500;35550;https://goldapple.ru/19000460657-angels-share-layering-set;;Парфюмерный набор с легендарным ароматом Angels’ Share. В состав набора Angels’ Share Layering Set входит аромат в пополняемом флаконе 50 мл и спрей для тела 150 мл — идеальное сочетание, чтобы усилить любимый аромат и сделать узнаваемый шлейф еще глубже. Этот набор, дополненный спреем для тела, приглашает вас удвоить удовольствие и продлить свой ритуал. Angels’ Share содержит коньячную эссенцию, которая получена из самого напитка и придает ему натуральный карамельный цвет. Вслед за этой верхней нотой начинает звучать абсолют дубовых бочек, эссенция корицы и абсолют бобов тонка. Стойкие акценты сандала, пралине и ванили образуют неповторимый изысканный шлейф, достойный истинных ангелов. Группа ароматов: амбровые. Ноты аромата: эссенция коньяка, абсолют бобов тонка, абсолют дуба. Парфюмер: Бенуа Лапуза.;Нанесите аромат на запястья, шею и точки пульса на очищенную и увлажнённую кожу. Не растирайте. Дополните звучание спреем для тела для усиления аромата или используйте оба продукта отдельно в разное время — дня и ночи.
19000334701;HELLO KITTY Candy pink;подарочные наборы;Россия;1124;1011;https://goldapple.ru/19000334701-candy-pink;;"Подарочные наборы Hello Kitty - идеальный выбор для принцесс любого возраста!  Туалетная вода Hello Kitty 50 мл - это ода нежной и радостной юности, которую парфюмеры, будто особенные волшебники поместили во флакон. Парфюм о котором мечтает каждая девочка! Флакончик ароматных парфюмерных духов, подарит вам позитивные эмоции на целый день.  Ощутите, как это быть частью волшебного мира Hello Kitty! Подарите себе добрую сказку! Бальзам для губ Hello Kitty с SPF - защита и восстановление. Эффективно смягчает, увлажняет и тонизирует, дарит ощущение комфорта.  Натуральная формула бальзама, обогащенная органическим маслом персика, экстрактом абрикоса и аллантоином защищает кожу губ от сухости и шелушения, глубоко питает и насыщает полезными микроэлементами, заживляет мелкие трещинки, делает губы мягкими и нежными.  Деликатный фруктовый аромат окутает вас ощущением доброй сказки. А ещё сделает ваши поцелуи нежными, как персик! Аромат ""Candy Pink"" - нежно окутает помадковой нежностью, уютной ванилью и ароматом любимых конфет. Сладкий, но не приторный, очень деликатный, кружит голову и поднимает настроение, как обладательнице аромата, так и окружающим!  Аромат придется по вкусу не только юным модницам, но всем сладкоежкам и лакомкам! Стоит только окунуться в ароматное облако ""Candy Pink"" и сразу хочется шутить, играть и кокетничать!  В составе набора:  Туалетная вода 50 мл. Гигиеническая помада Candy pink - 1 шт.";Для полноценного раскрытия туалетная вода наносится на пульсирующие участки кожи вблизи сосудов, которые будут постоянно его подогревать - на шею за ушами, под колено, на запястье, локтевые сгибы, волосы.
19000451232;ЦАРЕВНЫ Школа Чародейства;подарочные наборы;Россия;990;891;https://goldapple.ru/19000451232-skola-carodejstva;;Душистая вода «Школа чародейства» — это заряд бодрости и свежести в каждой капле.  Верхняя нота мяты мгновенно освежает, создавая яркое и энергичное впечатление. В сердце композиции раскрываются солнечные цитрусовые аккорды апельсина и лимона, которые наполняют аромат сочной жизненной энергией. Завершают шлейф насыщенные базовые ноты грейпфрута, апельсина и клементина, добавляя аромату глубину и стойкость.  Этот аромат идеально подойдёт для активных и жизнерадостных людей, стремящихся к новым достижениям.;Только для наружного применения.
19000470843;MIPASSION №1;подарочные наборы;Россия;1133;1019;https://goldapple.ru/19000470843-no1;;Подарочный набор №1 от MiPASSiON — идеальный выбор для заботы о себе. В состав набора входит мерцающий скраб, 250 гр, который мягко отшелушивает омертвевшие клетки кожи, стимулируя обновление и придавая коже здоровое сияние. А также парфюмированный мист для ухода за телом и волосами, 120 мл — он глубоко питает, увлажняет и восстанавливает, оставляя ощущение мягкости и свежести.  Такой набор станет отличным подарком для тех, кто ценит комфорт и натуральный уход каждый день.;Скраб для тела: Возьмите небольшое количество скраба, нанесите на влажную распаренную кожу. Круговыми движениями сделайте массаж и смойте теплой водой. Для лучшего эффекта проработайте каждый участок тела не менее 2 минут.  Увлажняющий мист-шиммер для тела: Нанесите необходимое количество миста на чистую сухую кожу, равномерно распределите по коже и дождитесь полного впитывания в течение 1-2 минут.
19000455283;DR. VRANJES FIRENZE Ginger Lime;подарочные наборы;Италия;10200;10200;https://goldapple.ru/19000455283-ginger-lime;;Идеальный дуэт в роскошном оформлении станет отличным подарком для себя и самых любимых! Ginger Lime — один из главных хитов итальянского бренда Dr. Vranjes Firenze. Аромат с яркими, бодрящими верхними нотами лимона и лайма, переходящими в пряную композицию на основе имбиря и ветивера, а после — на динамичную базу из белого перца и древесных нот. Наполненный искрящейся свежестью, Ginger Lime сочетает в себе традиционные для итальянских ароматов ноты с экзотическими эссенциями из дальних стран, отправляя в увлекательное путешествие, наполненное захватывающими приключениями и бесконечной радостью жизни. Вдохновленный поездкой в солнечную Бразилию, родину Кайпиринья, освежающего коктейля на основе лайма, этот аромат дарит элегантное очарование и непревзойденную атмосферу, покоряющую с первой минуты. Уникальная многоярусная композиция заряжает энергией и улучшает концентрацию, помогает справиться с усталостью и тревогой. Стеклянный флакон, напоминающий купол легендарного собора Санта-Мария-дель-Фьоре, изготовлен во Флоренции, а сменный блок с ароматической жидкостью позволяет продлить аутентичное звучание и эстетичный вид. Состав набора: ароматический диффузор для дома в стеклянном флаконе 250 мл + рефил 150 мл.;Поместите во флакон все палочки, которые идут в комплекте — таким образом аромат не будет испаряться через открытое горлышко флакона. Для того чтобы отрегулировать интенсивность аромата, переворачивайте необходимое количество палочек ежедневно: • 1–2 палочки — для деликатного, еле заметного звучания. • Все палочки — для более яркого аромата. Для оптимального распространения аромата диффузор следует разместить в центре комнаты, чтобы воздух циркулировал при прохождении людей. В больших помещениях рекомендуется разместить два диффузора на противоположных концах комнаты. Выбирайте объём флакона в зависимости от помещения. Необходимо поддерживать уровень жидкости в диффузоре выше середины флакона — это позволит сохранить аутентичное звучание аромата. Для этого используйте рефил, регулярно добавляя необходимый объём ароматической жидкости в стеклянный флакон диффузора.
19000416503;CHOPARD IRIS MALIKA;подарочные наборы;Италия;13999;12599;https://goldapple.ru/19000416503-iris-malika;;"В подарочный набор входят парфюмерная вода Chopard ""Iris Malika"" (100 мл) и парфюмированный лосьон для тела Chopard IRIS MALIKA (75 мл), который увлажняет кожу и оставляет чарующий аромат. Чувственная парфюмерная композиция воспевает роскошную ноту ириса – одного из самых аристократичных и благородных цветов. Королевский цветочный букет с чарующим ирисом, иланг-илангом и жасмином украшают соблазнительные ноты сочных ягод, древесный аккорд, теплые ноты смол и пряные специи.";Лосьон для тела: нанесите лосьон на кожу тела и распределите массирующими движениями.  Парфюмерная вода: парфюмерную воду распылите с небольшого расстояния.
19000012381;FRANCK BOCLET Golden Light ENJOY;подарочные наборы;;16700;14195;https://goldapple.ru/19000012381-enjoy;;Радостно искрящиеся гесперидные ноты , после которых раскрывается букет роз -символ Любви, и начинается танец нот пряным коктейлем, дающим острый эффект. В завершении, амбровые и древесные ноты делают аромат еще более возвышенным.   Парфюмерная вода 100 мл+ тревел спрей 20мл;
19000121301;SIGNATURE BY SILLAGE DORIENT Sapphire;подарочные наборы;Франция;19574;11744;https://goldapple.ru/19000121301-sapphire;;В изысканный набор входят парфюмерная вода SAPPHIRE (100 мл) и её миниатюра в тревел-формате (15 мл). Аромат SIGNATURE by Sillage d'Orient посвящен роскошному блеску сапфира, который всегда внушал людям трепет. От Древнего Египта до Викторианской эпохи – в разные времена представители правящих династий носили украшения с драгоценным сапфиром, чтобы подчеркнуть свои высокий статус. Этот дух королевской власти воплощает утонченная и царственная парфюмерная композиция, в которой шалфей и можжевельник сочетаются с нотой мате, а древесную базу смягчают розовый перец и африканские бобы тонка с оттенком ванили.;Распылять на кожу с расстояния 20-30 см.
19000459795;ACQUA DI PARMA COLONIA;подарочные наборы;Италия;17860;17860;https://goldapple.ru/19000459795-colonia;;Праздничный подарочный набор Colonia C.L.U.B. представлен в коробке с ярким графическим переосмыслением традиционного ремесла Кристины Селестино, придающим праздничному сезону сияющую энергию и современный дух. Элегантный подарочный набор из трёх предметов включает одеколон Colonia C.L.U.B. (100 мл), гель для рук и тела Colonia (75 мл) и лосьон для рук и тела Colonia (75 мл).  Он представлен в праздничной коробке, украшенной сезонным мотивом Acqua di Parma — смелым графическим узором, вдохновлённым традиционным ремеслом, эффектом молотого золота и тональной тиснённой этикеткой. Фирменная корона Кристины Селестино украшает верхнюю часть кофрета, подчёркивая уникальный дизайн этого коллекционного набора. Colonia C.L.U.B. Eau de Cologne — лёгкий, современный и сияющий аромат. Бергамот и лимон придают одеколону искрящееся начало, а ноты розового и чёрного перца оживляют яркую связь между ароматным шисо и розмарином в его сердце.;Воспользуйтесь жидким мылом, нанесите его на руки и согрейте, затем смойте водой.   Нанесите на руки и тело лосьон, равномерно распределяя его по коже.   Распылите одеколон на тело и одежду.
19000342595;KORRES LEFKO;подарочные наборы;Греция;7390;6651;https://goldapple.ru/19000342595-lefko;;В состав набора входит: Туалетная вода Lefko Eau de Toilette, 50мл Туалетная вода Lefko предлагает окунуться в мир летних и теплых эмоций, почувствовать внутреннюю гармонию и переполняющее чувство радости и энергии. Цветочные аккорды сопровождают мускус, пудровые ноты и сандал. Верхние ноты: ландыш. Ноты сердца: роза, пион. Базовые ноты: мускус, пудровые ноты, белый сандал. 89% ингредиентов в составе формулы — натурального происхождения. Гель для душа Lefko, 250мл. Парфюмированный гель для душа LEFKO содержит в себе экстракт алоэ, протеины пшеницы и экстракт алтея, которые обеспечивают естественный баланс увлажнения кожи для ее комфортного и бережного очищения каждый день. Такая комбинация компонентов идеальна для принятия ванны и душа. Элегантная парфюмерная композиция создаст атмосферу блаженства и непревзойденного комфорта. Содержит 88% натуральных компонентов. Дерматологически протестировано.;Гель для душа: нанесите на кожу, вспеньте и смойте водой.  Туалетная вода: распылите на расстоянии примерно 20 см. от кожи, уделив особое внимание таким зонам, как запястья и шея.
19000378956;ETERIA COSMO Жасмин, лемонграсс и амбра;подарочные наборы;Россия;1151;1035;https://goldapple.ru/19000378956-zasmin-lemongrass-i-ambra;;"Погрузитесь в успокаивающий ритуал ухода с парфюмированным набором ""Жасмин, лемонграсс и амбра"".  В набор входят парфюмированный гель для душа (300 мл) и жидкое мыло для рук (300 мл), которые окутывают нежным и изысканным ароматом жасмина, свежестью лемонграсса и мягкой глубиной амбры.  Этот аромат идеально подходит для восстановления после долгого дня, создавая атмосферу комфорта и покоя. Натуральные экстракты календулы, ромашки и шалфея в составе средств мягко заботятся о коже, восстанавливают её и питают.  Активные компоненты — глицерин, мочевина и пантенол — обеспечивают глубокое увлажнение, делают кожу мягкой и эластичной. Продукты созданы без SLS и парабенов, что гарантирует бережное очищение и полную безопасность для кожи.  Набор ""Жасмин, лемонграсс и амбра"" от ETERIA COSMO — это гармоничное сочетание ухода и эстетики.";Нанести небольшое количество продукта на влажную кожу, вспенить, смыть водой.
19000362631;M. MICALLEF DESSERTS;подарочные наборы;Франция;15600;14040;https://goldapple.ru/19000362631-desserts;;Ставшие незаменимыми спутниками в повседневной жизни, атомайзеры для путешествий теперь поставляются в элегантных коробках, содержащих 4 сменных блока по 10 мл с лучшими ароматами десертной коллекции от M.Micallef.;
19000344906;AMOUAGE Reflection Man;подарочные наборы;Оман;68510;41106;https://goldapple.ru/19000344906-reflection-man;;Reflection for Man воплощает дух утонченности и является неотразимым, самобытным и безошибочно мужественным, обладающим вневременной привлекательностью. В этот красиво оформленный подарочный набор входят: 1 x 100 мл парфюмерная вода Reflection Man. 2 х 60 мл геля для ванны и душа Reflection Man.;Парфюмерную воду следует наносить с расстояния 10-15 см. на тепловые точки: под коленями, область живота, запястья, сгибы локтей, район солнечного сплетения, точки за ушами, основание шеи со стороны спины, затылок.  Как правило на одну точку достаточно один раз нажать на спрей.  Растирать парфюмерную воду не рекомендуется, так как это может нарушить правильный процесс раскрытия композиции. Для повышения стойкости рекомендуем наносить на хорошо увлажненную кожу, комбинируя с кремом, молочком или маслом для тела.  Гель для душа: Небольшое количество геля нанести на влажную кожу, вспенить, смыть водой.  Лосьон для рук и тела: Нанести легкими массажными движениями на чистую и сухую кожу после принятия душа или ванны, либо по мере необходимости.
19000473773;SISLEY Eau Du Soir;подарочные наборы;Франция;15610;12488;https://goldapple.ru/19000473773-eau-du-soir;;Откройте для себя изысканный и неподвластный времени аромат Eau du Soir в новом подарочном наборе.   Иллюстрации британского художника и дизайнера Люка Эдварда Холла передают пленительную женственность этого поистине культового аромата.   Сияющая сцена, ощущение радости и триумфа – и аромат, где сочетаются свежесть цитрусовых, чувственность цветов и элегантный шипровый шлейф.   В набор входят парфюмерная вода Eau du Soir 30 мл и парфюмированный увлажняющий крем для тела Eau du Soir 50 мл.;
19000399474;HI,DEAR Black tea & lumi;подарочные наборы;Россия;6600;5940;https://goldapple.ru/19000399474-black-tea-lumi;;Универсальный аромат Black tea & Loomi — одновременно дерзкий и расслабляющий. Заряжает на все 100% яркими брызгами лимона, лайма и солнечного света, и тут же погружает в атмосферу чувственного и романтичного вечера у камина — нотами черного чая, дыма, теплого дерева. С ним ярко и тепло. И так будет всегда.  Набор hi,dear — искусство ухода, превращающее каждый ритуал в момент удовольствия. Полноценная линейка косметики, которая заботится о коже, даря ей увлажнение, питание и защиту. Этот набор станет идеальным выбором как для себя, так и в подарок. Натуральные компоненты: Алоэ вера и глицерин увлажняют, а масла оливы и подсолнечника питают и восстанавливают. Эффективность и защита: Экстракты льна и гибискуса мягко успокаивают и возвращают коже естественную упругость. Лёгкость и комфорт: Текстуры, которые быстро впитываются, оставляя на коже ощущение бархатистой и шелковистой мягкости. Упаковано в стильную коробку с магнитной крышкой и хлопковой лентой — идеальный выбор для тех, кто ценит заботу.;Гель для душа: Нанести на влажную кожу, вспенить и смыть водой. Мыло для рук: Нанести на влажные руки, вспенить и смыть водой. Крем для рук: Нанести на кожу рук легкими массирующими движениями по мере необходимости. Лосьон для тела: После душа нанести на кожу лёгкими массирующими движениями, дать впитаться.
19000387127;SEAUTY №114;подарочные наборы;Беларусь;2050;1845;https://goldapple.ru/19000387127-no114;;Набор парфюмированных кремов для рук и тела от бренда Seauty – это уходовые средства с натуральным и гипоаллергенным составом.  Мускусная магия с древесными нотами в свежести цитруса и пудровом переливе пряности APRES L'AMOUR № 4 окутает вашу кожу на длительное время. Древесный аромат Baccarat Rouge 540 с нотами восточных цветов дополнит вечерний образ. А свежий пряный аромат Black Pepper & Amber с теплыми нотами цитрусовых вскружит вам голову.  Питательный крем для рук с дозатором обогащен маслом кокоса и молочной кислотой. Кокосовое масло глубоко питает и смягчает кожу, предотвращая появление шелушений и микротрещин. Молочная кислота восстанавливает эластичность и поддерживает тонус кожи. Увлажняющий уход за руками, ногами и пяточками. Крем для тела смягчает кожу, придает здоровый и ухоженный вид.  Парфюмерный крем обеспечивает коже максимальное увлажнение. Крем глубоко проникает в кожу, устраняя сухость, предотвращая появление раздражения и покраснений. Косметическое средство подходит для женщин всех возрастов.  Крем для тела ароматный обладает противовоспалительными и успокаивающими свойствами. Выравнивает тон кожи и придает ей сияние и упругость.  Вдохновляясь натуральной корейской уходовой косметикой, мы создали инновационную формулу. Крем для тела ароматизированный подходит для использования после душа, ванны или бани, обеспечивая здоровье и красоту кожи.;Необходимое количество крема нанести на кожу тела и рук, массажными движениями распределить до полного впитывания.
19000399467;HI,DEAR Basil&vetiver;подарочные наборы;Россия;4100;3690;https://goldapple.ru/19000399467-basil-vetiver;;Тонизирующий и мягкий аромат Basil&Vetiver. Он дарит вдохновение, легкость и энергию. Представь бодрящий, чуть терпкий лимонад из свежего базилика и фруктов. Запахи инжира, питахайи, трав, теплой земли сплетаются, создавая ощущение комфорта и неги. Почувствуй беззаботность и чистую радость летнего утра.  Набор для душа hi,dear — полноценный уход, превращающий каждый уход в момент заботы. Гель для душа и лосьон для тела работают в комплексе, обеспечивая увлажнение, питание и защиту для кожи. Полноценный уход: гель мягко очищает и увлажняет, а лосьон питает и укрепляет барьер кожи. Натуральные компоненты: алоэ вера и глицерин сохраняют влагу, масло оливы и подсолнечника питают и восстанавливают. Эффективность и защита: экстракты льна и гибискуса успокаивают и поддерживают баланс кожи. Лёгкость и комфорт: текстуры быстро впитываются, не оставляя жирных следов, создавая ощущение бархатистой, шелковистой кожи. Упаковано в элегантную косметичку — идеальный выбор для ежедневного ухода или подарка.;Нанести гель для душа на влажную кожу, вспенивая и смывая водой. После душа нанести лосьон для тела на очищенную кожу, равномерно распределяя и массируя до полного впитывания.
19000468107;ACQUA DI PARMA COLONIA;подарочные наборы;Италия;12480;12480;https://goldapple.ru/19000468107-colonia;;Праздничный набор для рук и тела Colonia, представленный в коробке, украшенной смелой графической интерпретацией традиционного мастерства от Кристины Челестино. В набор входит:  Средство для мытья рук Colonia Hand Wash 300 мл. Крем для рук Colonia Hand Cream 300 мл.  Верхние ноты: лимон, сладкий апельсин, калабрийский бергамот. Ноты сердца: лаванда, болгарская роза, вербена, розмарин. Базовые ноты: ветивер, сандаловое дерево, пачули.;Жидкое мыло: нанесите средство на влажную кожу, вспеньте, а затем смойте тёплой водой. Крем для рук и тела: нанесите на чистую, сухую кожу рук и тела.
19000445884;VERSACE VERSENSE;подарочные наборы;Италия;10600;7950;https://goldapple.ru/19000445884-versense;;В состав набора входят: Туалетная вода Versace Versense женская — 30 мл. Парфюмированный лосьон для тела Versace Versense — 50 мл. Парфюмированный лосьон для тела Versace Versense питает и смягчает кожу, придавая ей мягкость и тонкий аромат.;"Парфюмированный лосьон для тела VERSACE ""VERSENSE"": Наносить утром и/или вечером круговыми движениями на очищенную кожу всего тела."
19000059315;ORENS PARFUMS Serr d'Eden;подарочные наборы;;32760;22932;https://goldapple.ru/19000059315-serr-d-eden;;Этот таинственный амбровый аромат открывается свежими и пряными нотами. В сердце аромата гармонично сплетаются ноты кедра и ветивера с нежными цветочными оттенками. Амбра и бальзамический аккорд источают тепло, подчеркивающее чувственное звучание сандаловой древесины. Объем 2*50 мл.;Нанести на пульсирующие точки
99000068280;CLOVER Лаванда;подарочные наборы;;2124;1361;https://goldapple.ru/99000068280-lavanda;;Нежное мыло с экстрактами плодов шиповника и лаванды образует мягкую пену, нежно и мягко очищает, освежает и увлажняет кожу лица, рук и тела. В составе 100% натуральная растительная мыльная основа. Мыло экономично в использовании. Подходит для ежедневного применения. Для создания густой пены рекомендуется использовать специальную косметическую сеточку для лица или мочалку для тела. Обладает расслабляющим ароматом розы, лаванды. В наборе мыло 2 шт. по 77 г.;Используйте мыло в ванне или душе.
19000459794;ACQUA DI PARMA BUONGIORNO;подарочные наборы;Италия;17860;17860;https://goldapple.ru/19000459794-buongiorno;;Праздничный подарочный набор Buongiorno представлен в коробке с ярким графическим переосмыслением традиционного ремесла Кристины Селестино, привносящим в праздничный сезон энергию нового начала. Подарочный набор из трёх предметов включает парфюмерную воду Buongiorno (50 мл), гель для рук и тела Buongiorno (75 мл) и лосьон для рук и тела Buongiorno (75 мл).  Он представлен в праздничной коробке, украшенной сезонным мотивом Acqua di Parma — смелым графическим узором, вдохновлённым традиционным ремеслом, эффектом молотого золота и тональной тиснённой этикеткой. Фирменная корона Кристины Селестино украшает верхнюю часть кофрета, подчёркивая уникальный дизайн этого коллекционного набора. Buongiorno Eau de Parfum вдохновлён весенними холмами Тосканы. Buongiorno выражает жизненную силу нового начала с помощью светящейся кодистилляции базилика и петитгрена — празднования итальянской радости, найденной в повседневной красоте.;Воспользуйтесь жидким мылом, нанеся его на руки с теплой водой, и смойте водой.   Нанесите на руки и тело лосьон, равномерно распределяя его по коже.   Распылите парфюмерную воду на тело и одежду.
19000059318;ORENS PARFUMS Callis Subtile;подарочные наборы;;32760;22932;https://goldapple.ru/19000059318-callis-subtile;;Особенность этого аромата в его соблазнительной амброво-мускусной силе. Воздушные оттенки цветов окутывают амбровое сердце аромата манящей вуалью. База очень мягкая и теплая, чувственные мускусные ноты сплетаются с роскошными аккордами мха.  Набор парфюмерной воды Callis Subtile 2*50мл.;Нанести на пульсирующие точки
19000399466;HI,DEAR Essense collection;подарочные наборы;Россия;3600;3240;https://goldapple.ru/19000399466-essense-collection;;Basil & Vetiver:  свежий зелёный аромат с нотами базилика и землистого ветивера. Лёгкий и бодрящий, как утренний сад. Ylang-Ylang & Patchouli: Экзотический цветочный аромат с тёплыми древесными нотами пачули и мускуса. Яркий и чувственный. Saffron & Tonka Beans: Тёплый, пряный аромат шафрана с бархатными нотами бобов тонка и амбры. Роскошный и обволакивающий. Black Tea & Loomi: Терпкий, бодрящий аромат чёрного чая с нотками сушёного лайма. Свежий и насыщенный, с цитрусовым акцентом.  Набор кремов для рук essence collection — утончённый уход в элегантной форме. Формулы кремов обеспечивают глубокое увлажнение, питание и восстановление, оставляя изысканный аромат.  Интенсивное увлажнение: гиалуроновая кислота и глицерин сохраняют влагу, даря коже свежесть и комфорт. Питание и восстановление: масло ши и витамин Е возвращают коже мягкость и здоровое сияние. Успокаивающий уход: алоэ вера и экстракт мелиссы снимают раздражения и поддерживают естественный баланс. Лёгкость и комфорт: текстура крема быстро впитывается, не оставляя жирного блеска. Кремы удобно упакованы в косметичку из натурального льна и хлопка с прочным замком и крючком для подвешивания.  Практичный и стильный аксессуар, который станет незаменимым спутником твоего ухода.;Нанести крем на очищенные руки, массируя до полного впитывания. Использовать по мере необходимости для увлажнения и питания кожи.
19000470746;PLANETA ORGANICA Santorini Bliss;подарочные наборы;Россия;687;618;https://goldapple.ru/19000470746-santorini-bliss;;Santorini Bliss — ваше утро в Эгейском раю.  Парфюмированный гель для душа и молочко для тела окутают кожу нежным ароматом цветков апельсина и инжира, словно морской бриз на белоснежных улицах Санторини.  Чистота, мягкость и ощущение безмятежного отдыха — каждый день.  Экстракт цветков апельсина деликатный и женственный, он не только придает коже тонкий аромат цветущего сада, но и смягчает, увлажняет и возвращает ощущение комфорта. Настоящее прикосновение солнечного юга.  Масло оливы — ценный средиземноморский ингредиент, известный своим питательным и защитным действием. Наполняет кожу упругостью, делая ее шелковистой и напитанной.  Экстракт инжира — символ сладкой неги. Обогащает кожу витаминами, глубоко увлажняет и придает ей бархатистость. Помогает сохранить ощущение мягкости и гладкости.;"Молочко для тела для тела ""Santorini bliss"":  Нанесите небольшое количество молочка массирующими движениями на чистую кожу тела.  Гель для душа ""Santorini bliss"":  Нанесите на влажную кожу, вспеньте и смойте водой."
19000059313;ORENS PARFUMS Moire de Kalha;подарочные наборы;;32760;22932;https://goldapple.ru/19000059313-moire-de-kalha;;Воплощение притягательной и чувственной ориентальной розы. Дикую, страстную сторону этого вечного цветка раскрывает пылкий уд и кедр. Объем: 2* 50 мл;Нанести на пульсирующие точки
19000399478;HI,DEAR Ylang-ylang & patchouli;подарочные наборы;Россия;2500;2250;https://goldapple.ru/19000399478-ylang-ylang-patchouli;;Чарующий и гипнотический аромат Ylang-Ylang & Patchouli. Он вскружит голову, перенесет под покров тропического леса, окутает влажным теплым воздухом с нотами цветов, меда и пряностей. Экзотический пачули расслабляет, глубокий и богатый запах иланг-иланга пробуждает аппетит к жизни. Это приключение, в финале которого ты найдешь себя.  Набор для ухода за руками hi,dear превращает каждый момент в нежность и заботу. Крем для рук и мыло работают в гармонии, обеспечивая увлажнение, питание и защиту кожи. Натуральные компоненты: глицерин и масла оливы и подсолнечника увлажняют и восстанавливают, даря коже здоровый вид. Эффективность и защита: экстракты ромашки и гибискуса успокаивают и поддерживают баланс кожи. Лёгкость и комфорт: текстуры быстро впитываются, не оставляя жирных следов, создавая ощущение бархатистости и шелковистости. Изысканный аромат: средства наполняют уход утонченным ароматом, который остаётся с тобой надолго. Упаковано в стильную косметичку — идеальный выбор для ежедневного ухода или в подарок.;Нанести мыло на влажные руки, вспенить и смыть водой. После этого нанести крем для рук на чистую, сухую кожу, равномерно распределяя и массируя до полного впитывания.
