article;name;product_type;country;price_actual;price_loyalty;url;popularity_coefficient;description;application
83700700005;DR. VRANJES FIRENZE Rosso Nobile;набор ароматов для дома;;12000;12000;https://goldapple.ru/83700700005-rosso-nobile;38.4;Восхитительный дуэт для роскошного аромадекора станет отличным подарком для себя и самых любимых! Истинная магия Тосканы, запечатленная в неповторимой ольфакторной композиции.  Позвольте себе насладиться ароматом знаменитого красного вина с холмов Кьянти с едва ощутимыми аккордами цветов апельсина, клубники, лесных ягод, переплетающимися с чуть шершавыми, дымными и теплыми нотами дуба и березовой древесины, которые отсылают к прославленным на весь мир винам в драгоценных дубовых бочках.  Главный бестселлер Dr. Vranjes Firenze с насыщенным, ярким и утонченным ароматом, созвучным благородному красному вину, одному из ключевых символов Италии.  Совершенное сочетание нот и безупречное элегантное оформление превращает Rosso Nobile в символ непревзойденного стиля и благополучия. Рефил с ароматом позволит продлить удовольствие, сохранив атмосферу надолго.;"Поместите во флакон все палочки, таким образом аромат не будет испаряться через открытое горлышко флакона. Для того, чтобы отрегулировать интенсивность аромата, переворачивайте необходимое количество палочек ежедневно (1-2 для деликатного, еле заметного звучания; все палочки – для более яркого). Для оптимального распространения аромата диффузор следует разместить в центре комнаты, чтобы воздух циркулировал при прохождении людей. В больших помещениях рекомендуется разместить два диффузора на противоположных концах комнаты.  Выбирайте объем флакона в зависимости от помещения. Необходимо поддерживать уровень жидкости в диффузоре выше середины флакона, это позволит сохранить аутентичное звучание аромата.  Для этого используйте рефил, регулярно добавляя необходимый объем ароматической жидкости в стеклянный флакон диффузора."
19000236082;NICE BY SEPTIVIT Formula 01 + Formula 02 + Formula 03;набор ароматов для дома;Россия;896;806;https://goldapple.ru/19000236082-formula-01-formula-02-formula-03;27.26;NICE by Septivit - эксперт в сфере эко продуктов для ухода за собой и домашнего уюта. Вся продукция компании разработана в собственной лаборатории SEPTIVIT: полностью безопасна для здоровья и экологии, а также не тестируется на животных. Набор состоит из трех флаконов по 300мл с различными ароматами для дома – розовое дерево, пряный шалфей и дамасская роза. Парфюм для дома - это универсальный освежитель воздуха, призванный создать уютную благоухающую атмосферу у вас дома. Гипоаллергенный акваспрей-освежитель на водной основе безопасен для природы и человека. Водный поглотитель запаха не только приносит освежающий аромат, но и нейтрализует стойкие неприятные запахи от домашних животных, приготовления пищи, туалета, табачных изделий ( антитабак ) и других источников. Освежитель используют как для жилых комнат, туалета и ванны, так и для машины, шкафа для одежды и белья, гаража и других помещений. Удобный спрей дозатор помогает равномерно распылять средство. Поддерживайте экологию и получайте удовольствие от уютной атмосферы у себя дома вместе с ароматизатором от NICE BY SEPTIVIT. Нажмите на логотип продавца SEPTIVIT Premium, чтобы ознакомиться с широким ассортиментом экологически чистой продукцией бренда. Состав набора: аромат для дома 3*300мл.;Хорошо встряхните флакон. Держа его вертикально, распылите в нужном количестве по помещению. При необходимости повторите.
19000234788;BY KAORI Rose and Peach;набор ароматов для дома;Россия;2690;2690;https://goldapple.ru/19000234788-rose-and-peach;6.16;Цветочный аромат сочного персика и лепестков нежной розы. Аромат высокой насыщенности, благодаря которому в вашей комнате будет пахнуть спелыми персиками и сливами. Ноты розы и корицы придают аромату сладость и пряность. Аккорды чёрной смородины и кокоса раскрываются в помещении в душистый сладкий шлейф.  Вы полюбите ROSE AND PEACH, если давно мечтаете оказаться в согретой солнцем Италии и хотите ощутить в своём доме долгожданное жаркое лето. Аромат подойдёт как для просторной гостиной, так и для ванной комнаты.   ROSE AND PEACH также идеально впишется в светлые интерьеры с панорамными окнами.;Наполните стеклянный флакон арома жидкостью из пластикового рефила. Поставьте в стеклянный флакон с жидкостью палочки из микрофибры. Регулируйте насыщенность аромата с помощью количества палочек - чем больше палочек во флаконе, тем более интенсивным будет аромат.
19000234764;BY KAORI Dune;набор ароматов для дома;Россия;2690;2690;https://goldapple.ru/19000234764-dune;3.6;Дерзкий, пряный аромат жаркого солнца и острого перца. Аромат высокой насыщенности, который заполнит собой все ваше пространство. Цитрусовые ноты апельсина и грейпфрута окрашивают шлейф приятной сладостью. Громкие аккорды перца растворяются в яркий, дерзкий и огненный аромат. Вкрапления кедра и ветивера дополняют композицию согревающим, древесным звучанием.  DUNE идеально подойдёт для тех, кто скучает по палящему солнцу и бескрайним пустынным барханам. Этот аромат впустит в ваш дом солнце, тепло и долгожданное лето.;Наполните стеклянный флакон арома жидкостью из пластикового рефила наполовину. Поставьте в стеклянный флакон с жидкостью палочки из микрофибры. Регулируйте насыщенность аромата с помощью количества палочек - чем больше палочек во флаконе, тем более интенсивным будет аромат.
19000234803;BY KAORI Tobacco Vanilla;набор ароматов для дома;Россия;3890;3890;https://goldapple.ru/19000234803-tobacco-vanilla;3.0;Тёплый мягкий аромат табачных листьев и сладкой ванили. Аромат средней насыщенности. Ноты специй и листьев табака в помещении постепенно раскрываются в богатый, деликатный аромат ванили и какао. Шлейф проявляется в полупрозрачных нотах древесной коры и сухофруктов.  В закрытом пространстве TOBACCO VANILLA распространяется плавно, пик аромата наиболее выражен в первые минуты нахождения в помещении. Вам подойдёт TOBACCO VANILLA, если в аромате вы цените легкость, сладость и ненавязчивость, а также если вы хотите придать помещению солидность и роскошь. Аромат идеально подойдёт для прихожей и спальни, а также станет отличным дополнением для тёмного современного интерьера.;Наполните стеклянный флакон арома жидкостью из пластикового рефила. Поставьте в стеклянный флакон с жидкостью палочки из микрофибры. Регулируйте насыщенность аромата с помощью количества палочек - чем больше палочек во флаконе, тем более интенсивным будет аромат.
19000234746;BY KAORI Amber Lily;набор ароматов для дома;Россия;2690;2690;https://goldapple.ru/19000234746-amber-lily;2.58;Терпкий древесный аромат амбры, имбиря и водяной лилии. Ярчайший аромат с высоким душистым спектром, быстро наполняет собой окружающее пространство. Ноты чёрного кардамона и имбиря мгновенно задают тон всей композиции. Плавные аккорды жасмина и орхидеи смягчают аромат, постепенно растворяясь в насыщенный шлейф, приправленный нотками сандала и кожи. AMBER LILY - идеальный аромат для тех, кто обожает терпкие восточные композиции и мечтает наполнить своё помещение согревающим пряным ароматом. Выбирайте AMBER LILY, если хотите украсить натуральный интерьер просторной гостиной с элементами темного дерева, мрамора и растений.;Наполните стеклянный флакон арома жидкостью из пластикового рефила наполовину. Поставьте в стеклянный флакон с жидкостью палочки из микрофибры. Регулируйте насыщенность аромата с помощью количества палочек - чем больше палочек во флаконе, тем более интенсивным будет аромат.
19000234778;BY KAORI Green Mango;набор ароматов для дома;Россия;2690;2690;https://goldapple.ru/19000234778-green-mango;2.0;Сочный фруктовый аромат свежего манго и хрустящего ананаса. Аромат с высокой концентрацией душистых веществ, который заполняет собой все пространство. Ноты зелёного манго и дыни раскрываются в помещении в яркий, свежий аромат нарезанных фруктов. Аккорды ананаса и персика усиливают сладость аромата, а финальные штрихи хвои перерастают в насыщенный, растительный шлейф.  GREEN MANGO - верное решение для тех, кто любит фруктовые, но не приторные ароматы, а также - для истинных ценителей манго.   Аромат идеально подойдёт для прихожей, светлой гостиной, а также для небольшого салона красоты.;Наполните стеклянный флакон арома жидкостью из пластикового рефила. Поставьте в стеклянный флакон с жидкостью палочки из микрофибры. Регулируйте насыщенность аромата с помощью количества палочек - чем больше палочек во флаконе, тем более интенсивным будет аромат.
19000237928;CASA LEGGERA Pino;набор ароматов для дома;Россия;7800;6240;https://goldapple.ru/19000237928-pino;2.0;Новогодний набор Casa Leggera — это изысканный подарок для любителей уникальных ароматов. В него входят два продукта, которые помогут создать неповторимую атмосферу в доме: Диффузор Pino —  стильный и элегантный аксессуар для дома, в котором друг друга находят теплое и праздничное сочетание апельсинов, клюквы и корицы. Диффузор 200 мл прослужит от пяти до шести месяцев. В набор также входят пять ротанговых палочек черного цвета. Свеча Pino станет отличным спутником в создании уюта и праздничной атмосферы. Ароматы мускатного ореха, красного винограда, ванили и гвоздики идеально подходит для холодных зимних вечеров. Время горения свечи объёмом 300 мл от 50 до 60 часов.;"Для Диффузора: Переворачивайте палочки каждые две недели, чтобы обеспечить более длительный срок действия и стойкости аромата.  Установите аромадиффузор на ровной поверхности в подходящем месте, чтобы случайно его не уронить. Изделие можно поставить в кабинете, спальне, прихожей, ванной или гардеробной комнате.  Обратите внимание, что повышенная влажность помещения ускоряет время испарения жидкости диффузора. Использование диффузора можно начать с трёх-четырёх палочек. По желанию количество палочек можно увеличить или уменьшить. Для Свечи:  Подрезать фитиль при каждом использовании, так свеча не будет ""коптить"". Оптимальная высота фитиля 5 миллиметров. Тушить свечу крышкой. Не оставлять свечу без присмотра. Держать подальше от солнечных лучей."
19000234768;BY KAORI Etna;набор ароматов для дома;Россия;2690;2690;https://goldapple.ru/19000234768-etna;1.98;Аромат, который будет обволакивать все пространство вокруг. Ноты кожи и чёрного перца сразу громко заявляют о себе, а в сочетании с аккордами гвоздики, шалфея и мёда сливаются в терпкую самодостаточную композицию. Аромат оставляет насыщенный амбровый шлейф, дополненный нотками табака и пачули.  Вам идеально подойдёт ETNA, если от аромата вы ожидаете пряности, жгучести и огненного взрыва ярких восточных нот.  ETNA прекрасно впишется в тёмный интерьер просторной гостиной, холла, а также выгодно подчеркнёт элементы из дерева и грубого камня.;Наполните стеклянный флакон арома жидкостью из пластикового рефила. Поставьте в стеклянный флакон с жидкостью палочки из микрофибры. Регулируйте насыщенность аромата с помощью количества палочек - чем больше палочек во флаконе, тем более интенсивным будет аромат.
19000234748;BY KAORI Bamboo;набор ароматов для дома;Россия;2690;2690;https://goldapple.ru/19000234748-bamboo;1.6;Зеленый свежий аромат весенних цветов и стебля бамбука. Аромат со средней насыщенностью душистых веществ, мягко наполняет собой пространство. Ноты бергамота и бамбука растворяются в мягкую растительную дымку. Ведущие аккорды лилии и иланг-иланга насыщают пространство цветочным ароматом. Финальный штрих - нота ванили - окрашивает помещение сладостью. BAMBOO точно пополнит вашу коллекцию ароматов, если вы - фанат растительной свежести и нежного аромата цветов.BAMBOO идеален для светлых интерьеров, небольшой спальни и ванной комнаты.;Наполните стеклянный флакон арома жидкостью из пластикового рефила наполовину. Поставьте в стеклянный флакон с жидкостью палочки из микрофибры. Регулируйте насыщенность аромата с помощью количества палочек - чем больше палочек во флаконе, тем более интенсивным будет аромат.
99000107228;BY KAORI L.A.;набор ароматов для дома;Россия;4890;4890;https://goldapple.ru/99000107228-l-a;1.6;Ночной город, подсвеченный тысячами огней, — место шумных вечеринок, пряных коктейлей и долгожданных встреч с друзьями. Вы окружены обволакивающим ароматом дорогих выдержанных напитков, густой ванили и воздушных сладких десертов. Томные древесные аккорды дубовой мебели переплетаются с этим шлейфом, рождая симфонию того самого места, где исполняются все мечты, — «Города ангелов». Аромат L.A. — это шумная, взрывная вечеринка, перетекающая в теплую звездную ночь и танцы под открытым небом. L.A. — лучшая композиция для спальни и гостиной, оформленных в пастельных тонах. В наборе: стеклянная колба (250 мл), 5 фибровых палочек и 2 флакона ароматической жидкости L.A. (по 100 мл), 4 миниатюрных пробника (по 1,5 мл) с ароматами By Kaori.;Наполните стеклянный флакон ароматической жидкостью из пластикового рефила. Поставьте в стеклянный флакон с жидкостью палочки из микрофибры.   Регулируйте насыщенность аромата с помощью количества палочек: чем больше палочек во флаконе, тем более интенсивным будет аромат.
19000234792;BY KAORI Salted Caramel;набор ароматов для дома;Россия;2690;2690;https://goldapple.ru/19000234792-salted-caramel;1.6;Яркая композиция с высокой насыщенностью. Ноты пшеницы и ванили наполняют звучание аромата сладостью и аппетитным, вкусным шлейфом. Ноты карамели и соли сливаются в густой, обволакивающий, пикантный аромат, знакомый каждому с детства - солёная карамель. Звучные нотки выпечки придают композиции ещё больший вкус и наполняют ваше пространство теплом и уютом.  Если вы мечтаете вновь окунуться в детство и ощутить незабываемую атмосферу чуда и праздника, то SALTED CARAMEL точно для вас!  Аромат станет идеальным дополнением для уютной гостиной, детской или комнаты с камином.;Наполните стеклянный флакон арома жидкостью из пластикового рефила наполовину. Поставьте в стеклянный флакон с жидкостью палочки из микрофибры. Регулируйте насыщенность аромата с помощью количества палочек - чем больше палочек во флаконе, тем более интенсивным будет аромат.
19000234745;BY KAORI Altai;набор ароматов для дома;Россия;3890;3890;https://goldapple.ru/19000234745-altai;1.2;Насыщенный аромат с высокой концентрацией душистых веществ. Ярчайшие ноты сосны и древесной смолы быстро наполняют помещение ярчайшим ароматом коры дерева и хвои. Аккорд корицы добавляет шлейфу пряность, а мягкие нотки мяты и бергамота - свежесть и легкую прохладу. Вы точно влюбитесь в ALTAI, если мечтаете ощущать в помещении запах горящих в камине поленьев и хвойного леса.ALTAI - идеальное решение для загородного дома и деревянных интерьеров, а также для просторной гостиной в темных тонах.;Наполните стеклянный флакон арома жидкостью из пластикового рефила. Поставьте в стеклянный флакон с жидкостью палочки из микрофибры. Регулируйте насыщенность аромата с помощью количества палочек - чем больше палочек во флаконе, тем более интенсивным будет аромат.
19000234779;BY KAORI Green Mango;набор ароматов для дома;Россия;3890;3890;https://goldapple.ru/19000234779-green-mango;1.0;Сочный фруктовый аромат свежего манго и хрустящего ананаса. Аромат с высокой концентрацией душистых веществ, который заполняет собой все пространство. Ноты зелёного манго и дыни раскрываются в помещении в яркий, свежий аромат нарезанных фруктов. Аккорды ананаса и персика усиливают сладость аромата, а финальные штрихи хвои перерастают в насыщенный, растительный шлейф.   GREEN MANGO - верное решение для тех, кто любит фруктовые, но не приторные ароматы, а также - для истинных ценителей манго.   Аромат идеально подойдёт для прихожей, светлой гостиной, а также для небольшого салона красоты.;Наполните стеклянный флакон арома жидкостью из пластикового рефила. Поставьте в стеклянный флакон с жидкостью палочки из микрофибры. Регулируйте насыщенность аромата с помощью количества палочек - чем больше палочек во флаконе, тем более интенсивным будет аромат.
99000025416;BOCA AROMA HOME;набор ароматов для дома;;6500;6500;https://goldapple.ru/99000025416-home;1.0;Парфюмированный интерьерный спрей для ароматизации постельного белья, полотенец и прочего текстиля вашего дома. Аромат One & Only — томный, тягучий и обволакивающий, с мягкими древесными нотами. Это аромат дорогого парфюма, богатый, постепенно раскрывающийся, сладкий и одновременно терпкий. Благодаря экологичному составу наши спреи на водной основе не только безвредны, но и многофункциональны — их можно использовать на текстиле, мебели, одежде, в автомобиле. Не содержат спирт и фталаты. Свеча ароматическая в стеклянном подсвечнике с крышкой Sunny island: натуральный растительный воск с добавлением масла ши, хлопковый фитиль, шелковая кисточка. Sunny island: средоточие удовольствий! Во вкусе этого солнечного аромата собрано все: флирт, любовь, игра, тепло, радость и, главное, ощущение бесконечного счастья. Ноты: зеленый манго, ревень, персик, ананас, ваниль, карамель. Свеча ароматическая в стеклянном подсвечнике с крышкой Anytime Fresh: особая форма граненого стекла шкатулки при горении дает красивое преломление света, игру с тенями, что создает в пространстве невероятную атмосферу. Аромат Anytime Fresh — нежный, расслабляющий, отличающийся своей сдержанностью и изяществом. Свежий аккорд зеленого чая в обрамлении ярких нот бергамота и теплых, мягких оттенков белого мускуса. Ароматический диффузор для дома Sweet memories с шелковой кисточкой и палочками из фибры подарит вашему дому аромат с мягким, уютным звучанием и особое настроение для приятных воспоминаний. Гурманский аромат Sweet memories. Верхние ноты - кокос, пралине. Средние ноты - бисквит, молоко. Базовые ноты - ваниль.  Состав набора: Интерьерный спрей 100 мл One and only,  Свеча 80 мл Sunny island,  Свеча 80 мл Anytime fresh,  Диффузор 130 мл Sweet memories, Фибровые палочки - 7 шт.;Парфюмированный интерьерный спрей: нанесите на текстиль на расстоянии 30-40 см 2-3 нажатиями на распылитель. Беречь от детей. Аромасвеча в шкатулке: зажигайте свечу только на ровной огнеупорной поверхности. При первом зажжении полностью растопите верхний слой, чтобы бассейн прогорал равномерно в течение всего срока использования свечи. Не жгите свечу дольше 3 часов за 1 раз. Подрезайте фитиль перед каждым использованием на пару миллиметров - так свеча будет лучше гореть и отдавать аромат, а тлеющие частички не будут падать в растопленный воск. Не задувайте свечу. Накройте крышкой подсвечник на несколько секунд и он потухнет самостоятельно. Затем выпустите дым и дайте свече остыть. Ароматический диффузор для дома: установите диффузор на ровной поверхности недоступной для детей и животных. Открутите крышу рефила и перелейте жидкость в стеклянный флакон. Вставьте палочки, начните с 3х штук. Через пару часов переверните палочки. Для поддержания интенсивности аромата переворачивайте палочки 1 раз в 3 дня. Вы сами можете контролировать интенсивность аромата с помощью палочек. Если вы хотите усилить аромат, добавьте во флакон большее количество палочек. При необходимости снизить интенсивность аромата - достаньте несколько палочек из флакона. Аромат раскрывается в течение 24 — 48 часов. Очень важно выбрать правильно место для диффузора. Диффузор должен быть размещен в месте свободной циркуляции воздуха – например, в коридоре или рядом с дверью. Не ставьте аромадиффузор в углу комнаты, иначе он потеряет половину своего потенциала. Выберите место в центре помещения на высоте 0,7-1,2 метра, чтобы ароматическое облако могло свободно циркулировать по нему.
99000028704;VENEW mix #1;набор ароматов для дома;;1750;1575;https://goldapple.ru/99000028704-mix-1;1.0;набор диффузоров по 100 мл в янтарном флаконе, 3 штуки.  Зеленый чай с лимоном и мятой + миндаль и цветы вишни + манго/грейпфрут.  Парфюмерия для дома - это, прежде всего, красивый декор с ароматическим шлейфом. диффузор с палочками придает помещению современный утонченный стиль.  Интерьерный парфюм venew обеспечит постоянную ароматизацию вашего пространства.  Это простое, но долговременное решение распространит аккорды по комнате, ненавязчиво оставляя фоновый букет. Поставьте духи туда, где есть хорошая циркуляция воздуха и наслаждайтесь качеством премиального аксессуара.  Аромадиффузор сделан на основе натуральных эфирных масел.  В составе ингредиенты без добавления спирта. это идеальный подарок родным, друзьям или коллегам.  Элегантный дизайн, эстетичный стеклянный флакон и стильные фибровые палочки черного цвета станут роскошным дополнением любого места.  Наши коллекции ароматов - это эмоции, имеющие запах. отдохните от ежедневного стресса, порадуйте себя и близких, подарите гармонию, которую мы создаем для вас с любовью!;Удалите пластиковую заглушку, поместите палочки во флакон, переверните через пару минут.  Палочки пропитываются ароматом и отдают его в окружающее пространство.  Интенсивность аромата зависит от выбранного наименования, количества палочек, температуры и циркуляции воздуха в помещении. не ставьте флакон в угол, в маленькое закрытое помещение, слишком высоко.  Идеально - в центре комнаты на уровне пояса. рекомендуется переворачивать палочки каждые 5-7 дней (если насыщенности недостаточно, следует переворачивать их как можно чаще и/или добавить еще несколько штук). Аромат раскрывается в течение 12-48 часов.
19000234773;BY KAORI Garden Mint;набор ароматов для дома;Россия;3890;3890;https://goldapple.ru/19000234773-garden-mint;1.0;Холодный свежий аромат перечной мяты и сочного лимона. Аромат со средней концентрацией ароматических веществ, мягко и неторопливо раскрывается в помещении. Нота спелого лимона в сочетании с ароматом листьев садовой перечной мяты растворяется в прохладный, ментоловый, слегка сладковатый шлейф вкуснейшего, охлаждающего лимонада.  GARDEN MINT точно полюбится тем, кто мечтает впустить в помещение прохладу и свежесть перечной мяты.  Аромат идеален для небольшой спальни, светлых и темных интерьеров с элементами растительности, гардеробных и салонов красоты.;Наполните стеклянный флакон арома жидкостью из пластикового рефила. Поставьте в стеклянный флакон с жидкостью палочки из микрофибры. Регулируйте насыщенность аромата с помощью количества палочек - чем больше палочек во флаконе, тем более интенсивным будет аромат.
19000234793;BY KAORI Salted Caramel;набор ароматов для дома;Россия;3890;3890;https://goldapple.ru/19000234793-salted-caramel;1.0;Яркая композиция с высокой насыщенностью. Ноты пшеницы и ванили наполняют звучание аромата сладостью и аппетитным, вкусным шлейфом. Ноты карамели и соли сливаются в густой, обволакивающий, пикантный аромат, знакомый каждому с детства - солёная карамель. Звучные нотки выпечки придают композиции ещё больший вкус и наполняют ваше пространство теплом и уютом.   Если вы мечтаете вновь окунуться в детство и ощутить незабываемую атмосферу чуда и праздника, то SALTED CARAMEL точно для вас!  Аромат станет идеальным дополнением для уютной гостиной, детской или комнаты с камином.;Наполните стеклянный флакон арома жидкостью из пластикового рефила. Поставьте в стеклянный флакон с жидкостью палочки из микрофибры. Регулируйте насыщенность аромата с помощью количества палочек - чем больше палочек во флаконе, тем более интенсивным будет аромат.
99000028705;VENEW mix #1;набор ароматов для дома;;999;949;https://goldapple.ru/99000028705-mix-1;1.0;Набор диффузоров по 50 мл в янтарном флаконе, 3 штуки.  Зеленый чай с лимоном и мятой + миндаль и цветы вишни + хлопок.  Парфюмерия для дома - это, прежде всего, красивый декор с ароматическим шлейфом. диффузор с палочками придает помещению современный утонченный стиль.  Интерьерный парфюм venew обеспечит постоянную ароматизацию вашего пространства.  Это простое, но долговременное решение распространит аккорды по комнате, ненавязчиво оставляя фоновый букет. Поставьте духи туда, где есть хорошая циркуляция воздуха и наслаждайтесь качеством премиального аксессуара.  Аромадиффузор сделан на основе натуральных эфирных масел.  В составе ингредиенты без добавления спирта. это идеальный подарок родным, друзьям или коллегам.  Элегантный дизайн, эстетичный стеклянный флакон и стильные фибровые палочки черного цвета станут роскошным дополнением любого места.  Наши коллекции ароматов - это эмоции, имеющие запах. отдохните от ежедневного стресса, порадуйте себя и близких, подарите гармонию, которую мы создаем для вас с любовью!;Удалите пластиковую заглушку, поместите палочки во флакон, переверните через пару минут.  Палочки пропитываются ароматом и отдают его в окружающее пространство.  Интенсивность аромата зависит от выбранного наименования, количества палочек, температуры и циркуляции воздуха в помещении. не ставьте флакон в угол, в маленькое закрытое помещение, слишком высоко.  Идеально - в центре комнаты на уровне пояса. рекомендуется переворачивать палочки каждые 5-7 дней (если насыщенности недостаточно, следует переворачивать их как можно чаще и/или добавить еще несколько штук). Аромат раскрывается в течение 12-48 часов.
19000234804;BY KAORI Wildlife;набор ароматов для дома;Россия;2690;2690;https://goldapple.ru/19000234804-wildlife;1.0;Бархатный травяной аромат ранней осени и темной листвы. Высоко насыщенный аромат. Ноты лаванды и шалфея в закрытом пространстве раскрываются пряным ароматом и подчеркивают сладость ванили и миндаля. Благодаря такому сочетанию нот, в помещении проявляется согревающий терпкий аромат.  Вам следует выбрать WILDLIFE, если вы - поклонник осеннего леса, ночных разговоров возле костра и долгих вечеров у камина, а также если вы хотите получить от аромата тёплый, душистый шлейф и пикантность.  WILDLIFE подойдёт для просторных гостиных и обеденных комнат современной квартиры, а также идеально впишется в тёмный, древесный, охотничий интерьер загородного дома.;Наполните стеклянный флакон арома жидкостью из пластикового рефила наполовину. Поставьте в стеклянный флакон с жидкостью палочки из микрофибры. Регулируйте насыщенность аромата с помощью количества палочек - чем больше палочек во флаконе, тем более интенсивным будет аромат.
19000280255;VENEW Ассорти 16;набор ароматов для дома;Россия;999;899;https://goldapple.ru/19000280255-assorti-16;0.6;Ароматический диффузор для дома 50 мл, набор из 3-х штук. Апельсин / Чёрный перец + Дыня / Мята + Спелый виноград + 15 фировых палочек чёрного цвета. Это идеальный микс для создания уютной атмосферы в вашем доме или офисе. Дерзкое и пикантное сочетание апельсина с черным перцем равнодушным точно не оставит и привнесет в ваше пространтсво томное пряное настроение. Аромат мятной дыни добавит яркие нотки сочности и прохлады. А спелый виноград привнесет акцент изысканного красного вина в атмосферу, создавая ауру элегантности, роскоши и утонченности. Парфюмерия для дома - это красивый декор с ароматическим шлейфом. Диффузор с палочками придает помещению современный утонченный стиль. Интерьерный парфюм VENEW обеспечит постоянную ароматизацию вашего пространства. Это простое, но долговременное решение распространит аккорды по комнате, ненавязчиво оставляя фоновый букет. Поставьте духи туда, где есть хорошая циркуляция воздуха и наслаждайтесь качеством премиального аксессуара. Аромадиффузор сделан на основе натуральных эфирных масел. В составе ингредиенты без добавления спирта. Это идеальный подарок родным, друзьям или коллегам. Элегантный дизайн, эстетичный стеклянный флакон и стильные фибровые палочки станут роскошным дополнением любого места. Наши коллекции ароматов - это эмоции, имеющие запах. Отдохните от ежедневного стресса, порадуйте себя и близких, подарите гармонию, которую мы создаем для Вас с любовью!;Удалите пластиковую заглушку. Поместите палочки во флакон, переверните через пару минут. Палочки пропитываются ароматом и отдают его в окружающее пространство. Интенсивность аромата зависит от выбранного наименования, количества палочек, температуры и циркуляции воздуха в помещении. Не ставьте флакон в угол, в маленькое закрытое помещение, слишком высоко. Идеально - в центре комнаты на уровне пояса. Рекомендуется переворачивать палочки каждые 5-7 дней (если насыщенности недостаточно, следует переворачивать их как можно чаще и/или добавить еще несколько штук). Аромат раскрывается в течение 12-48 часов.
19000234791;BY KAORI Rosso;набор ароматов для дома;Россия;3890;3890;https://goldapple.ru/19000234791-rosso;0.6;Пышный аромат спелого красного винограда и сочных ягод. Аромат с высокой концентрацией душистых ароматических веществ, наполняет собой все помещение. Первичная нота раскрывается в растительный аромат малины и коры березы. Ведущий аккорд сочного красного винограда наполняет комнату терпким ароматом сухого вина. Нотка магнолии окрашивает шлейф мягкими оттенками цветов.  ROSSO - для любителей терпких, насыщенных ароматов вин и спелых ягод. Подойдёт вам, если вы хотите наполнить помещение ярким, интенсивным и душистым ароматом винограда.  Терпкий ROSSO идеален для просторной гостиной, темных натуральных интерьеров с деревянными элементами. В состав входит: диффузор 250 мл., 2 запасных блока по 100 мл.;Наполните стеклянный флакон арома жидкостью из пластикового рефила. Поставьте в стеклянный флакон с жидкостью палочки из микрофибры. Регулируйте насыщенность аромата с помощью количества палочек - чем больше палочек во флаконе, тем более интенсивным будет аромат.
19000234753;BY KAORI Blanc;набор ароматов для дома;Россия;3890;3890;https://goldapple.ru/19000234753-blanc;0.2;Мягкий свежайший аромат белого хлопка и чистоты . Аромат со средней концентрацией душистых веществ. Легкие цветочные аккорды в сочетании с яркими альдегидами сливаются в тот самый, ни с чем не сравнимый аромат белой рубашки, свежего постельного белья и чистоты. В закрытом пространстве аромат распространяется мягко и плавно, наполняя помещение легкой прохладой и свежестью. Вы точно влюбитесь в BLANC, если вам нравятся ароматы чистоты, а также если вы хотите создать у себя дома атмосферу только что убранного номера в роскошном отеле.;Наполните стеклянный флакон арома жидкостью из пластикового рефила. Поставьте в стеклянный флакон с жидкостью палочки из микрофибры. Регулируйте насыщенность аромата с помощью количества палочек - чем больше палочек во флаконе, тем более интенсивным будет аромат.
19000234774;BY KAORI Ginger Bread;набор ароматов для дома;Россия;2690;2690;https://goldapple.ru/19000234774-ginger-bread;0.2;Тёплый аромат горячего хрустящего имбирного печенья. Аромат высокой насыщенности, ярко, но при этом нежно раскрывается в помещении. Начальные аккорды имбиря и корицы наполняют пространство пряным, душистым ароматом специй. Ведущие ноты гвоздики и ванили окутывают помещение сладковатым шлейфом, а финальные нотки пшеницы и сахара усиливают сладость аромата.  GINGERBREAD точно влюбит вас в себя, если вы мечтаете наполнить пространство вкусным ароматом свежеиспеченного имбирного пряника.  GINGERBREAD идеален для гостиной, уютной детской комнаты, а также отлично подойдет для кухни в светлых тонах.;Наполните стеклянный флакон арома жидкостью из пластикового рефила. Поставьте в стеклянный флакон с жидкостью палочки из микрофибры. Регулируйте насыщенность аромата с помощью количества палочек - чем больше палочек во флаконе, тем более интенсивным будет аромат.
99000107073;BY KAORI SOHO;набор ароматов для дома;Россия;4890;4890;https://goldapple.ru/99000107073-soho;;Район художников и артистов в Лондоне — центр притяжения модников и музыкантов. В воздухе витает аромат пряного, дерзкого шафрана — вы чувствуете дух свободы и легкости. Сочетание смолистых нот и терпкого, брутального аромата дубленой кожи и уда напоминает об истории этого места, популярного у артистов и лондонских денди. Аромат Soho — это мятежный дух свободы, творчества и красоты, обрамленный томным и крепким звучанием нестареющей брутальной классики. Soho идеально дополнит гостиную в темных тонах, а также комнаты, отделанные древесиной и камнем. В наборе: стеклянная колба (250 мл), 5 фибровых палочек и 2 флакона ароматической жидкости Soho (по 100 мл), 4 миниатюрных пробника (по 1,5 мл) с ароматами By Kaori.;Наполните стеклянный флакон ароматической жидкостью из пластикового рефила. Поставьте в стеклянный флакон с жидкостью палочки из микрофибры.   Регулируйте насыщенность аромата с помощью количества палочек: чем больше палочек во флаконе, тем более интенсивным будет аромат.
19000234806;BY KAORI Wood and Leather;набор ароматов для дома;Россия;2690;2690;https://goldapple.ru/19000234806-wood-and-leather;;Богатый аромат мягкой замши и темного грубого дерева. Аромат легкой насыщенности, мягко раскрывается в помещении. Ноты малины, шафрана и чабреца наполняют пространство пряностью и ягодным мотивом. Ведущие аккорды жасмина и олибанума создают дымный, терпкий, пудровый шлейф, дополненный нотками коры дерева и амбры.  WOOD AND LEATHER точно влюбит вас в себя, если вам нравятся мягкие, брутальные древесные ароматы. Он идеально впишется в интерьеры с элементами кожи и дерева, хорошо подойдёт для рабочего кабинета, а также для барбершопа.;Наполните стеклянный флакон арома жидкостью из пластикового рефила наполовину. Поставьте в стеклянный флакон с жидкостью палочки из микрофибры. Регулируйте насыщенность аромата с помощью количества палочек - чем больше палочек во флаконе, тем более интенсивным будет аромат.
19000321494;TEATRO FRAGRANZE UNICHE Verde Lorena Mini Sinfonia;набор ароматов для дома;Италия;8250;7425;https://goldapple.ru/19000321494-verde-lorena-mini-sinfonia;;Невероятно летняя композиция с заряжающими энергией нотами лайма и бергамота раскрывается деликатным звучанием чая матча и перечной мяты.  Сочные цитрусовые ноты в сочетании свежих аккордов, придают аромату элегантную бодрость и свежесть. Идеально подходит для дружеских сред, таких как столовая и гостиная.;"Окуните все палочки во флакон; для более интенсивного распространения аромата переворачивайте палочки несколько раз в день.  Регулировать аромат можно уменьшая или увеличивая число палочек. Палочки играют основную роль в интенсивности ароматизации, чем больше палочек, тем аромат насыщеннее. Для достижения лучших результатов, флакон не стоит никогда выставлять на прямой солнечный свет или ставить рядом с источниками тепла, так как под его воздействием происходит испарение аромата. Спрей необходимо распылять на расстоянии 30-40 см."
19000234751;BY KAORI Bellini;набор ароматов для дома;Россия;3890;3890;https://goldapple.ru/19000234751-bellini;;Бархатный аромат сочного персика и терпкого рома. Пудровый аромат с насыщенным шлейфом и высокой концентрацией ароматических веществ, который быстро наполнит ваше помещение игривыми нотами сладкого персика, красного апельсина и ванили. Терпкие, пряные аккорды коньяка, рома и кашмерана придают аромату легкую горчинку и украшают звучание. BELLINI идеально вам подойдёт, если вы хотите поддержать настроение вечеринки и праздника. Этот аромат станет прекрасным дополнением для просторной гостиной, холла и помещений в светлых интерьерах.;Наполните стеклянный флакон арома жидкостью из пластикового рефила. Поставьте в стеклянный флакон с жидкостью палочки из микрофиьры. Регулируйте насыщенность аромата с помощью количества палочек - чем больше палочек во флаконе, тем более интенсивным будет аромат.
99000024249;VENEW coconut & chocolate;набор ароматов для дома;;3200;3200;https://goldapple.ru/99000024249-coconut-chocolate;;Мечтаете о создании идеальной атмосферы в своем доме? Диффузор для дома - это то, что вам нужно. Аромадиффузор способен превратить любое пространство в настоящий рай ароматов. Предлагаем широкую линейку премиальных ароматических жидкостей 250 мл с увеличенным процентом отдушки (на 20%). Найдите для себя идеальный вариант. Настоящее райское наслаждение – сочетание кокоса и шоколада. Упоительный дуэт, оттененный нотами свежей груши, ванили и карамели, станет находкой для тех, кто любит благородный, умеренно сладкий и спокойный запах. Подлинный гормон счастья, дарящий атмосферу любви и уюта. Бонусом будет хорошее настроение! Приобретайте вкусный аксессуар премиум сегмента, который непременно станет украшением вашего интерьера. Стильная роскошная упаковка в виде тубуса выглядит дорого, уникально и делает весь набор прекрасным подарком для ваших близких или друзей. Создайте идиллическую атмосферу для романтического вечера или вечеринки с друзьями. Притягательный запах создаст неповторимое впечатление и оставит яркие воспоминания. Позвольте вкусным ноткам декора проникнуть в каждое помещение, заполнив их и навсегда оставив след в сердце и памяти. Не упускайте возможность ощутить настоящую гармонию и изысканность. В тубусе вы найдете: флакон из янтарного стекла 250 мл с притёртой стеклянной колбой, рефил 250 мл (сменная жидкость / наполнитель для диффузора), 7 чёрных фибровых палочек d 5мм, h 35 см. В подарок идет фирменный автопарфюм. Коллекции ароматов VENEW - это эмоции, имеющие запах. Отдохните от ежедневного стресса, порадуйте себя и близких, подарите гармонию, которую мы создаем для Вас с любовью!;"Палочки пропитываются ароматом и отдают его в окружающее пространство; интенсивность зависит от выбранного наименования, количества палочек, температуры и циркуляции воздуха в помещении.   Достаньте содержимое коробки, откройте пластиковую бутылочку. Перелейте часть жидкости в стеклянный диффузор. Вставьте фибровые палочки, через 30 минут переверните их. Подождите, пока они пропитаются ароматом и начнут отдавать его в окружающее пространство. Не ставьте флакон в угол, в маленькое закрытое помещение, слишком высоко. Рекомендуется переворачивать палочки каждые 5-7 дней. Если насыщенности недостаточно, следует переворачивать их как можно чаще и/или добавить еще несколько штук. Аромат раскрывается в течение 12-48 часов."
19000321479;TEATRO FRAGRANZE UNICHE Bianco Divino Mini Sinfonia;набор ароматов для дома;Италия;8250;7425;https://goldapple.ru/19000321479-bianco-divino-mini-sinfonia;;Утонченный букет из фруктов и цветов, в верхних нотах которого выделяются искрящиеся оттенки шампанского, украшенные ароматными нотами яблока.  Цветочные ноты медленно наполняют чувственным благоуханием жасмина, розы, глицинией и таинственной фиалкой. Обрамляют композицию белый мускус, свежесть бамбука и элегантность сандала.  Аромат расслабляет, успокаивает и создает ощущение чистоты. Идеально подходит для веселой и расслабляющей обстановки.;"Окуните все палочки во флакон; для более интенсивного распространения аромата переворачивайте палочки несколько раз в день.  Регулировать аромат можно уменьшая или увеличивая число палочек. Палочки играют основную роль в интенсивности ароматизации, чем больше палочек, тем аромат насыщеннее. Для достижения лучших результатов, флакон не стоит никогда выставлять на прямой солнечный свет или ставить рядом с источниками тепла, так как под его воздействием происходит испарение аромата. Спрей необходимо распылять на расстоянии 30-40 см."
99000028700;VENEW mix #5;набор ароматов для дома;;1750;1575;https://goldapple.ru/99000028700-mix-5;;Набор диффузоров по 100 мл в янтарном флаконе, 3 штуки.  Миндаль и цветы вишни + хлопок + манго/грейпфрут.  Парфюмерия для дома - это, прежде всего, красивый декор с ароматическим шлейфом. диффузор с палочками придает помещению современный утонченный стиль.  Интерьерный парфюм venew обеспечит постоянную ароматизацию вашего пространства.  Это простое, но долговременное решение распространит аккорды по комнате, ненавязчиво оставляя фоновый букет. Поставьте духи туда, где есть хорошая циркуляция воздуха и наслаждайтесь качеством премиального аксессуара.  Аромадиффузор сделан на основе натуральных эфирных масел.  В составе ингредиенты без добавления спирта. это идеальный подарок родным, друзьям или коллегам.  Элегантный дизайн, эстетичный стеклянный флакон и стильные фибровые палочки черного цвета станут роскошным дополнением любого места.  Наши коллекции ароматов - это эмоции, имеющие запах. отдохните от ежедневного стресса, порадуйте себя и близких, подарите гармонию, которую мы создаем для вас с любовью!;Удалите пластиковую заглушку, поместите палочки во флакон, переверните через пару минут.  Палочки пропитываются ароматом и отдают его в окружающее пространство.  Интенсивность аромата зависит от выбранного наименования, количества палочек, температуры и циркуляции воздуха в помещении. не ставьте флакон в угол, в маленькое закрытое помещение, слишком высоко.  Идеально - в центре комнаты на уровне пояса. рекомендуется переворачивать палочки каждые 5-7 дней (если насыщенности недостаточно, следует переворачивать их как можно чаще и/или добавить еще несколько штук). Аромат раскрывается в течение 12-48 часов.
19760316905;DR. VRANJES FIRENZE Rosso Nobile;набор ароматов для дома;;15500;15500;https://goldapple.ru/19760316905-rosso-nobile;;Вдохновением для создания этого аромата для дома послужило тосканское красное вино. Это совершенная комбинация сладких и фруктовых нот винограда и ягод, нежных нот фиалки и магнолии с пробуждающими акцентами берёзового дерева. Идеален для создания расслабляющей атмосферы в жилых помещениях.  Предлагается для использования в гостиной, кухне, офисе, холле, кабинете. Диффузор объёмом 250 мл идеален для помещений площадью от 5 до 10 кв. м. В набор входит увлажняющий и питательный крем с лёгкой  текстурой, которая быстро впитывается.  Содержит натуральные ингредиенты, витамин Е и оливковое масло, помогает предотвратить красноту, смягчить кожу рук. Предназначен для ежедневного увлажнения.  Состав набора:  диффузор 250 мл  крем для рук 50мл;"Опустите все палочки в диффузор, переворачивайте их один-два раза в день; нанесите крем на чистую кожу рук"
99000107062;BY KAORI AMALFI;набор ароматов для дома;Россия;4890;4890;https://goldapple.ru/99000107062-amalfi;;Солнечные лучи, как лимонный сок, стекают по каждому зданию. Кажется, что вы попали в мечту: с одной стороны вас окружает город, усеянный зелеными кипарисами, а в другой — лазурная вода, переливающаяся на свету. Аромат Amalfi — это теплое утро в месте, сошедшем с картин, брызги лимонного сока и аромат морской соли на загорелой коже. Amalfi идеален для ванной комнаты или обеденной зоны кухни и гостиной. В наборе: стеклянная колба (250 мл), 5 фибровых палочек и 2 флакона ароматической жидкости Amalfi (по 100 мл), 4 миниатюрных пробника (по 1,5 мл) с ароматами By Kaori.;Наполните стеклянный флакон ароматической жидкостью из пластикового рефила. Поставьте в стеклянный флакон с жидкостью палочки из микрофибры.   Регулируйте насыщенность аромата с помощью количества палочек: чем больше палочек во флаконе, тем более интенсивным будет аромат.
19000335656;BAGO HOME Вечер у камина;набор ароматов для дома;Россия;2311;1155;https://goldapple.ru/19000335656-vecer-u-kamina;;Набор из аромасвечей из 100% органического соевого воска в стеклянном стакане, на 25 часов горения и ароматического диффузора объемом 45 мл в дизайнерской подарочной упаковке.  Фибровые палочки из прессованного волокна для диффузора в комплекте.   Аромат сосны, сандала и сладкой ванили подарит вам атмосферу тёплого уюта загородной жизни зимой.  Площадь ароматизации: до 20 м². Набор Вечер у камина: диффузор 45 мл + свеча 85 гр.;"Достаньте содержимое из коробки, освободите фибровые палочки от скотча,  открутите крышку от диффузора, выдавите белую защитную мембрану, закрутите крышечку обратно, вставьте палочки. Интенсивность аромата регулируется количеством палочек – чем их больше, тем аромат насыщеннее. Начинайте с 2-3 палочек и постепенно добавляйте по одной до достижения оптимальной интенсивности аромата.  Для эффективной работы диффузора необходимо движение воздуха.  При первом зажигании, дайте поверхности свечи полностью расплавиться, таким образом вы избежите ""тоннельного"" эффекта, и свеча сгорит практически без остатка; ставьте зажженную свечу на ровную поверхность - это также позволит ей прогорать равномерно и радовать вас своей красотой и ароматом."
99000107064;BY KAORI COPACABANA;набор ароматов для дома;Россия;4890;4890;https://goldapple.ru/99000107064-copacabana;;Золотисто-белый песок, жаркое солнце и ласковый океан — что еще нужно для счастья? Самое популярное и красивое побережье в мире окутывает вас терпким и дурманящим звучанием мускуса — вы сами не заметили, как оказались в центре шумной танцующей толпы. Солоновато-сладкое послевкусие напоминает о недавно выпитом коктейле и напоминает о том, что вы находитесь на самом популярном пляже в мире, в центре жаркого Рио-де-Жанейро. Аромат Copacabana — это страсть, желание, танец, теплый песок и золотые лучи закатного солнца — ваш вечер только начинается. Copacabana  будет особенно красиво звучать в спальне и гостиной, оформленных в темных, пастельных тонах с декором из натуральных элементов. В наборе: стеклянная колба (250 мл), 5 фибровых палочек и 2 флакона ароматической жидкости Copacabana (по 100 мл), 4 миниатюрных пробника (по 1,5 мл) с ароматами By Kaori.;Наполните стеклянный флакон ароматической жидкостью из пластикового рефила. Поставьте в стеклянный флакон с жидкостью палочки из микрофибры.   Регулируйте насыщенность аромата с помощью количества палочек: чем больше палочек во флаконе, тем более интенсивным будет аромат.
19000467888;BOOMBLOOM Chin-Chin;набор ароматов для дома;Россия;6750;6075;https://goldapple.ru/19000467888-chin-chin;;Набор Chin-chin от Boom bloom (Бýм Блýм) — объёмный ароматный сценарий для дома, где каждый уголок наполнен теплом, уютом и предвкушением праздника. Чтобы почувствовать приближение праздника, достаточно всего пары деталей. Расставьте ароматические свечи по комнатам, расположите диффузор в «сердце» вашего дома, добавьте столовые свечи к повседневной сервировке стола — всё готово к Новому году. Чин-чин! В набор входит: Три ароматические свечи по 90 г: — Santa in Town | Санта в городе — классическое сочетание нот мандарина, хвои и зимних специй. Яркий аромат Нового года и детских воспоминаний. — Let it snow | Да будет снег — гурманский аромат, объединивший в себе аппетитные ноты классической зимней выпечки. — Christmas tree | Рождественская ёлка — томное праздничное сочетание хвои, дыма и опалённого дерева. Аромат снежного вечера у зажжённого камина. Диффузор ароматический French brandy cake, 50 мл: — French brandy cake | Французский пирог с бренди — идеальная композиция для атмосферных вечеров с пледом и любимой книгой в руках. В ней терпкие ноты бренди бочковой выдержки, сочный лимон и спелая груша органично сочетаются с пряным ароматом корицы, мускатного ореха и сладкой ванили. Набор столовых свечей Twist Branch: Витая форма и томные цвета свечей мгновенно превратят любое застолье в изысканное. Завтрак — в церемонию начала нового дня, обед — в воодушевляющий бранч, ужин — в приватную вечеринку. Верим, что эти ароматы продлят и усилят ощущение любимого праздника. С Новым годом!;Способ применения ароматического диффузора:  Достаньте флакон и аккуратно снимите крышку. Поместите фибровые палочки во флакон. Чем больше палочек, тем интенсивнее аромат. Рекомендуем начать с пяти палочек и при необходимости уменьшить их количество. Подождите 10–15 минут, затем переверните палочки. Расположите сосуд на ровной поверхности ближе к центру комнаты. Переворачивайте палочки раз в неделю или когда аромат ослабевает.  Способ применения свечей:  Подрежьте фитиль свечи до 5 мм. Зажгите фитиль и оставьте гореть на 1–3 часа, пока расплавленный воск не достигнет стенок сосуда. Не жгите свечу дольше 3 часов подряд. Подрезайте фитиль перед каждым использованием.  Попробуйте эти простые правила, чтобы продлить срок службы свечи.
19000321490;TEATRO FRAGRANZE UNICHE PATCHOULOVE;набор ароматов для дома;Италия;17050;15345;https://goldapple.ru/19000321490-patchoulove;;Новое ольфакторное путешествие возвращает нас в конец 1960-х годов. Чарующие ноты пачули покорили ‘Поколение любви’ своей афродизиакальной и медитативной силой, создав настоящий обонятельный манифест. Это вдохновило нас на создание “PATCHOULOVE”, последнего творения роскошной линии Teatro Fragranze Uniche, в котором ноты пачули, искусно смешаны с ванилью, лабданумом и сандаловым деревом, придают пространству теплую и соблазнительную атмосферу. Интенсивный и сбалансированный аромат подходит для зон медитации, учебы и гостиных. Состав набора: Диффузор с палочками 250 мл. Ароматическая свеча 180 мл.;"Окуните все палочки во флакон; для более интенсивного распространения аромата переворачивайте палочки несколько раз в день. Регулировать аромат можно уменьшая или увеличивая число палочек. Палочки играют основную роль в интенсивности ароматизации, чем больше палочек, тем аромат насыщеннее. Для достижения лучших результатов, флакон не стоит никогда выставлять на прямой солнечный свет или ставить рядом с источниками тепла, так как под его воздействием происходит испарение аромата. Советы по уходу за свечой: - Регулярно подрезайте фитиль до длины в 0,5 см. - Давайте воску равномерно расплавиться на поверхности."
19000374554;MAY MEADOW Sea salt 2;набор ароматов для дома;Россия;8800;7920;https://goldapple.ru/19000374554-sea-salt-2;;Утонченный, аромат морской соли и минералов, наполнен свежестью озоновых нот.  Выдержанные ноты эвкалипта и фрезии в сердце аромата придают чистоту и элегантность.  Аромат идеально подходит для создания атмосферы гармонии и легкости в вашем пространстве.   Композиция аромата наполнена натуральными эфирными маслами пачули, эвкалипта, сосны и цитронеллы. Ароматическое саше ручной работы, изготовлены из натурального, экологически чистого соевого воска.  При изготовлении саше применяются безопасные ароматические масла, не содержащие фталатов.  Объем саше рассчитан на ароматизацию пространства до 4 квадратных метров. Кубики для ванны помогут создать персональное spa-пространство у вас дома. Кубики помогают расслабиться и снять напряжение после долго дня. Spa-эффект достигается  благодаря компонентам входящим в состав: лимонная кислота смягчает воду и делает кожу более нежной и гладкой, сода выводит токсины и очищает, кокосовое масло и молоко питают и смягчают кожу.  Ароматическая композиция поможет настроиться на гармоничный лад и успокоить разум.  Натуральная пена и сушеные бутоны цветов сделают процесс принятия ванны эстетичным и роскошным spa-сеансом. После принятия ванны ваша кожа будет гладка и упругая, как после нанесения ухаживающего крема.;Свеча: Расположите свечу на ровной, устойчивой поверхности, зажгите с помощью спичек или зажигалки.  Не оставляйте свечу без внимания, особенно, если в комнате маленькие дети или животные. Не ставьте горящую свечу на подоконник или рядом с легко-воспламеняющимися предметами (книги, газеты, шторы, вазы с сухоцветами). Не задувайте свечи, дым от фитиля исказит аромат, который отдала свеча при горении. Для того, чтобы погасить свечу следует ее накрыть крышечкой или использовать пламегаситель.  Длина фитиля должна быть не более 0,5 см., иначе свеча может коптить. При необходимости излишки фитиля можно срезать специальными ножницами.  Не жгите свечу непрерывно более 2 часов, это ведёт к перегреву подсвечника, в результате чего подсвечник может лопнуть или потерять внешний вид.  Не жгите свечу, если высота оставшегося воска в подсвечнике не превышает 1 см. Куб для ванны:  Наберите ванну комфортной для вас температуры, вода не должна быть слишком горячей или слишком холодной, оптимальная температура 37-40 градусов.  Аккуратно поместите нижнюю часть кубика в воду, это даст эффект парящего, эстетичного растворения.  Принимайте ванну в течение 15 минут, допустило ополоснуть кожу проточной водой без моющих компонентов, после слегка промокните кожу полотенцем. Ароматическое саше: Снимите защитную упаковку с саше, пропустите ленту через специальное отверстие и разместите саше в гардеробе на штанге, на вешалке или положите к белью в ящик комода.  Для хорошей ароматической отдачи необходимы потоки воздуха. Аромасаше не стоит размещать рядом с нагревательными приборами или источниками тепла, чтобы оно не начало таять и выделять масло.  Не рекомендуется размещать саше вплотную к одежде из тонких, деликатных тканей. Аромат сохраняется более 90 дней, когда аромаотдача станет менее яркой, саше можно использовать в аромалампе.
19000280138;VENEW mini no. 2;набор ароматов для дома;Россия;2500;2500;https://goldapple.ru/19000280138-mini-no-2;;Шикарный подарочный набор ароматических средств для дома. Красивая коробка с логотипом придает шарм, роскошь и статусность бьюти боксу. Мы подобрали для вас самые любимые ароматы, которые придадут интерьеру современный утонченный стиль.  Ароматический диффузор VENEW обеспечит постоянную ненавязчивую ароматизацию вашего помещения. Просто поставьте духи для дома в место с хорошей циркуляцией воздуха и наслаждайтесь качеством премиального парфюма.  Свеча ароматическая в банке – также замечательный подарок близким. Минималистичный дизайн и прекрасный аромат станут неотъемлемой частью декора и создадут атмосферу гармонии в любом помещении.  Мыло подходит для рук и всего тела. Очищает, не повреждает кожу, не сушит, отлично пенится, гипоаллергенное, не содержит аммиак и щёлочь, подходит для интимной гигиены и частого использования.  Порадуйте своих близких и дорогих людей неповторимым подарком, который можно использовать ежедневно! Ознакомьтесь со всеми товарами нашего бренда, вы обязательно подберете что-то для себя или в подарок кому-то. Мы производим наши ароматы сами, поэтому уверены в качестве продукта, который действительно не стыдно подарить близким. VENEW - это эмоции, имеющие запах. Мы создаем гармонию, вы дарите ее своим близким :);
99000038130;MAISON BERGER PARIS Amber Powder;набор ароматов для дома;;9360;3931;https://goldapple.ru/99000038130-amber-powder;;"Подарочный набор ""Волшебство"" с ароматом Амбровая Вуаль от бренда Maison Berger Paris состоит из аромадиффузора 80мл с палочками и свечи ароматической в стеклянном стакане 80г. Амбровая вуаль - чувственный аромат, который наполнит дом ощущением тепла и света. Композицию открывают пряные и цветочные нотки, в сердце - бархатистая вуаль, роскошный сандал и пачули. В шлейфе белый мускус обволакивает бальзамы и ваниль.  Диффузор для дома наполнит пространство изысканной композицией на срок до 3 недель. Регулировать интенсивность ароматизатора можно с помощью палочек, переворачивая их, добавляя и убирая.  Свеча интерьерная произведена во Франции из 100% натурального воска и фитиля из чистого хлопка. Перед каждым использованием укорачивайте фитиль свечи для дома до 5 мм и всегда дожидайтесь образования ожогового бассейна. Время горения свечи декоративной: до 15 часов.";Аромасвеча: Перед использованием подрежьте фитиль до 5 мм. Подрезайте фитиль после каждых 4 часов горения свечи. Сначала дайте воску остыть, затем укоротите фитиль до 3-5 мм. Чтобы исключить образование «воронки», свеча должна гореть до образования «ожогового» бассейна: воск должен расплавиться по всей поверхности свечи и достигнуть краев емкости. Не используйте вблизи легковоспламенямых предметов, а также не оставляйте свечу без присмотра.  Аромадиффузор: Наполните емкость не более чем на 2/3 ароматической жидкостью. Вставьте палочки и дождитесь, пока они пропитаются ароматом. Для регулирования интенсивности ароматизации добавьте или уберите несколько палочек. Периодически переворачивайте палочки, чтобы аромат стал более интенсивным. Размещайте аромадиффузор на ровной поверхности вдали от солнечного света и источников тепла. Скорость испарения жидкости зависит от влажности помещения и температуры окружающей среды - чем они выше, тем быстрее расходуется аромат. Палочки продолжают отдавать аромат еще несколько дней.
99000125186;BOCA AROMA HOLIDAY MOMENTS;набор ароматов для дома;Россия;3000;3000;https://goldapple.ru/99000125186-holiday-moments;;Подарочный набор Boca Aroma Holiday Moments — изящное сочетание морской свежести и зимнего аромата.  — Интерьерный спрей Sea Touch (100 мл) на водной основе, без спирта и фталатов. Создаёт лёгкий, свежий аромат, подходит для ароматизации пространства и текстиля.  — Ароматическая ёлочная игрушка Winter Home в форме золотистого шара из акрилового гипса, сохраняет аромат до 2 месяцев. Аромат композиции — зелёные ноты, сосновые иголки, пихта и кедр.  Подходит для праздничного декора и поддержания атмосферы свежести и уюта.;Парфюмированный интерьерный спрей:  Нанесите на текстиль на расстоянии 30-40 см 2-3 нажатиями на распылитель. Беречь от детей.  Шарик из акрилового гипса на ленте с логотипом Boca:  Можно использовать как украшение ёлки, декор для пространства.
99000024781;12LEGENDS Bohemia;набор ароматов для дома;;4499;4499;https://goldapple.ru/99000024781-bohemia;;Подарочный набор свеча и диффузор. Ароматическая свеча 100 мл и ароматический диффузор 100 мл.  Bohemia - аромат роскоши, уверенности и гармонии. Сложность теплых специй, богатого какао-масла, оливкового дерева и легкой кокосовой сладости создают по-настоящему богемный аромат.  Свеча и диффузор упакованы в фирменную подарочную коробку черного цвета с бархатным ложементом, идеально для подарка.;Использовать для ароматизации помещения. Зажигайте свечу не меньше 1 часа, необходимо , чтобы воск растапливался по всей поверхности свечи, от стенки до стенки подсвечника, иначе образуется туннель в воске.  Перед каждым зажжением свечи, удаляйте обгоревший участок фитиля, он должен быть не больше 5-6 мм. Не жгите свечу более 3 часов, это ведет к перегреву подсвечника, в результате чего он может лопнуть или потерять внешний вид. Не оставляйте свечу без присмотра. Берегите от детей и домашних животных.  Диффузор необходимо поставить в центре комнаты, в место с хорошей циркуляцией воздуха, на высоте на уровне пояса.  Регулируйте насыщенность аромата количеством палочек. Переворачивайте палочки каждые 2 недели.
19000234784;BY KAORI Pear Freesia;набор ароматов для дома;Россия;2690;2690;https://goldapple.ru/19000234784-pear-freesia;;Воздушный, сладкий фруктовый аромат груши и белой фрезии. Насыщенный аромат фруктов заполнит собой все помещение. Ноты груши и дыни раскрываются в комнате свежим благоуханием спелых сочных плодов. Вкрапления душистой фрезии и розы добавляют аромату легкую сладость. Финальные аккорды мускуса оставляют в помещении мягкий шлейф пряностей.  PEAR FREESIA точно подойдёт вам, если вы мечтаете наслаждаться летними вечерами круглый год, а также если вы любите густые, сладкие ароматы.  PEAR FREESIA - идеальный аромат для кухни. Также он подойдёт для просторных залов и светлых интерьеров.;Наполните стеклянный флакон арома жидкостью из пластикового рефила. Поставьте в стеклянный флакон с жидкостью палочки из микрофибры. Регулируйте насыщенность аромата с помощью количества палочек - чем больше палочек во флаконе, тем более интенсивным будет аромат.
19000266617;VENEW boss;набор ароматов для дома;Россия;7000;7000;https://goldapple.ru/19000266617-boss;;Мечтаете о создании идеальной атмосферы в своем доме? Диффузор для дома - это то, что вам нужно. Аромадиффузор способен превратить любое пространство в настоящий рай ароматов. Предлагаем широкую линейку премиальных ароматических жидкостей. Найдите для себя идеальный вариант. BOSS - это парфюмированный аромат для людей, которые точно знают, чего хотят. Аромат довольно определенный, стойкий. Подходит мужчинам, но позиционируется как унисекс, т.к его пирамида насыщена разными ингредиентами. Композиция свежих цитрусовых аккордов, дополненная фруктами, отлично сочетается с цветочными оттенками. Закрывают композицию характерные тонка, пачули, ветивер, приправленные нежными нотками ванили. Приобретайте вкусный аксессуар премиум сегмента, который непременно станет украшением вашего интерьера. Стильная роскошная упаковка в виде тубуса выглядит дорого, уникально и делает весь набор прекрасным подарком для ваших близких или друзей. Создайте идиллическую атмосферу для романтического вечера или вечеринки с друзьями. Сделайте подарок маме или подруге на 8 марта или день рождения. Подберите подходящий аромат, и наш ароматический диффузор также станет отличным подарком папе на 23 февраля, мужчине или другу. Притягательный аромат создаст неповторимое впечатление и оставит яркие воспоминания. Позвольте вкусным ноткам декора проникнуть в каждое помещение, заполнив их и навсегда оставив след в сердце и памяти. Не упускайте возможность ощутить настоящую гармонию и изысканность. Ознакомьтесь со всей продукцией нашего бренда, введя название VENEW в поисковую строку. В тубусе вы найдете: флакон из янтарного стекла 500 мл с притёртой стеклянной колбой, рефил (сменная жидкость / наполнитель для диффузора), 7 чёрных фибровых палочек d 5мм, h 35 см. В подарок идет фирменный автопарфюм. Коллекции ароматов VENEW - это эмоции, имеющие запах. Отдохните от ежедневного стресса, порадуйте себя и близких, подарите гармонию, которую мы создаем для Вас с любовью!;"Палочки пропитываются ароматом и отдают его в окружающее пространство; интенсивность зависит от выбранного наименования, количества палочек, температуры и циркуляции воздуха в помещении.  1. Достаньте содержимое коробки, откройте пластиковую бутылочку. 2. Перелейте часть жидкости в стеклянный диффузор. 3. Вставьте фибровые палочки, через 30 минут переверните их. 4. Подождите, пока они пропитаются ароматом и начнут отдавать его в окружающее пространство. Не ставьте флакон в угол, в маленькое закрытое помещение, слишком высоко. Рекомендуется переворачивать палочки каждые 5-7 дней. Если насыщенности недостаточно, следует переворачивать их как можно чаще и/или добавить еще несколько штук. Аромат раскрывается в течение 12-48 часов."
99000106301;12LEGENDS Amber Oak;набор ароматов для дома;Россия;4499;4499;https://goldapple.ru/99000106301-amber-oak;;Amber Oak — тёплый, глубокий, с оттенком дерзости, этот аромат словно таит в себе огонь камина и прохладу ночного леса. В нём встречаются сладость, пряность, дым и древесная мощь, создавая сложную и притягательную симфонию. В начале композиции — сияющий бергамот. Затем раскрывается горячее сердце из чёрного перца и выдержанного рома, усиленное землистым звучанием пачули. В финале — благородное тепло сандалового дерева и мягкая дымка кожи, оставляющая роскошный, запоминающийся шлейф. Композиция обогащена натуральными эфирными маслами пачули, можжевельника, сладкого апельсина и имбиря, придающими аромату особую глубину и объём. Ароматическая свеча объёмом 150 мл в янтарном стекле с алмазной гранью и золотой этикеткой бренда. Время горения 20-25 ч. Ароматический диффузор объёмом 100 мл в янтарном гранёном стекле с золотистой крышкой. Стойкость аромата до 4 месяцев.;Использовать для ароматизации помещения. Зажигайте свечу не меньше 1 часа, необходимо, чтобы воск растапливался по всей поверхности свечи, от стенки до стенки подсвечника, иначе образуется туннель в воске. Перед каждым зажжением свечи удаляйте обгоревший участок фитиля, он должен быть не больше 5-6 мм. Не жгите свечу более 3 часов, это ведет к перегреву подсвечника, в результате чего он может лопнуть или потерять внешний вид. Не оставляйте свечу без присмотра. Берегите от детей и домашних животных. Диффузор необходимо поставить в центре комнаты, в место с хорошей циркуляцией воздуха, на высоте на уровне пояса. Регулируйте насыщенность аромата количеством палочек. Переворачивайте фибровые палочки 1-2 раза в неделю.
19000392922;MAY MEADOW Cashmere;набор ароматов для дома;Россия;8800;7920;https://goldapple.ru/19000392922-cashmere;;Cashmere - пленительный аромат, наполненный нотами мускуса, шафрана и амбры, окутает Вас своим теплом как кашемировый плед в прохладный вечер.  Дорогой, томный аромат начинается с нот шафрана и бергамота, раскрывается в сердце аккордами амбры, соединяясь с базовыми нотами ветивера и темного мускуса.  Ароматическая свеча ручной работы, изготовлена из натурального, экологически чистого соевого воска, который не выделяет вредных веществ при горении. При изготовлении свечи применяются ароматические масла специально разработанные для использования в свечах, они не содержат фталатов и безопасны при горении свечи. Свеча рассчитана на 20 часов горения при правильном применении и соблюдении всех рекомендаций. Аромат свечи распространяется не сразу, а постепенно, в процессе горения свечи, объем свечи рассчитан на ароматизацию пространства 15-20 квадратных метров.  Кубики для ванны помогут создать персональное spa-пространство у вас дома. Кубики помогают расслабиться и снять напряжение после долго дня. Spa-эффект достигается благодаря компонентам входящим в состав: лимонная кислота смягчает воду и делает кожу более нежной и гладкой, сода выводит токсины и очищает, кокосовое масло и молоко питают и смягчают кожу. Ароматическая композиция поможет настроиться на гармоничный лад и успокоить разум. Натуральная пена и сушеные бутоны цветов сделают процесс принятия ванны эстетичным и роскошным spa-сеансом. После принятия ванны ваша кожа будет гладка и упругая, как после нанесения ухаживающего крема.  Набор в аромате Cashmere: аромасвечи 150мл + 200мл +бомбочка д/ванны 150гр + аромасаше 55гр.;Свеча: Расположите свечу на ровной, устойчивой поверхности, зажгите с помощью спичек или зажигалки.  Не оставляйте свечу без внимания, особенно, если в комнате маленькие дети или животные. Не ставьте горящую свечу на подоконник или рядом с легко-воспламеняющимися предметами (книги, газеты, шторы, вазы с сухоцветами). Не задувайте свечи, дым от фитиля исказит аромат, который отдала свеча при горении. Для того, чтобы погасить свечу следует ее накрыть крышечкой или использовать пламегаситель.  Длина фитиля должна быть не более 0,5 см., иначе свеча может коптить. При необходимости излишки фитиля можно срезать специальными ножницами.  Не жгите свечу непрерывно более 2 часов, это ведёт к перегреву подсвечника, в результате чего подсвечник может лопнуть или потерять внешний вид.  Не жгите свечу, если высота оставшегося воска в подсвечнике не превышает 1 см. Куб для ванны: Наберите ванну комфортной для вас температуры, вода не должна быть слишком горячей или слишком холодной, оптимальная температура 37-40 градусов.  Аккуратно поместите нижнюю часть кубика в воду, это даст эффект парящего, эстетичного растворения.  Принимайте ванну в течение 15 минут, допустило ополоснуть кожу проточной водой без моющих компонентов, после слегка промокните кожу полотенцем. Ароматическое саше: Снимите защитную упаковку с саше, пропустите ленту через специальное отверстие и разместите саше в гардеробе на штанге, на вешалке или положите к белью в ящик комода.  Для хорошей ароматической отдачи необходимы потоки воздуха.  Аромасаше не стоит размещать рядом с нагревательными приборами или источниками тепла, чтобы оно не начало таять и выделять масло.  Не рекомендуется размещать саше вплотную к одежде из тонких, деликатных тканей.  Аромат сохраняется более 90 дней, когда аромаотдача станет менее яркой, саше можно использовать в аромалампе.
99000028707;VENEW mix #3;набор ароматов для дома;;1099;989;https://goldapple.ru/99000028707-mix-3;;Набор диффузоров по 50 мл в янтарном флаконе, 3 штуки. Зеленый чай с лимоном и мятой + табак/бергамот + хвойный лес.  Парфюмерия для дома - это, прежде всего, красивый декор с ароматическим шлейфом. диффузор с палочками придает помещению современный утонченный стиль.  Интерьерный парфюм venew обеспечит постоянную ароматизацию вашего пространства.  Это простое, но долговременное решение распространит аккорды по комнате, ненавязчиво оставляя фоновый букет. Поставьте духи туда, где есть хорошая циркуляция воздуха и наслаждайтесь качеством премиального аксессуара.  Аромадиффузор сделан на основе натуральных эфирных масел.  В составе ингредиенты без добавления спирта. это идеальный подарок родным, друзьям или коллегам.  Элегантный дизайн, эстетичный стеклянный флакон и стильные фибровые палочки черного цвета станут роскошным дополнением любого места.  Наши коллекции ароматов - это эмоции, имеющие запах. отдохните от ежедневного стресса, порадуйте себя и близких, подарите гармонию, которую мы создаем для вас с любовью!;Удалите пластиковую заглушку, поместите палочки во флакон, переверните через пару минут.  Палочки пропитываются ароматом и отдают его в окружающее пространство.  Интенсивность аромата зависит от выбранного наименования, количества палочек, температуры и циркуляции воздуха в помещении. не ставьте флакон в угол, в маленькое закрытое помещение, слишком высоко.  Идеально - в центре комнаты на уровне пояса. рекомендуется переворачивать палочки каждые 5-7 дней (если насыщенности недостаточно, следует переворачивать их как можно чаще и/или добавить еще несколько штук). Аромат раскрывается в течение 12-48 часов.
19000321482;TEATRO FRAGRANZE UNICHE FIORE;набор ароматов для дома;Италия;17050;15345;https://goldapple.ru/19000321482-fiore;;Элегантный аромат воспоминаний. Свежий и изысканный, привлекательный и соблазнительный, аромат, который раскрывает элегантность воспоминаний. Меланж белых цветов с мягким, но сильным характером, словно взрыв цветочных нот, которые пробуждают эмоции и воспоминания о чисто женской энергии.  Соблазнительный аромат роскоши и воспоминаний Fiore  — Цветок — словно прогулка в садах на флорентийской вилле в разгар весны. Сложная композиция Fiore создает особое настроение и элегантную атмосферу. Состав набора: Диффузор с палочками 250 мл. Ароматическая свеча 180 мл.;"Окуните все палочки во флакон; для более интенсивного распространения аромата переворачивайте палочки несколько раз в день. Регулировать аромат можно уменьшая или увеличивая число палочек. Палочки играют основную роль в интенсивности ароматизации, чем больше палочек, тем аромат насыщеннее. Для достижения лучших результатов, флакон не стоит никогда выставлять на прямой солнечный свет или ставить рядом с источниками тепла, так как под его воздействием происходит испарение аромата. Советы по уходу за свечой: - Регулярно подрезайте фитиль до длины в 0,5 см. - Давайте воску равномерно расплавиться на поверхности."
19000132008;LA PALME ARTISAN CERAMICA Сандал, 2 свечи;набор ароматов для дома;;11650;10019;https://goldapple.ru/19000132008-sandal-2-sveci;;Включите расслабляющую музыку, приглушите свет, зажгите свечи и расположитесь поудобнее. Насладитесь нежными ароматами благовоний, трепетным полыханием свечи и приятными звуками  –  уловите красоту в каждом моменте.  Наши подсвечники и платформы для благовоний изготовлены вручную из каменной керамики, экологически чистого природного материала. Благовония и свечи натуральные и не содержат отдушек.. Воск изготовлен из плодов масличной пальмы. Насыпные свечи удобны в использовании: они не текут, и вы можете самостоятельно регулировать время их использования. Так, 100 г насыпного воска с тонким фитилем хватит на 15 часов горения.  В набор входят:  Подставка для благовоний и свечей Подсвечник диаметром 90мм Подсвечник диаметром 80мм 200г насыпного воска из плодов масличной пальмы 6 фитилей 5 палочек благовоний из натуральных трав;Гранулированный воск насыпать в подсвечник на уровень 1 см от края. Аккуратно встряхнуть емкость. Это необходимо, чтобы воск плавился по центру и не растекался к краям. По центру свечи вставить фитиль как можно ниже, чтобы только 5 его миллиметров оставались над поверхностью. Поджечь фитиль и наслаждаться процессом.
19000374551;MAY MEADOW Champagne 2;набор ароматов для дома;Россия;8800;7920;https://goldapple.ru/19000374551-champagne-2;;Аромат, создающий атмосферу праздника в любое время года. Невероятно реалистичный аромат игристых пузырьков шампанского с яркими фруктовыми акцентами.;Свеча: Расположите свечу на ровной, устойчивой поверхности, зажгите с помощью спичек или зажигалки.  Не оставляйте свечу без внимания, особенно, если в комнате маленькие дети или животные. Не ставьте горящую свечу на подоконник или рядом с легко-воспламеняющимися предметами (книги, газеты, шторы, вазы с сухоцветами). Не задувайте свечи, дым от фитиля исказит аромат, который отдала свеча при горении. Для того, чтобы погасить свечу следует ее накрыть крышечкой или использовать пламегаситель.  Длина фитиля должна быть не более 0,5 см., иначе свеча может коптить. При необходимости излишки фитиля можно срезать специальными ножницами.  Не жгите свечу непрерывно более 2 часов, это ведёт к перегреву подсвечника, в результате чего подсвечник может лопнуть или потерять внешний вид.  Не жгите свечу, если высота оставшегося воска в подсвечнике не превышает 1 см. Куб для ванны:  Наберите ванну комфортной для вас температуры, вода не должна быть слишком горячей или слишком холодной, оптимальная температура 37-40 градусов.  Аккуратно поместите нижнюю часть кубика в воду, это даст эффект парящего, эстетичного растворения.  Принимайте ванну в течение 15 минут, допустило ополоснуть кожу проточной водой без моющих компонентов, после слегка промокните кожу полотенцем. Ароматическое саше: Снимите защитную упаковку с саше, пропустите ленту через специальное отверстие и разместите саше в гардеробе на штанге, на вешалке или положите к белью в ящик комода.  Для хорошей ароматической отдачи необходимы потоки воздуха. Аромасаше не стоит размещать рядом с нагревательными приборами или источниками тепла, чтобы оно не начало таять и выделять масло.  Не рекомендуется размещать саше вплотную к одежде из тонких, деликатных тканей. Аромат сохраняется более 90 дней, когда аромаотдача станет менее яркой, саше можно использовать в аромалампе.
99000107280;MAISON BERGER PARIS Velvet of orient;набор ароматов для дома;Франция;7490;5992;https://goldapple.ru/99000107280-velvet-of-orient;;Подарочный набор из коллекции «Вариация» с ароматом «Восточный бархат» от бренда Maison Berger Paris состоит из ароматического диффузора (80 мл) с палочками и ароматической свечи в стеклянном стакане (80 г). Восточный бархат — чувственная композиция, привлекающая к себе всё внимание. Неожиданная нота цветов кофе по-новому открывает такие знакомые ароматы мака и цветка апельсина — теперь они звучат еще более тонко и женственно. В перечных гранях изящно скрывается ваниль и амбра. Вызывает ли этот аромат привыкание? Несомненно! Диффузор для дома наполнит пространство изысканной композицией на срок до 3 недель. Регулировать интенсивность ароматизатора можно с помощью палочек, переворачивая их, добавляя и убирая. Интерьерная свеча произведена во Франции из 100% натурального воска и фитиля из чистого хлопка. Время горения свечи — до 15 часов.;Ароматическая свеча: перед использованием подрежьте фитиль до 5 мм. Подрезайте фитиль после каждых 4 часов горения свечи. Сначала дайте воску остыть, затем укоротите фитиль до 3-5 мм.  Чтобы исключить образование «воронки», свеча должна гореть до образования «ожогового» бассейна: воск должен расплавиться по всей поверхности свечи и достигнуть краев емкости. Не используйте вблизи легковоспламеняемых предметов, а также не оставляйте свечу без присмотра. Ароматический диффузор: наполните емкость не более чем на 2/3 ароматической жидкостью. Вставьте палочки и дождитесь, пока они пропитаются ароматом. Для регулирования интенсивности ароматизации добавьте или уберите несколько палочек. Периодически переворачивайте палочки, чтобы аромат стал более интенсивным. Размещайте аромадиффузор на ровной поверхности вдали от солнечного света и источников тепла. Скорость испарения жидкости зависит от влажности помещения и температуры окружающей среды — чем они выше, тем быстрее расходуется аромат. Палочки продолжают отдавать аромат еще несколько дней.
19000234797;BY KAORI Santal;набор ароматов для дома;Россия;3890;3890;https://goldapple.ru/19000234797-santal;;Пудровый аромат кожи, кардамона и восточного сандала. Душистый аромат, который медленно и плавно растекается по всему пространству. Нарастающие ноты кардамона и сандала сливаются с громкими аккордами ириса и амбры, рождая терпкую восточную симфонию. Финальные нотки фиалки и папируса растворяются в мягкий, слегка цветочный шлейф.  Вы влюбитесь в SANTAL, если вы - поклонник согревающих пудровых ароматов, пряностей и чарующего Востока. SANTAL - лучший выбор для светлых натуральных интерьеров. Этот аромат отлично дополнит природные элементы из дерева и кожи, а также впишется в обстановку просторного холла или гостиной.;Наполните стеклянный флакон арома жидкостью из пластикового рефила. Поставьте в стеклянный флакон с жидкостью палочки из микрофибры. Регулируйте насыщенность аромата с помощью количества палочек - чем больше палочек во флаконе, тем более интенсивным будет аромат.
19000234747;BY KAORI Amber Lily;набор ароматов для дома;Россия;3890;3890;https://goldapple.ru/19000234747-amber-lily;;Терпкий древесный аромат амбры, имбиря и водяной лилии. Ярчайший аромат с высоким душистым спектром, быстро наполняет собой окружающее пространство. Ноты чёрного кардамона и имбиря мгновенно задают тон всей композиции. Плавные аккорды жасмина и орхидеи смягчают аромат, постепенно растворяясь в насыщенный шлейф, приправленный нотками сандала и кожи. AMBER LILY - идеальный аромат для тех, кто обожает терпкие восточные композиции и мечтает наполнить своё помещение согревающим пряным ароматом. Выбирайте AMBER LILY, если хотите украсить натуральный интерьер просторной гостиной с элементами темного дерева, мрамора и растений.;Наполните стеклянный флакон арома жидкостью из пластикового рефила. Поставьте в стеклянный флакон с жидкостью палочки из микрофибры. Регулируйте насыщенность аромата с помощью количества палочек - чем больше палочек во флаконе, тем более интенсивным будет аромат.
99000102985;PLAMELIA limoncello;набор ароматов для дома;Россия;4950;1995;https://goldapple.ru/99000102985-limoncello;;Plamelia представляет эксклюзивную капсульную коллекцию для истинных ценителей роскоши. Этот набор — воплощение изысканного вкуса и безупречного качества.  Диффузор с керамическим пером из пористого аромафарфора, выполненный вручную нашими мастерами, станет не только источником насыщенного аромата, но и стильным акцентом в вашем интерьере.  Ароматическая свеча из 100% чистого соевого воска с хлопковым фитилем гарантирует чистое горение без копоти.  Это не просто набор для ароматизации дома — это инвестиция в ваш стиль жизни, выражение индивидуальности и безупречного вкуса.  В наборе:  — Фарфоровое перо, изготовленное по уникальному рецепту Plamelia из специального пористого аромафарфора.  — Флакон, стилизованный под чернильницу.  — Рефил 55 мл с парфюмерной композицией «Лимончелло».  — Ароматическая свеча 55 мл из 100% чистого соевого воска с хлопковым фитилем.  Преимущества коллекции Plamelia:  — От 4 месяцев насыщенного и стабильного аромата.  — Уникальная рецептура: натуральные компоненты сочетаются с благородными парфюмерными аккордами.  — Роскошная подарочная упаковка, подчёркивающая эксклюзивность набора.  — Экологичные материалы и возможность приобретения дополнительных парфюмерных композиций в рефилах нашего производства.;Диффузор:  Снимите крышку с рефила. Перелейте содержимое рефила во флакон. Поместите перо во флакон с жидкостью, после того как перо активно напитается парфюмерной композицией, оно начнет отдавать аромат в пространство.  Свеча:  Откройте крышку свечи и зажгите фитиль. Наслаждайтесь ароматом.
99000106315;12LEGENDS Woodmoss;набор ароматов для дома;Россия;4499;4499;https://goldapple.ru/99000106315-woodmoss;;Погрузитесь в тишину рощи древних деревьев, где воздух пропитан свежестью мха и силой вековых стволов. Этот аромат начинается с пряной остроты гвоздики и влажной прохлады земли после дождя. Постепенно он раскрывается тёплым дыханием сосны, обогащённым дымными углями, и завершается глубокими, обволакивающими аккордами кедра и зелёного мха.  Композиция создана с использованием натуральных эфирных масел — кедра, гваякового дерева, кипариса, пачули, можжевельника, листа гвоздики, олибанума, эвкалипта и сосны, что придаёт ей природную насыщенность и благородство.  Подарочный набор в элегантной чёрной коробке с бархатным ложементом. В комплекте:  Ароматическая свеча объёмом 150 мл в чёрном стекле с алмазной гранью и золотой этикеткой бренда.  Ароматический диффузор объёмом 100 мл в чёрном гранёном стекле с золотистой крышкой.;Зажигайте свечу не меньше 1 часа, необходимо, чтобы воск растапливался по всей поверхности свечи, от стенки до стенки подсвечника, иначе образуется туннель в воске.  Перед каждым зажжением свечи удаляйте обгоревший участок фитиля, он должен быть не больше 5-6 мм.  Не жгите свечу более 3 часов, это ведет к перегреву подсвечника, в результате чего он может лопнуть или потерять внешний вид.  Не оставляйте свечу без присмотра. Берегите от детей и домашних животных.  Диффузор необходимо поставить в центре комнаты, в место с хорошей циркуляцией воздуха, на высоте на уровне пояса.  Регулируйте насыщенность аромата количеством палочек.  Переворачивайте фибровые палочки 1-2 раза в неделю.
99000024780;12LEGENDS Noir;набор ароматов для дома;;4499;4499;https://goldapple.ru/99000024780-noir;;Подарочный набор свеча и диффузор. Ароматическая свеча 100 мл и ароматический диффузор 100 мл.  Noir - интригующий, элегантный и богатый аромат, он начинается с пряного оттенка шалфея и нотки цитрусовых. Лаванда придает мягкое цветочное и травяное прикосновение в сердце этого букета, а дубовый мох, амбра и бобы тонка дополняют базу, создавая красивый и глубокий характер.  Свеча и диффузор упакованы в фирменную подарочную коробку черного цвета с бархатным ложементом, идеально для подарка.;Использовать для ароматизации помещения. Зажигайте свечу не меньше 1 часа, необходимо , чтобы воск растапливался по всей поверхности свечи, от стенки до стенки подсвечника, иначе образуется туннель в воске.  Перед каждым зажжением свечи, удаляйте обгоревший участок фитиля, он должен быть не больше 5-6 мм. Не жгите свечу более 3 часов, это ведет к перегреву подсвечника, в результате чего он может лопнуть или потерять внешний вид. Не оставляйте свечу без присмотра. Берегите от детей и домашних животных.  Диффузор необходимо поставить в центре комнаты, в место с хорошей циркуляцией воздуха, на высоте на уровне пояса.  Регулируйте насыщенность аромата количеством палочек. Переворачивайте палочки каждые 2 недели.
99000047158;VENEW relax no.1;набор ароматов для дома;;6300;6300;https://goldapple.ru/99000047158-relax-no-1;;Шикарный подарочный relax-набор для дома. Красивая брендированная коробка роскошна, имеет шарм и добавляет статусности всему боксу. А внутреннее наполнение не оставит никого равнодушным. Мы подобрали самые топовые продукты, которые добавят эмоций в дом, а также придадут интерьеру современный утонченный стиль. Состав набора:  Свеча интерьерная белая 125х70 мм. Свеча интерьерная белая 200х70 мм. Свеча интерьерная белая 260х70 мм. Мыло парфюмированное 100 г. Blanche. Мыло парфюмированное 100 г. Narcotic. Мыло парфюмированное 100 г. Tentation. Аромасвеча 100 мл. Сандаловое дерево. Аромасвеча 100 мл. Tobacco / Vanille.;
19000234782;BY KAORI Lime Basil;набор ароматов для дома;Россия;2690;2690;https://goldapple.ru/19000234782-lime-basil;;Свежий цитрусовый аромат сочного лайма и пряного базилика. Аромат высокой насыщенности, который ярко и быстро раскрывается в помещении. Ноты лайма и спелого мандарина создают в комнате сладковатый аромат. Аккорды острого базилика и чабреца растворяются в приятную горечь и травянистость. Аромат оставляет бодрящий, душистый шлейф.  LIME BASIL станет вашим фаворитом, если вы - любитель свежих, травянистых ароматов и холодного мохито.  Аромат идеально впишется в интерьер ванной комнаты, прихожей и просторной гостиной;Наполните стеклянный флакон арома жидкостью из пластикового рефила. Поставьте в стеклянный флакон с жидкостью палочки из микрофибры. Регулируйте насыщенность аромата с помощью количества палочек - чем больше палочек во флаконе, тем более интенсивным будет аромат.
19000374552;MAY MEADOW Midnight 2;набор ароматов для дома;Россия;8800;7920;https://goldapple.ru/19000374552-midnight-2;;Мистический, знойный, нежный цветочный аромат вдохновленный цветением ипомеи луноцветущей, цветы которой распускаются ночью. Верхние ноты сочной груши и агавы сливаются с мягкими цветочными и свежими нотами в пудровой смеси темного мускуса и амбры. Ароматическая свеча ручной работы, изготовлена из натурального, экологически чистого соевого воска, который не выделяет вредных веществ при горении.  При изготовлении свечи применяются ароматические масла специально разработанные для использования в свечах, они не содержат фталатов и безопасны при горении свечи.  Свеча рассчитана на 20 часов горения при правильном применении и соблюдении всех рекомендаций.  Кубики для ванны помогут создать персональное spa-пространство у вас дома. Кубики помогают расслабиться и снять напряжение после долго дня.  Spa-эффект достигается  благодаря компонентам входящим в состав: лимонная кислота смягчает воду и делает кожу более нежной и гладкой, сода выводит токсины и очищает, кокосовое масло и молоко питают и смягчают кожу.  Ароматическая композиция поможет настроиться на гармоничный лад и успокоить разум.  Натуральная пена и сушеные бутоны цветов сделают процесс принятия ванны эстетичным и роскошным spa-сеансом. После принятия ванны ваша кожа будет гладка и упругая, как после нанесения ухаживающего крема.;Свеча: Расположите свечу на ровной, устойчивой поверхности, зажгите с помощью спичек или зажигалки.  Не оставляйте свечу без внимания, особенно, если в комнате маленькие дети или животные. Не ставьте горящую свечу на подоконник или рядом с легко-воспламеняющимися предметами (книги, газеты, шторы, вазы с сухоцветами). Не задувайте свечи, дым от фитиля исказит аромат, который отдала свеча при горении. Для того, чтобы погасить свечу следует ее накрыть крышечкой или использовать пламегаситель.  Длина фитиля должна быть не более 0,5 см., иначе свеча может коптить. При необходимости излишки фитиля можно срезать специальными ножницами.  Не жгите свечу непрерывно более 2 часов, это ведёт к перегреву подсвечника, в результате чего подсвечник может лопнуть или потерять внешний вид.  Не жгите свечу, если высота оставшегося воска в подсвечнике не превышает 1 см. Куб для ванны:  Наберите ванну комфортной для вас температуры, вода не должна быть слишком горячей или слишком холодной, оптимальная температура 37-40 градусов.  Аккуратно поместите нижнюю часть кубика в воду, это даст эффект парящего, эстетичного растворения.  Принимайте ванну в течение 15 минут, допустило ополоснуть кожу проточной водой без моющих компонентов, после слегка промокните кожу полотенцем. Ароматическое саше: Снимите защитную упаковку с саше, пропустите ленту через специальное отверстие и разместите саше в гардеробе на штанге, на вешалке или положите к белью в ящик комода.  Для хорошей ароматической отдачи необходимы потоки воздуха. Аромасаше не стоит размещать рядом с нагревательными приборами или источниками тепла, чтобы оно не начало таять и выделять масло.  Не рекомендуется размещать саше вплотную к одежде из тонких, деликатных тканей. Аромат сохраняется более 90 дней, когда аромаотдача станет менее яркой, саше можно использовать в аромалампе.
19000234758;BY KAORI Christmas Tree;набор ароматов для дома;Россия;2690;2690;https://goldapple.ru/19000234758-christmas-tree;;Нежный хвойный аромат рождественской ели и мандаринов. Аромат средней насыщенности душистых арома веществ, мягко наполняет собой все помещение, создавая в нем полупрозрачную вуаль. Нота мандарина раскрывается в яркий сладковатый аромат, знакомый и любимый каждому из нас. Финальные аккорды хвои рождают насыщенный растительный шлейф. CHRISTMAS TREE - лучший аромат для новогодних праздников, а также для тех, кому хочется настоящего рождественского чуда даже посреди жаркого лета.  Аромат идеально подойдёт для детской комнаты, гостиной, а также для небольшой кофейни.;Наполните стеклянный флакон арома жидкостью из пластикового рефила наполовину. Поставьте в стеклянный флакон с жидкостью палочки из микрофибры. Регулируйте насыщенность аромата с помощью количества палочек - чем больше палочек во флаконе, тем более интенсивным будет аромат.
99000065221;12LEGENDS BlackBerry;набор ароматов для дома;;4499;4499;https://goldapple.ru/99000065221-blackberry;;Набор ароматическая свеча 150 мл. и диффузор 100 мл. Аромат BlackBerry-чувственный пленительный ягодный аромат. Он начинается легкими нотами яблока и нежными нитями шафрана. Сочная черная смородина и ежевика составляют основу этого аромата. Теплые базовые ноты аниса и амбры дают глубину. Эфирные масла пачули и кедра усиливают интенсивность темных фруктов.;Использовать для ароматизации помещения. Зажигайте свечу не меньше 1 часа, необходимо, чтобы воск растапливался по всей поверхности свечи, от стенки до стенки подсвечника, иначе образуется туннель в воске. Перед каждым зажжением свечи, удаляйте обгоревший участок фитиля, он должен быть не больше 5-6 мм. Не жгите свечу более 3 часов, это ведет к перегреву подсвечника, в результате чего он может лопнуть или потерять внешний вид. Не оставляйте свечу без присмотра. Берегите от детей и домашних животных. Диффузор необходимо поставить в центре комнаты, в место с хорошей циркуляцией воздуха, на высоте на уровне пояса. Регулируйте насыщенность аромата количеством палочек. Переворачивайте палочки каждые 2 недели.
99000110791;MAISON BERGER PARIS violet duo set & lolita lempicka;набор ароматов для дома;Франция;5990;4493;https://goldapple.ru/99000110791-violet-duo-set-lolita-lempicka;;"Подарочный набор в элегантном чёрном дизайне с ароматом-бестселлером ""Лолита Лемпика"" от бренда Maison Berger Paris состоит из аромадиффузора 90 мл с ивовыми палочками и интерьерных спрей-духов 50 мл. Аромат создаст в вашем доме атмосферу уюта и роскоши.  Лолита Лемпика — французский дизайнер и создатель одноимённого парфюмерного бренда Lolita Lempicka. В 1997 году она выпустила свой самый смелый проект: аромат ""Mon Premier Parfum"" — оду женственности с гурманскими и чувственными нотами. Парфюм стал мировым бестселлером, и в 2018 году Maison Berger Paris выпустил коллаборацию: теперь культовый аромат для тела можно попробовать в формате лампы Берже, свечей, диффузоров и спреев. Композиция повторяет аромат ""Mon Premier Parfum"" от Лолиты Лемпики.  Аромадиффузор для дома наполнит пространство изысканной композицией на срок до 3 недель. Регулировать интенсивность ароматизатора можно с помощью палочек, переворачивая их, добавляя и убирая.  Интерьерные спрей-духи позволяют легко ароматизировать различные комнаты дома или салон автомобиля небольшими порциями, наполняя пространство изысканным ароматом.";Аромадиффузор:  Наполните емкость не более чем на 2/3 ароматической жидкостью. Вставьте палочки и дождитесь, пока они пропитаются ароматом. Для регулирования интенсивности ароматизации добавьте или уберите несколько палочек. Периодически переворачивайте палочки, чтобы аромат становился более интенсивным.  Размещайте аромадиффузор на ровной поверхности вдали от солнечного света и источников тепла. Скорость испарения жидкости зависит от влажности помещения и температуры окружающей среды — чем они выше, тем быстрее расходуется аромат. Палочки продолжают отдавать аромат ещё несколько дней.  Спрей:  Держа флакон вертикально, распылите нужное количество на расстоянии 30–40 см. Может использоваться как в помещении, так и в салоне автомобиля.
19000182844;BAOBAB COLLECTION My first saint-tropez;набор ароматов для дома;Франция;22890;21745;https://goldapple.ru/19000182844-my-first-saint-tropez;;Ароматическая свеча 190 гр и ароматический диффузор 250 мл Saint Tropez, представленные в коллекции Baobab, украшены многоцветным и золотым шелкографическим принтом, изображающим крыши городских домов и воздающим дань уважения его легендарной колокольне. Аромат наполнен нотами Мяты, Чабреца и Базилика. Для помещения до 15 кв. м.  Время испарения 3-4 месяца.  Время горения свечи 40 часов.;Поместить ротанговые палочки во флакон с ароматической жидкостью, свечу использовать для ароматизации помещения.
19000234798;BY KAORI Sicily;набор ароматов для дома;Россия;2690;2690;https://goldapple.ru/19000234798-sicily;;Воздушный аромат свежих цитрусовых и нежного жасмина. Аромат средней насыщенности, плавно распространяется по всему помещению. Ноты лимона и бергамота наполняют пространство свежим цитрусовым ароматом с легкой горчинкой. Ведущие аккорды жасмина и розы растворяются в сладковатую цветочную композицию. Финальные штрихи мускуса усиливают пряность аромата.  SICILY станет вашим любимым ароматом, если в помещении вы хотите слышать нежный аромат цветов и цитрусовых.  Он идеально подойдёт для светлых натуральных интерьеров, гостиной и спальни.;Наполните стеклянный флакон арома жидкостью из пластикового рефила наполовину. Поставьте в стеклянный флакон с жидкостью палочки из микрофибры. Регулируйте насыщенность аромата с помощью количества палочек - чем больше палочек во флаконе, тем более интенсивным будет аромат.
19000234790;BY KAORI Rosso;набор ароматов для дома;Россия;2690;2690;https://goldapple.ru/19000234790-rosso;;Пышный аромат спелого красного винограда и сочных ягод. Аромат с высокой концентрацией душистых ароматических веществ, наполняет собой все помещение. Первичная нота раскрывается в растительный аромат малины и коры березы. Ведущий аккорд сочного красного винограда наполняет комнату терпким ароматом сухого вина. Нотка магнолии окрашивает шлейф мягкими оттенками цветов.  ROSSO - для любителей терпких, насыщенных ароматов вин и спелых ягод. Подойдёт вам, если вы хотите наполнить помещение ярким, интенсивным и душистым ароматом винограда.  Терпкий ROSSO идеален для просторной гостиной, темных натуральных интерьеров с деревянными элементами Комплектация:  декоративная стеклянная ёмкость 125 мл (пустая баночка) refill (ароматическая жидкость в пластиковом флаконе 100 мл) набор палочек 10 шт;Наполните стеклянный флакон арома жидкостью из пластикового рефила. Поставьте в стеклянный флакон с жидкостью палочки из микрофибры. Регулируйте насыщенность аромата с помощью количества палочек - чем больше палочек во флаконе, тем более интенсивным будет аромат.  Одного рефилла (refill) 100 мл хватает примерно на 1,5-2 месяца. Не выливайте всю жидкость сразу во флакон! В объём 125 мл налейте сначала половину.
99000093387;MAISON BERGER PARIS blue cosy bouquet & cozy musk;набор ароматов для дома;Франция;9990;9990;https://goldapple.ru/99000093387-blue-cosy-bouquet-cozy-musk;;"Откройте для себя набор с аромадиффузором из коллекции ""Уют"" и ароматом ""Уютный Мускус"" от бренда Maison Berger Paris.  Аромадиффузор ""Уют"" - сочетает в себе нежность и изысканность. Его элегантный дизайн и мягкие, округлые формы, успокаивающий коричневый цвет, создают атмосферу уюта и чистоты, идеально вписываясь в современную моду на домашний комфорт.  В комплекте находится аромат ""Уютный Мускус"", в котором чувствуются нотки белого мускуса, который наполнит ваш дом теплом и гармонией. Аромат Уютный Мускус - минималистичная композиция, обволакивающая своим успокаивающим очарованием. Словно нежное прикосновение, пудровое и бархатистое. Прелюдия к мягкости начинается с тонкой ноты Флердоранжа , обернутой лепестками Ромашки. Аккорд Белого Мускуса приглашает Вас закрыть глаза и наслаждаться каждым мгновением. Аромат, в котором гармонично сочетаются цветочная сладость и мускусная теплота. В наборе: – Аромадиффузор - 524мл. – Аромат - 200 мл.";Наполните емкость ароматической жидкостью. Вставьте палочки и дождитесь, пока они пропитаются ароматом. Для регулирования интенсивности ароматизации добавьте или уберите несколько палочек. Периодически переворачивайте палочки, чтобы аромат стал более интенсивным. Размещайте ароматический диффузор на ровной поверхности вдали от солнечного света и источников тепла. Скорость испарения жидкости зависит от влажности помещения и температуры окружающей среды - чем они выше, тем быстрее расходуется аромат. Меняйте палочки каждые 2-3 месяца, а также тогда, когда собираетесь использовать новый аромат, чтобы сохранить красоту композиции. Со временем цвет аромата может измениться, так как в нем содержаться натуральные масла, которые окрашивают жидкость естественным образом. Не выбрасывайте емкость, когда аромат закончится: вы можете просто купить сменный аромат и палочки!
19000467889;BOOMBLOOM Holly Jolly;набор ароматов для дома;Россия;4950;4455;https://goldapple.ru/19000467889-holly-jolly;;Набор «Holly Jolly» от Boom bloom (Бýм Блýм) создан для тех, кто любит простые, но атмосферные ритуалы праздника. Расставьте ароматы коллекции по дому, добавьте диффузор в гостиной или прихожей — новогоднее настроение уже здесь! Набор «Праздничное настроение» наполнит пространство праздником, даже если на окнах ещё нет снежинок, а гирлянды лежат в коробке. В набор входит: Две ароматические свечи по 90 г: — Holly Jolly | Мандариновый переполох — яркая цитрусовая композиция, вызывающая беззаботность и весёлую улыбку, без которых невозможно представить ни один Новый год. — Winter Wonderland | Зимняя сказка — аромат свежесрезанной пушистой ели и предвкушения чуда, будто праздник уже где-то на пороге. Диффузор ароматический American Movies, 50 мл: — American Movies | Американское кино — композиция, вдохновлённая атмосферой просмотров любимых ситкомов. Это микс из нот попкорна, карамели, ванили, топлёного сливочного масла и тростникового сахара. Гурманское сочетание с лёгкими нотами гималайской соли для любителей по-настоящему сладких историй. Верим, что эти ароматы продлят и усилят ощущение любимого праздника. С Новым годом!;Способ применения ароматического диффузора:  Достаньте флакон и аккуратно снимите крышку. Поместите фибровые палочки во флакон. Чем больше палочек, тем интенсивнее аромат. Рекомендуем начать с пяти палочек и при необходимости уменьшить их количество. Подождите 10–15 минут, затем переверните палочки. Расположите сосуд на ровной поверхности ближе к центру комнаты. Переворачивайте палочки раз в неделю или когда аромат ослабевает.  Способ применения свечей:  Подрежьте фитиль свечи до 5 мм. Зажгите фитиль и оставьте гореть на 1–3 часа, пока расплавленный воск не достигнет стенок сосуда. Не жгите свечу дольше 3 часов подряд. Подрезайте фитиль перед каждым использованием.  Попробуйте эти простые правила, чтобы продлить срок службы свечи.
19000234771;BY KAORI Fleur;набор ароматов для дома;Россия;3890;3890;https://goldapple.ru/19000234771-fleur;;Холодный свежий аромат сочного бергамота и плодов личи. Аромат с высокой концентрацией душистых веществ. Нотки личи и бергамота наполняют все помещение прохладной свежестью, на смену которой приходят аккорды спелого персика и цитрусовых. Шлейф проявляется в ярко выраженных цветочных нотах пиона и жасмина. Благодаря этому сочетанию, в комнате витает приятный аромат свежих цветов.  FLEUR точно станет вашим любимым ароматом, если вам не хватает сочных, цветочных композиций, а также если вы хотите придать помещению свежесть и впустить в свою комнату весну.  Аромат впишется в светлый интерьер спальни и гостиной, а также идеально дополнит любую ванную комнату.;Наполните стеклянный флакон арома жидкостью из пластикового рефила. Поставьте в стеклянный флакон с жидкостью палочки из микрофибры. Регулируйте насыщенность аромата с помощью количества палочек - чем больше палочек во флаконе, тем более интенсивным будет аромат.
19000288456;BOCA AROMA White Wood and Secret Garden;набор ароматов для дома;Россия;4900;4900;https://goldapple.ru/19000288456-white-wood-and-secret-garden;;Стильный набор из диффузора для дома и свечи в идеальном сочетании древесных и фруктовых нот. Рельеф стекла, кисточки из шелка, тонкий аромат — то, что придаст интерьеру вашего дома особый шарм. Ароматический диффузор для дома SECRET GARDEN с шелковой кисточкой и палочками из фибры - терпкий, сладкий, древесно-ягодный. Это аромат для вашего дома, который переносит в лето, в любимое всеми время спелых ягод и трав.  Верхние ноты — черная смородина, розмарин, ежевика.  Средние ноты — черника, живица, листья фиалки.  Базовые ноты — кедр.       Аромат свечи WHITE WOOD — современный древесный унисекс-аромат, идеален для успокоения и фокусировки, с легкими сладкими обволакивающими нотами.;Вы сами можете регулировать насыщенность аромата вулканического диффузора. Для более легкого аромата - капните всего несколько капель. Чтобы сделать аромат более насыщенным можно увеличить количество аромамасла, чтобы камни были полностью пропитаны. Аромат сохраняется от 3 до 5 месяцев, в зависимости от площади помещения и интенсивности использования.
19000280139;VENEW mini no. 3;набор ароматов для дома;Россия;2500;2500;https://goldapple.ru/19000280139-mini-no-3;;Шикарный подарочный набор ароматических средств для дома. Красивая коробка с логотипом придает шарм, роскошь и статусность. Мы подобрали для вас самые любимые ароматы, которые придадут интерьеру современный утонченный стиль.  Ароматический диффузор VENEW обеспечит постоянную ненавязчивую ароматизацию вашего помещения. Просто поставьте духи для дома в место с хорошей циркуляцией воздуха и наслаждайтесь качеством премиального парфюма.  Свеча ароматическая в банке – также замечательный подарок близким. Минималистичный дизайн и прекрасный аромат станут неотъемлемой частью декора и создадут атмосферу гармонии в любом помещении.  Автопарфюм с лёгкостью придаст особенный характер той атмосфере, в которой будет находиться. Будь то салон автомобиля или же дом. Автотовары (автоаксессуары) обязательно понравятся всем водителям.  Ознакомьтесь со всеми товарами нашего бренда, вы обязательно подберете что-то для себя или в подарок кому-то. Мы производим наши ароматы сами, поэтому уверены в качестве продукта, который действительно не стыдно подарить близким. VENEW - это эмоции, имеющие запах. Мы создаем гармонию, вы дарите ее своим близким :);
19000234756;BY KAORI Cherry Blossom;набор ароматов для дома;Россия;2690;2690;https://goldapple.ru/19000234756-cherry-blossom;;Сладкий пряный аромат наливной вишни и весенних цветов. Аромат высокой насыщенности, расставляет акценты во всем пространстве комнаты. Первичные ноты - вишня и горький миндаль - раскрываются в терпкий, яркий аромат вишневого ликера. Аккорды розы и жасмина сливаются в мягкий цветочный шлейф, сладость которого усиливается нотой ванили.  Вы влюбитесь в CHERRY BLOSSOM, если вы - поклонник нежных, сладких ароматов и сочной спелой вишни. CHERRY BLOSSOM - идеальный аромат для кухни, просторного холла и ванной комнаты в светлом интерьере.;Наполните стеклянный флакон арома жидкостью из пластикового рефила наполовину. Поставьте в стеклянный флакон с жидкостью палочки из микрофибры. Регулируйте насыщенность аромата с помощью количества палочек - чем больше палочек во флаконе, тем более интенсивным будет аромат.
99000018407;VENEW fragrance mix #4;набор ароматов для дома;;999;949;https://goldapple.ru/99000018407-fragrance-mix-4;;Набор диффузоров по 50 мл, 3 штуки. Морошка + фруктово-ягодный микс + клубника. Парфюмерия для дома - это, прежде всего, красивый декор с ароматическим шлейфом. Диффузор с палочками придает помещению современный утонченный стиль. Интерьерный парфюм VENEW обеспечит постоянную ароматизацию вашего пространства. Это простое, но долговременное решение распространит аккорды по комнате, ненавязчиво оставляя фоновый букет. Поставьте духи туда, где есть хорошая циркуляция воздуха и наслаждайтесь качеством премиального аксессуара. Аромадиффузор сделан на основе натуральных эфирных масел. В составе ингредиенты без добавления спирта. Это идеальный подарок родным, друзьям или коллегам. Элегантный дизайн, эстетичный стеклянный флакон и стильные фибровые палочки черного цвета станут роскошным дополнением любого места. Наши коллекции ароматов - это эмоции, имеющие запах. Отдохните от ежедневного стресса, порадуйте себя и близких, подарите гармонию, которую мы создаем для Вас с любовью!;Удалите пластиковую заглушку. Поместите палочки во флакон, переверните через пару минут. Палочки пропитываются ароматом и отдают его в окружающее пространство. Интенсивность аромата зависит от выбранного наименования, количества палочек, температуры и циркуляции воздуха в помещении. Не ставьте флакон в угол, в маленькое закрытое помещение, слишком высоко. Идеально - в центре комнаты на уровне пояса. Рекомендуется переворачивать палочки каждые 5-7 дней (если насыщенности недостаточно, следует переворачивать их как можно чаще и/или добавить еще несколько штук). Аромат раскрывается в течение 12-48 часов.
19000234754;BY KAORI Carolina;набор ароматов для дома;Россия;2690;2690;https://goldapple.ru/19000234754-carolina;;Нежный лёгкий аромат сладкого капучино и весенних цветов. Аромат средней насыщенности, мягко раскрывается в помещении. Кофейные и миндальные ноты постепенно растворяются в тёплый терпкий аромат. Цветы жасмина, ириса и бергамота распускаются аккордами свежести и легкой прохлады. Аромат оставляет мягкий шлейф пряного какао.  Вы влюбитесь в CAROLINA, если вы - поклонник маленьких кофеен и десертов, а также если вы хотите придать помещению тепло и некую таинственность.  CAROLINA - идеальный аромат для просторных светлых залов и ванных комнат. Также CAROLINA отлично впишется в обстановку салона красоты.;Наполните стеклянный флакон арома жидкостью из пластикового рефила наполовину. Поставьте в стеклянный флакон с жидкостью палочки из микрофибры. Регулируйте насыщенность аромата с помощью количества палочек - чем больше палочек во флаконе, тем более интенсивным будет аромат.
19000234789;BY KAORI Rose and Peach;набор ароматов для дома;Россия;3890;3890;https://goldapple.ru/19000234789-rose-and-peach;;Цветочный аромат сочного персика и лепестков нежной розы. Аромат высокой насыщенности, благодаря которому в вашей комнате будет пахнуть спелыми персиками и сливами. Ноты розы и корицы придают аромату сладость и пряность. Аккорды чёрной смородины и кокоса раскрываются в помещении в душистый сладкий шлейф.  Вы полюбите ROSE AND PEACH, если давно мечтаете оказаться в согретой солнцем Италии и хотите ощутить в своём доме долгожданное жаркое лето. Аромат подойдёт как для просторной гостиной, так и для ванной комнаты.  ROSE AND PEACH также идеально впишется в светлые интерьеры с панорамными окнами.;Наполните стеклянный флакон арома жидкостью из пластикового рефила. Поставьте в стеклянный флакон с жидкостью палочки из микрофибры. Регулируйте насыщенность аромата с помощью количества палочек - чем больше палочек во флаконе, тем более интенсивным будет аромат.
19000335657;BAGO HOME Новогоднее настроение;набор ароматов для дома;Россия;2567;1283;https://goldapple.ru/19000335657-novogodnee-nastroenie;;Набор из аромасвечей из 100% органического соевого воска в стеклянном стакане на 25 часов горения и ароматического диффузора объемом 45 мл в дизайнерской подарочной упаковке. Фибровые палочки из прессованного волокна для диффузора в комплекте. Праздничное сочетание сочных спелых мандаринов с теплыми нотами пряной корицы, ароматного эвкалипта и смолистой сосны создает радостное ощущение приближения праздника. Площадь ароматизации: до 20 м². Набор Новогоднее настроение: диффузор 45 мл + свеча 85 гр.;"Достаньте содержимое из коробки, освободите фибровые палочки от скотча,  открутите крышку от диффузора, выдавите белую защитную мембрану, закрутите крышечку обратно, вставьте палочки. Интенсивность аромата регулируется количеством палочек – чем их больше, тем аромат насыщеннее. Начинайте с 2-3 палочек и постепенно добавляйте по одной до достижения оптимальной интенсивности аромата.  Для эффективной работы диффузора необходимо движение воздуха. При первом зажигании, дайте поверхности свечи полностью расплавиться, таким образом вы избежите ""тоннельного"" эффекта, и свеча сгорит практически без остатка; ставьте зажженную свечу на ровную поверхность - это также позволит ей прогорать равномерно и радовать вас своей красотой и ароматом."
19000432261;BAOBAB COLLECTION My first Roma;набор ароматов для дома;Франция;22890;21745;https://goldapple.ru/19000432261-my-first-roma;;"Набор диффузор для ароматизации помещения и свеча. Коллекция My First Baobab - ""Мой первый Баобаб"" - для первого знакомства с брендом, почувствовать его уникальные ароматы и вдохновиться культурой великих город, отображенных на стекле флаконов. Аромат Roma - посвящение вечному городу Риму, флакон украшает профиль Колизея, нанесенный методом шелкографии. Стойкий аромат с нотами кориандра, пачули и бобов тонка. Для ароматизации помещения до 15 м.кв., длительность 3-4 месяца. Время горения свечи 40 часов.";Поместить ротанговые палочки во флакон с ароматической жидкостью, свечу использовать для ароматизации помещения.
19000234799;BY KAORI Sicily;набор ароматов для дома;Россия;3890;3890;https://goldapple.ru/19000234799-sicily;;Воздушный аромат свежих цитрусовых и нежного жасмина. Аромат средней насыщенности, плавно распространяется по всему помещению. Ноты лимона и бергамота наполняют пространство свежим цитрусовым ароматом с легкой горчинкой. Ведущие аккорды жасмина и розы растворяются в сладковатую цветочную композицию. Финальные штрихи мускуса усиливают пряность аромата.  SICILY станет вашим любимым ароматом, если в помещении вы хотите слышать нежный аромат цветов и цитрусовых.  Он идеально подойдёт для светлых натуральных интерьеров, гостиной и спальни.;Наполните стеклянный флакон арома жидкостью из пластикового рефила. Поставьте в стеклянный флакон с жидкостью палочки из микрофибры. Регулируйте насыщенность аромата с помощью количества палочек - чем больше палочек во флаконе, тем более интенсивным будет аромат.
99000102996;PLAMELIA day at the spa;набор ароматов для дома;Россия;4950;1995;https://goldapple.ru/99000102996-day-at-the-spa;;Plamelia представляет эксклюзивную капсульную коллекцию для истинных ценителей роскоши. Этот набор — воплощение изысканного вкуса и безупречного качества.  Диффузор с керамическим пером из пористого аромафарфора, выполненный вручную нашими мастерами, станет не только источником насыщенного аромата, но и стильным акцентом в вашем интерьере.  Ароматическая свеча из 100% чистого соевого воска с хлопковым фитилем гарантирует чистое горение без копоти.  Это не просто набор для ароматизации дома — это инвестиция в ваш стиль жизни, выражение индивидуальности и безупречного вкуса.  В наборе:  — Фарфоровое перо, изготовленное по уникальному рецепту Plamelia из специального пористого аромафарфора.  — Флакон, стилизованный под чернильницу.  — Рефил 55 мл с парфюмерной композицией «День в спа».  — Ароматическая свеча 55 мл из 100% чистого соевого воска с хлопковым фитилем.  Преимущества коллекции Plamelia:  — От 4 месяцев насыщенного и стабильного аромата.  — Уникальная рецептура: натуральные компоненты сочетаются с благородными парфюмерными аккордами.  — Роскошная подарочная упаковка, подчёркивающая эксклюзивность набора.  — Экологичные материалы и возможность приобретения дополнительных парфюмерных композиций в рефилах нашего производства.;Диффузор:  Снимите крышку с рефила. Перелейте содержимое рефила во флакон. Поместите перо во флакон с жидкостью, после того как перо активно напитается парфюмерной композицией, оно начнет отдавать аромат в пространство.  Свеча:  Откройте крышку свечи и зажгите фитиль. Наслаждайтесь ароматом.
19000280140;VENEW mini no. 4;набор ароматов для дома;Россия;3100;3100;https://goldapple.ru/19000280140-mini-no-4;;Шикарный подарочный набор ароматических средств для дома. Красивая коробка с логотипом придает шарм, роскошь и статусность бьюти боксу. Мы подобрали для вас самые любимые ароматы, которые придадут интерьеру современный утонченный стиль.  Ароматический диффузор VENEW обеспечит постоянную ненавязчивую ароматизацию вашего помещения. Просто поставьте духи для дома в место с хорошей циркуляцией воздуха и наслаждайтесь качеством премиального парфюма.  Свеча ароматическая в банке – также замечательный подарок близким. Минималистичный дизайн и прекрасный аромат станут неотъемлемой частью декора и создадут атмосферу гармонии в любом помещении.  Мыло подходит для рук и всего тела. Очищает, не повреждает кожу, не сушит, отлично пенится, гипоаллергенное, не содержит аммиак и щёлочь, подходит для интимной гигиены и частого использования.  Порадуйте своих близких и дорогих людей неповторимым подарком, который можно использовать ежедневно! Ознакомьтесь со всеми товарами нашего бренда, вы обязательно подберете что-то для себя или в подарок кому-то. Мы производим наши ароматы сами, поэтому уверены в качестве продукта, который действительно не стыдно подарить близким. VENEW - это эмоции, имеющие запах. Мы создаем гармонию, вы дарите ее своим близким :);
19000234787;BY KAORI Provence;набор ароматов для дома;Россия;3890;3890;https://goldapple.ru/19000234787-provence;;Густой, душистый аромат лавандовых полей и Прованса. Аккорды мягкой ванили, яркой лаванды и пряного бергамота переплетаются с нотами тонкого жасмина, бархатистой корицы и нежного персика.Красивое, переливчатое сочетание, которое моментально перенесёт вас под солнечное небо французского Прованса.  Аромат с высокой концентрацией душистых веществ - вы будете слышать яркий парфюмированный шлейф в каждом уголке пространства.  Эта композиция - лучшее решение для просторных залов и гостиных комнат.;Наполните стеклянный флакон арома жидкостью из пластикового рефила. Поставьте в стеклянный флакон с жидкостью палочки из микрофибры. Регулируйте насыщенность аромата с помощью количества палочек - чем больше палочек во флаконе, тем более интенсивным будет аромат.
19000374547;MAY MEADOW Midnight;набор ароматов для дома;Россия;4600;4140;https://goldapple.ru/19000374547-midnight;;Мистический, знойный, нежный цветочный аромат вдохновленный цветением ипомеи луноцветущей, цветы которой распускаются ночью. Верхние ноты сочной груши и агавы сливаются с мягкими цветочными и свежими нотами в пудровой смеси темного мускуса и амбры. Ароматическая свеча ручной работы, изготовлена из натурального, экологически чистого соевого воска, который не выделяет вредных веществ при горении.  При изготовлении свечи применяются ароматические масла специально разработанные для использования в свечах, они не содержат фталатов и безопасны при горении свечи.  Свеча рассчитана на 20 часов горения при правильном применении и соблюдении всех рекомендаций.  Кубики для ванны помогут создать персональное spa-пространство у вас дома. Кубики помогают расслабиться и снять напряжение после долго дня.  Spa-эффект достигается  благодаря компонентам входящим в состав: лимонная кислота смягчает воду и делает кожу более нежной и гладкой, сода выводит токсины и очищает, кокосовое масло и молоко питают и смягчают кожу.  Ароматическая композиция поможет настроиться на гармоничный лад и успокоить разум. Натуральная пена и сушеные бутоны цветов сделают процесс принятия ванны эстетичным и роскошным spa-сеансом. После принятия ванны ваша кожа будет гладка и упругая, как после нанесения ухаживающего крема.;Свеча: Расположите свечу на ровной, устойчивой поверхности, зажгите с помощью спичек или зажигалки.  Не оставляйте свечу без внимания, особенно, если в комнате маленькие дети или животные. Не ставьте горящую свечу на подоконник или рядом с легко-воспламеняющимися предметами (книги, газеты, шторы, вазы с сухоцветами). Не задувайте свечи, дым от фитиля исказит аромат, который отдала свеча при горении. Для того, чтобы погасить свечу следует ее накрыть крышечкой или использовать пламегаситель.  Длина фитиля должна быть не более 0,5 см., иначе свеча может коптить. При необходимости излишки фитиля можно срезать специальными ножницами.  Не жгите свечу непрерывно более 2 часов, это ведёт к перегреву подсвечника, в результате чего подсвечник может лопнуть или потерять внешний вид.  Не жгите свечу, если высота оставшегося воска в подсвечнике не превышает 1 см. Куб для ванны:  Наберите ванну комфортной для вас температуры, вода не должна быть слишком горячей или слишком холодной, оптимальная температура 37-40 градусов.  Аккуратно поместите нижнюю часть кубика в воду, это даст эффект парящего, эстетичного растворения.  Принимайте ванну в течение 15 минут, допустило ополоснуть кожу проточной водой без моющих компонентов, после слегка промокните кожу полотенцем.
19000234800;BY KAORI Sugar;набор ароматов для дома;Россия;2690;2690;https://goldapple.ru/19000234800-sugar;;Тягучий сладкий аромат жженого сахара и древесной смолы. Интенсивный аромат высокой насыщенности, заполняет собой все пространство комнаты. Громкие ноты шафрана и жасмина растворяются в душистый пряный аромат. Главный аккорд - древесный янтарь - окрашивает шлейф аромата сладостью и терпкостью смолы. Финальные ноты белого кедра усиливают древесный шлейф.  SUGAR - для тех, кто хочет придать своему помещению роскоши, наполнив его тягучим сладким ароматом.  SUGAR идеален для светлой спальни, просторной гардеробной и интерьеров с натуральными элементами.;Наполните стеклянный флакон арома жидкостью из пластикового рефила наполовину. Поставьте в стеклянный флакон с жидкостью палочки из микрофибры. Регулируйте насыщенность аромата с помощью количества палочек - чем больше палочек во флаконе, тем более интенсивным будет аромат.
19000234795;BY KAORI Salty Water;набор ароматов для дома;Россия;3890;3890;https://goldapple.ru/19000234795-salty-water;;Холодный аромат соленой морской воды и древних минералов. Аромат легкой насыщенности, самый деликатный из всей линейки. В помещении раскрывается плавно, постепенно заполняя собой пространство. Аккорды морской соли и амбретты растворяются в лёгкий бодрящий аромат соленных брызг. Штрихи морских водорослей добавляют аромату растительный оттенок, а нотка холодящего шалфея - прохладу.  SALTY WATER - ваш аромат, если вы - не любитель ярких, сладких благовоний, а также если вас всегда пленило таинственное море.   Аромат станет идеальным дополнением для небольшой спальни, гардеробной и офисного лофта.;Наполните стеклянный флакон арома жидкостью из пластикового рефила. Поставьте в стеклянный флакон с жидкостью палочки из микрофибры. Регулируйте насыщенность аромата с помощью количества палочек - чем больше палочек во флаконе, тем более интенсивным будет аромат.
19000234765;BY KAORI Dune;набор ароматов для дома;Россия;3890;3890;https://goldapple.ru/19000234765-dune;;Дерзкий, пряный аромат жаркого солнца и острого перца. Аромат высокой насыщенности, который заполнит собой все ваше пространство. Цитрусовые ноты апельсина и грейпфрута окрашивают шлейф приятной сладостью. Громкие аккорды перца растворяются в яркий, дерзкий и огненный аромат. Вкрапления кедра и ветивера дополняют композицию согревающим, древесным звучанием.  DUNE идеально подойдёт для тех, кто скучает по палящему солнцу и бескрайним пустынным барханам. Этот аромат впустит в ваш дом солнце, тепло и долгожданное лето.;Наполните стеклянный флакон арома жидкостью из пластикового рефила. Поставьте в стеклянный флакон с жидкостью палочки из микрофибры. Регулируйте насыщенность аромата с помощью количества палочек - чем больше палочек во флаконе, тем более интенсивным будет аромат.
19000189829;LOCHERBER MILANO Rhubarbe Royale;набор ароматов для дома;Италия;8100;6885;https://goldapple.ru/19000189829-rhubarbe-royale;;Парфюмерная спрей10 мл + Ароматическое саше. Насыщенная цветочно-восточная сложность этой композиции завораживает: она открывается острыми и горьковатыми нотами грейпфрута и ревеня, превращается в цветочные ароматы цикламена и жасмина, красных ягод и можжевельника, а затем становится чувственной и деликатной в шлейфе, неся в себе оттенок утонченного белого мускуса.;Саше применяется для ароматизации одежды или белья, приятный подарок для автолюбителей, красивый ароматный аксессуар на туалетном столике.  Рассчитано на 5-6 месяцев.
19000374550;MAY MEADOW Cashmere;набор ароматов для дома;Россия;4600;4140;https://goldapple.ru/19000374550-cashmere;;CASHMERE -  пленительный аромат, наполненный нотами мускуса, шафрана и амбры, окутает Вас своим теплом как кашемировый плед в прохладный вечер.  Дорогой, томный аромат начинается с нот шафрана и бергамота, раскрывается в сердце аккордами амбры, соединяясь с базовыми нотами ветивера и темного мускуса.   Ароматическая свеча ручной работы, изготовлена из натурального, экологически чистого соевого воска, который не выделяет вредных веществ при горении. При изготовлении свечи применяются ароматические масла специально разработанные для использования в свечах, они не содержат фталатов и безопасны при горении свечи.   Свеча рассчитана на 20 часов горения при правильном применении и соблюдении всех рекомендаций. Аромат свечи распространяется не сразу, а постепенно, в процессе горения свечи, объем свечи рассчитан на ароматизацию пространства 15-20 квадратных метров.   Кубики для ванны помогут создать персональное spa-пространство у вас дома. Кубики помогают расслабиться и снять напряжение после долго дня. Spa-эффект достигается  благодаря компонентам входящим в состав: лимонная кислота смягчает воду и делает кожу более нежной и гладкой, сода выводит токсины и очищает, кокосовое масло и молоко питают и смягчают кожу.   Ароматическая композиция поможет настроиться на гармоничный лад и успокоить разум. Натуральная пена и сушеные бутоны цветов сделают процесс принятия ванны эстетичным и роскошным spa-сеансом. После принятия ванны ваша кожа будет гладка и упругая, как после нанесения ухаживающего крема.   Состав набора: ароматическая свеча, 150 мл + две бомбочки для ванны, 300 гр;Свеча: расположите свечу на ровной, устойчивой поверхности, зажгите с помощью спичек или зажигалки.  Не оставляйте свечу без внимания, особенно, если в комнате маленькие дети или животные. Не ставьте горящую свечу на подоконник или рядом с легко-воспламеняющимися предметами (книги, газеты, шторы, вазы с сухоцветами). Не задувайте свечи, дым от фитиля исказит аромат, который отдала свеча при горении. Для того, чтобы погасить свечу следует ее накрыть крышечкой или использовать пламегаситель.  Длина фитиля должна быть не более 0,5 см., иначе свеча может коптить. При необходимости излишки фитиля можно срезать специальными ножницами.  Не жгите свечу непрерывно более 2 часов, это ведёт к перегреву подсвечника, в результате чего подсвечник может лопнуть или потерять внешний вид.  Не жгите свечу, если высота оставшегося воска в подсвечнике не превышает 1 см. Куб для ванны: наберите ванну комфортной для вас температуры, вода не должна быть слишком горячей или слишком холодной, оптимальная температура 37-40 градусов.  Аккуратно поместите нижнюю часть кубика в воду, это даст эффект парящего, эстетичного растворения.  Принимайте ванну в течение 15 минут, допустимо ополоснуть кожу проточной водой без моющих компонентов, после слегка промокните кожу полотенцем.
99000028701;VENEW mix #4;набор ароматов для дома;;1750;1575;https://goldapple.ru/99000028701-mix-4;;Набор диффузоров по 100 мл в янтарном флаконе, 3 штуки.  Кокос/шоколад + миндаль и цветы вишни + манго/грейпфрут. Парфюмерия для дома - это, прежде всего, красивый декор с ароматическим шлейфом. диффузор с палочками придает помещению современный утонченный стиль.  Интерьерный парфюм venew обеспечит постоянную ароматизацию вашего пространства.  Это простое, но долговременное решение распространит аккорды по комнате, ненавязчиво оставляя фоновый букет. Поставьте духи туда, где есть хорошая циркуляция воздуха и наслаждайтесь качеством премиального аксессуара.  Аромадиффузор сделан на основе натуральных эфирных масел.  В составе ингредиенты без добавления спирта. это идеальный подарок родным, друзьям или коллегам.  Элегантный дизайн, эстетичный стеклянный флакон и стильные фибровые палочки черного цвета станут роскошным дополнением любого места.  Наши коллекции ароматов - это эмоции, имеющие запах. отдохните от ежедневного стресса, порадуйте себя и близких, подарите гармонию, которую мы создаем для вас с любовью!;Удалите пластиковую заглушку, поместите палочки во флакон, переверните через пару минут.  Палочки пропитываются ароматом и отдают его в окружающее пространство.  Интенсивность аромата зависит от выбранного наименования, количества палочек, температуры и циркуляции воздуха в помещении. не ставьте флакон в угол, в маленькое закрытое помещение, слишком высоко.  Идеально - в центре комнаты на уровне пояса. рекомендуется переворачивать палочки каждые 5-7 дней (если насыщенности недостаточно, следует переворачивать их как можно чаще и/или добавить еще несколько штук). Аромат раскрывается в течение 12-48 часов.
19000474564;DR. VRANJES FIRENZE Ambra;набор ароматов для дома;Италия;16580;16580;https://goldapple.ru/19000474564-ambra;;Лимитированный дуэт в праздничном оформлении — атмосферный подарок для себя и самых любимых!  Утонченная композиция на основе благородной амбры, ладанника и согревающих пачулей раскрывается комфортными пудровыми нотами ириса и герани, сопровождается теплыми нотами сандала, кедра и ванили, создавая атмосферу роскоши и уюта.  Отправляйтесь в уникальное сенсорное путешествие на Восток, где можно отыскать редчайшие ароматы в изысканных флаконах и бутылках, пленительные специи и пряности, удивительные ткани ручной работы, переносящие во времена великих открытий и таинственных приключений.  Именно там рождается аромат для дома Ambra, способный перенести вас в мир истинного обаяния Востока и магической гармонии.  Стеклянный флакон диффузора и ваза свечи в оттенке оникса, напоминающие купол легендарного собора Санта-Мария-дель-Фьоре, изготовлены во Флоренции.;"Диффузор, 250 мл:  Поместите во флакон все палочки, которые идут в комплекте – таким образом аромат не будет испаряться через открытое горлышко флакона.  Для того чтобы отрегулировать интенсивность аромата, переворачивайте необходимое количество палочек ежедневно (1-2 для деликатного, еле заметного звучания; все палочки – для более яркого).  Для оптимального распространения аромата диффузор следует разместить в центре комнаты, чтобы воздух циркулировал при прохождении людей. В больших помещениях рекомендуется разместить два диффузора на противоположных концах комнаты.  Необходимо поддерживать уровень жидкости в диффузоре выше середины флакона, это позволит сохранить аутентичное звучание аромата. Для этого используйте рефил, регулярно добавляя необходимый объем ароматической жидкости в стеклянный флакон диффузора.   Ароматическая свеча, 150 мл:  Расположите свечу на устойчивой поверхности вдали от легковоспламеняющихся предметов. Зажгите свечу и оставьте гореть, не допуская горения более 2 часов.  Дайте воску прогреться на всей поверхности, чтобы избежать образования лунки со временем.  Не зажигайте свечу, если стекло повреждено.  Вы можете сочетать ароматические свечи с комплементарными диффузорами для дома, а также использовать несколько свечей одновременно для большей интенсивности аромата. В таком случае располагайте их на расстоянии минимум 15 см друг от друга."
99000103010;PLAMELIA cranberry prosecco;набор ароматов для дома;Россия;4950;1995;https://goldapple.ru/99000103010-cranberry-prosecco;;Plamelia представляет эксклюзивную капсульную коллекцию для истинных ценителей роскоши. Этот набор — воплощение изысканного вкуса и безупречного качества.  Диффузор с керамическим пером из пористого аромафарфора, выполненный вручную нашими мастерами, станет не только источником насыщенного аромата, но и стильным акцентом в вашем интерьере.  Ароматическая свеча из 100% чистого соевого воска с хлопковым фитилем гарантирует чистое горение без копоти.  Это не просто набор для ароматизации дома — это инвестиция в ваш стиль жизни, выражение индивидуальности и безупречного вкуса.  В наборе:  — Фарфоровое перо, изготовленное по уникальному рецепту Plamelia из специального пористого аромафарфора.  — Флакон, стилизованный под чернильницу.  — Рефил 55 мл с парфюмерной композицией «Клюквенное просекко».  — Ароматическая свеча 55 мл из 100% чистого соевого воска с хлопковым фитилем.  Преимущества коллекции Plamelia:  — От 4 месяцев насыщенного и стабильного аромата.  — Уникальная рецептура: натуральные компоненты сочетаются с благородными парфюмерными аккордами.  — Роскошная подарочная упаковка, подчёркивающая эксклюзивность набора.  — Экологичные материалы и возможность приобретения дополнительных парфюмерных композиций в рефилах нашего производства.;Диффузор:  Снимите крышку с рефила. Перелейте содержимое рефила во флакон. Поместите перо во флакон с жидкостью, после того как перо активно напитается парфюмерной композицией, оно начнет отдавать аромат в пространство.  Свеча:  Откройте крышку свечи и зажгите фитиль. Наслаждайтесь ароматом.
19000182843;BAOBAB COLLECTION My first platinum;набор ароматов для дома;Франция;22890;21745;https://goldapple.ru/19000182843-my-first-platinum;;Ароматическая свеча Platinum 190 гр и ароматический диффузор 250 мл были переработаны в версии небольшого размера для версии с платиновой монограммой, что очень соответствует нашему фирменному стилю. Аромат амбры, грейпфрута.   Время испарения 3-4 месяца.  Время горения свечи 40 часов.;Поместить ротанговые палочки во флакон с ароматической жидкостью, свечу использовать для ароматизации помещения.
19000321483;TEATRO FRAGRANZE UNICHE Home Joyful Atmosphere;набор ароматов для дома;Италия;5500;4950;https://goldapple.ru/19000321483-home-joyful-atmosphere;;Ноты табака, объединяются со специями, ветивером и кокосовым орехом, чтобы создать интимный, теплую и стойкую композицию, которая говорит о вас, о вашем доме. Идеально подходит для столовой, веранды, кабинета, холла.;Сделайте несколько распылений в пространство. Может быть дополнением к аромадиффузору для усиления концентрации аромата.
19000138227;MAGIC 5 ELEMENTS MAGIC EARTH AROMATHERAPY - Tobacco spices;набор ароматов для дома;Россия;3651;2190;https://goldapple.ru/19000138227-magic-earth-aromatherapy-tobacco-spices;;Набор - аромат для дома PURE BASES MAGIC EARTH Tobacco spices 100мл и аромасвеча 100мл. Наполните пространство изящным долгоиграющим ароматом, создайте уникальную атмосферу и  в состояние равновесия и баланса, свойственного стихии Воды. Создано специально для знаков зодиака: телец, козерог и дева. Набор  оформлен в стильную и эффектную подарочную упаковку (ТУБА) и станет роскошным подарком.;Откройте диффузор, вставьте в него палочки из набора, установите в удобном для вас месте дома или в офисе. Испаряясь, аромат будет наполнять помещение. Аромасвеча - перед тем, как зажечь свечу, проветрите комнату. Благодаря этому вы лучше ощутите аромат. Не используйте свечу дольше 3-х часов. В идеале один сеанс ароматерапии должен длиться 1,5-2 часа.
19000234767;BY KAORI Eden;набор ароматов для дома;Россия;3890;3890;https://goldapple.ru/19000234767-eden;;Ягодно-фруктовый аромат с мягким цветочным шлейфом. Насыщенный и яркий, аромат заполняет собой все помещение. Ноты маракуйи и малины раскрываются в сочный, свежий аромат спелых фруктов и ягод. Сладость усиливается благодаря аккордам ландыша и ванили. Аромат оставляет после себя пряный шлейф мускуса и сандала.  EDEN станет вашим любимым ароматом, если вам нравится ощущать на коже тёплые солнечные лучи, а также если вам нравятся пикантные, душистые ароматы.  EDEN - идеальное дополнение для спальни и гостиной как темных, так и светлых интерьеров. Кроме того, аромат отлично подойдёт для ванной комнаты.;Наполните стеклянный флакон арома жидкостью из пластикового рефила. Поставьте в стеклянный флакон с жидкостью палочки из микрофибры. Регулируйте насыщенность аромата с помощью количества палочек - чем больше палочек во флаконе, тем более интенсивным будет аромат.
19000321481;TEATRO FRAGRANZE UNICHE CERESIA;набор ароматов для дома;Италия;17050;15345;https://goldapple.ru/19000321481-ceresia;;Погружение в соблазнительные ноты вишни, захватывает своей беззаботной атмосферой, подчеркивающей суть самых простых удовольствий в жизни. Фруктовый букет собирается из переплетения вишни и бергамота, миндального молока и листьев инжира, оживляя сочную, свежую и интригующую композицию. Ceíesia взрывной аромат с соблазнительным и завораживающим характером. Ольфакторное путешествие излучает энергию и позитив. Состав набора: Диффузор с палочками 250 мл. Ароматическая свеча 180 мл.;"Окуните все палочки во флакон; для более интенсивного распространения аромата переворачивайте палочки несколько раз в день.  Регулировать аромат можно уменьшая или увеличивая число палочек. Палочки играют основную роль в интенсивности ароматизации, чем больше палочек, тем аромат насыщеннее. Для достижения лучших результатов, флакон не стоит никогда выставлять на прямой солнечный свет или ставить рядом с источниками тепла, так как под его воздействием происходит испарение аромата. Советы по уходу за свечой:  Регулярно подрезайте фитиль до длины в 0,5 см. Давайте воску равномерно расплавиться на поверхности."
19000374553;MAY MEADOW Oakmoss 2;набор ароматов для дома;Россия;8800;7920;https://goldapple.ru/19000374553-oakmoss-2;;Аромат весеннего леса после дождя, когда воздух наполнен запахами молодой листвы, древесины и мха.  Композиция аромата начинается с ярких нот грейпфрута и шалфея плавно переходя в терпкую сладость цветов лаванды. Глубину аромату придают ноты дубового мха, амбры и бобов тонка. Аромат содержит натуральные эфирные масла грейпфрута, лаванды и шалфея.                                                              Ароматическое саше ручной работы, изготовлены из натурального, экологически чистого соевого воска. При изготовлении саше применяются безопасные ароматические масла, не содержащие фталатов. Объем саше рассчитан на ароматизацию пространства до 4 квадратных метров. Кубики для ванны помогут создать персональное spa-пространство у вас дома. Кубики помогают расслабиться и снять напряжение после долго дня.  Spa-эффект достигается  благодаря компонентам входящим в состав: лимонная кислота смягчает воду и делает кожу более нежной и гладкой, сода выводит токсины и очищает, кокосовое масло и молоко питают и смягчают кожу. Ароматическая композиция поможет настроиться на гармоничный лад и успокоить разум. Натуральная пена и сушеные бутоны цветов сделают процесс принятия ванны эстетичным и роскошным spa-сеансом. После принятия ванны ваша кожа будет гладка и упругая, как после нанесения ухаживающего крема.;Свеча: Расположите свечу на ровной, устойчивой поверхности, зажгите с помощью спичек или зажигалки.  Не оставляйте свечу без внимания, особенно, если в комнате маленькие дети или животные. Не ставьте горящую свечу на подоконник или рядом с легко-воспламеняющимися предметами (книги, газеты, шторы, вазы с сухоцветами). Не задувайте свечи, дым от фитиля исказит аромат, который отдала свеча при горении. Для того, чтобы погасить свечу следует ее накрыть крышечкой или использовать пламегаситель.  Длина фитиля должна быть не более 0,5 см., иначе свеча может коптить. При необходимости излишки фитиля можно срезать специальными ножницами.  Не жгите свечу непрерывно более 2 часов, это ведёт к перегреву подсвечника, в результате чего подсвечник может лопнуть или потерять внешний вид.  Не жгите свечу, если высота оставшегося воска в подсвечнике не превышает 1 см. Куб для ванны:  Наберите ванну комфортной для вас температуры, вода не должна быть слишком горячей или слишком холодной, оптимальная температура 37-40 градусов.  Аккуратно поместите нижнюю часть кубика в воду, это даст эффект парящего, эстетичного растворения.  Принимайте ванну в течение 15 минут, допустило ополоснуть кожу проточной водой без моющих компонентов, после слегка промокните кожу полотенцем. Ароматическое саше: Снимите защитную упаковку с саше, пропустите ленту через специальное отверстие и разместите саше в гардеробе на штанге, на вешалке или положите к белью в ящик комода.  Для хорошей ароматической отдачи необходимы потоки воздуха. Аромасаше не стоит размещать рядом с нагревательными приборами или источниками тепла, чтобы оно не начало таять и выделять масло.  Не рекомендуется размещать саше вплотную к одежде из тонких, деликатных тканей. Аромат сохраняется более 90 дней, когда аромаотдача станет менее яркой, саше можно использовать в аромалампе.
19000239618;VENEW №3;набор ароматов для дома;Россия;3800;3800;https://goldapple.ru/19000239618-no3;;"Шикарный подарочный набор ароматических средств для дома. Готовый подарок женщине на новый год, день рождения или любой другой праздник. Красивая брендированная коробка роскошна, имеет шарм и добавляет статусности всему боксу. А внутреннее наполнение не оставит никого равнодушным. Мы подобрали самые любимые ароматы, которые добавят эмоций в дом, а также придадут интерьеру современный утонченный стиль.  Состав набора: Ароматический диффузор Сандал 100 мл (апельсин; хвоя, розовый перец; амбра, сандаловое дерево, белый мускус). Ароматический диффузор Лемонграсс 100 мл (лимон; лемонграсс; литсея кубеба). Ароматический диффузор Зелёный чай 50 мл (лайм, лимон, сенча чай; мята; белый мускус). Ароматический диффузор Миндаль/Цветы вишни 50 мл (вишня, миндаль; ирис, анис, кокос; бобы тонка). Палочки фибровые - 20 шт. Свеча ароматическая Кокос/Шоколад 100 мл (груша кокос; какао, кокос, молоко;  ваниль карибская, карамель, белый мускус, бобы тонка). Свеча ароматическая Ванильный вихрь 100 мл (миндаль, сливки; карамель, сахарная вата; ваниль, гелиотроп, белый мускус). Свеча ароматическая Сандаловое дерево 100 мл (апельсин; хвоя, розовый перец; амбра, сандаловое дерево, белый мускус).";Ароматический диффузор:  Удалите пластиковую заглушку. Поместите палочки во флакон, переверните через пару минут. Палочки пропитываются ароматом и отдают его в окружающее пространство. Интенсивность аромата зависит от выбранного наименования, количества палочек, температуры и циркуляции воздуха в помещении. Не ставьте флакон в угол, в маленькое закрытое помещение, слишком высоко. Идеально - в центре комнаты на уровне пояса. Рекомендуется переворачивать палочки каждые 5-7 дней (если насыщенности недостаточно, следует переворачивать их как можно чаще и/или добавить еще несколько штук). Аромат раскрывается в течение 12-48 часов. Свеча ароматическая:  При первом использовании зажгите свечу не менее чем на 1 час для равномерного плавления воска. Не жгите свечу дольше 3-х часов. Подрезайте фитиль перед каждым использованием. Прекратите использование, когда в ёмкости останется менее 5 мл воска. Общее горение свечи 25-30 часов. Свечу не задувать, накройте её крышкой и дождитесь, пока она потухнет. Затем снимите крышку, чтобы ушёл запах гари и дым.
99000028706;VENEW mix #3;набор ароматов для дома;;1999;1799;https://goldapple.ru/99000028706-mix-3;;Набор диффузоров по 100 мл в янтарном флаконе, 3 штуки.  Зеленый чай с лимоном и мятой+ хлопок + хвойный лес.  Парфюмерия для дома - это, прежде всего, красивый декор с ароматическим шлейфом. диффузор с палочками придает помещению современный утонченный стиль.  Интерьерный парфюм venew обеспечит постоянную ароматизацию вашего пространства.  Это простое, но долговременное решение распространит аккорды по комнате, ненавязчиво оставляя фоновый букет. Поставьте духи туда, где есть хорошая циркуляция воздуха и наслаждайтесь качеством премиального аксессуара.  Аромадиффузор сделан на основе натуральных эфирных масел.  В составе ингредиенты без добавления спирта. это идеальный подарок родным, друзьям или коллегам.  Элегантный дизайн, эстетичный стеклянный флакон и стильные фибровые палочки черного цвета станут роскошным дополнением любого места.  Наши коллекции ароматов - это эмоции, имеющие запах. отдохните от ежедневного стресса, порадуйте себя и близких, подарите гармонию, которую мы создаем для вас с любовью!;Удалите пластиковую заглушку, поместите палочки во флакон, переверните через пару минут.  Палочки пропитываются ароматом и отдают его в окружающее пространство.  Интенсивность аромата зависит от выбранного наименования, количества палочек, температуры и циркуляции воздуха в помещении. не ставьте флакон в угол, в маленькое закрытое помещение, слишком высоко.  Идеально - в центре комнаты на уровне пояса. рекомендуется переворачивать палочки каждые 5-7 дней (если насыщенности недостаточно, следует переворачивать их как можно чаще и/или добавить еще несколько штук). Аромат раскрывается в течение 12-48 часов.
99000102984;PLAMELIA orange&cinnamon;набор ароматов для дома;Россия;4950;1995;https://goldapple.ru/99000102984-orange-cinnamon;;Plamelia представляет эксклюзивную капсульную коллекцию для истинных ценителей роскоши. Этот набор — воплощение изысканного вкуса и безупречного качества.  Диффузор с керамическим пером из пористого аромафарфора, выполненный вручную нашими мастерами, станет не только источником насыщенного аромата, но и стильным акцентом в вашем интерьере.  Ароматическая свеча из 100% чистого соевого воска с хлопковым фитилем гарантирует чистое горение без копоти.  Это не просто набор для ароматизации дома — это инвестиция в ваш стиль жизни, выражение индивидуальности и безупречного вкуса.  В наборе:  — Фарфоровое перо, изготовленное по уникальному рецепту Plamelia из специального пористого аромафарфора.  — Флакон, стилизованный под чернильницу.  — Рефил 55 мл с парфюмерной композицией «Апельсин и корица».  — Ароматическая свеча 55 мл из 100% чистого соевого воска с хлопковым фитилем.  Преимущества коллекции Plamelia:  — От 4 месяцев насыщенного и стабильного аромата.  — Уникальная рецептура: натуральные компоненты сочетаются с благородными парфюмерными аккордами.  — Роскошная подарочная упаковка, подчёркивающая эксклюзивность набора.  — Экологичные материалы и возможность приобретения дополнительных парфюмерных композиций в рефилах нашего производства.;Диффузор:  Снимите крышку с рефила. Перелейте содержимое рефила во флакон. Поместите перо во флакон с жидкостью, после того как перо активно напитается парфюмерной композицией, оно начнет отдавать аромат в пространство.  Свеча:  Откройте крышку свечи и зажгите фитиль. Наслаждайтесь ароматом.
99000102979;PLAMELIA patchouli, vanilla&jasmine;набор ароматов для дома;Россия;4950;1995;https://goldapple.ru/99000102979-patchouli-vanilla-jasmine;;Plamelia представляет эксклюзивную капсульную коллекцию для истинных ценителей роскоши. Этот набор — воплощение изысканного вкуса и безупречного качества.  Диффузор с керамическим пером из пористого аромафарфора, выполненный вручную нашими мастерами, станет не только источником насыщенного аромата, но и стильным акцентом в вашем интерьере.  Ароматическая свеча из 100% чистого соевого воска с хлопковым фитилем гарантирует чистое горение без копоти.  Это не просто набор для ароматизации дома — это инвестиция в ваш стиль жизни, выражение индивидуальности и безупречного вкуса.  В наборе:  — Фарфоровое перо, изготовленное по уникальному рецепту Plamelia из специального пористого аромафарфора.  — Флакон, стилизованный под чернильницу.  — Рефил 55 мл с парфюмерной композицией «Пачули, ваниль и жасмин».  — Ароматическая свеча 55 мл из 100% чистого соевого воска с хлопковым фитилем.  Преимущества коллекции Plamelia:  — От 4 месяцев насыщенного и стабильного аромата.  — Уникальная рецептура: натуральные компоненты сочетаются с благородными парфюмерными аккордами.  — Роскошная подарочная упаковка, подчёркивающая эксклюзивность набора.  — Экологичные материалы и возможность приобретения дополнительных парфюмерных композиций в рефилах нашего производства.;Диффузор:  Снимите крышку с рефила. Перелейте содержимое рефила во флакон. Поместите перо во флакон с жидкостью, после того как перо активно напитается парфюмерной композицией, оно начнет отдавать аромат в пространство.  Свеча:  Откройте крышку свечи и зажгите фитиль. Наслаждайтесь ароматом.
19000396001;DR. VRANJES FIRENZE Rosso Nobile;набор ароматов для дома;Италия;28800;28800;https://goldapple.ru/19000396001-rosso-nobile;;Восхитительный дуэт из Диффузора и Ароматической свечи для роскошного аромадекора станет отличным подарком для себя и самых любимых! Истинная магия Тосканы, запечатленная в неповторимой ольфакторной композиции.  Позвольте себе насладиться ароматом знаменитого красного вина с холмов Кьянти с едва ощутимыми аккордами цветов апельсина, клубники, лесных ягод, переплетающимися с чуть шершавыми, дымными и теплыми нотами дуба и березовой древесины, которые отсылают к прославленным на весь мир винам в драгоценных дубовых бочках.  Главный бестселлер Dr. Vranjes Firenze с насыщенным, ярким и утонченным ароматом, созвучным благородному красному вину, одному из ключевых символов Италии.  Совершенное сочетание нот и безупречное элегантное оформление превращает Rosso Nobile в символ непревзойденного стиля и благополучия.;"Поместите во флакон все палочки, которые идут в комплекте – таким образом аромат не будет испаряться через открытое горлышко флакона. Для того, чтобы отрегулировать интенсивность аромата, переворачивайте необходимое количество палочек ежедневно (1-2 для деликатного, еле заметного звучания; все палочки – для более яркого). Для оптимального распространения аромата диффузор следует разместить в центре комнаты, чтобы воздух циркулировал при прохождении людей. В больших помещениях рекомендуется разместить два диффузора на противоположных концах комнаты.  Выбирайте объем флакона в зависимости от помещения. Необходимо поддерживать уровень жидкости в диффузоре выше середины флакона, это позволит сохранить аутентичное звучание аромата. Для этого используйте рефил, регулярно добавляя необходимый объем ароматической жидкости в стеклянный флакон диффузора. Расположите свечу на устойчивой поверхности вдали от легковоспламеняющихся предметов. Зажгите свечу и оставьте гореть, не допуская горения более 2 часов. Дайте воску прогреть на всей поверхности, чтобы избежать образования лунки со временем. Не зажигайте свечу, если стекло повреждено.  Вы можете сочетать ароматические свечи с комплементарными диффузорами для дома, а также использовать несколько свечей одновременно для большей интенсивности аромата. В таком случае располагайте их на расстоянии минимум 15 см друг от друга."
99000024783;12LEGENDS Royal Fig;набор ароматов для дома;;4499;4499;https://goldapple.ru/99000024783-royal-fig;;Подарочный набор свеча и диффузор. Ароматическая свеча 100 мл и ароматический диффузор 100 мл.  Royal Fig - королевская смесь роскошного инжира и имбиря, идеально подходящая для создания уютного пространства. Тонкие ноты сливы, мускуса и древесных нот дают аромату благородство и гармонию.  Свеча и диффузор упакованы в фирменную подарочную коробку черного цвета с бархатным ложементом, идеально для подарка.;Использовать для ароматизации помещения. Зажигайте свечу не меньше 1 часа, необходимо , чтобы воск растапливался по всей поверхности свечи, от стенки до стенки подсвечника, иначе образуется туннель в воске.  Перед каждым зажжением свечи, удаляйте обгоревший участок фитиля, он должен быть не больше 5-6 мм. Не жгите свечу более 3 часов, это ведет к перегреву подсвечника, в результате чего он может лопнуть или потерять внешний вид. Не оставляйте свечу без присмотра. Берегите от детей и домашних животных.  Диффузор необходимо поставить в центре комнаты, в место с хорошей циркуляцией воздуха, на высоте на уровне пояса.  Регулируйте насыщенность аромата количеством палочек. Переворачивайте палочки каждые 2 недели.
19000234760;BY KAORI Dark Vanilla;набор ароматов для дома;Россия;2690;2690;https://goldapple.ru/19000234760-dark-vanilla;;Томный, бархатный аромат сладкой ванили и розового перца. Аромат с высокой концентрацией душистых веществ, заполняет собой все пространство. Нотки бергамота и розового перца раскрываются в терпкий аромат с легкой горчинкой. В сочетании с аккордами ванили и сандала первичные ноты растворяются в стойкий, густой шлейф, приправленный щепотками боярышника и ландыша.  Вам точно нужен DARK VANILLA, если вы - поклонник томных, благородных ароматов, которые с каждой минутой раскрываются по-новому.  DARK VANILLA идеально впишется в темные интерьеры, подойдёт для ванных комнат и придаст таинственность спальне.;Наполните стеклянный флакон арома жидкостью из пластикового рефила наполовину. Поставьте в стеклянный флакон с жидкостью палочки из микрофибры. Регулируйте насыщенность аромата с помощью количества палочек - чем больше палочек во флаконе, тем более интенсивным будет аромат.
99000028708;VENEW mix #5;набор ароматов для дома;;1099;989;https://goldapple.ru/99000028708-mix-5;;Набор диффузоров по 50 мл в янтарном флаконе, 3 штуки.  Миндаль и цветы вишни + манго/грейпфрут + хвойный лес.  Парфюмерия для дома - это, прежде всего, красивый декор с ароматическим шлейфом. диффузор с палочками придает помещению современный утонченный стиль.  Интерьерный парфюм venew обеспечит постоянную ароматизацию вашего пространства.  Это простое, но долговременное решение распространит аккорды по комнате, ненавязчиво оставляя фоновый букет. Поставьте духи туда, где есть хорошая циркуляция воздуха и наслаждайтесь качеством премиального аксессуара.  Аромадиффузор сделан на основе натуральных эфирных масел.  В составе ингредиенты без добавления спирта. это идеальный подарок родным, друзьям или коллегам.  Элегантный дизайн, эстетичный стеклянный флакон и стильные фибровые палочки черного цвета станут роскошным дополнением любого места.  Наши коллекции ароматов - это эмоции, имеющие запах. отдохните от ежедневного стресса, порадуйте себя и близких, подарите гармонию, которую мы создаем для вас с любовью!;Удалите пластиковую заглушку, поместите палочки во флакон, переверните через пару минут.  Палочки пропитываются ароматом и отдают его в окружающее пространство.  Интенсивность аромата зависит от выбранного наименования, количества палочек, температуры и циркуляции воздуха в помещении. не ставьте флакон в угол, в маленькое закрытое помещение, слишком высоко.  Идеально - в центре комнаты на уровне пояса. рекомендуется переворачивать палочки каждые 5-7 дней (если насыщенности недостаточно, следует переворачивать их как можно чаще и/или добавить еще несколько штук). Аромат раскрывается в течение 12-48 часов.
99000018412;VENEW fragrance mix #3;набор ароматов для дома;;999;949;https://goldapple.ru/99000018412-fragrance-mix-3;;Набор диффузоров по 50 мл, 3 штуки. Морошка + орхидея + клубника. Парфюмерия для дома - это, прежде всего, красивый декор с ароматическим шлейфом. Диффузор с палочками придает помещению современный утонченный стиль. Интерьерный парфюм VENEW обеспечит постоянную ароматизацию вашего пространства. Это простое, но долговременное решение распространит аккорды по комнате, ненавязчиво оставляя фоновый букет. Поставьте духи туда, где есть хорошая циркуляция воздуха и наслаждайтесь качеством премиального аксессуара. Аромадиффузор сделан на основе натуральных эфирных масел. В составе ингредиенты без добавления спирта. Это идеальный подарок родным, друзьям или коллегам. Элегантный дизайн, эстетичный стеклянный флакон и стильные фибровые палочки черного цвета станут роскошным дополнением любого места. Наши коллекции ароматов - это эмоции, имеющие запах. Отдохните от ежедневного стресса, порадуйте себя и близких, подарите гармонию, которую мы создаем для Вас с любовью!;Удалите пластиковую заглушку. Поместите палочки во флакон, переверните через пару минут. Палочки пропитываются ароматом и отдают его в окружающее пространство. Интенсивность аромата зависит от выбранного наименования, количества палочек, температуры и циркуляции воздуха в помещении. Не ставьте флакон в угол, в маленькое закрытое помещение, слишком высоко. Идеально - в центре комнаты на уровне пояса. Рекомендуется переворачивать палочки каждые 5-7 дней (если насыщенности недостаточно, следует переворачивать их как можно чаще и/или добавить еще несколько штук). Аромат раскрывается в течение 12-48 часов.
19000264080;BOCA AROMA sunny island gift set;набор ароматов для дома;Россия;5100;4845;https://goldapple.ru/19000264080-gift-set;;Стильный набор с идеальным сочетанием древесных ароматов, фактуры бетона,камней и дерева. Пористая поверхность камней из вулканической лавы отличается долгой аромаотдачей, тонкостью звучания нот. Стильная альтернатива стандартным диффузорам, отличающаяся своей аутентичностью, а также идеальный подарок. Свеча SUNNY ISLAND -- средоточие удовольствий! В звучании этого солнечного аромата собрано все: флирт, любовь, игра, тепло, радость и, главное, ощущение бесконечного счастья. Ноты аромата: зеленый манго, ревень, персик, ананас, ваниль, карамель. Вулканический диффузор Sparkling Fruit -- игристый, свежий и воздушный. Утонченное и деликатное звучание фруктово-ягодных нот для вашего дома. Ноты аромата: грейпфрут, персик, черная смородина, роза. Комплектация: Свеча, диффузор, вулканические камни в бархатном мешочке, аромамасло 10 мл в бутылочке с пипеткой, упаковка.;Вы сами можете регулировать насыщенность аромата вулканического диффузора. Для более легкого аромата - капните всего несколько капель. Чтобы сделать аромат более насыщенным можно увеличить количество аромамасла, чтобы камни были полностью пропитаны. Аромат сохраняется от 3 до 5 месяцев, в зависимости от площади помещения и интенсивности использования.
99000102980;PLAMELIA tabacco&vanilla;набор ароматов для дома;Россия;4950;1995;https://goldapple.ru/99000102980-tabacco-vanilla;;Plamelia представляет эксклюзивную капсульную коллекцию для истинных ценителей роскоши. Этот набор — воплощение изысканного вкуса и безупречного качества.  Диффузор с керамическим пером из пористого аромафарфора, выполненный вручную нашими мастерами, станет не только источником насыщенного аромата, но и стильным акцентом в вашем интерьере.  Ароматическая свеча из 100% чистого соевого воска с хлопковым фитилем гарантирует чистое горение без копоти.  Это не просто набор для ароматизации дома — это инвестиция в ваш стиль жизни, выражение индивидуальности и безупречного вкуса.  В наборе:  — Фарфоровое перо, изготовленное по уникальному рецепту Plamelia из специального пористого аромафарфора.  — Флакон, стилизованный под чернильницу.  — Рефил 55 мл с парфюмерной композицией «Табак и ваниль».  — Ароматическая свеча 55 мл из 100% чистого соевого воска с хлопковым фитилем.  Преимущества коллекции Plamelia:  — От 4 месяцев насыщенного и стабильного аромата.  — Уникальная рецептура: натуральные компоненты сочетаются с благородными парфюмерными аккордами.  — Роскошная подарочная упаковка, подчёркивающая эксклюзивность набора.  — Экологичные материалы и возможность приобретения дополнительных парфюмерных композиций в рефилах нашего производства.;Диффузор:  Снимите крышку с рефила. Перелейте содержимое рефила во флакон. Поместите перо во флакон с жидкостью, после того как перо активно напитается парфюмерной композицией, оно начнет отдавать аромат в пространство.  Свеча:  Откройте крышку свечи и зажгите фитиль. Наслаждайтесь ароматом.
99000078025;7SENS HOME Prosecco & Grapefruite;набор ароматов для дома;;4000;3000;https://goldapple.ru/99000078025-prosecco-grapefruite;;Подарочный арома-бокс 7SENS: аромасвеча и диффузор с легким и притягательным ароматом Prosecco & Grapefruite. Свеча объемом 190мл, диффузор объемом 50 мл. Окунитесь в мир абсолютного уюта и гармонии с изысканным подарочным арома-боксом 7SENS. Внутри вы найдете натуральную арома-свечу и ароматический диффузор, идеально подобранные, чтобы наполнить ваш дом искристым и легким ароматом коллекции - Prosecco & Grapefruite. В легкой цветочно-фруктовой композиции сладкие и нежные ноты фруктов гармонируют с элегантными акцентами цветов. А нижние ноты мускуса создают особое настроение. Искрящийся аромат станет потрясающим решением для тех, кто любит свежие, легкие ароматы. Идеально подходит в качестве особого подарка или для создания уютной атмосферы у себя дома.;"Зажигаем свечи правильно:  зажигайте свечу спичками или специальной зажигалкой - это удобно, безопасно и красиво. расплавляйте воск до краев стакана с первого зажжения свечи, во избежание образования лунок и неровностей. *перед каждым использованием подрезайте край обгоревшего фитиля до уровня 0,5см, так воск не будет окрашиваться, и свеча не начнет коптить. *не жгите свечу менее получаса и более 2 часов подряд. *аромат наполняет комнату постепенно в течение первых 20-30 минут горения.  Как правильно использовать диффузор для дома При первом применении: вытащите пластиковую заглушку, оденьте декоративную крышку на флакон и вставьте несколько палочек Подождите 1-1,5часа и переверните палочки Регулируйте интенсивность аромата количеством палочек. Для поддержания комфортного аромата, переворачивайте палочки по необходимости. Где расположить диффузор? Идеальное место для диффузора - это ""проходная"" зона, где есть постоянное движение воздуха. Это позволит облаку аромата постоянно распределяться в помещении. Например, на входе в комнату, в центре комнаты на столике. не ставьте диффузор в угол или на подоконник. В такой зоне аромат не сможет распространиться по пространству."
19000239620;VENEW №5;набор ароматов для дома;Россия;3300;3300;https://goldapple.ru/19000239620-no5;;"Шикарный подарочный набор ароматических средств для дома. Готовый подарок женщине на новый год, день рождения или любой другой праздник. Красивая брендированная коробка роскошна, имеет шарм и добавляет статусности всему боксу. А внутреннее наполнение не оставит никого равнодушным. Мы подобрали самые любимые ароматы, которые добавят эмоций в дом, а также придадут интерьеру современный утонченный стиль.  Состав набора: Ароматический диффузор Тропик/Сандал 100 мл (лимон, ананас, бергамот; сандаловое дерево, мята, ментол; белый мускус, амбра). Ароматический диффузор Зелёный чай 50 мл (лайм, лимон, сенча чай; мята; белый мускус). Ароматический диффузор Кокос/Шоколад 50 мл (груша кокос; какао, кокос, молоко;  ваниль карибская, карамель, белый мускус, бобы тонка). Палочки фибровые - 15 шт. Автопарфюм Лемонграсс 8 мл (лимон; лемонграсс; литсея кубеба). Свеча ароматическая Кокос/Шоколад 100 мл (груша кокос; какао, кокос, молоко;  ваниль карибская, карамель, белый мускус, бобы тонка).";Ароматический диффузор:  Удалите пластиковую заглушку. Поместите палочки во флакон, переверните через пару минут. Палочки пропитываются ароматом и отдают его в окружающее пространство. Интенсивность аромата зависит от выбранного наименования, количества палочек, температуры и циркуляции воздуха в помещении. Не ставьте флакон в угол, в маленькое закрытое помещение, слишком высоко. Идеально - в центре комнаты на уровне пояса. Рекомендуется переворачивать палочки каждые 5-7 дней (если насыщенности недостаточно, следует переворачивать их как можно чаще и/или добавить еще несколько штук). Аромат раскрывается в течение 12-48 часов. Автопарфюм: Извлеките ароматизатор из упаковки и открутите деревянную крышку. Удалите пластиковую заглушку. Аккуратно, не повреждая резьбу, установите деревянную крышку обратно. Переверните ароматизатор и удерживайте, пока крышка не пропитается на треть. Подвесьте флакон в любом удобном месте автомобиля, убедившись, что он не ограничивает обзор. Периодически подтягивайте деревянную крышку в процессе использования, чтобы избежать падения флакона. Для усиления аромата переворачивайте флакон чаще.  Свеча ароматическая:  При первом использовании зажгите свечу не менее чем на 1 час для равномерного плавления воска. Не жгите свечу дольше 3-х часов. Подрезайте фитиль перед каждым использованием. Прекратите использование, когда в ёмкости останется менее 5 мл воска. Общее горение свечи 25-30 часов. Свечу не задувать, накройте её крышкой и дождитесь, пока она потухнет. Затем снимите крышку, чтобы ушёл запах гари и дым.
19000222677;ZIELINSKI & ROZEN Candle set Orange & Jasmine;набор ароматов для дома;Россия;5990;5990;https://goldapple.ru/19000222677-candle-set-orange-jasmine;;Состав набора: 13 конусовидных свечей, металлический подсвечник, спички в стеклянной бутылке.;Поставить свечу в подсвечник. Зажечь фитиль. Возможно использование в помещении, на веранде или в саду. По мере горения свечи наполняют пространство приятным ароматом. Меры предосторожности: Не оставлять свечу без присмотра. Использовать в недоступном для детей месте, вдали от легковоспламеняющихся предметов. Не использовать при сквозняке или ветре. После использования погасить свечу. Хранить при комнатной температуре. Использование в пищевых целях опасно для жизни.
19000266626;VENEW clean cotton;набор ароматов для дома;Россия;5500;5500;https://goldapple.ru/19000266626-clean-cotton;;Мечтаете о создании идеальной атмосферы в своем доме? Диффузор для дома - это то, что вам нужно. Аромадиффузор способен превратить любое пространство в настоящий рай ароматов. Предлагаем широкую линейку премиальных ароматических жидкостей. Найдите для себя идеальный вариант. ЧИСТЫЙ ХЛОПОК - это ранее свежее утро, первые лучи солнца, лениво проникающие в комнату сквозь лёгкие полупрозрачные занавески. А повсюду витает ни с чем не сравнимый запах чистого белья. Представили? Да, именно так должен пахнуть Дом. Тот самый тонкий, нежный, ненавязчивый аромат идеальной чистоты и безграничной свежести. Приобретайте вкусный аксессуар премиум сегмента, который непременно станет украшением вашего интерьера. Стильная роскошная упаковка в виде тубуса выглядит дорого, уникально и делает весь набор прекрасным подарком для ваших близких или друзей. Создайте идиллическую атмосферу для романтического вечера или вечеринки с друзьями. Сделайте подарок маме или подруге на 8 марта или день рождения. Подберите подходящий аромат, и наш ароматический диффузор также станет отличным подарком папе на 23 февраля, мужчине или другу. Притягательный аромат создаст неповторимое впечатление и оставит яркие воспоминания. Позвольте вкусным ноткам декора проникнуть в каждое помещение, заполнив их и навсегда оставив след в сердце и памяти. Не упускайте возможность ощутить настоящую гармонию и изысканность. Ознакомьтесь со всей продукцией нашего бренда, введя название VENEW в поисковую строку. В тубусе вы найдете: флакон из янтарного стекла 500 мл с притёртой стеклянной колбой, рефил (сменная жидкость / наполнитель для диффузора), 7 чёрных фибровых палочек d 5мм, h 35 см. В подарок идет фирменный автопарфюм. Коллекции ароматов VENEW - это эмоции, имеющие запах. Отдохните от ежедневного стресса, порадуйте себя и близких, подарите гармонию, которую мы создаем для Вас с любовью!;"Палочки пропитываются ароматом и отдают его в окружающее пространство; интенсивность зависит от выбранного наименования, количества палочек, температуры и циркуляции воздуха в помещении.  1. Достаньте содержимое коробки, откройте пластиковую бутылочку. 2. Перелейте часть жидкости в стеклянный диффузор. 3. Вставьте фибровые палочки, через 30 минут переверните их. 4. Подождите, пока они пропитаются ароматом и начнут отдавать его в окружающее пространство. Не ставьте флакон в угол, в маленькое закрытое помещение, слишком высоко. Рекомендуется переворачивать палочки каждые 5-7 дней. Если насыщенности недостаточно, следует переворачивать их как можно чаще и/или добавить еще несколько штук. Аромат раскрывается в течение 12-48 часов."
99000102977;PLAMELIA spring mood;набор ароматов для дома;Россия;4950;1995;https://goldapple.ru/99000102977-spring-mood;;Plamelia представляет эксклюзивную капсульную коллекцию для истинных ценителей роскоши. Этот набор — воплощение изысканного вкуса и безупречного качества.  Диффузор с керамическим пером из пористого аромафарфора, выполненный вручную нашими мастерами, станет не только источником насыщенного аромата, но и стильным акцентом в вашем интерьере.  Ароматическая свеча из 100% чистого соевого воска с хлопковым фитилем гарантирует чистое горение без копоти.  Это не просто набор для ароматизации дома — это инвестиция в ваш стиль жизни, выражение индивидуальности и безупречного вкуса.  В наборе:  — Фарфоровое перо, изготовленное по уникальному рецепту Plamelia из специального пористого аромафарфора.  — Флакон, стилизованный под чернильницу.  — Рефил 55 мл с парфюмерной композицией «Весеннее настроение».  — Ароматическая свеча 55 мл из 100% чистого соевого воска с хлопковым фитилем.  Преимущества коллекции Plamelia:  — От 4 месяцев насыщенного и стабильного аромата.  — Уникальная рецептура: натуральные компоненты сочетаются с благородными парфюмерными аккордами.  — Роскошная подарочная упаковка, подчёркивающая эксклюзивность набора.  — Экологичные материалы и возможность приобретения дополнительных парфюмерных композиций в рефилах нашего производства.;Диффузор:  Снимите крышку с рефила. Перелейте содержимое рефила во флакон. Поместите перо во флакон с жидкостью, после того как перо активно напитается парфюмерной композицией, оно начнет отдавать аромат в пространство.  Свеча:  Откройте крышку свечи и зажгите фитиль. Наслаждайтесь ароматом.
19000266622;VENEW woody tobacco intense;набор ароматов для дома;Россия;9500;9500;https://goldapple.ru/19000266622-woody-tobacco-intense;;Мечтаете о создании идеальной атмосферы в своем доме? Диффузор для дома - это то, что вам нужно. Аромадиффузор способен превратить любое пространство в настоящий рай ароматов. Предлагаем широкую линейку премиальных ароматических жидкостей. Найдите для себя идеальный вариант. WOODY TOBACCO INTENSE - это восторг с первого вдоха. Парфюмированный унисекс аромат, спокойный, мужественный, элегантный и теплый, очень насыщенный и с восточными нотками. Пирамида многокомпонентная и весьма сложная, изобилующая различными ингредиентами. Аромажидкость вначале покажется довольно напористой и громкой, но затем останется мягкий древесный флёр с нотами ванили и мускуса. Это отличный вариант не только для дома и дачи, но и для деловых встреч в офисе, для ароматизации помещений магазинов, салонов. Аромат выразительный, ровный, с густой композицией, которая покорит сердца, возможно не в прямом звучании, но в шлейфовом точно! Приобретайте вкусный аксессуар премиум сегмента, который непременно станет украшением вашего интерьера. Стильная роскошная упаковка в виде тубуса выглядит дорого, уникально и делает весь набор прекрасным подарком для ваших близких или друзей. Создайте идиллическую атмосферу для романтического вечера или вечеринки с друзьями. Сделайте подарок маме или подруге на 8 марта или день рождения. Подберите подходящий аромат, и наш ароматический диффузор также станет отличным подарком папе на 23 февраля, мужчине или другу. Притягательный аромат создаст неповторимое впечатление и оставит яркие воспоминания. Позвольте вкусным ноткам декора проникнуть в каждое помещение, заполнив их и навсегда оставив след в сердце и памяти. Не упускайте возможность ощутить настоящую гармонию и изысканность. Ознакомьтесь со всей продукцией нашего бренда, введя название VENEW в поисковую строку. В тубусе вы найдете: флакон из янтарного стекла 500 мл с притёртой стеклянной колбой, рефил (сменная жидкость / наполнитель для диффузора), 7 чёрных фибровых палочек d 5мм, h 35 см. В подарок идет фирменный автопарфюм. Коллекции ароматов VENEW - это эмоции, имеющие запах. Отдохните от ежедневного стресса, порадуйте себя и близких, подарите гармонию, которую мы создаем для Вас с любовью!;"Палочки пропитываются ароматом и отдают его в окружающее пространство; интенсивность зависит от выбранного наименования, количества палочек, температуры и циркуляции воздуха в помещении.  1. Достаньте содержимое коробки, откройте пластиковую бутылочку. 2. Перелейте часть жидкости в стеклянный диффузор. 3. Вставьте фибровые палочки, через 30 минут переверните их. 4. Подождите, пока они пропитаются ароматом и начнут отдавать его в окружающее пространство. Не ставьте флакон в угол, в маленькое закрытое помещение, слишком высоко. Рекомендуется переворачивать палочки каждые 5-7 дней. Если насыщенности недостаточно, следует переворачивать их как можно чаще и/или добавить еще несколько штук. Аромат раскрывается в течение 12-48 часов."
19000396000;DR. VRANJES FIRENZE Oud Nobile;набор ароматов для дома;Италия;12000;12000;https://goldapple.ru/19000396000-oud-nobile;;Дуэт для роскошного аромадекора станет прекрасным подарком для себя и самых любимых!  Совершите путешествие в мир самых чувственных нот, переносящих на загадочные и притягательные земли Ближнего Востока: драгоценный уд, искусно сочетающийся с нотами нероли и бергамота, ладана и мирры, амбры и сандалового дерева, завораживает и покоряет.  Испытайте очарование и редкость «жидкого золота» в непревзойденной ольфакторной композиции.  Редкий и благородный характер аромата, его магическая, согревающая аура – истинное искушение, заключенное в восхитительный элегантный флакон.  Рефил с ароматом позволит продлить удовольствие, сохранив атмосферу надолго.;"Поместите во флакон все палочки, которые идут в комплекте – таким образом аромат не будет испаряться через открытое горлышко флакона. Для того, чтобы отрегулировать интенсивность аромата, переворачивайте необходимое количество палочек ежедневно (1-2 для деликатного, еле заметного звучания; все палочки – для более яркого). Для оптимального распространения аромата диффузор следует разместить в центре комнаты, чтобы воздух циркулировал при прохождении людей. В больших помещениях рекомендуется разместить два диффузора на противоположных концах комнаты.  Выбирайте объем флакона в зависимости от помещения. Необходимо поддерживать уровень жидкости в диффузоре выше середины флакона, это позволит сохранить аутентичное звучание аромата. Для этого используйте рефил, регулярно добавляя необходимый объем ароматической жидкости в стеклянный флакон диффузора."
19000280141;VENEW mini no. 5;набор ароматов для дома;Россия;3100;3100;https://goldapple.ru/19000280141-mini-no-5;;Шикарный подарочный набор ароматических средств для дома. Подойдет мужчине. Красивая коробка с логотипом придает шарм, роскошь и статусность бьюти боксу. Мы подобрали для вас самые любимые ароматы, которые придадут интерьеру современный утонченный стиль. Ароматический диффузор VENEW обеспечит постоянную ненавязчивую ароматизацию вашего помещения. Просто поставьте духи для дома в место с хорошей циркуляцией воздуха и наслаждайтесь качеством премиального парфюма.  Автопарфюм с лёгкостью придаст особенный характер той атмосфере, в которой будет находиться. Будь то салон автомобиля или же дом. Автотовары (автоаксессуары) обязательно понравятся всем водителям. На выбор 3 потрясающих аромата.  Ознакомьтесь со всеми товарами нашего бренда, вы обязательно подберете что-то для себя или в подарок кому-то. Мы производим наши ароматы сами, поэтому уверены в качестве продукта, который действительно не стыдно подарить близким. VENEW - это эмоции, имеющие запах. Мы создаем гармонию, вы дарите ее своим близким :);
19000321486;TEATRO FRAGRANZE UNICHE NERO DIVINO;набор ароматов для дома;Италия;17050;15345;https://goldapple.ru/19000321486-nero-divino;;Сладкий и изысканный аромат клубники и черного винограда в сочетании с живостью ежевики и земляника оттенены таинственными благовониями и кожей.  Свежая древесная база привнесет в дом ощущения праздника, радости и роскоши. Идеально подходит для столовой, веранды, кабинет, холл. Состав набора: Диффузор с палочками 250 мл. Ароматическая свеча 180 мл.;"Окуните все палочки во флакон; для более интенсивного распространения аромата переворачивайте палочки несколько раз в день. Регулировать аромат можно уменьшая или увеличивая число палочек. Палочки играют основную роль в интенсивности ароматизации, чем больше палочек, тем аромат насыщеннее. Для достижения лучших результатов, флакон не стоит никогда выставлять на прямой солнечный свет или ставить рядом с источниками тепла, так как под его воздействием происходит испарение аромата. Советы по уходу за свечой: - Регулярно подрезайте фитиль до длины в 0,5 см. - Давайте воску равномерно расплавиться на поверхности."
19000321480;TEATRO FRAGRANZE UNICHE Ceresia;набор ароматов для дома;Италия;8250;7425;https://goldapple.ru/19000321480-ceresia-collection-mini-sinfonia;;Погружение в соблазнительные ноты вишни, захватывает своей беззаботной атмосферой, подчеркивающей суть самых простых удовольствий в жизни. Фруктовый букет собирается из переплетения вишни и бергамота, миндального молока и листьев инжира, оживляя сочную, свежую и интригующую композицию. Ceíesia взрывной аромат с соблазнительным и завораживающим характером. Ольфакторное путешествие излучает энергию и позитив. Идеально подходит для праздничной обстановки и больших пространств.;"Окуните все палочки во флакон; для более интенсивного распространения аромата переворачивайте палочки несколько раз в день.  Регулировать аромат можно уменьшая или увеличивая число палочек. Палочки играют основную роль в интенсивности ароматизации, чем больше палочек, тем аромат насыщеннее. Для достижения лучших результатов, флакон не стоит никогда выставлять на прямой солнечный свет или ставить рядом с источниками тепла, так как под его воздействием происходит испарение аромата. Спрей необходимо распылять на расстоянии 30-40 см."
99000018414;VENEW fragrance mix #2;набор ароматов для дома;;999;949;https://goldapple.ru/99000018414-fragrance-mix-2;;Набор диффузоров по 50 мл, 3 штуки. Фруктово-ягодный микс + орхидея+ клубника. Парфюмерия для дома - это, прежде всего, красивый декор с ароматическим шлейфом. Диффузор с палочками придает помещению современный утонченный стиль. Интерьерный парфюм VENEW обеспечит постоянную ароматизацию вашего пространства. Это простое, но долговременное решение распространит аккорды по комнате, ненавязчиво оставляя фоновый букет. Поставьте духи туда, где есть хорошая циркуляция воздуха и наслаждайтесь качеством премиального аксессуара. Аромадиффузор сделан на основе натуральных эфирных масел. В составе ингредиенты без добавления спирта. Это идеальный подарок родным, друзьям или коллегам. Элегантный дизайн, эстетичный стеклянный флакон и стильные фибровые палочки черного цвета станут роскошным дополнением любого места. Наши коллекции ароматов - это эмоции, имеющие запах. Отдохните от ежедневного стресса, порадуйте себя и близких, подарите гармонию, которую мы создаем для Вас с любовью!;Удалите пластиковую заглушку. Поместите палочки во флакон, переверните через пару минут. Палочки пропитываются ароматом и отдают его в окружающее пространство. Интенсивность аромата зависит от выбранного наименования, количества палочек, температуры и циркуляции воздуха в помещении. Не ставьте флакон в угол, в маленькое закрытое помещение, слишком высоко. Идеально - в центре комнаты на уровне пояса. Рекомендуется переворачивать палочки каждые 5-7 дней (если насыщенности недостаточно, следует переворачивать их как можно чаще и/или добавить еще несколько штук). Аромат раскрывается в течение 12-48 часов.
19000234776;BY KAORI Glint Wine;набор ароматов для дома;Россия;2690;2690;https://goldapple.ru/19000234776-glint-wine;;Тёплый пряный аромат душистого глинтвейна и восточных специй. Аромат средней насыщенности, плавно и равномерно распространяется по всему помещению. Комбинация нот гвоздики, кардамона и имбиря наполняет пространство терпким душистым шлейфом. Аккорды корицы и аниса усиливают сладость аромата, а ноты сухого красного вина и фруктов рождают тот самый согревающий аромат глинтвейна.  GLINT WINE подойдёт для тех, кто хочет согреть своё помещение и наполнить его душистым, слегка фруктовым ароматом вина.  GLINT WINE идеален для кухни и гостиной, темных натуральных интерьеров, а также для баров и кофеен.;Наполните стеклянный флакон арома жидкостью из пластикового рефила. Поставьте в стеклянный флакон с жидкостью палочки из микрофибры. Регулируйте насыщенность аромата с помощью количества палочек - чем больше палочек во флаконе, тем более интенсивным будет аромат.
