article;name;product_type;country;price_actual;price_loyalty;url;popularity_coefficient;description;application
7430500001;VERSACE Eau Fraiche;туалетная вода;Италия;11700;8775;https://goldapple.ru/7430500001-eau-fraiche;1942.36;Туалетная вода Versace Eau Fraiche имеет сложную композицию, в которой классические мужские аккорды сочетаются со свежими тонами, придающими запаху необычайную легкость и шарм. Верхние ноты этой туалетной воды включают в себя экзотическую карамболу, белый лимон и розовое дерево. Комбинация из кедровой хвои, душистого шалфея и горьковатого эстрагона составляют сердце Eau Fraiche. Прекрасно дополнит букет шлейф из чувственного мускуса, теплой амбры и легкой древесины платана. Этот тонизирующий аромат от Versace станет отличным подарком для сильного и харизматичного мужчины, умеющего получать удовольствие от жизни.;
19760343529;MOSCHINO TOY 2 BUBBLE GUM;туалетная вода;Италия;11600;8700;https://goldapple.ru/19760343529-toy-2-bubble-gum;1896.92;Туалетная вода TOY 2 BUBBLE GUM от MOSCHINO – это жизнерадостный и позитивный аромат для тех, кто хочет видеть жизнь в розовом цвете! Великолепную и многогранную розу окутывают игривые и насыщенные ноты жевательной резинки, одновременно сладкие и пряные. Вдохновляющую и бодрящую композицию, которая заставляет забыть о негативных эмоциях, дополняют засахаренные цитрусы в сочетании с сочным персиком и черной смородиной. Имбирь и корица придают аромату лёгкую остроту, а древесные ноты и нежный мускус делают его элегантным. Культовый флакон в виде плюшевого мишки стал розовым, и теперь TOY 2 раскрывает свои нежные объятия для всех, кто знает: розовый никогда не выйдет из моды!;
7431800004;VERSACE Eros Pour Femme;туалетная вода;Италия;7900;5925;https://goldapple.ru/7431800004-eros-pour-femme;1680.96;Туалетная вода Versace Eros Pour Femme – это новое измерение свежести, захватывающей и чувственной. В верхних нотах композиции - изысканные цитрусовые: сицилийский лимон и мандарин, и искрящиеся фруктовые ноты малины и белой смородины. Волнующие ноты лепестков фрезии и магнолии отсылают к женской природе аромата, а померанец и жасмин подчёркивают интенсивность и характер композиции. Смелый акцент белых пачули в сочетании с яркими древесными оттенками, мускусом и амброксаном придают аромату чувственность.;
19000002875;MANDARINA DUCK FREEDOMLAND;туалетная вода;Италия;5123;4610;https://goldapple.ru/19000002875-freedomland;1109.76;Аромат FREEDOMLAND от MANDARINA DUCK создан для тех, кто выбирает свободу и дух бесконечного веселья. В атмосферу музыкального фестиваля, ошеломляющего зажигательной музыкой и яркими красками, погружают искрящиеся ноты апельсина, лимона, ананаса, клубники, базилика и мяты. Вечеринка продолжается с нотами сердца: коктейлем «Пина колада», кокосовым молоком, жасмином и личи. Полностью окунуться в этот праздник музыки и свободы помогают ноты вишневого десерта, мускуса, гелиотропа и коктейля «Писко-сауэр». Семейство аромата: цветочный фруктовый.;
7430800010;VERSACE Eros;туалетная вода;Италия;7300;5475;https://goldapple.ru/7430800010-eros;1038.8;"Уникальная аура, чувственное прикосновение, несокрушимая мужественность - таковы ключевые ноты оды любви, воспеваемой Эросом, страстным и непреклонным соблазнителем. Новый аромат олицетворяет абсолютную мужественность, соединяя в единое целое: искрящуюся ауру яркой, вибрирующей, экстраординарной свежести листьев Мяты, цедры Итальянского Лимона и Зеленого Яблока; захватывающую чувственность интригующий, восточных, обволакивающих нот Бобов Тонка, Амброксана (Амбры), цветов Герани и Ванили; соблазнительную мужественность, воплощенную в древесном шлейфе Атласского и Виргинского Кедра, Ветивера и Дубового мха, привносящих в аромат интенсивный оттенок мощи и власти.";
7291600001;RABANNE Invictus;туалетная вода;Франция;10390;7584;https://goldapple.ru/7291600001-invictus;992.74;Туалетная вода Paco Rabanne Invictus — для сильных и уверенных в себе. Освежающий аромат сразу обращает на себя внимание. Впервые Invictus представлен в 2013 году парфюмерами Вероник Ниберг и Энн Флипо. Яркие цитрусовые ноты в составе Paco Rabanne перекликаются с волнующими морскими аккордами. Морские ноты позволят расслабиться, напомнят о лете. Аромат пачули создаст ауру загадочности, амбра образует легкий и запоминающийся шлейф, придает глубину композиции. Стойкость парфюма сохраняется в течение всего дня. Обладатели туалетной воды ставят перед собой цели и всегда их добиваются. Это энергичные мужчины, спортсмены, пребывающие в постоянном движении. Внешний вид товара может отличаться.;
7300600001;MOSCHINO Cheap and Chic I LOVE LOVE;туалетная вода;Италия;5800;4640;https://goldapple.ru/7300600001-cheap-and-chic-i-love-love;903.36;"Аромат I LOVE LOVE - аромат любви. I LOVE LOVE - аромат столь же юный, как и чувство, вдохновившее на его создание, как ноты букета, источающего счастье с первого мгновения. Настоящий подарок для влюбленной женщины, энергичной, ироничной и задорной в любви. Аромат: Цветочный, свежий фруктовый. ВЕРХНИЕ НОТЫ: Красная смородина, Грейпфрут, Лимон, Апельсин; СРЕДНИЕ НОТЫ: Камыш, Ландыш, Корица; ШЛЕЙФ: Древесина танака, Кедр, Мускус.";
7192200017;DIOR Miss Dior Blooming Bouquet;туалетная вода;Франция;16300;16300;https://goldapple.ru/7192200017-miss-dior-blooming-bouquet;787.72;Miss Dior Blooming Bouquet - это мгновенное удовольствие, признание в любви к жизни, которое вовлекает Вас. Появившись в 1947 году, Miss Dior исполнил мечту Кристиана Диора о создании средства от печали и тоски. С тех пор Miss Dior не изменил своего предназначения, он все также воплощает красоту и счастье. Туалетная вода Miss Dior Blooming Bouquet была создана словно цветочное прикосновение, одновременно чувственное и нежное. Это многогранный и неповторимый букет только что распустившихся цветов. Его контрастный шлейф вызывает ощущение подобное любви с первого взгляда, переданной в нотах полевых цветов и бергамота.  Дуэт нот дамасской розы и пиона раскрывается благородством, подобно страстным и сияющим эмоциям. Мягкий, легкий аккорд белого мускуса завершает букет этого аромата, рассказывающего историю любви. Аромат Miss Dior Blooming Bouquet помещен во флакон в особенном стиле: бант Miss Dior, сотканный из тысячи разноцветных нитей, придает аромату кутюрный штрих. Этот необыкновенный жаккардовый бант, вдохновленный букетом из тысячи переливающихся цветов, был создан в мастерской одного из самых известных французских производителей лент: Maison Faure, основанной в 1864 году. Эта нежная и свежая туалетная вода также выпускается в формате роликовой жемчужины, которую удобно брать с собой.;Небольшое количество аромата аккуратно нанести на зону шеи, декольте, запястьев.
80130500003;ARMAND BASI In RED;туалетная вода;Италия;4601;3082;https://goldapple.ru/80130500003-in-red;751.06;Туалетная вода Armand Basi In RED для женщин для начала восхитит да порадует вас свежестью мандарина и вкусными приправами имбиря, бергамота, кардамона. Запахи удивительно сочетаются в чудесный фимиам. Эта чувственная прелюдия к цветочному аромату делает туалетную воду непревзойденной в повседневном пользовании. Сердце аромата сладкое благодаря жасмину, фиалке, розе и ландышу. Использование в Armand Basi базовых нот мха, древесины и мускуса наиболее точно раскрывает весь букет благоухания. Благодаря цветам аромат наполнен весной, он придает молодость. А еще In RED для женщин дышит чувственностью, благородностью и женственностью.;Только для наружного применения.
7291300004;RABANNE 1 Million;туалетная вода;Франция;13858;9700;https://goldapple.ru/7291300004-1-million;687.36;Туалетная вода Rabanne 1 Million — это идеальный выбор для денди, который обладает манерами и во всем стремится быть первым. Главная его задача — добиться цели и реализовать мечту.  Аромат Rabanne воплотил в себе силу и власть золота. Парфюм подчеркивает лучшие качества обладателя: цитрусовые ноты освежают и обращают на себя внимание, травяные аккорды придают образу дерзости и решительности. Древесная композиция туалетной воды акцентирует внимание на стиле и элегантности. Корица делает образ гармоничным и чувственным, а мята — бодрит и поднимает настроение.  Шлейф, который оставляет после себя 1 Million, оставляет лишь чувство восхищения.  Внешний вид товара может отличаться.;
7140600001;NINA RICCI Nina;туалетная вода;Франция;10398;8318;https://goldapple.ru/7140600001-nina;649.92;Культовый дизайн флакона был разработан специально для этого аромата. Аппетитное алое яблоко с серебряными лепестками таит в себе интереснейшую цветочно-фруктовую сказку. Парфюм интригует начиная с верхних освежающих нот экзотической кислинки лайма и  лимона. Ноты сердца звучат аккордами из окутанного тягучей карамелью зеленого яблока, сладкого пиона, пряного пралине и пьянящего дурмана. Понемногу они затихают, и в силу вступают базовые ноты. Теплый, терпковатый древесный аромат яблони гармонично сплетается в одно полотно с благородной хвоей кедра и мускуса. Туалетная вода Nina поднимает настроение, дарит бодрость и энергию. Этот цветочно-фруктовый эликсир переливается жизнерадостными нежными аккордами. Он универсален для всех сезонов года и особенно удачно раскрывается в качестве дневного парфюма.;
19000207018;CHRISTINE LAVOISIER PARFUMS Collection Caramel;туалетная вода;Россия;369;332;https://goldapple.ru/19000207018-collection-caramel;644.0;Соблазнительный  аромат карамели обещает незабываемое удовольствие! Он похож на путешествие в мир наслаждения, где прекрасно сочетаются изысканные оттенки густой карамели и кокоса, воздушные ноты ванили и теплая обволакивающая симфония орехового пралине. Устоять невозможно!;Нанести на шею, запястье, локтевые сгибы.
81101600002;BANDERAS Her Golden Secret;туалетная вода;Испания;4242;3605;https://goldapple.ru/81101600002-the-golden-secret;631.68;Туалетная вода Antonio Banderas Her Golden Secret — изящный женский аромат, созданный для истинных ценителей элегантности. Фруктово-ягодный букет, который звучит в начальных нотах Her Golden Secret, плавно перетекает в изысканные цветочные оттенки. В шлейфе туалетной воды от Antonio Banderas остается легкая нежность ванили и пряная терпкость мускусного ореха и пачули.;
7300800003;MOSCHINO Funny;туалетная вода;Италия;11700;10530;https://goldapple.ru/7300800003-funny;625.92;Это восхитительный, игривый аромат, дерзкий и возбуждающий, ослепительный и волнующий. Фруктовые нотки, пикантно оттеняющие цветочный аккорд, придают аромату шарм и наполняют его жизненной энергией, легкостью и спонтанностью.;
19000015892;JEAN PAUL GAULTIER le beau;туалетная вода;Испания;14571;11219;https://goldapple.ru/19000015892-le-beau;612.5;Аромат Le Beau обладает особой харизмой. Особую теплоту и притягательность ему придают ноты кокоса в сочетании с более традиционными древесными нотами и свежим морским аккордом.  Новый герой Le Beau — красавчик. Мужской торс в новом прочтении приобрел граненные формы и подобно античным статуям украшен фиговым листком. Новая пара героев — фантазия дизайнера о райских садах.  Как и все ароматы бренда Jean Paul Gaultier аромат упакован в жестяную банку, уже ставшую символом парфюмерии Jean Paul Gaultier.  Парфюмеры: Quentin Bisch, Sonia Constant.;
7431900003;VERSACE Dylan Blue;туалетная вода;Италия;12200;9150;https://goldapple.ru/7431900003-dylan-blue;602.88;Туалетная вода Versace Dylan Blue воплощает в себе характер современного мужчины, привыкшего идти в ногу со временем. Яркий и насыщенный древесный аромат наполнен мужественностью и шармом. Верхние ноты туалетной воды включают в себя цитрусовые тона грейпфрута и бергамота в сочетании со свеже-сладким запахом фиговых листьев. Многогранный букет из листьев фиалки, древесины, черного перца, пачули и амброксана составляет ноты сердца Dylan Blue. Шлейф из ладана, шафрана, мускуса и бобов тонка завершает композицию. Парфюм от Versace окутает вас легкой дымкой чувственности и силы, наполнит день позитивными эмоциями и подарит ощущение легкости.;
7195500002;DIOR Sauvage;туалетная вода;Франция;13550;13550;https://goldapple.ru/7195500002-sauvage;531.16;"Sauvage - творение, вдохновленное широкими открытыми пространствами.   Чистейшее синее небо, простирающееся над скалистыми вершинами гор. Смелая композиция для верного себе мужчины. Аромат, перенасыщенный натуральными компонентами, отобранными с особой заботой,  захватывает фруктовой свежестью Калабрийского Бергамота, его верхней ноты. Амброксан, полученный из драгоценной серой амбры, расстилается величественным древесным шлейфом. Для Sauvage Франсуа Демаши выбрал Калабрийский Бергамот эксклюзивного качества, выращиваемый у местных фермеров в Реджо-ди-Калабрия, который стал ""фирменной"" подписью Дома Dior. Наполненный калабрийским солнцем и фруктовыми оттенками, аромат переливается пикантными перечными гранями.";
19000257271;BVLGARI Omnia Crystalline;туалетная вода;Италия;15581;11685;https://goldapple.ru/19000257271-omnia-crystalline;505.72;Искрящийся и чистый аромат Omnia Crystalline отражает прозрачность и завораживающее мерцание кристаллов.  В изысканной цветочно-древесной композиции BVLGARI из коллекции Omnia, посвященной благородной красоте драгоценных камней, переливаются и сияют фруктовая свежесть китайской груши, хрустальная нежность цветов лотоса и сливочные ноты бальзового дерева.  Гармоничное сочетание необычных нот делает аромат одновременно нежным, женственным и игривым.;Только для наружного применения.
7274400001;KENZO AQUA KENZO POUR FEMME;туалетная вода;Франция;5640;5640;https://goldapple.ru/7274400001-aqua-kenzo-pour-femme;481.92;Смелая акватическая свежесть: сочный, яркий, бодрящий мандарин задает тон, уступая затем ударной волне, сотканной из листьев черной смородины. Новая волна – новая вспышка! Звонкие листья малины создают тонкую рябь на ровной водной глади. Уникальный и загадочный дуэт, сумасшедший и завораживающий, освещенный ослепительной чувственностью лепестков магнолии.;
7203100001;DOLCE & GABBANA K by Dolce & Gabbana;туалетная вода;Франция;9891;6626;https://goldapple.ru/7203100001-k-by-dolce-gabbana;461.76;Аромат K by Dolce&Gabbana символизирует новую эру мужественности. Свежие ноты цитрусов, красного апельсина и сицилийского лимона, воссоздают атмосферу теплого полудня на лоне итальянской природы. Яркий и мужественный аромат дополнен освежающим звучанием ягод можжевельника. Затем раскрываются чувственные пульсирующие ноты благородного кедра, плавно сменяясь оттенками зеленого ветивера и пачули. Неожиданная искрящаяся нота эссенции красного перца наделяет композицию неповторимым, огненным и энергичным характером. K by Dolce&Gabbana — это бодрящий и вдохновляющий мужской аромат.;
19000013338;RABANNE phantom;туалетная вода;Франция;14168;9917;https://goldapple.ru/19000013338-phantom;441.98;PHANTOM, новый мужской аромат Paco Rabanne  Кардинально другой. Абсолютно революционный. Невероятно желанный. Поистине Paco Rabanne.  Станьте частью Галактики Paco и присоединитесь к межгалактической вечеринке, на которую приглашены все желающие. Здесь вы можете быть теми, кем хотите. Не важно, кто вы и с какой планеты.   Phantom – аромат хорошего настроения. Футуристический, сочетающий в себе энергичную ноту лимона с соблазнительными сливочными оттенками кремовой лаванды, дополненной притягательной нотой абсолюта ванили. Фантастически долгоиграющий аромат. Первый аромат, созданный благодаря дуэту творческого потенциала человека и искусственного интеллекта.  Флакон аромата PHANTOM — это захватывающий ретро-футуристический образец дизайна будущего. Самый революционный дизайн в индустрии и первый флакон с использованием беспроводных технологий. Как это работает: чип NFC для бесконтактной связи встроен в верхнюю часть флаконов объемом 100 мл. Просто поднесите смартфон – и вы во вселенной PHANTOM с фильтрами для фото, плейлистами, дополненной реальностью, играми и эксклюзивным контентом Paco Rabanne.  Дерзкий призыв выйти за рамки обыденного и насладиться жизнью. 1000% хорошего настроения. 1000% Paco Rabanne.;
81100400005;BANDERAS King of Seduction;туалетная вода;Испания;3857;1928;https://goldapple.ru/81100400005-king-of-seduction;432.96;Насыщенный и притягательный мужской аромат BANDERAS объединяет яркость цитрусов и теплоту чувственных нот.  Бодрящее фруктовое звучание сочного ананаса, бергамота, грейпфрута и зеленого яблока накрывает волной свежести.  Нероли, жасмин и кардамон в сочетании с морским аккордом создают ауру соблазнения. Базовые ноты кедра, ветивера и мускуса гармонично подчеркивают обольстительный характер композиции.  Яркий аромат, достойный современного короля.;Распылите с расстояния 20-30 см.
19000048059;CHRISTINE LAVOISIER PARFUMS Sense Dreamy;туалетная вода;;839;654;https://goldapple.ru/19000048059-sense-dreamy;425.7;Яркий и притягательный аромат с сочными фруктовыми нотками. Sense Dreamy создан для женщины, чье обаяние, женственность и улыбка озаряют мир вокруг нас.  Композиция открывается искристыми, освежающими нотами груши. В сердце затаился необычный дуэт из ананаса и миндаля, что делает аромат поистине уникальным. Насыщенный шлейф разбавлен ягодно-фруктовыми нотами, погружая девушку в ауру вечного праздника и солнечного лета. Бренд товара CHRISTINE LAVOISIER PARFUMS.;нанести на шею, запястье.
81103200002;BANDERAS Queen of Seduction;туалетная вода;Испания;2898;1912;https://goldapple.ru/81103200002-queen-of-seduction;420.48;Туалетная вода Banderas Queen of Seduction совершенно точно не оставит вас равнодушным. Летний аромат парфюмерной композиции Queen of Seduction раскрывается свежестью морского бриза, которая великолепно гармонирует со сладостью спелой малины. В сердце композиции от Banderas переливаются нежные цветочные нотки, а в шлейфе стойкой туалетной воды остаются изысканность белого кедра и благородные замшевые оттенки.;
7430300006;VERSACE Crystal Noir;туалетная вода;Италия;10500;7875;https://goldapple.ru/7430300006-crystal-noir;391.68;Туалетная вода Versace Crystal Noir создана для настоящих леди. У нее глубокий чувственный аромат с ярко выраженными магическими нотками. В нем сочетаются легкая жгучесть перца, нежность и изысканность пиона, терпкость амбры, а также аромат включает в себя ноты гардении и цветов апельсина. Такая композиция в парфюме от компании Versace намекает на многогранность женской натуры. Цветочные оттенки подчеркивают ее утонченность, восточные — сексуальность, мускус и сандал — вдохновленность. Парфюм Crystal Noir собрал в себе все то, что раскрывает загадочную женскую сущность. Он завораживает, многообещающе манит. Аромат этой туалетной воды удивителен, как и та, от которой он исходит.;
19000074633;YOU & WORLD Believe me Follow your dream;туалетная вода;;885;734;https://goldapple.ru/19000074633-believe-me-follow-your-dream;391.04;Мечты сбываются! Просто верь!  Новый аромат BELIEVE ME Follow your dream унесет тебя в твою самую заветную мечту. Яркий, сочный, он напомнит тебе о заветных желаниях и вдохновит сделать долгожданный первый шаг на пути к себе.;
19000033773;DIOR Homme Sport Eau de Toilette;туалетная вода;Франция;10850;10850;https://goldapple.ru/19000033773-homme-sport-eau-de-toilette;389.06;Энергичная и элегантная, новая туалетная вода Dior Homme Sport сочетает в себе бодрящую свежесть и чувственную обворожительность, создавая дуэт, такой же мощный, как боксерский апперкот. Яркий, взрывной и легендарный аромат Dior Homme Sport звучит цитрусами и свежестью, ассоциируясь с вечным движением вперед. Для нового Dior Homme Sport парфюмер-создатель Dior решил наполнить туалетную воду теплыми и амбровыми нотами, окутать ее специями и завершить древесными нотами. Мощный шлейф Dior Homme Sport воплощает в себе мужественность, переплетенную с плавным, благородным качеством. Новая туалетная вода Dior Homme Sport играет со свежестью и чувственностью. Этот искристый аромат создает новое неизгладимое впечатление, которое захватывает и затягивает.;
19000048056;CHRISTINE LAVOISIER PARFUMS My Inspiration;туалетная вода;;839;671;https://goldapple.ru/19000048056-my-inspiration;371.52;My Inspiration-Подходит для девушек, которые знают цену себе. У них есть внутренний огонь  и уверенность в каждом движении. Они вдохновляются каждым моментом и вдохновляют других своим видом. Аромат открывается хрупкостью белых цветов и яркой черной смородины. В сердце угадываются ноты розы. Женственная композиция раскрывается нотами притягательной ванили, создавая головокружительный шлейф. Бренд товара CHRISTINE LAVOISIER PARFUMS.;нанести на шею, запястье.
19000421946;TESORI D’ORIENTE Ikigai;туалетная вода;Италия;1090;817;https://goldapple.ru/19000421946-ikigai;360.0;Аромат внутренней гармонии, спокойствия и баланса, созданный цветочными нотами розы, жасмина и сакуры, переплетенными с уточненной свежестью персика и пачули.;Нанести на кожу или одежду, избегая попадания в глаза или на раздраженную кожу.
19000139662;YOU & WORLD My Moments Love Love;туалетная вода;;852;596;https://goldapple.ru/19000139662-my-moments-love-love;356.26;Моя нежная...  Тот  момент, когда от одного только взгляда и шепота у тебя мурашки.  Когда ты засыпаешь и просыпаешься с мыслью о нем и полностью  окунаешься в это головокружительное чувство,  помнишь, каждую минуту, проведенную вместе…;Нанести на шею, запястье,локтевые сгибы.
19000107388;GIVENCHY  L'INTERDIT;туалетная вода;Франция;8050;8050;https://goldapple.ru/19000107388-l-interdit;347.9;Женская туалетная вода L’Interdit от Givenchy – это символ свободы, бросающий вызов условностям. Новое прочтение легендарного аромата. Обновленная вариация туалетной воды L’Interdit открывается сияющей свежестью цитрусовой ноты померанца. В сердце композиции звучит цветок апельсина, который является ольфакторной подписью всей линии L'Interdit. Союз флердоранжа с очаровательной туберозой и гипнотическим жасмином дополняет ощущение невероятного удовольствия. Пирамиду аромата завершает яркий аккорд мускуса в сочетании с пленительным древесным дуэтом пачули и ветивера. Благодаря этому соблазнительному шлейфу туалетная вода L'Interdit моментально сливается с кожей. Флакон композиции одновременно простой, женственный и современный. Он представляет собой копию первого женского аромата, созданного в 1957 году Юбером де Живанши. Он также стал более легким (его вес уменьшен на 10%) и теперь содержит до 11% вторично переработанного стекла, что соответствует принципам ответственного потребления. L'Interdit от Givenchy – это дань женственности, приглашение прикоснуться к запретному. В линию L'Interdit также входят гель для душа и увлажняющий лосьон для тела.;
19000120749;CHRISTINE LAVOISIER PARFUMS Memories lab;туалетная вода;;1220;1098;https://goldapple.ru/19000120749-memories-lab;339.3;Настоящий  «аромат юности». Легкий, полупрозрачный  ягодный аромат с цитрусовой кислинкой и травянистыми нотками, который непременно продлит летнее настроение. Он, как дорога к морю, оставляет шлейф ожидания чего-то прекрасного и милого сердцу. Когда позади остались тысячи миль, а все самое лучшее еще впереди!;Нанести на шею, запястье,локтевые сгибы.
19760330435;NINA RICCI nina rouge;туалетная вода;Испания;10398;7278;https://goldapple.ru/19760330435-nina-rouge;334.18;Nina Rouge от Nina Ricci раскрывает новые грани соблазнительного аромата Nina. Новинка возвращает нас к истокам легендарной композиции и даже немного больше... Аромат становится еще более дерзким и насыщенным — его карамельные оттенки достигают пика своего звучания. Ослепительный флакон покрыт глянцевым красным лаком — слишком прекрасным, чтобы быть реальным. В то время как аромат Nina раскрывается цитрусово-цветочными оттенками, Nina Rouge, созданный Оливье Креспом, демонстрирует насыщенные, гурманские цветочные аккорды. Парфюмер, создавший аромат Nina, продолжил свое сотрудничество с домом Nina Ricci. Невероятное ольфакторное наслаждение начинается оттенком сочной малины. Свежие и яркие ноты лимонной цедры вызывают любопытство. Слегка пряный аромат бутонов имбиря подчеркивает бархатистое, почти сливочное, звучание гардении. Завершающие аккорды бурбонской ванили и хрустящей карамели становятся уникальной отличительной чертой Nina Rouge.;
11950100073;BANDERAS Blue Seduction;туалетная вода;Испания;2898;1912;https://goldapple.ru/11950100073-blue-seduction;315.84;Banderas раскрывает женские секреты и тайны соблазнения в аромате Blue Seduction For Women. Искусство флирта, которым владеет каждая женщина, начинается с увлекательной игры сладких десертных нот, пикантных восточных оттенков и терпкой капли малинового ликера. Свежесть фиалковых листьев и захватывающее звучание жасмина и розы отождествляют силу женской красоты, которая сравнима с водной стихией. Она так же опасна и непредсказуема и знает, что все в ее власти.  Дизайн флакона был навеян игрой света на водной глади. Эффект мерцания достигается за счет оригинально выполненного дна, которое напоминает сложную мозаику. Его основное достоинство лежит в чистоте линий, которые усиливают отблески нежно голубого аромата и пробуждают чувственную свежесть. Несмотря на тонкую женственность в форме и цвете флакона, он прекрасно дополняет мужской аромат.;
7431200001;VERSACE Yellow Diamond;туалетная вода;Италия;7600;5700;https://goldapple.ru/7431200001-yellow-diamond;314.88;Туалетная вода Versace Yellow Diamond — это яркий, роскошный аромат. В нем много чистых цветочных и древесных оттенков. Сначала парфюм Yellow Diamond окутывает свежестью лимона, сладостью нероли, утонченностью бергамота. Эти нотки пленительны, многообещающи. Но вскоре их сменяют нежность водяной лилии, волшебность апельсина, теплота фрезии. Напоследок вода от Versace дарит капельку древесных ароматов и мускуса. Они волнуют, пробуждают скрытые желания. Эту туалетную воду полюбят зрелые женщины, уверенные в собственной неотразимости, и юные красотки, пытающиеся свести с ума мужчин. Ведь ее аромат подчеркивает их исключительность.;
11950100094;BANDERAS Seduction in Black;туалетная вода;Испания;3857;1928;https://goldapple.ru/11950100094-seduction-in-black;312.0;Туалетная вода Banderas Seduction in Black — роскошный аромат, который позволит вам всегда оставаться в центре внимания. Раскрывается парфюмерная композиция Seduction in Black сочными нотками спелой черной смородины, которые плавно перетекают в изысканные акценты бергамота. В сердце туалетной воды от Banderas звучат пряные аккорды муската, кориандра и кардамона, а в финале остаются искрящиеся переливы мускуса, кедра и амбры.;
7190500021;DIOR Addict Eau Fraiche;туалетная вода;Франция;11650;11650;https://goldapple.ru/7190500021-dior-addict-eau-fraiche;306.36;Композиция Dior Addict Eau Fraîche раскрывается искрящимися цитрусовыми нотами кисло-сладкого Грейпфрута, подчеркнутого аккордом мягкого Калабрийского Бергамота. В сердце аромата – изысканный букет из нежнейших, слегка терпких нот Фрезии и Ландыша.  Радостное цветочное звучание плавно переходит в базовые древесные аккорды, облаченные в ноту Белого Мускуса.  Свежий и трепетный шлейф, в котором содержится ослепительная сила.;
19760330830;JEAN PAUL GAULTIER le male;туалетная вода;Франция;10419;8856;https://goldapple.ru/19760330830-le-male;299.52;"""Моряк"" — легендарный герой, он воплощение силы и мужественности. Вдохновленный героями в тельняшках Le Male создан покорять сердца. В аромате свежесть лаванды подчеркивает мужественность, напоминая аромат традиционного французского мыла для бритья, а ваниль и бобы тонка усиливают чувственность и притягательность.   Знаменитый и узнаваемый флакон выполнен в форме мужского торса. Самый известный аромат бренда вдохновлен отважными моряками и одет в тельняшку. Дизайн Le Male — это воплощение ДНК бренда.  Тельняшка стала культовой именно благодаря самому месье Готье, который много лет появлялся на своих показах именно в тельняшке и шотландском килте. Яркий бело-синий полосатый принт много раз появлялся на его моделях.  Как и все ароматы бренда Jean Paul Gaultier аромат упакован в жестяную банку, уже ставшую символом парфюмерии Jean Paul Gaultier.  Парфюмеры: Christopher Sheldrake, Francis Kurkdjian.";Распылите легкий парфюм на точки пульса. Не распыляйте на одежду, так как эфирные масла могут вызвать изменение цвета или появление пятен на одежде. Не распыляйте вблизи глаз, поврежденной кожи или открытых ран, так как это может вызвать раздражение.
81101300001;BANDERAS The Golden Secret;туалетная вода;Испания;4242;2121;https://goldapple.ru/81101300001-the-golden-secret;299.52;Туалетная вода Banderas The Golden Secret со стойким чувственным ароматом станет достойным завершением образа покорителя женских сердец. Легкие древесные нотки и мятная свежесть, раскрывающие парфюмерную композицию The Golden Secret от Banderas, гармонично дополняют благородные кожаные оттенки. В сердце туалетной воды искрится сочность яблока, которую подчеркивают пряность муската и тмина, а в шлейфе звучит изысканный аккорд кедра и амбры.;
19000048067;CHRISTINE LAVOISIER PARFUMS Clutch Collection Yummy;туалетная вода;;369;258;https://goldapple.ru/19000048067-clutch-collection-yummy;283.36;Игривый аромат Clutch Collection Yummy – это громкое «ДА!»  ярким эмоциям, задорному смеху, незабываемым приключениям и взрыву позитивной энергии! Пусть твой день будет вкусным! Задорные нотки бергамота, сливы и яблока накрывают волной свежести и сочного фруктово-ягодного микса. Фрезия, ландыш и персик в сердце пробудят жажду к новым приключениям, а игривые мускус и карамель подарят соблазнительный томный шлейф. Впусти летнее настроение с ароматом Clutch Collection Yummy уже СЕГОДНЯ! Бренд товара CHRISTINE LAVOISIER PARFUMS.;нанести на шею, запястье.
81101200001;BANDERAS The Secret;туалетная вода;Испания;4242;2969;https://goldapple.ru/81101200001-the-secret;262.08;Туалетная вода Banderas The Secret — роскошный аромат, который непременно придется по вкусу истинным джентльменам. Раскрывается парфюмерная композиция The Secret пряными коричными оттенками, плавно перетекающими в свежесть мяты и грейпфрута. В сердце туалетной воды от Banderas мягко переливаются соблазнительный мускус и легкая острота перца, а в шлейфе остаются благородные кожаные нотки и древесные акценты.;
7683200009;GIVENCHY  ANGE OU DEMON LE SECRET;туалетная вода;Франция;15400;15400;https://goldapple.ru/7683200009-ange-ou-demon-le-secret;258.24;Женская туалетная вода Ange ou Demon Le Secret от Givenchy – ода нежности и любви, фруктовый цветочный аромат, который напоминает весенний восход солнца. Уникальная гармония свежих фруктов, очаровательных цветов и нежного Мускуса придает современное и чувственное звучание аромату. Одновременно невинная и провокационная, как запретный плод, нота сладкого Яблока в карамели интригует, а яркий аккорд Чайного листа и Бергамота добавляет композиции свежесть. Сочетание Жасмина и Розы в туалетной воде Ange ou Demon Le Secret от Givenchy окутывает и очаровывает, а аккорд Белого мускуса, Амбры и Пачули наполняет сердце мягкой нежностью. Дополните ваш чувственный образ роскошной помадой для губ Le Rouge с сатиново-матовым эффектом или Le Rouge Deep Velvet с матовым эффектом с ухаживающими компонентами в составе.;
7192300023;DIOR Dior Homme;туалетная вода;Франция;10050;10050;https://goldapple.ru/7192300023-dior-homme;255.78;Олицетворение уверенности и чувственной мужественности. Туалетная вода Dior Homme - интригующий яркий аромат, привлекающий своей свежестью. Dior Homme - это история о мужественности, выраженная в звучании древесных нот и насыщенного окутывающего шлейфа. Это история о мужчине во всех его проявлениях, мужчине, уверенном в себе и нежном одновременно.  Новая интерпретация мужественности с чувственным и мягким аккордом необработанной древесины. В основе аккорда лежит нота Атласского кедра. Новый флакон Dior Homme, еще более элегантный и стильный, выполнен в строгом современном дизайне. Форма флакона, напоминающая монолитный блок, отражает сильный и уверенный характер аромата. Тонкое прозрачное стекло говорит о сдержанной элегантности. Минималистичный и лаконичный дизайн подчеркивает красоту аромата. Цедра, окутанная теплой вуалью из Кашемирового дерева. Аромат со смелым шлейфом оставляет после себя чувственное послевкусие.;
24861400001;CAROLINA HERRERA 212 VIP MEN;туалетная вода;Испания;13136;9195;https://goldapple.ru/24861400001-212-vip-men;247.94;Туалетная вода Carolina Herrera 212 VIP MEN объединяет аромат ветреной свободы и атмосферу веселой вечеринки. Обладатель воды от Carolina Herrera харизматичен и молод, любитель новых впечатлений и ощущений. Обворожительный коктейль из ароматов лайма, черной икры, перца, имбиря и маракуйи завоюет сердце своего владельца, подчеркнет его энергичность, смелость и страсть. Неожиданное сочетание водки, джина, специй и голубой мяты — составляют сердце композиции парфюма. Дополняют шлейф и придают сексуальности нотки дерева, дорогой кожи и амбры. Яркий и эпатажный запах туалетной воды212 VIP MEN, придаст уверенности и раскроет все секреты мира.;
19000139664;YOU & WORLD My Moments My Sweet Evening;туалетная вода;;852;766;https://goldapple.ru/19000139664-my-moments-my-sweet-evening;245.64;Уютный, теплый вечер, с согревающим напитком в руках, проведенный с милыми сердцу людьми. Посмотреть фильм с любимым, укутываюсь в теплый плед или устроить посиделки с подружками?  Не знаем... Но этот момент – останется  по-настоящему «сладким».;Нанести на шею, запястье,локтевые сгибы.
19000284704;YOU & WORLD Believe me You like the sun;туалетная вода;Россия;885;734;https://goldapple.ru/19000284704-believe-me-you-like-the-sun;244.4;Мир прекрасен! Наслаждайся!  Новый аромат BELIEVE ME You like the sun перенесет тебя на живописную прогулку , где солнце нежно греет кожу.  Ты почувствуешь, как его ласковые лучи расслабляют и заряжают энергией. Аромат вдохновляет наслаждаться жизнью и уметь находить радость в мелочах.           Сияй! Мечтай! Улыбайся!;Нанести на шею, запястье, локтевые сгибы.
19760330462;BANDERAS her secret desire;туалетная вода;Испания;4242;2969;https://goldapple.ru/19760330462-her-secret-desire;242.88;Antonio представляет Her Secret Desire, парфюмерное творение, которое стало неотъемлемой частью вселенной ароматов The Secret. Женский аромат, в котором Соблазн раскрывает чувства и открывает эту самую сокровенную тайну - ваши самые глубокие, самые тайные желания… Путешествие чувств начинается с цитрусового взрыва бергамота и сочной малины. Чтобы чувства обострились до максимума, в основу аромата добавили цветочный букет из жасмина самбак и нероли. Ирис, окутанный в сладостную древесину сандала и бальзамической ели, таит в себе ноты бархатистой ванили.;
81103500001;BANDERAS Her Secret Temptation;туалетная вода;Испания;4242;3605;https://goldapple.ru/81103500001-her-secret-temptation;242.52;Туалетная вода Banderas Her Secret Temptation великолепно дополнит ваш идеальный образ и позволит ощутить свою притягательность. Стойкий аромат Her Secret Temptation раскрывается легкой остротой розового перца, которая гармонично сочетается с изысканными нотками нероли. В сердце туалетной воды от Banderas звучат акценты ириса, жасмина и розы, а в шлейфе остаются пряные оттенки мускуса, пачули и амбры.;
19760330461;BANDERAS the icon;туалетная вода;Испания;3463;2285;https://goldapple.ru/19760330461-the-icon;240.0;The Icon — абсолютно новая глава в истории бренда Banderas. Он олицетворяет успех. Успех — это отношение, и мир принадлежит тем, кто осмеливается и живет полной жизнью. Волна свежести в верхних нотах привносит изысканный микс итальянских цитрусовых, усиленных черным перцем, чтобы показать самые яркие и сияющие грани. Элегантная смесь масла лаванды и шалфея в сердце аромата усилена листьями водной фиалки, чтобы придать мужественность, контрастируя с сочетанием дерева и чувственных бобов тонка, украшенных мощной гранью дубового мха для придания индивидуальности и яркости.;
19000010695;ANGEL SCHLESSER LES EAUX D’UN INSTANT Immense Peony;туалетная вода;Италия;6079;5471;https://goldapple.ru/19000010695-les-eaux-d-un-instant-immense-peony;233.12;Нежность лепестков пиона воплощена в аромате Immense Peony, посвященном свободе, безмятежности и ощущению блаженства. Цветочно-фруктовая композиция ANGEL SCHLESSER с идеальной гармонией нот сладкой клубники и изысканного пиона расслабляет, словно умиротворяющий момент дня, когда солнце тает над горизонтом и морем, окрашивая закатное небо в розовый цвет. Чарующий аромат ласкает, будто бархатный песок и прибрежные волны, благодаря мягкой базовой ноте мускуса. Парфюмер –  Ane Ayo.  Ключевые ноты: клубника, пион, мускус.;Только для наружного применения.
19000032742;GIVENCHY  IRRESISTIBLE EAU DE TOILETTE FRAICHE;туалетная вода;Франция;13850;13850;https://goldapple.ru/19000032742-irresistible-eau-de-toilette-fraiche;217.14;Аромат Irresistible Eau de Toilette Fraiche - это настоящий концентрат сверкающей пряной энергии, танца и искромётной свежести. Irresistible Eau de Toilette Fraiche – это приглашение блистать!  Базовым компонентом композиции является Дамасская Роза – визитная карточка ароматов Irresistible. Нежность розовой воды наполняет Eau de Toilette Fraiche естественной женственностью и очарованием, а пряный аккорд Розового Перца и терпкого сладкого Апельсина усиливает сияние цветочно-пряного букета. Дополняют композицию ноты Виргинского Кедра. Сливаясь с нежным, обволакивающим Мускусом, древесные аккорды создают незабываемый шлейф и придают аромату соблазнительный акцент. Погрузись в очаровательный мир танца вместе с Irresistible Eau de Toilette Fraiche Продли ощущение радости и свободы - используй парфюмированный гель для душа и парфюмированное молочко для тела Irresistible.;
19000107889;GUERLAIN Aqua Allegoria Granada Salvia;туалетная вода;Франция;11900;11900;https://goldapple.ru/19000107889-aqua-allegoria-granada-salvia;203.84;Granada Salvia — это путешествие в теплый андалузский сад, который манит попробовать изысканный гранат на вкус.  Очаровательный фруктово-мускусный аромат. Восхитительный гранатовый аккорд дополнен свежестью нот чёрной смородины, кипариса, лимона и бергамота, затем элегантно подчёркнут нотами шалфея и розы в окружении белого мускуса, мха и пачулей.  Настоящая ода чудесам природы, ароматы Aqua Allegoria являются отражением бережного отношения Guerlain к природным ресурсам. Они содержат до 95% натуральных ингредиентов*, изготовляются на основе органического свекольного спирта и помещены во флакон, состоящий на 15% из переработанного стекла, созданного полностью во Франции.  *От 90 до 95% ингредиентов натурального происхождения, в соответствии со стандартом ISO 16128, учитывая качество воды.;Нанести на тело или одежду, избегая попадания в глаза.
19000154581;KORRES Cashmere Kumquat;туалетная вода;;7690;5152;https://goldapple.ru/19000154581-cashmere-kumquat-eau-de-toilette;202.1;Туалетная вода Cashmere Kumquat - чувственный и теплый аромат, сделает Ваш образ еще более притягательным и обворожительным, подарит Вам еще большую притягательность и обаяние. Композиция: Кашемир - нежный, теплый - это синоним роскоши, который привносит в композицию чувственный баланс. Это глубокий, многогранный, пряный, мускусно-древесный аккорд с цветочным оттенком. Кумкват - ярко-оранжевый цитрусовый фрукт, символ процветания, с горьковато-сладким ароматом, который вызывает положительные чувства и поднимает настроение, бодрит и тонизирует. Его цитрусовый профиль ближе к мандарину с виноградными и земляничными нюансами. Ваниль пробуждает чувства и вызывает мечты о любви.  Превосходный ингредиент с отчетливо сладким и соблазнительным ароматом и многолетней репутацией одного из самых мощных природных афродизиаков. Содержит 88% натуральных компонентов. Дерматологически протестировано. Korres – бренд натуральных средств ухода за кожей и парфюмерии, содержащих до 99% компонентов природного происхождения. Все парфюмерные композиции бренда – это яркие и чувственные ароматы, сочетающие в себе сочные природные ноты натуральных компонентов, что обеспечивает высокую стойкость ароматов и дарит яркое настроение и эмоции на долгое время.  Дополните свой образ парфюмерными композициями Korres и обретите еще большую притягательность и уверенность в себе!;Распылите на расстоянии примерно 20 см. от кожи, уделив особое внимание таким зонам, как запястья и шея.
19000350101;CHRISTINE LAVOISIER PARFUMS Clutch Collection, Love is... choco;туалетная вода;Россия;369;332;https://goldapple.ru/19000350101-clutch-collection-love-is-choco;201.48;Невероятный притягательный аромат горячего шоколада, который хочется вдыхать снова и снова… Это Love is Choco… Обволакивающие ноты шоколада, нежной ванили и тягучей карамели понимают настроение и приковывают внимание!;Нанести на шею, запястье, локтевые сгибы
19000219004;YOU & WORLD My Moments My Soul;туалетная вода;Россия;852;690;https://goldapple.ru/19000219004-my-moments-my-soul;199.68;Душа моя… маленький смешной комочек шерсти, который делает мою жизнь ярче и счастливее. Он уютно устраивается на моих коленях, мягко мурлыкая. Эти моменты, когда не думаешь ни о чем, наслаждаясь простым существованием друг с другом, означают для меня больше, чем я могу выразить словами.;Нанести на шею, запястье, локтевые сгибы.
80117200001;CALVIN KLEIN CK One;туалетная вода;Испания;5640;4794;https://goldapple.ru/80117200001-ck-one;199.28;Туалетная вода унисекс Calvin Klein CK One – это культовая классика, отражающая суть человеческого духа, сокрытого в каждом из нас. Невероятно смелая мужская и одновременно женская туалетная вода наполнена свежей, юной энергией. Аромат унисекс воспевает нашу схожесть и различия, а также бесчисленные возможности для тех, кто не боится нарушать принятые нормы. Спокойный минималистический стиль Calvin Klein – как белое полотно, на которым Вы пишите картину собственной жизни. Эта авангардная инклюзивная туалетная вода предназначена для мужчин в поисках собственной уникальности и для женщин, которые своим стилем жизни бросают вызов социальным нормам. Гендерно-нейтральные духи с цитрусовым ароматом от парфюмера Альберто Морильяса открываются освежающим звенящим аккордом зеленого чая, папайи и бергамота. За идеально сбалансированными нотами сердца с мускатным орехом, фиалкой, кардамоном и розой следуют приглушенные, словно затуманенные базовые ноты, в которых несравненная амбра встречается с мускусом. Оригинальный гендерно-нейтральный аромат Calvin Klein CK One стал первой парфюмерной композицией, созданной не по правилам, главной туалетной водой для анархистов в душе. Туалетная вода Calvin Klein CK One, интригующая и динамичная, свободная и продуманная, – это духи Calvin Klein, символизирующие вечный диалог мужественного и женственного, утонченного и по-молодежному смелого, сверкающего на поверхности и серьезного по сути. Революционный флакон в виде фляги объемом 100 мл наполнен ароматом, решительно отвергающим гендерные стереотипы: в нем соблюден идеальный баланс между традиционно мужскими мускусными нотами и цветочными женскими. Откажитесь от стереотипов, и мир начнет меняться благодаря Вам и туалетной воде для мужчин и женщин, которая не вписывается в принятые категории!;
19000184760;MANDARINA DUCK VIDA LOCA for him;туалетная вода;Италия;3347;2175;https://goldapple.ru/19000184760-vida-loca-for-him;195.52;Вдохновляющий аромат MANDARINA DUCK поможет уловить дух беззаботного экзотического отдыха, где бы вы ни находились. Парфюмерная композиция с тропической нотой ананаса и охлаждающим дуэтом мяты и мандарина передает атмосферу расслабленной, увлекательной жизни на Балеарских островах в Испании. Представить райские пейзажи с бескрайним морем и песчаными пляжами помогает легкая сладость кокоса, дополненная освещающим звучанием лаванды, шалфея и герани. Теплые ноты ванили и бобов тонка в сочетании с ветивером становятся идеальным завершающим штрихом в захватывающем парфюмерном путешествии. Парфюмер – Pierre Guéros.;Только для наружного применения.
19000428742;BVLGARI Aqva Pour Homme;туалетная вода;Италия;13679;13679;https://goldapple.ru/19000428742-aqva-pour-homme;192.0;Мужественный акватический аромат Aqva Pour Homme напоминает об энергии, мощи, красоте океана и тайнах, скрытых в его бездонных глубинах.  Эта благородная композиция BVLGARI с прохладными нотами мандарина, триостренника и притягательной амбры раскрывает сильный и гипнотический характер самой непредсказуемой стихии – воды.  Насыщенный аромат накрывает освежающей волной, в которой сочетаются цитрусы, древесные ноты и солёный морской аккорд, пробуждающий жажду открытий.;
19000135079;TESORI D’ORIENTE Hammam;туалетная вода;Италия;1090;817;https://goldapple.ru/19000135079-hammam;180.9;"Туалетная вода Tesori d'Oriente ""Хаммам"". Восточно-цветочный букет с аргановым маслом, который тысячелетиями использовался как эликсир красоты. Этот парфюм заключает в себе чувственность жасмина самбак, яркость апельсинового цвета и свежесть клементина, даря жизнь очаровательному, неповторимому и интенсивному аромату.";Наносить на кожу или одежду с расстояния 15 см
7274300007;KENZO WORLD;туалетная вода;Франция;8630;8630;https://goldapple.ru/7274300007-kenzo-world;177.6;Искрящаяся туалетная вода KENZO WORLD для бесконечно смелой и немного ироничной героини! Аромат, неизменно вызывающий улыбку, создан дуэтом парфюмеров – Франсисом Куркджяном и Майей Лерну – гармонично уравновешивает фруктовые и цветочные оттенки, сочетая сочные ноты груши с роскошными нотами цветов пиона, миндаля и ириса. Безошибочно женственная и лучезарная композиция. Туалетная вода KENZO WORLD – аромат счастливой и смелой женщины.;
7274500001;KENZO AQUA KENZO POUR HOMME;туалетная вода;Франция;5640;5640;https://goldapple.ru/7274500001-aqua-kenzo-pour-homme;177.38;Красные ягоды добавляют сочности и напора свежим листьям орешника. Уникальные решения, оригинальные растительные акценты. Тандем сандалового дерева и кедра обретает внезапно освежающие оттенки, придавая композиции остроту и чувственную энергию. Свежий и стильный древесный аромат.;
19000122335;HELLO KITTY WEDDING DRESS;туалетная вода;;858;531;https://goldapple.ru/19000122335-wedding-dress;175.68;Туалетная вода Hello Kittty- это ода нежной и радостной юности, которую парфюмеры, будто особенные волшебники, поместили во флакон. Некоторые могут обмануться названием данного аромата и посчитать, что его создали для совсем юной аудитории, но это не совсем так… Мы уверены- многие молодые девушки захотят ощутить, как это быть частью волшебного мира Hello Kitty, как верить в добрые сказки. Ноты: цитрус, пион, мандарин, османтус, роза, сандал, пачули, розовый перец. Аромат весна! Аромат влюблённость! Облако нежности, идеальное чистое звучание, как раз под стать такому же чистому и воздушному белому свадебному платью, о котором мечтают девочки всех возрастов!;Парфюм всех типов наносится на чистую, слегка увлаженную кожу.
19760328390;HUGO BOSS HUGO Man;туалетная вода;Франция;7800;6630;https://goldapple.ru/19760328390-hugo-man;172.8;HUGO MAN — это легендарный аромат для современного мужчины, который покоряет все новые вершины, не боится действовать и рисковать. Верхние ноты состоят из грейпфрута, базилика и зеленого яблока, сердце наполняется аккордами лаванды и жасмина, а база представляет собой сочетание сандалового дерева, кедра и мха. Флакон HUGO представлен в выразительном флаконе в форме фляги с обновлённым логотипом. Это аромат для мужчин, которые всегда в движении. Почувствуй свежесть, уверенность в себе и проживи каждый день по-своему вместе с Hugo MAN!;
19000017117;LOEWE SOLO ELLA;туалетная вода;Испания;11900;11900;https://goldapple.ru/19000017117-solo-ella;168.0;Туалетная вода для женщин LOEWE Solo Ella принадлежит к фруктовым цветочно-древесным ароматам. Питахайя и маракуйя сочетаются в ней со сладкими нотами пралине, ванили и сахарной ваты, создавая стойкий и сбалансированный аромат.  Женские ароматы коллекции LOEWE Solo несут с собой ощущение гармонии, подобное тому, какое возникает при созерцании заката. Поэтому их композиции, состоящие из четырех контрастных аккордов, отличаются стойкостью и долговечностью.  В LOEWE Solo Ella выделяются ноты ванили, сандала и амбры. Будучи частью коллекции LOEWE Botanical Rainbow, этот аромат отражает многообразие природы через эмоциональные нюансы. Женские ароматы Botanical Rainbow созданы для сочетания или использования в паре и способны подарить необычные и незабываемые впечатления.  Например, туалетную воду LOEWE Solo Ella можно комбинировать с LOEWE Agua Ella, чтобы взаимно обогатить их и создать уникальный общий аромат. Такое взаимодействие происходит как при нанесении на разные участки тела, так и при использовании двумя людьми, находящимися рядом. LOEWE Solo Ella представлен в фирменной упаковке, украшенной работой «Centaurea ruthenica» Карла Блоссфельдта, подчеркивающей уникальность аромата. Культовый прямоугольный флакон, созданный креативным директором LOEWE Джонатаном Андерсоном, выполнен в ярком оранжевом цвете. LOEWE Perfumes представляет широкий ассортимент коллекционных ароматов — многогранные творения, воздействующие на все органы чувств и воплощающие сущность природных элементов.;Небольшое количество нанести на тело, избегая попадания в глаза.
19000013829;KENZO HOMME INTENSE;туалетная вода;Франция;11140;11140;https://goldapple.ru/19000013829-homme-intense;167.04;Откройте для себя новую интенсивную туалетную воду KENZO HOMME INTENSE - новый мужской аромат, вдохновленный силой бамбука и безмятежностью морского бриза. Аромат понравится мужчинам, которые отдают предпочтение древесным и акватическим нотам.  KENZO HOMME INTENSE - это древесный морской аромат. Бодрящая свежесть розового перца в сочетании с акватическим аккордом уступает место нотам фигового и сандалового дерева. Свежая и чувственная композиция, напоминающая солоноватый аромат кожи, нагретой солнцем.  Новый флакон KENZO HOMME интенсивно-синего цвета – это ода поэзии. Его форма отражает прочность и гибкость бамбука. Дизайн крышки позволяет снизить использование пластика на 34%. Флакон на 10% сделан из переработанного стекла.;
82680300002;UNITED COLORS OF BENETTON United Dreams Love Yourself;туалетная вода;Испания;2277;1935;https://goldapple.ru/82680300002-united-dreams-love-yourself;166.38;Туалетная вода Benetton United Dreams Love Yourself — аромат, призывающий каждую свою обладательницу оставаться собой, быть уникальной, неповторимой и оригинальной. В состав воды входят оттенки чувственной розы, свежесть жасмина, при этом добавлены грушевые нотки, кисло-сладкая малина, абрикос, древесина, амбра. Благодаря такому сочетанию Love Yourself просто источает страсть, теплоту в тандеме с мягкостью и непременной динамикой образа. Benetton добавил в аромат немного бергамота, мускуса и фрезии, чтобы каждая женщина смогла прочувствовать на себе магию этого современного сочетания запахов и ощутить себя уникальной. Для того, чтобы окунуться в этот мир достаточно всего лишь одного нажатия на дозатор.;
7270700004;KENZO LE MONDE EST BEAU;туалетная вода;;8400;8400;https://goldapple.ru/7270700004-kenzo-le-monde-est-beau;166.08;"LE MONDE EST BEAU - Мир прекрасен! Ослепительная композиция названа любимой фразой KENZO! Аромат счастья и наслаждения жизнью. Cияющие верхние ноты: черная смородина, мандарин, базилик; искрящиеся ноты сердца: цветок вишневого дерева, магнолия, жасмин; роскошный шлейф: кедр, бобы Тонка.";
19000296740;CHRISTINE LAVOISIER PARFUMS Clutch Collection Caramel;туалетная вода;Россия;727;654;https://goldapple.ru/19000296740-caramel;163.56;Искушающий аромат карамели обещает незабываемое удовольствие! Он похож на путешествие в мир наслаждения, где прекрасно сочетаются изысканные оттенки густой карамели и кокоса, воздушные ноты ванили и теплая обволакивающая симфония орехового пралине. Устоять невозможно!;Нанести на шею, запястье, локтевые сгибы.
7302000001;MOSCHINO Fresh Pink Couture;туалетная вода;Италия;5600;4200;https://goldapple.ru/7302000001-fresh-pink-couture;153.86;Moschino pink fresh couture – новый свежий аромат для неё. Новый объект желания от Moschino, фруктовоцветочная интерпретация первого аромата из коллекции fresh couture. Изысканный тонкий аромат раскрывается соблазнительным букетом женственных искрящихся нот. В верхних нотах яркое сочетание свежего розового грейпфрута и чёрной смородины дополнено прозрачными сияющими нотами ландыша. В сердце аромата цветочные аккорды лепестков шиповника и розового гиацинта окрашены нотами сочного граната. Пленительное сочетание кедра, амброксана и мускуса создаёт неотразимый чувственный шлейф.;
19000348328;KORRES WHITE TEA;туалетная вода;Греция;10790;7553;https://goldapple.ru/19000348328-white-tea;152.1;Туалетная вода White Tea - сладкий, нежный, свежий, бодрящий и в то же время чувственный аромат. Идеальное дополнение Вашего образа нотками изысканности, элегантности и очарования! Композиция: В верхних нотах головокружительный аромат бергамота способен покорить буквально с первого знакомства: в нем уживается свежесть цитруса, легкость и теплота цветочного букета в сочетании с обволакивающими смолисто-древесными нотами. В сердце нежный аромат белого чая, элегантность которого дополняется букетом свежих пионов, фрезий и обволакивающего жасмина.  Фрезия - это цветок с нежным и притягательным ароматом, который завораживает своей красотой и элегантностью, сочетая в себе цветочные, фруктовые и пряные ноты. Парфюмерное путешествие завершается древесной, слегка землистой ароматной смесью кедра и дубового мха. Содержит 88% натуральных компонентов. Дерматологически протестировано. Korres – бренд натуральных средств ухода за кожей и парфюмерии, содержащих до 99% компонентов природного происхождения.  Все парфюмерные композиции бренда – это яркие и чувственные ароматы, сочетающие в себе сочные природные ноты натуральных компонентов, что обеспечивает высокую стойкость ароматов и дарит яркое настроение и эмоции на долгое время. Дополните свой образ парфюмерными композициями Korres и обретите еще большую притягательность и уверенность в себе!;Распылите на расстоянии примерно 20 см. от кожи, уделив особое внимание таким зонам, как запястья и шея.
19000043225;KENZO FLOWER BY KENZO POPPY BOUQUET;туалетная вода;Франция;6020;6020;https://goldapple.ru/19000043225-flower-by-kenzo-poppy-bouquet;146.02;FLOWER BY KENZO POPPY BOUQUET: новая туалетная вода, которая наполнит вашу жизнь цветами. Парфюмер Дора Багриш приглашает вас на утреннюю прогулку по японскому цветочному рынку, чтобы познакомиться с туалетной водой FLOWER BY KENZO POPPY BOUQUET, которая словно соткана из цветов. Цветочные и зеленые ноты сплетаются в новой туалетной воде FLOWER BY KENZO POPPY BOUQUET, создавая яркий и деликатный букет. В верхних нотах зеленый миндаль смешивается с чайными листьями и эссенцией мандарина. Ноты сердца – это яркий и нежный цветочный букет из жасмина самбак, гардении и дамасской розы. В шлейфе аромата звучит чувственный аккорд белого мускуса и знаковая для Kenzo нота кедра.  Цветочная вуаль нового аромата окутает вашу кожу.;Только для наружного применения
19000066084;UNITED COLORS OF BENETTON sisterland pink raspberry;туалетная вода;;2791;2372;https://goldapple.ru/19000066084-sisterland-pink-raspberry;144.96;SISTERLAND - это новая коллекция ароматов Benetton, вдохновленная женской дружбой, искренней и безоговорочной, которая принимает несмотря на наши различия.   WE'RE DIFFERENT. WE’RE FRIENDS. Мы - разные. Мы – друзья.   PINK RASPBERRY - самая милая, чуткая и искренняя из всех сестер, внимательная ко всем деталям. Аромат, олицетворяющий любовь и гармонию. Букет из белых цветов в сочетании с малиновыми и древесными нотами.;
19000133636;MANDARINA DUCK For her;туалетная вода;Италия;3347;3012;https://goldapple.ru/19000133636-for-her;144.0;Цветочно-фруктовый аромат MANDARINA DUCK создан для активных женщин, которые любят путешествия, природу и жизнь. О ярком характере оптимистичной искательницы приключений сразу заявят верхние ноты сочного апельсина, красной смородины и розового перца.  Цветочное сердце композиции с нежным, весенним звучанием жасмина, пиона и мимозы отражает чувственность и жизнерадостность. Базовые ноты мускуса, кедра и амбры дополняют вспышку фруктово-цветочной свежести и делают композицию притягательной и многогранной.  Классификация аромата: цветочный фруктовый пудровый.  Парфюмер – Marine Ipert.;Только для наружного применения.
19000120752;CHRISTINE LAVOISIER PARFUMS Memories lab Ocean bliss;туалетная вода;;1220;915;https://goldapple.ru/19000120752-memories-lab-ocean-bliss;143.52;Вдохновленный путешествием к океану,  OCEAN BLISS , сочетает в себе сладость тропических фруктов, свежесть соленого бриза и глубину океана. Аромат будто возвращает на побережье и дарит обладательнице эмоции счастья и райского наслаждения.;Нанести на шею, запястье,локтевые сгибы.
19000005046;LOEWE Aire Sutileza;туалетная вода;Испания;11900;11900;https://goldapple.ru/19000005046-aire-sutileza;128.64;Туалетная вода LOEWE Aire Sutileza — это пленительный женский аромат, вдохновленный свежестью чистого и прозрачного воздуха. Этот аромат, принадлежащий к цветочному семейству, рождает ощущение легкости и умиротворения. В композиции переплетаются ноты груши, мугета (ландыша) и жасмина, создавая изысканный и поднимающий настроение аромат. Верхняя нота груши придает аромату фруктовую сладость, а ноты сердца, ландыш и жасмин, привносят цветочную свежесть. Туалетная вода LOEWE Aire Sutileza, входящая в коллекцию Botanical Rainbow, создана для комбинирования с другими ароматами той же коллекции, позволяя создать свой неповторимый аромат. Усильте цветочные ноты LOEWE Aire Sutileza, сочетая его с A Mi Aire или парфюмерной водой Solo Ella для создания уникального третьего аромата. Полупрозрачный стеклянный флакон LOEWE Aire Sutileza нежного лиственно-зеленого оттенка, воплощает простоту и грацию. Этот минималистичный дизайн, вдохновленный самой природой, — творение креативного директора LOEWE Джонатана Андерсона. Познайте негу чистого, нетронутого воздуха с туалетной водой LOEWE Aire Sutileza. Позвольте этому свежему цветочному аромату погрузить вас в состояние безмятежности и естественности, даря незабываемые ощущения.;Небольшое количество нанести на тело, избегая попадания в глаза.
19000435997;CHRISTINE LAVOISIER PARFUMS Sense Pure coconut;туалетная вода;Россия;839;755;https://goldapple.ru/19000435997-sense-pure-coconut;126.72;Sense Pure Coconut нежный и мягкий аромат, наполненный сладкими и сливочными нотами кокоса, ярких цукатов и тонкийского мускуса.  Манящая композиция пьянит красками лета, окутывает теплом закатного солнца и душистым звучанием цветения жасмина.  Sense Pure Coconut не похож ни на какой другой: свежесть чистых кокосовых нот сочетаются со сладостью засахаренных фруктов и дарит головокружительное наслаждение.;Нанести на шею, запястье, локтевые сгибы.
7791100001;"MASAKI MATSUSHIMA M;0°C";туалетная вода;;4600;3358;https://goldapple.ru/7791100001-m-0-c;126.72;От бирюзово - снежного флакона аромата веет морозной свежестью. Он как будто покрылся инеем от морозного дыхания. Внутри флакона находится замороженный яблочным щербетом аромат древесно-цитрусовых нот. Тонкие касания колокольчиков и мускуса создают ощущение морозного скандинавского утра.      Ноты сердца собраны из коктейля  Chimayo  - оригинального сочетания сока яблока, лайма, текилы и конечно, кусочков льда. Аромат дарит ощущение прохлады даже в самый жаркий день.;Распылить на тело и волосы
7190500020;DIOR Addict;туалетная вода;Франция;16300;16300;https://goldapple.ru/7190500020-addict;125.76;Мгновенно притягивающий, Dior Addict воплощает собой невероятно красивый и соблазнительный аромат, который находится в полной гармонии с сегодняшним днем.  Сицилийский Мандарин в его верхних нотах придает игривый, чарующий оттенок фруктовых цитрусовых аккордов, пикантных и насыщенных. На смену ему приходит букет белых цветов Жасмина Самбак и Тунисского Нероли в сочетании с чувственной и изысканной древесной базовой нотой Эссенции Сандалового дерева с легким оттенком Ванили.  Утонченный древесно-цветочный аромат: абсолютно женственный, он искрится свежестью и чувственной элегантностью.;
19000184759;ARMAND BASI Uniform don’t look back;туалетная вода;Италия;4480;1792;https://goldapple.ru/19000184759-uniform-don-t-look-back;125.02;Пряная свежесть смелого аромата ARMAND BASI, воспевающего дух индивидуальности и свободы, заряжает энергией и уверенностью. Насыщенная прохлада замороженного мандарина и свежесть лаванды играют на контрасте с нотой листьев кориандра.  В дерзком сердце композиции алкогольный аккорд в дуэте с табачной нотой формируют оригинальное, притягательное звучание. Необычное парфюмерное сочетание смягчают чувственная ваниль, теплая древесная нота кедра и дубовый мох.  Парфюмер – Karine Dubreuil.;Только для наружного применения.
19000039612;BVLGARI Rose Goldea Blossom Delight;туалетная вода;Италия;13185;9888;https://goldapple.ru/19000039612-goldea-rose-goldea-blossom-delight;124.2;Аромат Rose Goldea Blossom Delight от BVLGARI воспевает утреннюю свежесть бутонов роз, поцелованных росой, и только что сорванных весенних цветов. Красоту розы, распустившейся на рассвете, подчеркивают чистая, нежная нота ландыша и деликатная чувственность мускуса. Современная цветочная композиция отражает неудержимую энергию молодости и саму суть женственности, воплощенную благодаря чарующим нотам розовых лепестков и пиона, свежего и сладкого одновременно. Парфюмер – Alberto Morillas. Классификация аромата: цветочный розовый.  Ключевые ноты: роза, пион, ландыш, мускус;
19000154584;KORRES Oceanic Amber Eau de Toilette;туалетная вода;;7690;5075;https://goldapple.ru/19000154584-oceanic-amber-eau-de-toilette;119.04;"Туалетная вода Oceanic Amber Eau de Toilette. Композиция: Океанический янтарь - соединение древесины, соли и пресной воды; эссенция глубоких вод, окруженных крепкими смолистыми деревьями; нетронутая красота природы, ценимая со времен неолита. Кардамон - одна из самых древних и ценных специй. Мята перечная - одна из древнейших трав, используемых в медицине, мята перечная издавна ценилась своей способностью мгновенно освежать и заряжать энергией.";Распылите на расстоянии примерно 20 см. от кожи, уделив особое внимание таким зонам, как запястья и шея.
19000127066;ICEBERG CHANGE THE FLOW;туалетная вода;Италия;5379;2420;https://goldapple.ru/19000127066-change-the-flow;117.5;Туалетная вода CHANGE THE FLOW от ICEBERG – это смелый мужской аромат для бунтарей и для тех, кто готов нарушать принятые правила и устанавливать свои собственные. Композиция переливается от свежих и пряных верхних нот горького апельсина, шафрана и имбиря к насыщенной землисто-древесной базе, объединившей сандал, кедр и амбру. Чувственный и дерзкий характер аромата ярко выражен в его сердце, где громко заявляют о себе кожаный аккорд и нота табачных листьев. Этот свежий и бодрящий аромат воспевает поток перемен и подходит для тех, кто хочет жить полной жизнью.;только для наружного применения
7014500001;ESTEE LAUDER Bronze Goddess Eau Fraiche;туалетная вода;Швейцария;12800;9600;https://goldapple.ru/7014500001-bronze-goddess-eau-fraiche;117.0;Туалетная вода-спрей Esteе Lauder Bronze Goddess Eau Fraiche — уникальный и невероятный летний аромат, относящийся к группе восточные фруктовые. Основу туалетной воды составляет нота базы - амбра. У парфюмерной воды высокий уровень стойкости, ее аромат не выветривается на протяжении дня. Также данный парфюм обладает длинным, ярко выраженным шлейфом, который моментально наполняет всю комнату неповторимым запахом Bronze Goddess Eau Fraiche. Женственности, нежности и элегантности парфюмерной воде от Esteе Lauder придают средние ноты, такие как молоко и фруктовые ноты. А броскости, свежести и соблазнительности — верхние ноты, а именно — лимон и мандарин.;
19000154578;KORRES Black Pepper Eau de Toilette;туалетная вода;;7690;5383;https://goldapple.ru/19000154578-black-pepper-eau-de-toilette;115.2;"Туалетная вода Black Pepper Eau de Toilette. Композиция: Черный перец, король специй, пользовавшийся большим авторитетом со времен Древней Греции, использовался в качестве валюты и преподносился богам как священное подношение. Он обладает отчетливым теплым и бодрящим ароматом; острый вкус, смешанный со смолами, содержащимися в его семенах, и затхлым запахом масел. Кашемир обладает мягким, нежным вкусом и глубоким древесным ароматом.  Лимонное дерево, местное вечнозеленое дерево маори, также известное как тарата, является ценным источником уникального, очень яркого аромата. Его глянцевые желто-зеленые листья источают искрящийся, освежающий оттенок лимонной ноты.";Распылите на расстоянии примерно 20 см. от кожи, уделив особое внимание таким зонам, как запястья и шея.
80130600013;ARMAND BASI Blue sport;туалетная вода;Италия;5951;2975;https://goldapple.ru/80130600013-in-blue-sport;113.28;Туалетная вода Armand Basi In Blue sport для мужчин — благородный и освежающий мужской аромат, отражающий дух Средиземноморья, в недра которого Armand Basi заложили благородный мох и чувственный мускус, подкреплённые изысканными и роскошными породами деревьев. А в сердечных делах главную роль играют ноты озона, гедион, лаванда и цветы герани. In Blue для мужчин зацепит освежающим коктейлем цитрусовых и будет на протяжении всего дня дурманить своим ароматом, набирающим глубину и мистичность. Почувствуй себя благородно с поистине мужской туалетной водой.;Только для наружного применения.
7132700002;DIOR Miss Dior;туалетная вода;Франция;11650;11650;https://goldapple.ru/7132700002-miss-dior;110.4;Новая туалетная вода Miss Dior - пленительный цветочный вихрь. Умопомрачительный танец Грасской Розы и Майского Ландыша. Сияющая Miss Dior, которая с головой бросается в любовный омут. Туалетная вода Miss Dior - свежая пьянящая композиция. Верхние ноты красного Апельсина придают аромату свежесть и искристость. В самом сердце аромата - ноты Майского Ландыша и Грасской Розы. Индонезийские Пачули дарят этой излучающей радость туалетной воде свой индивидуальный характер.;
19000156228;ARMAND BASI Homme Woody Musk;туалетная вода;Италия;7737;6963;https://goldapple.ru/19000156228-homme-woody-musk;108.56;Чистая и чувственная парфюмерная композиция ARMAND BASI посвящена красоте мускуса – важнейшего для парфюмерии ингредиента, способного окутать чувством комфорта и усилить стойкость аромата.  Раскрыть мускус с новой стороны позволяют пряные ноты кардамона, имбиря и перца, усиленные свежестью лимона и бергамота.  В сердце аромата доминирует аккорд чистоты, объединивший альдегиды и цветок апельсина, шалфей и амброксан.  Глубину и насыщенность ноты мускуса усиливают благородный кедр и чувственный кашмеран.  Классификация аромата: древесный мускусный. Парфюмер – Aurélien Guichard.;Только для наружного применения.
19000009206;DIOR Miss Dior Rose'n'Roses;туалетная вода;Франция;8250;8250;https://goldapple.ru/19000009206-miss-dior-rose-n-roses;107.52;Отройте для себя новый аромат Miss Dior Rose'n'Roses. Свежий вихрь разноцветных лепестков, бодрящая энергия цитрусовых нот. В сердце Miss Dior Rose N'Roses - вихрь пряных нот Грасской Розы. Её роскошные бутоны распускаются в мае на полях Грасса, принадлежащих эксклюзивным партнерам Дома Dior. Сборщицы урожая аккуратно срывают эти удивительные цветы, чтобы сохранить их качества.;
80131000002;ARMAND BASI L'Eau Pour Homme;туалетная вода;Италия;6171;3640;https://goldapple.ru/80131000002-l-eau-pour-homme;102.46;"Туалетная вода Armand Basi L'Eau Pour Homme для мужчин. Мужественный, тяжелый, изысканный — именно так можно описать новый аромат Armand Basi. Тщательно подобранные природные экстракты создают неповторимый многогранный запах, что делает L'Eau Pour Homme для мужчин неповторимым и удивляющим каждого, кто хоть раз имел возможность услышать его. На верхних нотах разместилось нежное, свежее сочетание бергамота и лаванды. Его уравновешивает кардамон с мускатом на средних нотах, придавая туалетной воде загадочности и мужественного ""холода"". Шлейф представлен природными, натуральными нотами: дубовый мох, средиземноморский кипарис.";Только для наружного применения.
19000107895;GUERLAIN Aqua Allegoria Pera Granita;туалетная вода;Франция;11900;11900;https://goldapple.ru/19000107895-aqua-allegoria-pera-granita;101.2;Pera Granita - это аромат нагретого солнцем гранита под сенью грушевых деревьев в средиземноморском саду.  Сочный и жизнерадостный фруктово-цветочный аромат. Сочная нота груши приобретает терпкость благодаря пикантной свежести грейпфрута и лимона. Фруктовые и абрикосовые оттенки османтуса придают аромату сладкую мягкость, дополненную древесно-мускусным аккордом.  Настоящая ода чудесам природы, ароматы Aqua Allegoria являются отражением бережного отношения Guerlain к природным ресурсам. Они содержат до 95% натуральных ингредиентов*, изготовляются на основе органического свекольного спирта и помещены во флакон, состоящий на 15% из переработанного стекла, созданного полностью во Франции.  *От 90 до 95% ингредиентов натурального происхождения, в соответствии со стандартом ISO 16128, учитывая качество воды.;Нанести на тело или одежду, избегая попадания в глаза.
19000222794;NICOLAI PARFUMEUR-CREATEUR PARIS ANGELYS PEAR;туалетная вода;Франция;7214;3607;https://goldapple.ru/19000222794-angelys-pear;100.58;Вихрь лепестков, фруктов и специй создает элегантную смесь эссенций. Разнообразная коллекция EAU DE TOILETTE предлагает изящный баланс свежести, деликатности и интенсивности. Свежая и сочная нота груши подчеркнута букетом из розы и жасмина, который подсвечивается дубовым мхом. Благодаря красоте света, чистоте воздуха и спокойному, безмятежному настроению Angelys Pear прекрасно иллюстрирует легендарную французскую долину Луары в нежном цветении.  Сладкий, свежий аромат с ярким сердцем, долгим шлейфом и приятным намеком на шипр.;Только для наружного применения.
80111900001;CALVIN KLEIN Euphoria Men;туалетная вода;Франция;8100;6885;https://goldapple.ru/80111900001-euphoria-men;97.92;Туалетная вода Calvin Klein Euphoria Men. Древесный, фужерный аромат создан для стильного, современного и уверенного в себе мужчины. В аромате Euphoria Men от Calvin Klein идеально соединены энергичные пряные ноты имбиря, перца, черного базилика и шалфея и мягкие древесные ноты кедра, пачули, бразильского красного дерева и твердой амбры. Основные ноты: семена красного перца, замша, пачули, острый имбирный аккорд, черный базилик, кедровый лист, полынь, кожа, красное дерево, амбра. Характеристика: дерзкий, пьянящий, страстный, чувственный, энергичный свежий, провокационный, экзотический. Предназначен для дневного и вечернего использования.;Только для наружного применения.
19000402316;TOM FORD Eau De Soleil Blanc;туалетная вода;Швейцария;15500;12400;https://goldapple.ru/19000402316-eau-de-soleil-blanc;94.76;EAU DE SOLEIL BLANC — новый аромат коллекции SOLEIL, в котором искрящиеся цитрусовые оттенки сменяются богемными цветочными нотами. Сделайте шаг навстречу золотым лучам солнца и насладитесь гипнотическим теплом притягательной амбры и сочным аккордом коко-де-мер. Аромат EAU DE SOLEIL BLANC раскрывается бодрящими нотами цитрусовых, подчеркнутыми пикантным аккордом фисташки и оттенками пряного кардамона. Изысканная композиция с нотами туберозы, иланг-иланга, цветов апельсина и аккордом коко-де-мер согревает и дарит чувство внутренней гармонии. Упаковка: аромат TOM FORD EAU DE SOLEIL BLANC заключен в прямоугольный рифленый матовый флакон, украшенный золотистой металлической пластиной и крышкой.;Нанесите аромат на запястья, шею и точки пульса на очищенную и увлажненную кожу. Не растирайте.
19000141065;JEAN PAUL GAULTIER Scandal;туалетная вода;Испания;11281;8460;https://goldapple.ru/19000141065-scandal-pour-homme;93.1;С кожаными боксёрскими перчатками на мускулистых руках SCANDAL POUR HOMME от Jean Paul Gaultier поражает своей бодрящей и вызывающей привыкание туалетной водой.  Избалованный победами, этот король ринга соблазняет своих поклонниц мужественностью, подчеркнутой эффектной древесно-амбровой композицией. Перед ним трепещет весь Париж! Да начнется шоу! Для создания триумфального аромата были приглашены лучшие носы парфюмерной индустрии: Квентин Биш, Натали Четто и Кристоф Рейно. Они создали контраст между мягкой карамелью и притягательными нотами кожи. Композиция выстроена вокруг жареных бобов тонка на базе ветивера и кедра, коронованных мускатным шалфеем и мандарином.  Древесно-амбровый SCANDAL POUR HOMME чувственно раскрывается с первого же столкновения с обнаженной грудью своего обладателя.;
19000222806;NICOLAI PARFUMEUR-CREATEUR PARIS RIVIERA VERBENA;туалетная вода;Франция;7214;4328;https://goldapple.ru/19000222806-riviera-verbena;90.24;Вихрь лепестков, фруктов и специй создает элегантную смесь эссенций. Разнообразная коллекция EAU DE TOILETTE предлагает изящный баланс свежести, деликатности и интенсивности. Отправляйтесь на Французскую Ривьеру, чтобы прогуляться по пышным садам Средиземноморья в первые солнечные дни весны. В тени пальм ослепительная свежесть лимона смешивается со свежими листьями мяты и лемонграсса.  Именно на этой красочной картинке проступает зеленая и слегка кисловатая вербена. Чтобы воссоздать ноту вербены, Патрисия де Николаи смешала эссенцию лимона, мяты и соединение калон. Морские брызги, смешанные с тимьяном, исходящим от кустарника, и нежным жасмином, плещутся у кромки воды.  Riviera Verbena — сияющий, лучезарный и бодрящий бриз, чья природная элегантность верна фирменному стилю парфюмерного дома.;Только для наружного применения.
7301900002;MOSCHINO Fresh Couture;туалетная вода;Италия;5600;4200;https://goldapple.ru/7301900002-fresh-couture;90.16;"Концепция этого аромата - совместить самое привычное и обыденное, скажем, моющее средство, с чем-то очень элегантным - ароматом роскошного бренда. Идея о том, чтобы использовать банальную бутылку, не представляющую никакой ценности, в качестве флакона для драгоценного содержимого, создает максимальный контраст между повседневным и изысканным. Это и есть настоящий стиль Moschino. Аромат: Цветочный, древесный. ВЕРХНИЕ НОТЫ: Бергамот, Мандарин, Иланг-Иланг; СРЕДНИЕ НОТЫ: Малина, Белый пион, Османтус; ШЛЕЙФ: Кедр, Белые пачули, Амброксан.";
19000191338;KENZO Homme Marine;туалетная вода;Франция;10580;7406;https://goldapple.ru/19000191338-homme-marine;88.2;Мужская туалетная вода KENZO HOMME Marine вдохновлена безмятежностью летнего дня и напоминает солоноватый аромат кожи, согретой лучами солнца, перенося вас на берег океана.  Бодрящая свежесть морского аккорда сочетается с сияющим иланг-илангом, подчеркнутым молочным сандалом и мускусом.  Туалетная вода KENZO HOMME Marine на 95% состоит из ингредиентов натурального происхождения*. Дизайн крышки позволяет снизить использование пластика на 34%, а флакон на 15% сделан из переработанного стекла.   *Согласно стандарту 16 128 международной организации по стандартизации (ISO).;
19000166979;TOM FORD Black Orchid;туалетная вода;Швейцария;15500;12400;https://goldapple.ru/19000166979-black-orchid;87.22;"BLACK ORCHID EAU DE TOILETTE- облегченная версия легендарного амбрового цветочного аромата.  ""Более открытое и выраженное звучание BLACK ORHID мгновенно привлекает внимание.""- TOM FORD  Упаковка: Черный, как уголь флакон — это элегантные линии и утонченный дизайн в стиле ар-деко. Превосходно выполненный флакон BLACK ORCHID EAU DE TOILETTE из матового стекла с рифленой поверхностью, тесьма ручной работы ─ все это неотъемлемая часть роскоши в стиле TOM FORD.";Нанесите аромат на запястья, шею и точки пульса на очищенную и увлажненную кожу. Не растирайте.
19760303649;MAISON FRANCIS KURKDJIAN Amyris Homme;туалетная вода;Франция;13500;13500;https://goldapple.ru/19760303649-amyris-homme;85.44;Туалетная вода для мужчин Amyris - это мужской взгляд на блестящую пару парфюмерных экстрактов амириса и ириса. Одновременно свежий и древесный, этот аромат погружает вас в вихрь ароматов с нотами мандарина и розмарина, согретых аккордом абсолю из бобов тонка.  Туалетная вода Amyris для мужчин -это захватывающий и искрящийся аромат.;Нанести аромат на запястья, шею и точки пульса.
7190400005;DIOR Poison;туалетная вода;Франция;11650;11650;https://goldapple.ru/7190400005-poison;84.48;Некоторые парфюмерные ароматы были рождены мифом. Провокационные и таинственные с момента своего создания, Poison являются абсолютным оружием соблазнения от Dior. Их невероятная алхимия образована богатой смесью пряных, фруктовых и янтарных нот с чувственным сочетанием меда и мускуса. Незабываемый и харизматичный восточный аромат.;
19000133630;MANDARINA DUCK Woman;туалетная вода;Италия;8887;5332;https://goldapple.ru/19000133630-woman;84.48;Свежий цветочный аромат отражает главные ценности бренда MANDARINA DUCK: яркость, позитивные эмоции, инновации и движение вперед.  Яркая, но в то же время подходящая для любого дня парфюмерная композиция стартует с бодрящего звучания бергамота, нежности желтой фрезии и дерзкого акцента белого перца.  В чарующем цветочном сердце аромата раскрывается изысканная нота гардении, украшенная аккордами жасминового чая и жимолости.  Вдохновляющее сочетание нот дополняют чувственные кедр, мускус и амбретта.;Только для наружного применения.
84141300001;LOEWE Agua El;туалетная вода;Испания;10390;10390;https://goldapple.ru/84141300001-agua-de-loewe-el;82.56;Туалетная вода LOEWE Agua Él — освежающий аромат для мужчин, которые привыкли выбирать только лучшее. Он входит в коллекцию LOEWE Botanical Rainbow и принадлежит к цитрусовым цветочно-фруктовым, заключая в себе жизненную силу самой природы. В нем сочетаются ноты грейпфрута, зеленого яблока и ананаса, создавая живой и свежий аромат с тропическим оттенком. Грейпфрут дает яркую верхнюю ноту, зеленое яблоко добавляет свежую кислинку, а ананас привносит оттенок экзотики и придает парфюму динамичность. LOEWE Agua Él приятно не только вдыхать, но и держать в руке — флакон этого аромата завораживает своим чистым и прозрачным голубым цветом. Узнаваемая минималистичная упаковка LOEWE с изображением цветка Adiantum pedatum фотографа Карла Блоссфельдта подчеркивает приверженность бренда искусству и природе. Окунитесь в волны свежести аромата LOEWE Agua Él и позвольте ему увлечь ваши мысли вдаль, подобно бегущей воде. С этим ароматом каждый ваш день наполнится бодрящей свежестью.;Небольшое количество нанести на тело, избегая попадания в глаза.
19000154579;KORRES Black Sugar Eau de Toilette;туалетная вода;;7690;4383;https://goldapple.ru/19000154579-black-sugar-eau-de-toilette;81.84;Туалетная вода Black Sugar Eau de Toilette. Композиция: Роскошное путешествие по сладким вкусовым удовольствиям прошлых лет. Притягательная, поразительная сила черного сахара, новый эмоциональный опыт.  Восточный, сладкий, вызывающий привыкание. Лилии - величественные цветы, которые долгое время играли важную роль в мифологии. Греки верили, что лилия проросла из молока царицы богов. Ранний признак весны, появляющийся еще до появления первых листьев на деревьях.;Распылите на расстоянии примерно 20 см. от кожи, уделив особое внимание таким зонам, как запястья и шея.
19000141549;JIMMY CHOO I want choo forever;туалетная вода;Франция;14185;12766;https://goldapple.ru/19000141549-i-want-choo-forever;80.36;Опьяняющий аромат JIMMY CHOO отражает игривый и гламурный дух бренда. В композиции сочетаются яркие и чувственные ноты розы, клубники и вишневого ликера.  Их глубокое, насыщенное и загадочное звучание дополняют розовый перец и элегантный жасмин, подчеркнутые соблазнительной сладостью ванили и нотой миндаля.  Аромат, оставляющий притягательный и таинственный шлейф, представлен в изысканном флаконе с золотистым распылителем и эмблемой бренда.;Только для наружного применения.
26421400015;ACQUA DI PARMA FICO DI AMALFI;туалетная вода;Италия;7990;7990;https://goldapple.ru/26421400015-fico-di-amalfi;79.2;Берег Амальфи. Удивительный захватывающий сценарий, словно аромат Fico di Amalfi, с глубоким тонизирующим эффектом. Яркое начало с оттенками бергамота, лимона, грейпфрута и цитрона. Нектар инжира, розовый перец и лепестки жасмина переливаются в сердце аромата. Шлейфовые оттенки раскрываются  изысканным, гармоничным сочетанием инжирного дерева, кедра и бензоиновых смол.;
19000130908;CITY FUNNY Bunny;туалетная вода;;477;338;https://goldapple.ru/19000130908-bunny;78.4;Милая и веселая City Funny Bunny приглашает тебя в свой чудесный мир. Там текут реки из шоколада, облака сделаны из сахарной ваты и всюду тебя окружают вкуснейшие пирожные.   Почувствуй, как тягучая и сладкая ириска смешивается с карамелью, создавая настроение абсолютного наслаждения, а сочная малина дарит энергию для новых открытий.;Нанести на шею, запястье,локтевые сгибы.
19000122334;HELLO KITTY LITTLE ROSE FOR YOU;туалетная вода;;858;609;https://goldapple.ru/19000122334-little-rose-for-you;77.76;Туалетная вода Hello Kittty- это ода нежной и радостной юности, которую парфюмеры, будто особенные волшебники, поместили во флакон. Некоторые могут обмануться названием данного аромата и посчитать, что его создали для совсем юной аудитории, но это не совсем так… Мы уверены- многие молодые девушки захотят ощутить, как это быть частью волшебного мира Hello Kitty, как верить в добрые сказки. Ноты: роза, гуаяк, кедр, грейпфрут, шафран, белый мускус. Яркая роза цвета фуксии в кристаллах инея и сахара - аромат способный влюбить в себя с первого взгляда!;Парфюм всех типов наносится на чистую, слегка увлаженную кожу.
7302100002;MOSCHINO So Real Cheap & Chic;туалетная вода;Италия;8700;6003;https://goldapple.ru/7302100002-so-real-cheap-and-chic;77.08;Аромат So Real из коллекции Cheap & Chic от Moschino - ироничный и игривый, каким может быть только Moschino. Флакон и упаковка. Признанный во всем мире и удостоенный многих наград за свой модный и инновационный дизайн, флакон So Real из коллекции Cheap & Chic повторяет силуэт Оливии Ойл. Его характерная форма и рисунок передают образ и черты Оливии. Аромат So Real облачен в яркое прозрачное платье. Культовый символизм от Джереми Скотта находит свое продолжение и в упаковке. Золотистая лента придает наряду нотку элегантности и рафинированности. Аромат Moschino So Real Cheap & Chic - парфюмерный продукт, созданный из инновационных ингредиентов. Верхние ноты окрашены апельсиновой горчинкой и сладостью мандарина. Этой цитрусовой мелодии аккомпанирует сорбет из малины и черной смородины. Ноты сердца кружатся в легком солнечном танце с жасминовыми лепестками и цветками магнолии. В шлейфе тысячи оттенков розового пиона. Эта живая, насыщенная цветочная алхимия находит продолжение в основе аромата из кедра, дубового мха и кристаллов амброксана. Moschino So Real Cheap & Chic приглашает нас в заколдованный мир.;
19000177526;PLANETA ORGANICA Cherry blood;туалетная вода;Россия;645;580;https://goldapple.ru/19000177526-cherry-blood;76.5;Яркий, насыщенный парфюм, чтобы подчеркнуть стиль и женственность. Вишневые нотки и цветы гармонично сочетаются с древесными аккордами, которые оттеняют восточные акценты.;Использование в пищевых целях опасно для жизни или здоровья. Избегать попадания в глаза. Беречь от детей. Огнеопасно, не хранить вблизи огня.
19000026667;UNITED COLORS OF BENETTON sisterland red rose;туалетная вода;Испания;3340;2839;https://goldapple.ru/19000026667-sisterland-red-rose;75.84;SISTERLAND - это новая коллекция ароматов Benetton, вдохновленная женской дружбой, искренней и безоговорочной, которая принимает несмотря на наши различия.   WE'RE DIFFERENT. WE’RE FRIENDS. Мы - разные. Мы – друзья.  RED ROSE – самая яркая из сестёр. Ее индивидуальность – страстная и чувственная - заряжает каждого. Пленительные цветочные ноты розы в сочетании с ирисом, свежими нотами фруктов и розового перца.;
81420700001;SHAKIRA Rock;туалетная вода;;2190;1314;https://goldapple.ru/81420700001-rock;75.84;Туалетная вода Shakira Rock такой горячий, чувственный и экспрессивный, что остаться с ней незамеченной просто невозможно. Такой эффектный и чуточку дерзкий парфюм от Shakira придется по вкусу всем любителям зажигать на все 100 %. Флакончик Rock выполнен в виде электрогитары, что придает ему особый стиль и эффектность. Что касается самого запаха туалетной воды, здесь вы почувствуете свежий и энергичный цитрус, а на заднем фоне оттенки маракуйи и жасмина. Мускус, белый кедр и амбра дополняют композицию. Летний, свежий, с приятным шлейфом, аромат производит самое благоприятное впечатление.;
19000262575;GUERLAIN Aqua Allegoria Florabloom;туалетная вода;Франция;11900;11900;https://goldapple.ru/19000262575-aqua-allegoria-florabloom;74.48;Florabloom – это аромат, вдохновлённый цветением в пустыне Атакама в Чили.  Лучезарная тубероза раскрывается в сердце многоцветного букета из роз, ириса и фиалки. Деликатный цветочный аромат дополняют сладостью фруктовые ноты манго и кокоса.   Настоящая ода чудесам природы, ароматы Aqua Allegoria являются отражением бережного отношения Guerlain к природным ресурсам. Они содержат до 95% натуральных ингредиентов*, изготовляются на основе органического свекольного спирта и помещены во флакон, состоящий на 15% из переработанного стекла, созданного полностью во Франции.  *От 90 до 95% ингредиентов натурального происхождения, в соответствии со стандартом ISO 16128, учитывая качество воды;Нанести на тело или одежду, избегая попадания в глаза.
19000322004;KORRES SIKINOS;туалетная вода;Греция;7690;5075;https://goldapple.ru/19000322004-sikinos;73.92;Туалетная вода SIKINOS – это летняя, теплая и солнечная композиция, которая погрузит Вас в атмосферу блаженства и невероятного удовольствия летнего отдыха. SIKINOS – это греческий остров, который поистине считается жемчужиной Эгейского моря, известный своей природной красотой и аутентичностью. Как и природа этого острова, композиция обладает невероятной свежестью и летней сочностью, где изящность нот бамбука переплетается с яркими нотами цветов фрезии и лотоса. Затем эту летнюю симфонию дополняет чарующий аромат мимозы в сочетании с драгоценным сандалом. Содержит 87% натуральных компонентов. Дерматологически протестировано. Korres – бренд натуральных средств ухода за кожей и парфюмерии, содержащих до 99% компонентов природного происхождения. Все парфюмерные композиции бренда – это яркие и чувственные ароматы, сочетающие в себе сочные природные ноты натуральных компонентов, что обеспечивает высокую стойкость ароматов и дарит яркое настроение и эмоции на долгое время. Дополните свой образ парфюмерными композициями Korres и обретите еще большую притягательность и уверенность в себе!;Распылите на расстоянии примерно 20 см. от кожи, уделив особое внимание таким зонам, как запястья и шея.
19000064849;PARFUMS CONSTANTINE GENTLEMAN PRIVATE COLLECTION 11;туалетная вода;;1350;877;https://goldapple.ru/19000064849-gentleman-private-collection-11;73.32;Аромат Gentleman Private Collection 11 марки Parfums Constantine для сильных и уверенных в себе мужчин. Освежающий аромат сразу обращает на себя внимание. Яркие цитрусовые ноты перекликаются с волнующими морскими аккордами.  Аромат пачули создаёт ауру загадочности, амбра образует легкий и запоминающийся шлейф, придает глубину композиции.  Аромат освежает и согревает одновременно, представляя собой потрясающий контраст красоты и чувственности.;Распылить на кожу с расстояния 20-30 см. Только для наружного применения.
26421100019;ACQUA DI PARMA ARANCIA DI CAPRI;туалетная вода;Италия;7990;7990;https://goldapple.ru/26421100019-arancia-di-capri;72.96;Символ итальянского Средиземноморья. Остров Капри. Искрящийся. Солнечный. Успокаивающий. Аромат, объединяющий эфирные масла апельсина, мандарина и лимона. В сердце аромата Петит Грейн  идеально сочетается с насыщенным оттенком кардамона. В шлейфе мягко звучит нежная нота карамели, украшенная чувственным мускусом.;
26801100008;MAISON FRANCIS KURKDJIAN L'eau À la rose;туалетная вода;Франция;21000;21000;https://goldapple.ru/26801100008-l-eau-a-la-rose;70.84;Подобно нежным розовым лепесткам, собранным на рассвете, этот аромат раскрывается на коже чувственной цветочно-фруктовой свежестью. Его воздушные ноты, играющие звучанием букета из четырехсот только что распустившихся роз, бесконечно сияют, оставляя яркий запоминающийся безупречный шлейф.;Нанести аромат на запястья, шею и точки пульса.
19760328388;HUGO BOSS HUGO Iced;туалетная вода;Франция;7800;6630;https://goldapple.ru/19760328388-hugo-iced;70.08;Почувствуй вихрь ледяной свежести с HUGO ICED, созданного для современного жителя мегаполиса. Листья ледяной мяты пробудят твои чувства, аромат дикого чая придаст душевных сил, а ветивер усилит уверенность в себе и мужественность. Настоящая сила свежести спрятана в гладком хромированном флаконе — для мужчин, которые всегда в движении. Это аромат для тех, кого манит дух приключений. Настоящий взрыв чувств, максимальная свежесть днем или ночью. HUGO ICED — свежий как лед, стойкий как сталь! Откройте всю линию мужских ароматов HUGO: MAN, Just Different и Iced!;
80130600001;ARMAND BASI In Blue;туалетная вода;Италия;7746;4337;https://goldapple.ru/80130600001-in-blue;69.56;Туалетная вода Armand Basi  — освежающий и бодрящий аромат для истинных мужчин. Armand Basi начали букет из бергамота, грейпфрута и мандарина, дарящих Средиземноморскую свежесть, и подчеркнув всё аккордом тёплого кориандра. В самой сердцевине лежит комбинация благородных цветов лотоса и нероли, дополненных насыщенным перцем и ростками чёрной смородины. В туалетной воде чувственные древесные ноты мха дуба и сладости пачули добавляют уникальности мужественному характеру аромата.;Только для наружного применения.
19000107887;GUERLAIN Aqua Allegoria Flora Salvaggia;туалетная вода;Франция;11900;11900;https://goldapple.ru/19000107887-aqua-allegoria-flora-salvaggia;69.12;Flora Salvaggia — это свежее благоухание цветущих диких лугов.  Поэтичный и непринуждённый фруктово-цветочный аромат. Бодрящая нота дыни придает свежести аккорду полевых цветов, тонкость которого раскрывается через пудровые грани фиалки и ириса и окутана сиянием белых цветов.  Настоящая ода чудесам природы, ароматы Aqua Allegoria являются отражением бережного отношения Guerlain к природным ресурсам. Они содержат до 95% натуральных ингредиентов*, изготовляются на основе органического свекольного спирта и помещены во флакон, состоящий на 15% из переработанного стекла, созданного полностью во Франции.  *От 90 до 95% ингредиентов натурального происхождения, в соответствии со стандартом ISO 16128, учитывая качество воды.;Нанести на тело или одежду, избегая попадания в глаза.
19000196867;UNITED COLORS OF BENETTON Sisterland Blue neroli;туалетная вода;Испания;2791;2232;https://goldapple.ru/19000196867-sisterland-blue-neroli;69.12;Benetton Perfumes представляет аромат Blue Neroli, который дополнит коллекцию Sisterland, олицетворяющую современную женскую дружбу – безграничную, сильную, глубокую, эмпатичную и настоящую. Познакомьтесь с Blue Neroli и откройте для себя ее многогранное звучание! Сладкая груша и малина открывают путь к свежим нотам сердца – имбирю и нероли. Аккорды бобов тонка и сандалового дерева в нотах шлейфа раскрывают насыщенность и глубину аромата. Эта яркая композиция создана, чтобы объединять и вдохновлять на творчество. Blue Neroli – это цветочно-цитрусовый аромат, олицетворяющий творчество, оптимизм и жизнелюбие.;
19000066082;UNITED COLORS OF BENETTON sisterland green jasmine;туалетная вода;;2791;2372;https://goldapple.ru/19000066082-sisterland-green-jasmine;67.68;SISTERLAND - это новая коллекция ароматов Benetton, вдохновленная женской дружбой, искренней и безоговорочной, которая принимает несмотря на наши различия.   WE'RE DIFFERENT. WE’RE FRIENDS. Мы - разные. Мы – друзья.  GREEN JASMINE - сестра, олицетворяющая жизненную энергию и свежесть. Она раскрывает все лучшее в каждом и укрепляет дружбу. Цветочный букет из жасмина и цветка апельсина с нотами ванили и мускуса. Настоящий прилив энергии!;
19000135080;TESORI D’ORIENTE Chinese Orchid;туалетная вода;Италия;1090;817;https://goldapple.ru/19000135080-china-orchid;66.24;"Аромат для женщин, принадлежит к группе ароматов восточные цветочные. Основная нота композиции — орхидея. Он создает образ изысканной и тонкой женственности, такой же хрупкой и редкой, как экзотическая китайская орхидея. Композиция открывается начальными нотами с оттенками ванили и дорогой древесины. Нота сердца — запах китайской орхидеи. Базовая нота — теплые и сладковатые пудровые оттенки. Интенсивный, магнитный и чувственный аромат; волшебное процветание, которое опьяняет и очаровывает чувства.";Наносить на кожу или одежду с расстояния 15 см
19000296737;CHRISTINE LAVOISIER PARFUMS Clutch Collection Love is... choco;туалетная вода;Россия;727;654;https://goldapple.ru/19000296737-love-is-choco;66.24;Невероятный дурманящий аромат горячего шоколада, который хочется вдыхать снова и снова…  Это Love is Choco…  Обволакивающие ноты шоколада, нежной ванили и тягучей карамели понимают настроение и приковывают внимание!;Нанести на шею, запястье, локтевые сгибы.
26800100002;MAISON FRANCIS KURKDJIAN Aqua Universalis;туалетная вода;Франция;21000;21000;https://goldapple.ru/26800100002-acqua-universalis;64.8;Свежая и бодрящая, туалетная вода Aqua Universalis Maison Francis Kurkdjian  подойдет абсолютно всем и для любого повода с ее ярким и солнечным ароматом как для мужчин, так и для женщин. Эта туалетная вода унисекс сливается с кожей и оставляет тонкий индивидуальный шлейф,  олицетворяя искусство парфюмерии. Этот цитрусовый аромат деликатно открывается нотами бергамота, лимона, белыми цветами и нежным аккордом легкого древесного мускуса.;Нанести аромат на запястья, шею и точки пульса.
19000277676;BVLGARI Omnia Amethyste;туалетная вода;Италия;7620;6553;https://goldapple.ru/19000277676-omnia-amethyste;63.92;Чувственный цветочный аромат Omnia Amethyste – это парфюмерное воплощение чарующей игры света на гранях блестящего аметиста. В композиции BVLGARI из коллекции Omnia, посвященной благородной красоте драгоценных камней, ярко сияют ноты ириса, гелиотропа и роз, ласково тронутых свежей утренней росой. Этот аромат, напоминающий об уникальном оттенке аметиста, переносит в благоухающий, цветущий сад и окутывает дымкой пудровой нежности.;Только для наружного применения.
19000272871;MANDARINA DUCK for him;туалетная вода;Италия;3565;2495;https://goldapple.ru/19000272871-for-him;63.9;Туалетная вода MANDARINA DUCK, созданная для настоящих путешественников по миру, очаровывает шипучими нотами итальянских цитрусовых — лимона, апельсина и мандарина.  Особый аккорд клевера придает композиции яркость и оригинальность. Он складывается из четырех нот, как по количеству листьев символа удачи: романтической ноты травы, искрящейся ноты лайма, свежей ноты зеленого яблока и акватической ноты с альдегидным нюансом.  В сердце аромата звучат ноты магнетического иланг-иланга, мускатного шалфея и лаванды, которые переходят в древесную базу.;Только для наружного применения.
19000222796;NICOLAI PARFUMEUR-CREATEUR PARIS CAP NÉROLI;туалетная вода;Франция;7214;4328;https://goldapple.ru/19000222796-cap-neroli;63.36;Вихрь лепестков, фруктов и специй создает элегантную смесь эссенций. Разнообразная коллекция EAU DE TOILETTE предлагает изящный баланс свежести, деликатности и интенсивности. Cap Néroli на Французской Ривьере — это дань уважения выращиванию горького апельсина на Лазурном берегу. «Я представила себе аромат участка суши, впадающего в море, со сладким названием Cap Néroli!» — Патрисия де Николаи. Cap Néroli представляет собой пьесу в трех актах, поставленную в естественной обстановке, как в театре под открытым небом, расположенном на холме у Средиземного моря. Увертюра — балет цитрусовых, дополненный розмарином и мятой.  Прелюдия из горьковато-апельсиновой эссенции петитгрейна предвещает появление на сцене эссенции из величественного нероли. Это лучезарное цветение сопровождается букетом из жасмина, иланга и цветка апельсина, которые соединяются вместе в изысканной хореографии.  Дубовый мох с щепоткой мускуса и амбры создают завершающий аккорд, словно брошенная в море бутылка с опьяняющим посланием внутри.;Только для наружного применения.
19000039296;DOLCE & GABBANA Dolce Lily Eau de Toilette;туалетная вода;;11300;6893;https://goldapple.ru/19000039296-dolce-lily-eau-de-toilette;62.98;Dolce&Gabbana Beauty представляет туалетную воду Dolce Lily. Искрящийся и жизнерадостный цветочно-фруктовый аромат воплощает искренность, отзывчивость и превращение юной девушки в уверенную в себе молодую женщину. Всегда оставаясь в движении, она умеет наслаждаться простыми радостями жизни, и ее неповторимый характер и энергетику идеально отражает яркая композиция Dolce Lily.   Композиция открывается яркими фруктовыми нотами: цитрусовая пикантность итальянского бергамота контрастирует с экзотическим акцентом маракуйи. Аккорд маракуйи привносит тропические оттенки в сердце композиции, где ослепительные акценты розовой лилии переплетаются с утонченным звучанием розы. Эти сверкающие цветочные ноты раскрываются на фоне нежных мускусных, которые придают парфюму ненавязчивую чувственность. Сандал делает шлейф более стойким и насыщенным, а ваниль оставляет на коже притягательный аромат.;
19000048036;YOU & WORLD Saran I love myself;туалетная вода;;885;619;https://goldapple.ru/19000048036-saran-i-love-myself;61.6;Туалетная вода женская Saran I love myself - это аромат с невероятно нежным, романтичным, магическим звучанием. Подчеркнуто цветочно-фруктовый парфюм женский буквально накрывает с головой пряностью медовой груши, садовых яблок и карамели, провозглашая чистоту и свободолюбие юности. Волшебство продолжается в более зрелом, женственном сочетании бодрящего жасмина, красной смородины и весенней белой фрезии, что делает эти духи невероятно нежными, сладковатыми и искрящимися. Закрепляют стойкость композиции терпкие древесные ноты в резонансе с очаровательной орхидеей и белым мускусом. Чувственные и искрящиеся духи женские Saran I love myself - это еще и подарок девушке, женщине. Парфюмерная вода прекрасно подойдет девушкам, женщинам, для подростков, которые любят свежие, фруктовые ароматы. Парфюмерная вода женская, парфюмерия для тела, для волос. Вдохновение - направление корейской музыки - кпоп и группа BTS. Добро пожаловать на планету Saran, плывущую в океане звезд! Бренд Товара You&World.;нанести на шею, запястье.
19000154582;KORRES Midnight Dalia Eau de Toilette;туалетная вода;;7690;5306;https://goldapple.ru/19000154582-midnight-dalia-eau-de-toilette;60.76;"Туалетная вода  Midnight Dalia Eau de Toilette. Композиция: Георгина - богатейшая смесь ароматов и знаков; элегантные георгины величественной формы, растущие в холодные зимы, символ внутренней силы, с листьями и стеблями, издающими горько-сладкие ноты. Красные ягоды - яркие, ароматные, темно-красные плоды с тонкими, ломкими корнями и нежными колокольчатыми цветами, распускающиеся в начале лета, символизирующие яркое, радостное, духовное пробуждение. Пион - пышные, полные округлые цветы поздней весны; Цветущий всего неделю, романтический пион - предзнаменование большой удачи - с его ярким цветом обладает чувственной, но хрупкой красотой, которая делает его по-настоящему запоминающимся и чувственным.";Распылите на расстоянии примерно 20 см. от кожи, уделив особое внимание таким зонам, как запястья и шея.
19760334678;DOLCE & GABBANA Dolce Rose Eau de Toilette;туалетная вода;Франция;15318;6893;https://goldapple.ru/19760334678-dolce-rose-eau-de-toilette;60.72;Dolce&Gabbana Beauty представляет Dolce Rose, новый изысканный цветок в роскошном букете ароматов Dolce. Яркая и притягательная туалетная вода раскрывает новые грани девушки Dolce. Жизнерадостная и уверенная в себе, общительная и спонтанная натура говорит все, что думает, и озаряет улицы своей женственностью. Новая композиция Dolce Rose воплощает счастье, веселье и смелость.;
84141100001;LOEWE 7;туалетная вода;Испания;11900;11900;https://goldapple.ru/84141100001-7-loewe;58.56;Туалетная вода LOEWE 7 — это аромат, запечатлевший таинственность космоса и чувство вечной тайны. Источником вдохновения для него стали бескрайние космические дали. Число семь имеет особое значение во многих культурах, и всегда связано со сферой духовного или с астрономией. Стоит только вдохнуть аромат туалетной воды LOEWE 7, как в воображении возникают величественные картины космоса.  Этот оригинальный и насыщенный аромат принадлежит к древесно-пряному семейству и создан из семи ключевых ингредиентов, в том числе ладана, ягод красного перца и красного яблока. Ладан вдыхает жизнь в композицию, придавая ей возвышенный характер, а ягоды красного перца и красное яблоко добавляют живой, яркий акцент. Темно-синий флакон с металлическим отливом ассоциируется с цветом вечернего неба. Строгий и лаконичный дизайн флакона создан креативным директором LOEWE Джонатаном Андерсоном. Добавьте в свою коллекцию туалетную воду LOEWE 7 и позвольте ее загадочному аромату проложить для вас путь к незабываемым моментам.;Небольшое количество нанести на тело, избегая попадания в глаза.
19000154583;KORRES Mountain Pepper;туалетная вода;;7690;5383;https://goldapple.ru/19000154583-mountain-pepper-eau-de-toilette;58.28;Туалетная вода Mountain Pepper это сочетание ярких эмоций и силы духа, настоящий эликсир победы и характера для тех, кто хочет получить от жизни максимум. Композиция: Композиция сочетает в себе солидные древесные ноты, окруженные искрящимися нотами бергамота на фоне специй и фруктов.  Головокружительный аромат бергамота способен покорить буквально с первого знакомства: в нем уживается свежесть цитруса, легкость и теплота цветочного букета вперемешку с обволакивающими смолисто-древесными нотами. Горный перец в сердце аромата несет в себе пряные, теплые и свежие ноты. Содержит 88% натуральных компонентов. Дерматологически протестировано. Korres – бренд натуральных средств ухода за кожей и парфюмерии, содержащих до 99% компонентов природного происхождения.  Все парфюмерные композиции бренда – это яркие и чувственные ароматы, сочетающие в себе сочные природные ноты натуральных компонентов, что обеспечивает высокую стойкость ароматов и дарит яркое настроение и эмоции на долгое время.  Дополните свой образ парфюмерными композициями Korres и обретите еще большую притягательность и уверенность в себе!;Распылите на расстоянии примерно 20 см. от кожи, уделив особое внимание таким зонам, как запястья и шея.
26330500001;MARC JACOBS Daisy;туалетная вода;Франция;9900;8415;https://goldapple.ru/26330500001-daisy;57.6;Туалетная вода для женщин Marc Jacobs Daisy олицетворяет радость беззаботной юности. Это окно в прекрасный мир, где нет волнений и тревог. Аромат для женщин, которые стремятся жить полной жизнью. Сияющие женские духи Marc Jacobs – это чистый экстракт жизнерадостности, эликсир солнечного света. Они безупречно отражают философию женщины Daisy: блистать, всегда быть на волне оптимизма, жить играючи и не тратя времени на банальности. Восхитительный цветочный аромат напоминает о золотистых лучах солнца над полями маргариток и корзинке сочных, только что сорванных лесных ягод. Ноты белой фиалки словно окутывают пейзаж туманной дымкой, как на размытом полароидном снимке, запечатлевшем случайный момент. Бархатистый жасмин в сердце дарит аромату легкие крылья, трепещущие на фоне чувственного и глубокого сандалового дерева в шлейфе, которое придает композиции женской туалетной воды романтичный флер и долгое звучание. Притягательный женственный аромат Marc Jacobs Daisy – это парфюмерная интерпретация сладостных летних моментов, когда хочется снять туфли, упасть на траву и наблюдать за тем, как по небу плывут облака, не заботясь о завтрашнем дне. Парфюмер Альберто Морильяс создал идеальную туалетную воду для женщин, вобравшую в себя все очарование беспечной молодости и исполненную чистой поэзии. Мерцающий золотистый нектар заключен в культовый флакон Daisy объемом 30 мл с причудливым декором в виде белых маргариток, который вносит в дизайн ноту стиля ретро. Необычный, но на все времена, ироничный, но изысканный, аромат дарит ощущение светлой надежды, как и женщина, которая его носит.;
19000010699;ANGEL SCHLESSER LES EAUX D’UN INSTANT Intimate White Flowers;туалетная вода;Италия;9465;3786;https://goldapple.ru/19000010699-les-eaux-d-un-instant-intimate-white-flowers;57.6;Белоцветочная парфюмерная композиция Intimate White Flowers ассоциируется со свежестью, жизненной энергией и раскрепощением. Дуновение экзотического аромата цветов монои предвещает тропический шторм и дождь из нежных белых лепестков. В сердце аромата раскрывается чувственная нота жасмина, которая превращает аромат в оду естественной женственности. Композицию ANGEL SCHLESSER дополняет мягкая и сладкая нота ванили. Парфюмер –  Ane Ayo.  Ключевые ноты: монои, жасмин, ваниль.;Только для наружного применения.
19000312149;BROCARD Tartufo;туалетная вода;Россия;713;641;https://goldapple.ru/19000312149-tartufo;56.4;Настроение Dolce Vita-искусство жить в моменте и наслаждаться им! Солнечные эмоции, яркие впечатления, волшебные мечты в каждом аромате. Tartufo открывается пикантной остротой имбиря. В сердце аромата – пудровая нежность фиалки и медовая сладость жасмина самбак, подчеркнутые анималистичным и бальзамическим аккордами. Завершает композицию древесный шлейф с нотами белого сандала и виргинского кедра. Парфюмер: Филиппе Папарелла (Philippe Paparella);Только для наружного применения. Распылять на кожу/волосы с расстояния 10-15 см.
19000010693;ANGEL SCHLESSER LES EAUX D’UN INSTANT Blooming Grapefruit;туалетная вода;Италия;9465;5679;https://goldapple.ru/19000010693-les-eaux-d-un-instant-blooming-grapefruit;56.12;Аромат Blooming Grapefruit от ANGEL SCHLESSER – это воплощение чистоты, гармонии и благополучия. Композиция с ярким грейпфрутом, зеленой нотой ревеня в сердце аромата и древесным аккордом возвращает в беззаботные летние дни. Она пробуждает тёплые воспоминания о том, как приятно возвращаться с пляжа, когда на коже еще остаётся морская соль, гулять мимо цветущих цитрусовых деревьев или делить с семьей нежный пирог с ревенем. Парфюмер – Marie Salamagne.   Ключевые ноты: грейпфрут, ревень, древесные ноты.;Только для наружного применения.
19000209902;TESORI D’ORIENTE KARMA;туалетная вода;Италия;1090;795;https://goldapple.ru/19000209902-karma;52.44;Tesori d'Oriente Karma — аромат, дарящий позитив и хорошее настроение. Этот аромат с бодрящим аккордом лимона и бергамота, жизнерадостными цветочными нотами цветка наши и успокаивающими нотами кедрового дерева.  Духи с солнечной аурой, обволакивающие, как первые лучи весеннего солнца, которые освещают белые цветы груши Наши, готовые подарить вам свой опьяняющий аромат. Аромат, способный вселять счастье и позитивную энергию.;Нанести на тело или одежду, избегая попадания в глаза или на раздраженную кожу. При необходимости повторить нанесение в течение дня.
19000237382;KORRES LEFKO;туалетная вода;Греция;7690;5383;https://goldapple.ru/19000237382-lefko;52.44;Цветочные аккорды сопровождают мускус, пудровые ноты и сандал. Аромат предлагает окунуться в мир летних и теплых эмоций. Верхние ноты: ландыш. Ноты сердца: роза, пион. Базовые ноты: мускус, пудровые ноты, белый сандал. 89% ингредиентов в составе формулы — натурального происхождения.;Распылите на расстоянии примерно 20 см. от кожи, уделив особое внимание таким зонам, как запястья и шея.
19000231992;YOU & WORLD GI Chzhunli;туалетная вода;Россия;655;393;https://goldapple.ru/19000231992-gi-chzhunli;51.52;Аромат Chzhunli вдохновлен хитростью и добротой любимого персонажа. Аромат парфюма пронизан тонкими нотами кокоса, которые подчеркивают его сладкую и притягательную натуру. Наслаждайтесь сочностью и теплотой этого аромата, который дарит ноты карамели, мускуса и топленого  молока. Он окутывает вас мягким и утонченным облаком сладости, создавая ощущение комфорта и уюта.;Нанести на шею, запястье, локтевые сгибы.
38670100010;CITY FUNNY PRINCESS;туалетная вода;;477;338;https://goldapple.ru/38670100010-princess;49.98;Милашка принцесса приглашает маленьких модниц в волшебный мир, где происходят чудеса! Здесь каждая девочка становится настоящей принцессой! City Funny Princess завлекает сочными нотками сахарной клубники, нежным молочным аккордом и ароматом сладкого пломбира. Аппетитные аккорды ванили, мускуса и мороженого станут модным дополнением образа маленькой принцессы! Пирамида аромата  Начальные ноты: клубника, сахар  Ноты сердца: молочный аккорд, пломбир, дикая клубника  Ноты шлейфа: ваниль, мускус, ванильное мороженое  Семейство ароматов: фруктовые с десертными нотами;Нанести на шею, запястье, локтевые сгибы.
26332400001;MARC JACOBS Daisy Love;туалетная вода;Испания;7100;6035;https://goldapple.ru/26332400001-daisy-love;48.0;Туалетная вода Marc Jacobs Daisy Love. Продолжение истории Daisy находит отражении в концепции нового запуска Daisy Love. Она полна жизни и наслаждается каждым моментом. Молодость, яркие эмоции, прекрасные моменты с друзьями.;
19000107886;GUERLAIN Aqua Allegoria Bergamote Calabria;туалетная вода;Франция;11900;8925;https://goldapple.ru/19000107886-aqua-allegoria-bergamote-calabria;47.94;Bergamote Calabria — это солнечное путешествие в самое сердце Калабрии на юге Италии.  Яркий свежий аромат с цитрусовыми нотами. Бергамот в сочетании с кардамоном, розовым перцем и имбирем насыщен солнечным ароматом лимонного петитгрена с добавлением белого мускуса.   Настоящая ода чудесам природы, ароматы Aqua Allegoria являются отражением бережного отношения Guerlain к природным ресурсам. Они содержат до 95% натуральных ингредиентов*, изготовляются на основе органического свекольного спирта и помещены во флакон, состоящий на 15% из переработанного стекла, созданного полностью во Франции.  *От 90 до 95% ингредиентов натурального происхождения, в соответствии со стандартом ISO 16128, учитывая качество воды.;Нанести на тело или одежду, избегая попадания в глаза.
19000017118;LOEWE SOLO;туалетная вода;Испания;11900;11900;https://goldapple.ru/19000017118-solo;47.84;Туалетная вода LOEWE Solo — аромат, отражающий гармонию сумеречных часов природы. Этот древесно-пряный аромат из коллекции LOEWE Solo воссоздает умиротворенный момент встречи дня и ночи. В композиции пленительно переплетаются ноты гуавы, тмина и мускуса, уравновешенные цитрусовым оттенком итальянского мандарина. Все ингредиенты идеально сбалансированы между собой, сливаясь в стойком, длительно звучащем аромате.  Полупрозрачный стеклянный флакон LOEWE Solo имеет насыщенный янтарный оттенок, напоминающий о закатном солнце. Фирменная монохромная упаковка украшена изображением цветка «Тrollius ledebourii» авторства Карла Блоссфельдта. Туалетная вода LOEWE Solo входит в коллекцию LOEWE Botanical Rainbow, а значит создана для совместного использования с другими ароматами, сочетаясь с ними так же гармонично, как сочетаются между собой элементы природы.;Небольшое количество нанести на тело, избегая попадания в глаза.
19000017113;LOEWE SOLO CEDRO;туалетная вода;Испания;11900;11900;https://goldapple.ru/19000017113-solo-cedro;47.04;Туалетная вода для мужчин LOEWE Solo Cedro принадлежит к древесным пряно-ароматическим. Это насыщенный, мужественный аромат с контрастным сочетанием кедра, освежающего петигрена, мускатного ореха, лаванды и аккорда влажного камня. Эссенция виргинского кедра создает древесную глубину, уравновешенную яркими цитрусовыми нотами петигрена. Мускатный орех добавляет пряности, а лаванда успокаивает и придает сбалансированность. Акценты мате, базилика, гайакового дерева, амбры, итальянского мандарина и красного перца создают аромат, воплощающий гармонию и равновесие. Solo Cedro, как и все ароматы коллекции LOEWE Botanical Rainbow, можно комбинировать с другими, создавая насыщенные, эмоциональные композиции. Особенно гармонично LOEWE Solo Cedro сочетается с LOEWE Solo Mercurio. При нанесении на разные участки тела или при использовании людьми, находящимися рядом, ароматы обогащают друг друга, рождая уникальный общий аромат. Коллекция LOEWE Solo черпает вдохновение в закате — моменте равновесия между днем и ночью. Это тонкое равновесие отражено в фирменной монохромной упаковке, украшенной работой Карла Блоссфельдта «Trollius ledebourii». Культовый прямоугольный флакон, созданный Джонатаном Андерсоном, имеет темно-красный оттенок, вдохновленный красками угасающей зари перед наступлением ночи. LOEWE Perfumes представляет широкий ассортимент коллекционных ароматов — многогранные творения, воздействующие на все органы чувств и воплощающие сущность природных элементов.;Небольшое количество нанести на тело, избегая попадания в глаза.
26421300015;ACQUA DI PARMA MANDORLO DI SICILIA;туалетная вода;Италия;7990;7990;https://goldapple.ru/26421300015-mandorlo-di-sicilia;47.0;Сицилия. Пересечение культуры и искусства, где миндаль является частью стиля и традиций. Сладкие ощущения выражены в аромате Mandorlo di Sicilia. Искрящаяся свежесть анисовых звездочек из Китая, бергамот и апельсин переливаются в мягкие окутывающие ноты зеленого средиземноморского миндаля и иланг-иланга. В шлейфе аромата – необыкновенное сочетание сандала, ванили, бальзама толу и белого мускуса.;
19000175810;ANGEL SCHLESSER Vibrant Woody Mandarin;туалетная вода;Италия;8764;5258;https://goldapple.ru/19000175810-vibrant-woody-mandarin;46.08;Притягательный древесно-фруктовый аромат ANGEL SCHLESSER вызывает ассоциации с летним закатом на пляже, мягким светом уходящего за горизонт солнца и приятной вечерней прохладой. Передать ощущение летней свежести позволяет яркая, радостная нота итальянского мандарина в сочетании с пряным кардамоном из Гватемалы. В сердце парфюмерной композиции раскрывается цветочное звучание лаванды в дуэте с листьями фиалки. Базовые ноты, объединившие благородный кедр, бобы тонка и пачули, делают аромат более насыщенным и глубоким. Классификация аромата: древесный фруктовый. Парфюмер – Nathalie Lorson.;Только для наружного применения.
81991600001;KORLOFF PARIS Kї1;туалетная вода;;10300;8240;https://goldapple.ru/81991600001-ki1;46.06;"Выпущенный в 2008 году Kn I от марки Korloff Paris классифицируется как женский аромат и принадлежит семейству Цветочные. Его автором является парфюмер Даниэль Пайласер . Kn I входит в коллекцию Kn°. Ананас, Черная смородина и Мята образуют стартовый аккорд композиции, в сердце ─ Фрезия, Ландыш, Морской аккорд (морская нота), Пион и Роза; базу составляют Кедр и Мускус";
19000177529;PLANETA ORGANICA Japanese sakura;туалетная вода;Россия;598;538;https://goldapple.ru/19000177529-japanese-sakura;45.9;Представьте легкое дыхание ветра и цветение японской сакуры – тысячи лепестков наполняют воздух неповторимым запахом весны. Вы влюбитесь в этот аромат с первого вздоха.;Использование в пищевых целях опасно для жизни или здоровья. Избегать попадания в глаза. Беречь от детей. Огнеопасно, не хранить вблизи огня.
19000010705;ANGEL SCHLESSER LES EAUX D’UN INSTANT Tempting Bergamot;туалетная вода;Италия;7572;4543;https://goldapple.ru/19000010705-les-eaux-d-un-instant-tempting-bergamot;44.88;Цветочно-цитрусовый аромат Tempting Bergamot – это соблазнительный эликсир для пробуждения позитива, энергии и воображения. Освежающая композиция ANGEL SCHLESSER бодрит, словно утренний луч солнца, проникающий в комнату через шторы и зовущий выбраться из постели. Собранный вручную калабрийский бергамот, гедион и нежный мускус создают освежающее сочетание, которое поможет с удовольствием начать день и наслаждаться каждым его мгновением. Парфюмер – Alberto Morillas.  Ключевые ноты: бергамот, гедион, мускус.;Только для наружного применения.
82681500004;UNITED COLORS OF BENETTON Colors Blue Man;туалетная вода;Франция;2277;1593;https://goldapple.ru/82681500004-colors-man-blue;44.16;Colors de Benetton Blue Man — истинное воплощение многообразия. Это энергичный, насыщенный, мужской аромат, наполненный энергией молодости, раскрывается цитрусовыми нотами лимона, текилы и березового сока.;
19000152685;LE PARFUM FRANCAIS AURA SOLEIL;туалетная вода;Франция;1898;569;https://goldapple.ru/19000152685-aura-soleil;43.68;Цветочно-фруктовый аромат LE PARFUM FRANCAIS с насыщенными нотами петитгрейна, бодрящего бергамота, лимона и листьев инжира – словно прогулка по роскошному средиземноморскому саду в летний полдень. Согретые солнцем фрукты опьяняют цитрусовой сладостью и свежестью, а тонкие ароматы цветов очаровывают всех посетителей сада. Ноты чувственного мускуса и акации усиливают нежность цветочного букета, объединившего розу, жасмин и флердоранж.;
19760330464;UNITED COLORS OF BENETTON colors rose;туалетная вода;Испания;3036;2580;https://goldapple.ru/19760330464-colors-rose;43.24;Коллекция ароматов Colors бренда United Colors of Benetton вдохновлена разнообразием цветов этого мира и уникальностью культур и идей в каждом. Ароматы Black and Rose для Него и для Нее дополнили коллекцию Colors. Они созданы для тех, кто жаждет перемен и приветствует мир, наполненный разнообразием. Новые ароматы напоминают нам о том, что мир в цвете — лучший мир. Чувственный аромат Colors Women Rose раскрывается нотами цитруса и освежающей зелени, окутывая женственно-цветочными оттенками нот сердца.;
7753100002;GUERLAIN L'Homme Idéal;туалетная вода;Франция;10100;10100;https://goldapple.ru/7753100002-l-homme-ideal;43.2;Guerlain развенчивает миф и создает настоящий концентрат идеальности – мужской аромат L’Homme Idéal – красивый, умный и сильный! Эти качества воплощены в трех аккордах, для создания которых были использованы благородные и чувственные ингредиенты. Верхняя нота – искрометная и идеально свежая. Ноты цитрусовых привносят в нее бодрость духа и терпкость, розмарин придает ароматический штрих и, наконец, флердоранж наполняет аккорд дыханием романтизма. Ключевым является богатый и теплый аккорд «amarettо», созданный на основе нот бобов тонка, натурального миндаля и ванили. Миндаль в мужской версии для неотразимого образа... Сила базовой ноты – древесный аккорд с нотами кожи окончательно утверждает мужской характер Избранника. Ощущение, передаваемое ароматом – это волнение при встрече с идеальным мужчиной.;
26330900001;MARC JACOBS Daisy Eau So Fresh;туалетная вода;Франция;10900;7630;https://goldapple.ru/26330900001-daisy-eau-so-fresh;43.2;Живой, чарующий, причудливый аромат DAISY EAU SO FRESH является смелой версией оригинального аромата DAISY. Он переносит Вас в счастливое и солнечное место, где все пропитано духом молодости, позитивной свежести и очаровательным чувством простоты. Игривый, с причудливым настроением - аромат свежей малины, чувственной дикой розы и теплой сливы. Утонченный, но не слишком серьезный, аромат DAISY EAU SO FRESH захватывает винтажной женственностью от Марка Джейкобса, а также смелым дизайном.;
19000048050;CHRISTINE LAVOISIER PARFUMS Mr. In Casual;туалетная вода;;1220;915;https://goldapple.ru/19000048050-mr-in-casual;43.2;Mr.In Casual – изысканный и благородный  аромат открывается верхними нотами грейпфрута и розовых ягод, искрящаяся свежесть которых звучит особенно ярко и чарующе на фоне теплых переливов бергамота. В сердце звучат аккорды лаванды и пряного кардамона.  Теплый древесный шлейф добавит уверенности и решительности своему обладателю. Аромат Mr.In Casual станет отличным спутником как на вечер, так и в повседневной жизни. Бренд товара CHRISTINE LAVOISIER PARFUMS.;нанести на шею, запястье.
19000125355;NEW YORK PERFUME FIVE;туалетная вода;;990;792;https://goldapple.ru/19000125355-five;42.3;New York Perfume Five – аромат, сводящий женщин с ума.  Пряный фужерный букет адресован успешному и стильному мужчине, обладающему природным обаянием.  Невероятно соблазнительный аромат - идеальный баланс между нерушимой классикой и современными тенденциями. Бархатисто-пряные, слегка горьковатые аккорды имбиря открывают аромат. В сердце звучат сочные и яркие мотивы африканских фруктов, красиво оттененных томной лавандой. Завершается анималистичной нотой хорошо выделанной, дорогой кожи.;Распылять на кожу с расстояния 20-30 см. Меры предосторожности: Денатурат! Огнеопасно! Легковоспламеняющаяся жидкость! Не распылять вблизи огня, раскаленных предметов, источника тепла. Только для наружного применения. Избегать попадания в глаза, при попадании в глаза немедленно промыть проточной водой. Хранить в недоступном для детей месте. Использование в пищевых целях опасно для здоровья и жизни. Условия хранения: хранить при температуре от +5С до +25С вдали от прямых солнечных лучей в сухом месте
19000064851;PARFUMS CONSTANTINE GENTLEMAN PRIVATE COLLECTION 13;туалетная вода;;1350;877;https://goldapple.ru/19000064851-gentleman-private-collection-13;41.4;Gentleman Private Collection 13 марки Parfums Constantine создан для активных, целеустремленных представителей сильной половины человечества. Яркий и соблазнительный аромат отличается богатой и насыщенной композицией, а потому надолго запоминается и привлекает всеобщее внимание. Волна невероятной свежести окутывает обладателя в течение всего дня. Верхние ноты включают в себя легкий привкус черной смородины, мятную прохладу и сочную дыню в сочетании с морской водой. Невероятная свежесть зеленого яблока с аккордами кардамона, благородного мускатного ореха и дыни составляют ноты сердца этой композиции. Завершает пирамиду загадочный янтарь, бодрящий капучино и шлейф амбрового дерева.;Распылить на кожу с расстояния 20-30 см. Только для наружного применения.
15750300005;BROCARD Лесная Земляника и Полевые Травы;туалетная вода;;624;561;https://goldapple.ru/15750300005-lesnaa-zemlanika-i-polevye-travy;41.4;Лесная земляника и полевые травы. История. Аромат земляники — это запах самого лета, тёплого и щедрого. Латинское название ягоды, Fragaria, означает «благоухающая». Её запах состоит из сотни компонентов. В ХХ веке химики сумели раскрыть эту искусную структуру. Парфюмеры стали добавлять земляничные нотки в цветочные и фруктовые композиции, но ярче всего аромат лесной ягоды звучит соло, а не в ансамбле. В душистой воде  воссоздана его природная, завораживающе сложная гармония. Запах земляники играет множеством оттенков: сладких и пряных, горячих и свежих, ускользающих и стойких, расслабляющих и заряжающих энергией. В пригоршне спелых ягод прячутся душистые травинки, сосновые иголки, лепестки лесных цветов. Нежный, чувственный аромат скрывает маленькую тайну, рубиновую капельку в изумрудной листве. Июльский полдень, лес манит, искушает запахами, красками и звуками, лесные тропинки бегут, тянутся заколдованным клубком — и приводят к благоухающей поляне. Душистая земляничная вода подарит отличное настроение и превратит вас в лесную волшебницу, вокруг которой — вечное, бесконечное лето. Парфюмер: Sylvie Fischer (Сильвия Фишер).;Распылять на кожу/волосы с расстояния 10-15 см.
19000043228;KENZO HOMME;туалетная вода;Франция;8090;8090;https://goldapple.ru/19000043228-homme;41.4;KENZO представляет легендарную мужскую туалетную воду KENZO HOMME в новом дизайне. Аромат остался прежним: откройте заново туалетную воду KENZO HOMME, древесно-морскую композицию, созданную Кристианом Маттье. Свежесть морских брызг смешивается с зеленым ароматом сосны и сандала, напоминающим о прогулке по тропе у моря под кронами деревьев.        Бодрящий аромат, который ласкает и освежает кожу, как глоток соленого воздуха. Новый темно-зеленый флакон KENZO HOMME — это ода поэзии. KENZO стремится сделать мир прекраснее, поэтому флакон туалетной воды KENZO HOMME на 15% состоит из переработанного стекла и представлен в больших объемах: 40, 60 и 110 мл. Дизайн крышки позволяет на 34% снизить использование пластика.    Упаковка произведена из необработанного крафт-картона, с использованием экологичных чернил и бумаги с сертификатом FSC® (Forest Stewardship Council®). Ощутите гармонию с природой вместе с туалетной водой KENZO HOMME.;Только для наружного применения
19000272870;MANDARINA DUCK for her;туалетная вода;Италия;3347;1840;https://goldapple.ru/19000272870-for-her;40.42;Туалетная вода MANDARINA DUCK создана на основе совершенно особого аккорда клевера.  Он складывается из четырех нот, как по количеству листьев символа удачи: романтической ноты травы, искрящейся ноты лайма, свежей ноты зеленого яблока и акватической ноты с альдегидным нюансом.  В цветочном и обволакивающем сердце аромата звучит сочетание нот бугенвиллии, алого пиона и нежной ноты жасминового чая.  Триумф древесных акцентов дополняет композицию, усиливая её стойкость на коже.;Только для наружного применения.
19000392940;GIVENCHY  Pour Homme;туалетная вода;Франция;13350;12015;https://goldapple.ru/19000392940-pour-homme;40.42;Мужская туалетная вода Givenchy Pour Homme – это неповторимая композиция вне времени для современных мужчин, живущих в ритме 21 века. Такие мужчины элегантны, знают цену вещам и истинным чувствам. Все эти качества передает и древесный свежий аромат Givenchy Pour Homme, в котором природные густые ноты ветивера и ладана соединяются с ярким дуэтом грейпфрута и кориандра. Мужская туалетная вода Givenchy Pour Homme – сияющий, благородный аромат, подчеркивающий неподражаемую индивидуальность. Обновленный дизайн флакона соответствует принципам ответственного потребления! При производстве флакона использовано меньше пластика и картона.;Небольшое количество нанести на тело, избегая попадания в глаза.
19000076282;LOEWE SOLO ELLA;туалетная вода;;4340;4340;https://goldapple.ru/19000076282-solo-ella;39.56;Новое, более яркое издание женской туалетной воды LOEWE Solo Ella объемом 15 мл — компактный формат, идеальный для использования в пути. - Туалетная вода Loewe Solo Ella. - Женский аромат. - Вдохновлена закатом и состоянием равновесия. - Теплый и гармоничный аромат с нотами маракуйи и питахайя. - Стеклянный флакон объемом 15 мл в ярко оранжевом цвете. - В формате спрея.;Небольшое количество нанести на тело, избегая попадания в глаза.
19000222808;NICOLAI PARFUMEUR-CREATEUR PARIS ROSE PIVOINE;туалетная вода;Франция;7214;3607;https://goldapple.ru/19000222808-rose-pivoine;39.56;Вихрь лепестков, фруктов и специй создает элегантную смесь эссенций. Разнообразная коллекция EAU DE TOILETTE предлагает изящный баланс свежести, деликатности и интенсивности. Rose Pivoine — всё равно что наклониться над букетом свежесрезанных роз и пионов в объятии зеленых листьев. Болгарская роза, бурбонская пеларгония и ягоды открывают композицию.  Нежная фруктово-пряная нота, подчеркнутая семенами амбретты, становится отличительной чертой этого творения.;Только для наружного применения.
19000152688;LE PARFUM FRANCAIS ISLA PARADIS;туалетная вода;Франция;1898;569;https://goldapple.ru/19000152688-isla-paradis;38.7;Аромат LE PARFUM FRANCAIS переносит на тропический пляж с теплым песком, шумом волн и согревающими лучами солнца.  Ярко представить райский пейзаж помогают фруктовые ноты грейпфрута, сочного персика и кокоса. В сердце экзотической композиции – гардения, цветок апельсина и ландыш. Этот цветочный солнечный аромат – парфюмерное путешествие в беззаботное лето.;
26422400010;ACQUA DI PARMA BERGAMOTTO DI CALABRIA;туалетная вода;Италия;7990;7990;https://goldapple.ru/26422400010-bergamotto-di-calabria;38.4;Калабрийская земля. Необычайно богатая. Только здесь произрастает самый изысканный сорт бергамота DOP(обозначает подлинность компонента). Его искрящиеся ноты раскрываются в начале аромата, украшенного свежестью цитрона. Фруктово-цветочные оттенки бергамота  ярко звучат в сердце аромата вместе с красным имбирем и кедром. В шлейфе аромата -  неподражаемое сочетание ветивера, бензоиновых смол и чарующего мускуса.;
19000154586;KORRES Vetiver Eau de Toilette;туалетная вода;;7690;5383;https://goldapple.ru/19000154586-vetiver-eau-de-toilette;37.72;Туалетная вода Vetiver Eau de Toilette. Композиция: Корень ветивера - эссенция, получаемая из тонких ароматических корней растения ветивер. Зеленый чай - насыщенное, тяжелое, теплое, чувственное эфирное масло этой азиатской травы известно в Индии как масло спокойствия. Несет в себе аромат, который освежает кожу и усиливает вдохновение, как того требует искусство чаепития. Кедровое дерево - кедр, произрастающий в Атласских горах Алжира и Марокко, с древности ценился за свой аромат и стойкость. Теплый, глубокий, роскошный, он вызывает спокойствие и расслабление.;Распылите на расстоянии примерно 20 см. от кожи, уделив особое внимание таким зонам, как запястья и шея.
84140700006;LOEWE 001 WOMAN;туалетная вода;;7970;7970;https://goldapple.ru/84140700006-loewe-001;37.44;Туалетная вода для женщин LOEWE 001 вдохновлена первыми лучами рассвета и воплощает в себе дух новых начинаний, что отражено в названии 001. Этот аромат принадлежит к свежим цветочно-фруктовым. Современное звучание ему придает сочетание льняного аккорда, розового пиона и мускуса. Туалетная вода — это непринужденная и освежающая версия LOEWE 001. Мускус, ключевой ингредиент в коллекции, создает легкий естественный аромат, ассоциирующийся с чистотой, и помогает парфюму дольше держаться на коже. Мужские и женские ароматы LOEWE 001 в версиях туалетной и парфюмерной воды созданы для комбинирования и получения особенного нового аромата. Благодаря 50% общих ингредиентов их можно наносить одновременно на разные участки тела. Также они прекрасно дополняют друг друга, если их носят люди, находящиеся рядом. Кроме того, туалетная вода для женщин LOEWE 001  создает уникальную композицию в сочетании с другими ароматами LOEWE: LOEWE Aire Sutileza, парфюмерной и туалетной водой LOEWE Solo Ella или LOEWE Aura Pink Magnolia при нанесении на разные участки тела. Для пар подойдет сочетание с LOEWE 7 Anónimo или LOEWE Solo Mercurio. Ароматы LOEWE 001  представлены в фирменной монохромной упаковке с изображением цветка Allium oreophilum фотографа Карла Блоссфельдта, символизирующим неповторимость и утонченность. В упаковке находится фирменный прозрачный прямоугольный флакон, созданный креативным директором LOEWE Джонатаном Андерсоном. Сам аромат имеет нежный светло-золотистый оттенок. Туалетная вода LOEWE 001  — это сочетание мускуса, бергамота и сандалового дерева. Она входит в коллекцию LOEWE Botanical Rainbow, где элементы природы преображаются в эмоции с помощью парфюмерного искусства.;Небольшое количество нанести на тело, избегая попадания в глаза.
19000268485;BURBERRY HERO;туалетная вода;Испания;9400;6110;https://goldapple.ru/19000268485-hero;36.66;Новый мужчина, новый герой. Откройте для себя Hero Eau de Toilette - новый аромат от Burberry, запущенный под креативным видением Riccardo Tisci.  Hero - загадочный и авантюрный герой современного времени, который находится в постоянном процессе трансформации, поиске своей экстраординарности.  Туалетная вода Burberry Hero - идеальный баланс силы и свежести. Отражение двойственности силы и чувствительности современного мужчины.  Смелый аромат открывается нотами бодрящего бергамота, которые переплетаются с можжевельником и черным перцем, глубину аромату придает трио теплых кедровых масел из разных горных пород.  Аромат Burberry Hero – это альянс мощи и свежести, символизирующий двойственную природу современного мужчины, сильного и в то же время чувственного.  Свежий, солнечный, смелый – аромат проникнут искристыми нотами бергамота, живительными аккордами можжевельника и пряностью черного перца. Можжевельник, классический ингредиент британской парфюмерной палитры, наполняет аромат стойкой свежестью.  Глубину композиции придают масла из трех видов горного кедра, произрастающего на склонах североамериканских Аппалачей, африканского Атласа и азиатских Гималаев. Флакон Burberry Hero от Риккардо Тиши представляет собой новую интерпретацию классического флакона Burberry.  Столь же яркий и современный, как и аромат, который в нем заключен, он украшен рельефной монограммой TB и изогнутым логотипом Burberry, а его форма напоминает конское копыто.;Наносить аромат равномерно на одежду, кожу и волосы.
19000076285;LOEWE AIRE SUTILEZA;туалетная вода;;4340;3038;https://goldapple.ru/19000076285-aire-sutileza;35.88;Новое, более яркое издание женской тууалетной воды LOEWE Aire Sutileza объемом 15 мл — компактный формат, идеальный для использования в пути. - Туалетная вода Loewe Aire Sutileza. - Женский аромат. - Вдохновлена свежестью чистого и прозрачного воздуха. - Утонченный цветочный аромат с нотами груши, ландыша и жасмина. - Стеклянный флакон объемом 15 мл нежного лиственно-зеленого оттенка. - В формате спрея.;Небольшое количество нанести на тело, избегая попадания в глаза.
81420100001;SHAKIRA Florale;туалетная вода;;2190;1314;https://goldapple.ru/81420100001-florale;35.88;Туалетная вода Shakira Florale воплощает в себе женские мечты о романтике и красоте. Свежий, цветочный, нежный и чувственный, именно таков парфюм под названием Florale. Чуточку сладковатый, аромат от известной на весь мир Shakira похож на свою создательницу, он такой же манящий и прекрасный. Пикантный бергамот, сладкая черная смородина, дурманящая ежевика и малина образуют приятный и пикантный коктейль. Использование туалетной воды подарит вам массу чувственного удовольствия и эстетического наслаждения. Попробуйте и вы точно не пожалеете. Аромат держится примерно 11 часов, великолепная стойкость.;
19000133647;ICEBERG AMBER;туалетная вода;Италия;3960;1980;https://goldapple.ru/19000133647-amber;35.52;Чувственный и мужественный аромат ICEBERG построен вокруг соблазнительной ноты амбры. Притягательность композиции усиливают благородный древесный аккорд и таинственный ладан, которые делают аромат более насыщенным. Главный секрет парфюмерной композиции, напоминающей прохладный, но все же солнечный и комфортный осенний день – яркий контраст между свежим минеральным аккордом и согревающим, теплым звучанием пряностей, смол и рома. Парфюмер – Guillaume Flavigny.;Только для наружного применени
19000177534;PLANETA ORGANICA Splashes of champagne;туалетная вода;Россия;598;538;https://goldapple.ru/19000177534-splashes-of-champagne;35.28;Стильный манящий аромат, в котором главная роль отведена чарующему звучанию красных фруктов, дополненному освежающими мускусными и бархатистыми цветочными акцентами.;Использование в пищевых целях опасно для жизни или здоровья. Избегать попадания в глаза. Беречь от детей. Огнеопасно, не хранить вблизи огня.
19000088234;MASAKI MATSUSHIMA Mat Stone;туалетная вода;;4510;2886;https://goldapple.ru/19000088234-mat-stone;35.2;"Пряный цитрусовый Mat;Stone – первый аромат коллекции Masaki Matsushima, который содержит молекулу амброксана. Многие нишевые производители стали использовать этот секрет при создании своих шедевров, и Masaki Matsushima – не исключение. Mat;Stone раскроется абсолютно по-разному на каждом Мужчине, сделав его особенным и неповторимым. Молекула амброксана служит «закрепителем», сохраняя стойкость аромата. Благодаря особенной формуле, амброксан удерживает не только ноты туалетной воды, но и компоненты собственного аромата кожи.";Распылить на тело и волосы
82401200002;FREDERIC MALLE L'Eau D'Hiver;туалетная вода;Франция;24700;17290;https://goldapple.ru/82401200002-l-eau-d-hiver;34.3;Жан-Клод Эллена связывает воедино две крайности парфюмерной палитры и создает принципиально новый аромат: легкий, кристально чистый и в то же время нежный и теплый. Подобно акварели L’Eau d’Hiver объединяет прозрачные цитрусовые ноты и гедион с мягким звучанием белого гелиотропа, ириса и меда. Минималистичный стиль Жан-Клода Эллена позволил создать уникальный теплый аромат и раздвинуть границы парфюмерного искусства.  L’Eau d’Hiver согревает и дарит комфорт.;Нанесите аромат на запястья, шею и точки пульса, чтобы он раскрылся от тепла тела и остался с вами до самого вечера.
19000232725;TOM TAILOR ADVENTUROUS;туалетная вода;Германия;3968;2976;https://goldapple.ru/19000232725-adventurous;33.84;В каждом мужчине живет авантюрист. Желание отправиться в путь и покорить мир.   Сокровенное желание безграничной свободы. К жизни. К природе. Ароматический, древесный аромат  TOM TAILOR ADVENTUROUS побуждает внутреннего исследователя расширять свои границы. Изобретать себя заново.  Быть свободным и настоящим в любое время.  TOM TAILOR ADVENTUROUS олицетворяет мужчину, который превзошел себя и полностью реализовал свой потенциал. Семейство ароматов: ароматические – древесные. Верхние ноты: бергамот, лимон, мандарин. Ноты сердца: лавр, лавандин. Базовые ноты: пачули, кедровое дерево, ваниль, мускус.;Нанести на кожу, избегая попадания в глаза. Не для пищевых целей. Только для наружного применения.
19000141536;JIMMY CHOO Eau de toilette;туалетная вода;Франция;8953;8057;https://goldapple.ru/19000141536-eau-de-toilette;33.84;Ослепительно яркий и женственный аромат JIMMY CHOO символизирует силу, уверенность и красоту современной женщины. Актуальная цветочно-фруктовая композиция встречает свежими зелеными нотами с пряным акцентом имбиря.  В сердце аромата расцветает изысканная красота чайной розы и необычная нота тигровой орхидеи. Древесный аккорд кедра мягко раскрывается в базе, создавая чарующую вуаль чувственности.;Только для наружного применения.
19000159051;100BON Soleil D'Ambre;туалетная вода;Франция;5150;3347;https://goldapple.ru/19000159051-soleil-d-ambre;33.6;Сладкое и опьяняющее тепло жасмина, цветка тиаре и амбры. Мягкая, экзотическая композиция, прогоняющая  хандру и мрачные мысли. Создает ощущение защиты и баланса;Нанести на тело или одежду
19000020471;GUERLAIN CHAMPS ELYSEES;туалетная вода;Франция;14200;14200;https://goldapple.ru/19000020471-champs-elysees;33.32;Champs-Élysées – неотъемлемая часть коллекции Légendaires от Guerlain. Более века пять поколений парфюмеров Guerlain создавали эту коллекцию знаковых ароматов. В высшей степени инновационные для своего времени легендарные ароматы составляют уникальный ольфактивный архив, бесценное, не имеющее аналогов сокровище, бережно хранимое и преумножаемое Домом Guerlain. Аромат Champs-Élysées посвящен Городу огней и историческому бутику Guerlain на Елисейских полях, 68. Дарящий радость цветочный аромат воспевает великолепие мимозы.;
19000141538;JIMMY CHOO Floral;туалетная вода;Франция;8953;8057;https://goldapple.ru/19000141538-floral;33.0;Утонченный аромат JIMMY CHOO отражает изысканную, завораживающую красоту цветущей магнолии. Эта женственная, светлая композиция с цветочными, фруктовыми и мускусными аккордами напоминает о весне в большом городе.  Верхние ноты бергамота и нектарина, олицетворяющие безграничную энергию, постепенно уступают место нежности лепестков магнолии и мягкой ноте душистого горошка.  Элегантную чувственность парфюмерной композиции усиливают базовые ноты амброксана и мускуса.;Только для наружного применения.
19000133629;ANGEL SCHLESSER Mediterranean Cypress;туалетная вода;Италия;7156;3578;https://goldapple.ru/19000133629-mediterranean-cypress;32.9;Свежий, чистый и заряжающий энергией аромат ANGEL SCHLESSER воплощает дух свободы и креативности. Ключевая нота парфюмерной композиции – кипарис, распространенный у берегов Средиземного моря.  Сочетание этой бодрящей ноты и освежающего звучания бергамота, лаванды и кардамона переносит в светлый приморский город с вдохновляющими пейзажами и шумом волн.  Яркую индивидуальность этого аромата дополняют чувственные ирис и жасмин, герань и прохладный акцент мяты. Насыщенное звучание кипариса подчеркивают чувственные базовые ноты кедра, сандала и бобов тонка.  Классификация аромата: древесный пряный.  Парфюмер – Alexis Grugeon.;Только для наружного применения.
81991400001;KORLOFF PARIS In White;туалетная вода;;10300;8240;https://goldapple.ru/81991400001-in-white;32.9;Стильная, освежающая композиция вышла в свет в 2010 году и принадлежит к фужерной группе композиций. Парфюм привлекает светлым, тонизирующим, позитивным звучанием. Эта композиция универсальна – она понравится как молодым, так и умудренным опытом, мужчинам. Белый цвет здесь символизирует чистоту, легкость, свободу и независимость.;
82401200006;FREDERIC MALLE L'Eau D'Hiver;туалетная вода;Франция;6600;4818;https://goldapple.ru/82401200006-l-eau-d-hiver;32.9;Жан-Клод Эллена связывает воедино две крайности парфюмерной палитры и создает принципиально новый аромат: легкий, кристально чистый и в то же время нежный и теплый. Подобно акварели L’Eau d’Hiver объединяет прозрачные цитрусовые ноты и гедион с мягким звучанием белого гелиотропа, ириса и меда. Минималистичный стиль Жан-Клода Эллена позволил создать уникальный теплый аромат и раздвинуть границы парфюмерного искусства.  L’Eau d’Hiver согревает и дарит комфорт.;Нанесите аромат на запястья, шею и точки пульса, чтобы он раскрылся от тепла тела и остался с вами до самого вечера.
19000020465;GUERLAIN INSOLENCE;туалетная вода;Франция;14200;14200;https://goldapple.ru/19000020465-insolence;31.68;Insolence входит в парфюмерную коллекцию Légendaires от Guerlain. Более века пять поколений парфюмеров Guerlain создавали эту коллекцию знаковых ароматов. В высшей степени инновационные для своего времени легендарные ароматы составляют уникальный ольфактивный архив, бесценное, не имеющее аналогов сокровище, бережно хранимое и преумножаемое Домом Guerlain. Insolence – это горящие глаза и уверенная улыбка. Insolence – это дерзкая элегантность и ироничное молчание. Аромат, созданный в 2006 году, посвящен непредсказуемой, свободной и смелой женственности. Дерзкий цветочно-фруктовый аромат Insolence строится вокруг щедрого и насыщенного аккорда фиалки, флердоранжа и ягодных нот.;
19000011041;CALVIN KLEIN DEFY;туалетная вода;Россия;10200;8670;https://goldapple.ru/19000011041-defy;31.68;Свежий. Мужественный. Влекущий. Аромат Calvin Klein Defy основан на контрасте тонизирующей свежести и мощных древесных нот: это туалетная вода для мужчин, которые выходят за границы возможного, чтобы найти свои истинные ценности. Эти духи Calvin Klein открывают притягательные цитрусовые аккорды со звенящими нотами бергамота и свежестью абсолюта лаванды. В сердце мужской туалетной воды-спрея - эфирное масло ветивера с его шероховатыми землистыми нотами, полученное на Гаити с соблюдением принципов ответственного развития. Оно вторит насыщенным текстурным нотам амбры в шлейфе композиции. Современный флакон отражает знаковые коды Дома Calvin Klein: цвет синего денима, минимализм, чувственность. Этот аромат CK скрывается под текстурной матовой крышечкой за стенками строгого, но чувственного сосуда, символизирующего дуализм смелости и уязвимости на пути самопознания. Дерзайте!;
19760330466;UNITED COLORS OF BENETTON Colors Man Black;туалетная вода;Испания;3036;2125;https://goldapple.ru/19760330466-colors-black;31.28;Коллекция ароматов Colors бренда United Colors of Benetton вдохновлена разнообразием цветов этого мира и уникальностью культур и идей в каждом. Ароматы Black and Roseдля Него и для Нее дополнили коллекцию Colors. Они созданы для тех, кто жаждет перемен и приветствует мир, наполненный разнообразием. Новые ароматы напоминают нам о том, что мир в цвете — лучший мир. Аромат Colors Man Black гармонично сочетает разнообразные эссенции — от цитрусово-пряных верхних нот до насыщенных древесных аккордов и роскошной кожи в сердце композиции.;
19000155811;SISLEY L'Eau Revee d'Eliya;туалетная вода;Франция;18960;14220;https://goldapple.ru/19000155811-l-eau-revee-d-eliya;31.08;L’Eau Rêvée d’Eliya - ваше личное приглашение на экзотический остров, в крошечное бунгало, омываемое изумрудными волнами океана под заботливой сенью пальмовых листев. Только что прошел дождь и шквал тропических ароматов из сада обрушивает на вас отрывки детских снов о путешествиях, волшебных мечтаний о приключениях и отважных странниках. Пьянящие тубероза и фиалка, терпкий гибискус в окружении пачули, турецкой розы и кедра поют оду легкости, невесомой как взмах крыльев тропической бабочки махаон.;Наносите туалетную воду на кожу, в зонах пульсации (запястья, шея, локтевой сгиб...) на тёплой коже глубже раскроется вся красота звучания натуральных эссенций.
19000235134;HALLOWEEN Halloween;туалетная вода;Испания;5990;4492;https://goldapple.ru/19000235134-halloween;30.72;"""Halloween Blossom — это взрыв цветов, это свобода и природа. Это соединение с собой и осознание важности наслаждения каждой секундой. Приятный и веселый фруктовый восточно-цветочный аромат, который вселяет радость и напоминает нам о сельской местности, свежем воздухе и полевых цветах. Представьте себе поле, полное цветов, ветерок, ласкающий вашу кожу, солнечные лучи, приглашающие вас насладиться днем. Вы чувствуете себя свободно, спокойно… это ваша самая естественная версия. Аромат предлагает вам раскрыть свой творческий потенциал и сделать ставку на свои мечты. Вдохновите свои мечты. Верхние ноты: зеленый мандарин, розовый перец, дикая клубника Ноты сердца: цветок ежевики, оранжевый цветок, египетский жасмин Базовые ноты: кедровое масло, ваниль, мускус""";Средство предназначено для наружного применения с целью придания приятного аромата. Нанести аромат на кожу.
19000133633;MANDARINA DUCK Black;туалетная вода;Италия;8469;5081;https://goldapple.ru/19000133633-black;30.36;Элегантный аромат MANDARINA DUCK, объединивший экзотические цветочные и пряные ноты, отражает силу харизмы.  Эта парфюмерная композиция – одновременно изысканная и простая, таинственная и притягательная, как и черный цвет, давший ей название.  Игра в соблазнение начинается с ярких нот бергамота, танжерина и перца.  В сердце аромата раскрывается необычное звучание тиаре, бобов тонка и цветов апельсина. Мадагаскарская ваниль, кедр и нежный сандал придают мужественной композиции тонкую сладость и чувственность.;Только для наружного применения.
19000165440;GUERLAIN L'Homme Ideal Platine Privé;туалетная вода;Франция;14360;10770;https://goldapple.ru/19000165440-l-homme-ideal-platine-prive;30.08;В аромате L’Homme Ideal Platine Privé парфюмеры Guerlain раскрывают по-другому неотразимый аккорд зеленого миндаля, чтобы еще больше подчеркнуть его свежесть и современность.  Усиленный свежестью, сочетающей в себе ноты грейпфрута и розового перца, миндаль соединяется с силой гаитянского ветивера и нежностью мускуса, создавая ощущение двойственности древесно-свежего аромата. Граненый квадратный флакон со строгим и роскошным дизайном с чёрной лакировкой. Матово-черная крышечка с позаимствованной в часовом искусстве накаткой гильоше подчеркивает решительно мужской стиль флакона.;
26290200013;NARCISO RODRIGUEZ For Him Bleu Noir;туалетная вода;Франция;9800;7350;https://goldapple.ru/26290200013-for-him-bleu-noir;30.08;Туалетная вода Narciso Rodriguez For Him Bleu Noir обладает притягательным ароматом, который таит в себе нечто особенное, привлекающее внимание окружающих и позволяющее вам наслаждаться игрой своих аккордов. Стильный дизайн флакона туалетной воды полностью отражает ее лаконичный и строгий характер. Примерив на себя стойкое «облако» аромата For Him Bleu Noir, вы взбодритесь и ощутите энергию, которая будет сопутствовать вам. Парфюмерная основа Narciso Rodriguez объединяет в себе самые благородные мужские оттенки: ветивер, амбра, кедр и мускус, а также кардамон и эбеновое дерево.;
19000358631;ESCADA Brisa Cubana;туалетная вода;Франция;5690;3983;https://goldapple.ru/19000358631-brisa-cubana;29.92;Погрузитесь в атмосферу солнечной Кубы с этим ярким и жизнерадостным ароматом.  Он открывается сочными нотами ананаса и кокоса, которые мгновенно переносят вас на тропический пляж.  В сердце композиции раскрываются цветочные аккорды жасмина и иланг-иланга, добавляя аромату нежности и утонченности.  Базовые ноты сандалового дерева и мускуса придают аромату глубину и стойкость, оставляя на коже теплый и соблазнительный шлейф.  Этот аромат идеально подходит для тех, кто хочет добавить в свою жизнь немного экзотики и солнечного настроения.;Сделайте несколько распылений вверх, а затем войдите в облако аромата либо нанесите на запястья и шею.  Храните флакон в прохладном, темном и сухом месте.
19000152690;LE PARFUM FRANCAIS TERRA NOVA;туалетная вода;Франция;1898;569;https://goldapple.ru/19000152690-terra-nova;29.64;Вдохновляющий древесно-пряный аромат LE PARFUM FRANCAIS идеально подойдет тем, кто готов бросить вызов стихии и самому себе. Ноты ветивера, кедра, мускуса и бензоина в сочетании со свежестью бергамота, грейпфрута и апельсина напоминают о духе свободы и желании отправиться в путешествие, исследовать неизведанное, покорять далекие земли, горы, пустыни и океаны. Восстановить связь с природой и самим собой помогают и ноты сердца: фиалка, розовый перец, пачули и нероли.;
7191100011;DIOR Diorissimo;туалетная вода;Франция;16300;16300;https://goldapple.ru/7191100011-diorissimo;29.4;Букет-талисман из ландышей, воспевающий свежесть весны! Diorissimo - аромат счастья!Этот  аромат - воплощение экстравагантного и утонченного стиля Dior.;
80791000003;PRADA LUNA ROSSA;туалетная вода;;21700;16275;https://goldapple.ru/80791000003-luna-rossa;29.14;Мужественный аромат Prada, рожденный в поисках совершенства. Аромат, ставший частью легендарного семейства Luna Rossa, — дань уважения миру природы и страсти к инновациям. Сила и свежесть природных стихий переданы в нетривиальной интерпретации классических нот. Композиция Prada Luna Rossa, созданная Даниэлой Андрие, — это бескомпромиссно мужественный аромат, в котором парфюмер переосмыслила традиционные ингредиенты и представила их в неожиданном свете. Композиция накрывает волной благоухающей свежести, исполненной силы и динамичной энергии, обнажая узнаваемые чувственные и благородные ноты. Лаванда — ключевой компонент аромата и один из самых известных парфюмерных ингредиентов, подаренных природой.  В этой композиции она звучит совершенно по-новому — очень ярко и современно. Переосмысление легендарных парфюмерных ингредиентов, благодаря которому они обретают вторую жизнь в совершенно новой, современной интерпретации, является главной ценностью ароматов Prada.;Нанесите на точки пульса: запястье, внутреннюю часть локтя и шею.
19000210833;JIMMY CHOO MAN ICE;туалетная вода;Франция;8023;7220;https://goldapple.ru/19000210833-man-ice;29.0;Завораживающий мужской аромат JIMMY CHOO излучает прохладную свежесть и яркую чувственность.  Соблазнительная и утонченная композиция стартует с бодрящей цитрусовой ноты лайма, которая создает контраст с притягательной древесной глубиной кедра и легкой фруктовой сладостью яблока.  Чувственная мускусная база усиливает благородное звучание пачулей и ветивера.;Только для наружного применения.
19000125351;NEW YORK PERFUME ONE;туалетная вода;;990;792;https://goldapple.ru/19000125351-one;28.52;Аромат New York Perfume One для мужчины, который силен духом, свободен и знает, как наслаждаться жизнью.  Аромат переливается прохладными зелеными оттенками для того, чтобы подчеркнуть активность, динамичность и современность своего владельца.  Необходимая деталь безупречного стиля, воплощение элегантности и роскоши, притягательный шлейф из нот древесины платана, амбры, шафрана и искрящегося мускуса, навевающего волнительные мечты.;Распылять на кожу с расстояния 20-30 см. Меры предосторожности: Денатурат! Огнеопасно! Легковоспламеняющаяся жидкость! Не распылять вблизи огня, раскаленных предметов, источника тепла. Только для наружного применения. Избегать попадания в глаза, при попадании в глаза немедленно промыть проточной водой. Хранить в недоступном для детей месте. Использование в пищевых целях опасно для здоровья и жизни. Условия хранения: хранить при температуре от +5С до +25С вдали от прямых солнечных лучей в сухом месте
19000320475;ALAN BRAY Maverick Graphit;туалетная вода;Россия;2394;2154;https://goldapple.ru/19000320475-maverick-graphit;28.52;Современный и невероятно притягательный аромат Graphite был вдохновлен характером и взглядом на жизнь тех мужчин, кто каждый день решительно и уверенно создает свою лучшую реальность.  Композиция встречает тонкими и сбалансированными нотами свежего бергамота, яблока, сочного ананаса и пряной корицы. Сердце аромата раскрывается аккордами шалфея, деликатной лаванды и герани, добавляя сложности и глубины. Чувственный шлейф согревает нотами ванили, золотой амбры в сочетании с мощными древесными аккордами пачули и кедра.;Нанести на шею, запястье, локтевые сгибы.
19000257135;LOUIS Second skin;туалетная вода;;14399;5759;https://goldapple.ru/19000257135-second-skin;28.16;SECOND SKIN: «Той ночью твое дыхание было мягким и теплым, я чувствовал его в глубине моей кожи. Ах, я помню».  Ноты альдегидов, кедра и сандала, смешиваясь с нотой ванили, создают нежность в композиции.;Только для наружного применения.
19000312504;CALVIN KLEIN BE;туалетная вода;Испания;5760;4896;https://goldapple.ru/19000312504-be;27.52;CK be Calvin Klein — это аромат для мужчин и женщин, он принадлежит к группе цветочные древесно-мускусные. CK be выпущен в 1996 году. Парфюмер: René Morgenthaler. Туалетная вода CK Be была явно создана для того, чтобы заявить о себе: будьте собой. Быть смелым. Чистый и чувственный, CK Be — аромат-унисекс, который притягивает вас. Верный сердцу ароматов CK, этот аромат включает в себя манящий ароматный мускус, дополненный простой смесью трав, цитрусовых и цветов. Парфюм открывается нотами свежего бергамота, ягод можжевельника и теплой лаванды. Слой белых специй и магнолии оставляет на коже теплые ноты сандала и бобов тонка. Этот бодрящий аромат предназначен для представителей всех полов, он стимулирует и манит своим свежим шлейфом.;Наносить аромат равномерно на одежду, кожу и волосы.
19000010697;ANGEL SCHLESSER LES EAUX D’UN INSTANT Instinctive Marine;туалетная вода;Италия;7586;4551;https://goldapple.ru/19000010697-les-eaux-d-un-instant-instinctive-marine;26.68;Аромат Instinctive Marine отражает гармонию с природой, стремление к самопознанию и умиротворению. Свежий морской аккорд, который напоминает о волнах, бьющихся о скалы, вдохновляет остаться наедине с собой и ненадолго забыть обо всём, посвятив время самоанализу. Контрастная композиция ANGEL SCHLESSER говорит о двойственной сути инстинктов, тёмных и нежных одновременно. Связь с противоречивым «внутренним я» помогают наладить чистый аромат лаванды и сладкие ноты бобов тонка. Парфюмер – Amandine Marie.  Ключевые ноты: морской аккорд, лаванда, бобы тонка.;Только для наружного применения.
19000246550;LA VILLE BOUQUET Iris and Neroli;туалетная вода;Беларусь;1036;828;https://goldapple.ru/19000246550-bouquet-iris-and-neroli;25.76;Изящество, утонченность и нежная притягательность нашли воплощение в изысканном аромате Iris  Neroli.Глубокая, обволакивающая композиция открывается легкими нотами черной смородины и сочной груши. В сердце  роскошный букет из ириса, жасмина, нероли и апельсинового цвета, а завершает звучание аромата соблазнительный шлейф из аккордов ванили, пралине, бобов тонка и пачули. Композиция Iris  Neroli  это пленительный коктейль, каждая капля которого подчеркивает индивидуальность и чувственность его обладательницы. Откройте для себя источник безграничной женственности в аромате Iris  Neroli! Страна: Беларусь.;Рекомендуем наносить небольшое количество парфюмерной жидкости на «теплые» точки тела. Это так называемые точки пульса, в которых кровяные сосуды находятся близко к коже и из-за этого температура этих участков немного выше. «Теплые» точки способствует более долгому звучанию аромата и его более глубокому раскрытию. К таким местам относятся запястья, шея (в особенности ее задняя часть), кожа за ушами, локтевой изгиб и подколенная ямка. Парфюмеры рекомендуют наносить ароматы также на волосы: пару капель на расческу и далее легкими движениями распределить их по всей длине. Именно волосы способны хранить запахи дольше всего. Для любителей тонкого легкого звучания аромата рекомендуем распылить небольшое количество парфюма перед собой и плавно войти в ароматное облако. Духи стоит наносить вечером, ведь они имеют яркое и насыщенное звучание, в то время как парфюмерная вода больше подходит для светлого времени суток. А туалетная вода — отличное решение для активных будних дней, ведь ее аромат звучит легко и ненавязчиво и его можно обновлять каждые 2-3 часа. Не применять вблизи огня. Только для наружного использования.
19000122331;LOVE IS strawberry heartbeat;туалетная вода;;990;792;https://goldapple.ru/19000122331-strawberry-heartbeat;25.76;Океан голографического блеска и феерично-бомбических ароматов. Самые сочные. Самые модные гурманские ароматы линейки бренда Love is. дополненные феромонами- это любовь с первой ноты. Поднимают настроение, повышают самооценку, вызывают влюблённость. Strawberry Heartbeat - нежная и сладкая влюблённость с нотками земляники. Милый и немного легкомысленный аромат девичьих грёз, невозможно остаться равнодушным. Парфюм усиливает привлекательность и помогает обрести уверенность в себе. Активными веществами состава выступают так же мускус и майская роза, которые являются мощными афродизиаками, усиливая притягательность носительницы парфюма и неизменно повышая настроение. Добавь клубнички вместе Love is Strawberry Heartbeat.;Парфюм всех типов наносится на чистую, слегка увлаженную кожу.
19000088391;ADRIANO DOMIANNI  Milioni;туалетная вода;;1079;647;https://goldapple.ru/19000088391-milioni;25.38;Интенсивный мужской аромат MILIONI наполнен энергией солнца, импульсом вулкана. Туалетная вода MILIONI не поддается влиянию материи и играет с ощущениями. Двойственность между соленым импульсом, богатством солнечной кожи и ритмом биения Везувия. Аромат MILIONI с жаром лавы, который вызывает усиление чувственности. Букет MILIONI словно отбивает ритм сердца Везувия в такт жаркого южного танца ночного Неаполя.  Группа: ДРЕВЕСНЫЕ ПРЯНЫЕ  ВЕРХНИЕ НОТЫ: красный мандарин, грейпфрут, мята. СРЕДНИЕ НОТЫ: корица, роза, пряности. БАЗОВЫЕ НОТЫ: амбра, кожа, древесные ноты, пачули из Индии.;Только для наружного применения.
82510400003;ATKINSONS The Nuptial Bouquet;туалетная вода;Италия;19000;14250;https://goldapple.ru/82510400003-the-nuptial-bouquet;25.2;Аромат ATKINSONS – это нежное сочетание цветов, характерных для королевских свадебных букетов. При английском дворе неотъемлемой частью букета невесты считается мирт – символ верности и брака. Эту романтичную традицию ввела королева Виктория. Ее история любви с принцем Альбертом стала вдохновением при создании аромата. Парфюмерная композиция возвращает в то время, когда язык цветов мог говорить о многом. В современной версии свадебного букета королевы Виктории собраны очаровательные ландыши, фиалки и, конечно, изысканный мирт. Сандал и нежный мускус дополняют аромат для женщин, которые достойны принца и не согласны на меньшее.;
19760313612;CHLOÉ Rose Tangerine;туалетная вода;Россия;13100;11135;https://goldapple.ru/19760313612-rose-tangerine;24.96;Свобода, легкость и женственность: таковы принципы, на которых бренд Chloe был основан в Париже более 60 лет назад. Сегодня видение Chloé - это романтика и непринужденная шикарная жизнь. Эти ценности находят выражение в одежде, аксессуарах и ароматах Chloe.   Chloé Rose Tangerine является выражением женственности, которая более раскрепощена и напориста, чем когда-либо. В нем присутствует знаковый элемент Chloé: яркая, свежая роза, которая является неотъемлемой частью ароматов бренда. В аромате Rose Tangerine эта уникальная роза идет в тандеме с живым, солнечным мандарином и яркой черной смородиной. Основа из кедра и белой амбры придает аромату ультрасовременную элегантность.  Аромат заключён в  деликатный флакон, украшенный привязанной вручную знаковой лентой Chloe.;
82120700001;SERGIO TACCHINI O-Zone;туалетная вода;Италия;3740;2767;https://goldapple.ru/82120700001-o-zone;24.64;"Взрыв свежести, энергии, глоток новых жизненных сил дарит парфюмерная пара ""O-Zone"" от Sergio Tacchini. По замыслу создателей эти ароматы принесут своим владельцам ощущения безграничной свободы, стремительного движения и бесконечного удовольствия.  Неизменная свежесть сопровождает и мужской аромат.  В верхних нотах - лимон, грейпфрут, мандарин.  Пряные запахи кардамона и мускатного ореха сливаются с бархатным жасмином и зеленым чаем.";Средство предназначено для наружного применения с целью придания приятного аромата. Нанести аромат на кожу.
19000322814;ACQUA DI PARMA BLU MEDITERRANEO MANDARINO DI SICILIA;туалетная вода;Италия;17860;17860;https://goldapple.ru/19000322814-blu-mediterraneo-mandarino-di-sicilia;24.64;Аромат Blu Mediterraneo Mandarino di Sicilia вдохновлен солнечными пейзажами Сицилии, где архитектура и культура сливаются с великолепием природы, олицетворяя итальянское искусство жизни как состояние души.  Изготовленный из драгоценных зеленых мандаринов,  собранных на ранней стадии, чтобы запечатлеть их яркие зеленые тона, этот аромат невероятно искрится, словно наполненный средиземноморским солнцем.  Аромат открывается бодрящей нотой зеленого мандарина, переливается сверкающим миксом бергамота, лимона и сочного красного апельсина. Нота из кедрового дерева дополняет это зеленое ощущение, а  мускус добавляет чистый, утонченный аккорд. Незаменимый и элегантный, этот аромат для тех, кто ценит красоту и яркость средиземноморской культуры. Mandarino di Sicilia представлен в элегантном флаконе глубокого синего цвета, эталоне дизайнерского мастерства с элементами стиля Ар-деко.  Верхние ноты: зеленый мандарин, бергамот, лимон, красный апельсин Ноты сердца: перечная мята, петитгрейн Базовые ноты: пачули, мускус, кедр;Небольшое количество аромата аккуратно нанести на зону шеи, декольте, запястьев.
26046000003;COMPTOIR SUD PACIFIQUE VANILLE CAFE;туалетная вода;;5390;3503;https://goldapple.ru/26046000003-vanille-cafe;24.44;Нежные молочные оттенки миндаля и горьковато-пряные жаркие ноты кофе открывают аромат, насыщаясь в «сердце» парфюмерной композиции сладковатым смолисто-ванильным запахом бензоина. Сливочно-хвойные элегантные оттенки древесины кедра, чувственные ноты нежного белого мускуса и восточные пудровые акценты соблазнительной ванили завершают гармоничный душистый и такой близкий для всех аромат.;
7130400001;SERGIO TACCHINI O-Zone Man;туалетная вода;;5930;4447;https://goldapple.ru/7130400001-o-zone;23.5;Взрыв свежести, энергии, глоток новых жизненных сил дарит туалетная вода O-Zone. Аромат принадлежит к группе фужерные. Верхние ноты: Мандарин, Грейпфрут и Лимон. Средние ноты: Мускатный орех, Зеленый чай, Жасмин и Кардамон. Базовые ноты: Амбра, Мускус, Ветивер и Белый кедр;Распылить на тело и волосы
19000175813;ALAN BRAY On my way;туалетная вода;Россия;2051;1845;https://goldapple.ru/19000175813-on-my-way;23.4;Destination ° 53.226 , 158.888 – это не просто точка координат на карте, это настоящее место силы, обнаруженное на далеком полуострове среди ревущих ветров, суровых вулканических сопок и морской соли. Это место, которое навсегда останется с вами. Глубокий многогранный аромат открывается дурманящими нотами конопли, пряностью кардамона, остротой имбиря и сладостью груши. Сердце таит в себе убаюкивающий шалфей, герань, землистый ветивер и благородные кожаные ноты. Согревающая база играет нотами янтаря в унисон с аккордами пачули и белого мускуса.;Нанести на шею, запястье, локтевые сгибы.
19000144753;ADRIANO DOMIANNI  Nota Di Toscana;туалетная вода;Россия;1079;809;https://goldapple.ru/19000144753-nota-di-toscana;23.22;Роскошный тёплый древесно-пряный парфюм в рамках коллекции Pour Homme от Adriano Domianni.  Ароматическая композиция создаёт изысканную атмосферу элитного итальянского клуба для джентльменов. Аромат погружает в обстановку светского мероприятия, проходящего в дорогом зале. Зал наполнен людьми, а в воздухе витает запах сигар и дорогих специй...  В таком месте кажется, что время остановилось и вы подвластны только своим желаниям и мечтам.;Туалетную воду следует наносить с расстояния 10-15 см. на тепловые точки: запястья, сгибы локтей, район солнечного сплетения, точки за ушами, основание шеи со стороны спины, затылок. Как правило на одну точку достаточно один раз нажать на спрей.
7821700004;YVES SAINT LAURENT  L'Homme;туалетная вода;;15680;11760;https://goldapple.ru/7821700004-l-homme;23.04;L`HOMME - аромат современного, обаятельного мужчины. Потрясающий баланс неукротимости и роскоши сочетается с харизматичным, чувственным стилем мужчины 21 века.;
7192400001;DIOR Eau Sauvage;туалетная вода;Франция;13550;13550;https://goldapple.ru/7192400001-eau-sauvage;23.0;Вчерашняя революция сегодня стала великой классикой. Абсолютная современность. Элегантность вне времени в свежем, зрелом и утонченном цитрусовом звучании. Туалетная вода Eau Sauvage  - больше чем аромат. Это синоним абсолютной элегантности, воплощающей дух Dior. Его цветочно-цитрусовый шлейф является символом силы, утонченности и свежести. Тонкий баланс между выращенным по заказу Калабрийским Бергамотом, цветочным нюансом Гедиона и яркой нотой Шипра.;
7270800005;KENZO JUNGLE HOMME;туалетная вода;;10170;10170;https://goldapple.ru/7270800005-kenzo-jungle-homme;23.0;"Мечты о дальних странах. Драгоценные масла, собранные со всего мира. Жажда свободы, бескрайние просторы, яркие эмоции. Аромат с характером, в основе которого - экзотическое начало: мускатный орех, сладкий лайм; глубокое сердце: корица, чай мате; насыщенный шлейф: гваяковое дерево, кедр.";
26422200011;ACQUA DI PARMA MIRTO DI PANAREA;туалетная вода;Италия;7990;7990;https://goldapple.ru/26422200011-mirto-di-panarea;22.88;Освежающий аромат, раскрывающийся нотами мирта и базилика, в сочетании с лимоном и бергамотом.  Акватический аккорд в сердце аромата переливается оттенками жасмина и розы. В насыщенном шлейфе – изысканное сочетание смол мастикового дерева и можжевельника, украшенное кедром и многогранными оттенками амбры.;
19760307686;ALAN BRAY L'HOMME Seduction;туалетная вода;;1914;1722;https://goldapple.ru/19760307686-l-homme-seduction;22.56;Неотразимо сексуальный аромат Alan Bray L`HOMME Seduction открывается яркими пикантными свежими нотами бергамота и черной смородины. Кардамон и жасмин «в сердце» оттенены мягким древесным шлейфом  с нотами дубового мха, кедра и мускуса.;
19000343447;YOU & WORLD My Moments Forever Friends;туалетная вода;Россия;852;766;https://goldapple.ru/19000343447-my-moments-forever-friends;21.62;Духи My Moments Forever Friends. Мой друг… Ты – частичка моего сердца. Наша дружба – это крепкая связь, которая с каждым днем становится только сильнее.  Вместе мы проходим через все невзгоды и радости, деля их пополам.  Ты всегда рядом, чтобы поддержать меня, развеселить и понять с полуслова. Наши незабываемые моменты смеха, беззаботных разговоров и искренней поддержки навсегда останутся в моей памяти.;
19000125354;NEW YORK PERFUME FOUR;туалетная вода;;990;792;https://goldapple.ru/19000125354-four;21.62;Современный и соблазнительный аромат для ярких молодых людей, чья жизнь полна событий и приключений. New York Perfume Four – настоящий подарок для тех, кто не привык сидеть на месте, кто всегда стремится к новым достижениям и новым вершинам. Запах свеж, как легкий бриз, и глубок, словно неистовое синее море.  Мята и древесные начальные ноты бодрят дух и внушают уверенность в себе.  В сердце аромата поселились мускатный орех с сочным яблоком.  За ним хочется идти на край света.;Распылять на кожу с расстояния 20-30 см. Меры предосторожности: Денатурат! Огнеопасно! Легковоспламеняющаяся жидкость! Не распылять вблизи огня, раскаленных предметов, источника тепла. Только для наружного применения. Избегать попадания в глаза, при попадании в глаза немедленно промыть проточной водой. Хранить в недоступном для детей месте. Использование в пищевых целях опасно для здоровья и жизни. Условия хранения: хранить при температуре от +5С до +25С вдали от прямых солнечных лучей в сухом месте
19000272872;ANGEL SCHLESSER Aromatic Sage;туалетная вода;Италия;6079;5471;https://goldapple.ru/19000272872-aromatic-sage;21.6;Бодрящий аромат ANGEL SCHLESSER объединяет морские и древесные аккорды, чтобы подчеркнуть силу настоящего мужчины, который не боится показывать свою уверенность и доброту.  Свежесть бергамота, насыщенность шалфея и элегантность сандалового дерева подчеркивают энергичность композиции.  Парфюмер – Coralie Spicher, Marine Merce.;Только для наружного применения.
26070100027;ETRO HELIOTROPE;туалетная вода;;13700;8220;https://goldapple.ru/26070100027-heliotrope;21.16;Нежный романтичный аромат на основе маленьких белых цветов растения гелиотроп. Слегка пудровый, освежающий аромат соединяет в себе горечь и сладость миндаля, ваниль и фруктовые ноты. Сладкий как заварной крем, яркий, как средиземноморский восход солнца.;
26800900002;MAISON FRANCIS KURKDJIAN Masculine Pluriel;туалетная вода;Франция;21000;21000;https://goldapple.ru/26800900002-masculine-pluriel;21.0;Красивый и многогранный, Pluriel — это мягкий и чувственный аромат для мужчин, неподвластный мимолетным тенденциям моды.  Берущий свое начало в новой интерпретации фужерного аккорда, он продолжается глубоким абсолю лаванды, мягким кожаным аккордом, окутанным в сбалансированные тона кедра, пачули и ветивера. В поисках вечной мужественности эта древесная туалетная вода Pliriel от Maison Francis Kurkdjian бросает вызов временным ограничениям в поисках вечности.;Нанести аромат на запястья, шею и точки пульса.
19000061643;ICEBERG CLASSIC FEMME;туалетная вода;Италия;3768;1130;https://goldapple.ru/19000061643-parfum-for-her;20.8;Цветочно-фруктовая композиция ICEBERG стала классикой, подходящей для любого образа и события.  В многогранном и женственном аромате переплетаются яркая нота гальбанума, чарующий апельсиновый цвет, сочный персик, освежающий лимон и зеленое звучание базилика. В сердце композиции собран пышный весенний букет из ландыша, лилии, жасмина и розы, дополненный нотами иланг-иланга и корня ириса. Аромат переливается, позволяя разным нотам выходить на первый план и сменять друг друга. Дубовый мох, ветивер, кедр, сандал, мускус и амбра создают чувственную базу, идеально завершающую женственную и притягательную мелодию аромата. Парфюмер – Sophie Labbe.;только для наружного применения
26070100006;ETRO ETRA ETRO;туалетная вода;;10500;6300;https://goldapple.ru/26070100006-etra-etro;20.58;Чувственный и волнующий аромат, воздушный с острым оттенком пряности и сладости. Его меняющиеся ноты понравятся и женщине, которая не любит определять для себя единственную роль, и мужчине, для которого созидание - вдохновляющий принцип.;
19000301247;LACOSTE L'homme lacoste;туалетная вода;Франция;7209;5767;https://goldapple.ru/19000301247-l-homme-lacoste;20.58;Туалетная вода LACOSTE L’Homme – это пряный древесный аромат, который стал символом наследия Рене Лакоста, умевшего изысканно обходить любые правила.  Аромат раскрывает разные грани характера современного мужчины.  Динамичные и свежие верхние ноты мандарина и сладкого апельсина сочетаются с необычными нотами айвы и ревеня, которые дарят энергию и чувство уверенности. Пряные ноты черного перца и имбиря подчеркивают внутреннюю силу и непринужденный стиль мужчины LACOSTE. Неподвластная времени элегантность раскрывается в чувственной базе с нотами кедра и ванили.;Только для наружного применения.
19000177537;PLANETA ORGANICA Watermelon of Astrakhan;туалетная вода;Россия;598;538;https://goldapple.ru/19000177537-watermelon-of-astrakhan;20.16;Освежающий цветочно-мускусный коктейль, заряжающий энергией и позитивом. Парфюм очень динамичный и изысканный – перенесет в атмосферу Астрахани с пьянящими запахами фруктовых садов.;
19000312608;BURBERRY MR BURBERRY;туалетная вода;Германия;9400;8460;https://goldapple.ru/19000312608-mr-burberry;20.0;Burberry Mr. Burberry Eau De Toilette — мужской древесный фужерный аромат, выпущенный в 2016 году.  Парюфмер — знаменитый Френсис Кюркджян (Francis Kurkdjian).  Композиция в духе традиций английской мужской парфюмерии, с присущей ей отточенностью нот и торжеством гармонии, но в современном прочтении.  Mr. Burberry — истинный британец, который абсолютно в тренде. У него врожденная элегантность и безупречное чувство стиля, именно они позволяет ему быть смелым и не бояться экспериментов. На старте — изысканный грейпфрут, эстрагон с его анисовыми нюансами, мята и лимонный акцент кардамона. Сердце состоит из белого кедра, мягкой зелени березовых листьев, пряной лаванды и мускатного ореха. Восхитительный шлейф представлен дымно-травянистым ветивером, гваяковым деревом, восточными нотами сандала и амбры, дубовым мхом и нежным ванильным оттенком бензоина. Ассоциативный ряд: культовый черный кэб везет вас по Лондону, одному из самых красивых мегаполисов мира.  В окне проплывают красивые улицы, наполненные людьми, которые спешат по своим делам.  В салоне автомобиля пахнет дорогим парфюмом.  Вас ждет несколько невероятных дней в этом городе.;Наносить аромат равномерно на одежду, кожу и волосы.
19000135057;SHAKIRA Dance Midnight Muse;туалетная вода;Испания;2400;1200;https://goldapple.ru/19000135057-dance-midnight-muse;19.8;Shakira представляет Dance Midnight Muse, аромат, который вдохновляет каждую женщину быть собой и проявлять свою женственность. Заботиться о себе и ценить себя такой, какая ты есть. Повышать свою внутреннюю силу. Быть своей собственной музой.  Благодаря идеальному сочетанию нот, аромат Midnight Muse предлагает новую интерпретацию женственности.  Его сердце из белых цветов в изысканном сочетании с жасмином и цветком апельсина делает его глубоко вдохновляющим и современным. Базовые ноты ванили и амбрового дерева придают ему глубину и индивидуальное звучание.;Нанести на кожу, избегая попадания в глаза.
19000144752;ADRIANO DOMIANNI  Fiori Vivido Rosso;туалетная вода;Россия;979;734;https://goldapple.ru/19000144752-fiori-vivido-rosso;19.78;Парфюмерная вода Fiori Vivido Rosso, созданная для чувственных девушек, относится к цветочно-восточному типу ароматов.  Аромат – абсолютное единение девушки и ее природного начала. Создан, чтобы почувствовать себя влюбленной, окрыленной и счастливой. Аромат открывается нежными нотами белого жасмина и шафрана. Композицию продолжает древесный янтарь. В завершении ноты белого кедра и освежающей еловой смолы.;Туалетную воду следует наносить с расстояния 10-15 см. на тепловые точки: запястья, сгибы локтей, район солнечного сплетения, точки за ушами, основание шеи со стороны спины, затылок. Как правило на одну точку достаточно один раз нажать на спрей.
19000104757;ARTPARFUM Color.Zone Peach Fantasy;туалетная вода;;606;484;https://goldapple.ru/19000104757-color-zone-peach-fantasy;19.36;"Аромат зовет за собой в увлекательное путешествие по неизведанным местам.  В верхних нотах груша, листья черной смородины, малина, персик. В сердце аромата -деликатный, белоснежный ландыш; украшает композицию база из ванили, гелиотропа и сандала.";Наносить на зону шеи и декольте. Только для наружного применения! Избегать попадания в глаза.
19000159049;100BON Bois Et Poudre;туалетная вода;Франция;5150;3347;https://goldapple.ru/19000159049-bois-et-poudre;18.48;Тонкая согревающая композиция успокаивает и настраивает на позитивный лад, словно долгая прогулка по лесу. От тянущихся к солнцу могучих стволов деревьев исходит сладковатое благоухание, окутанное невесомым облаком легкой пыли. С главенствующим аккордом смешиваются нежные ноты лепестков жасмина и медового флердоранжа.;Нанести на тело или одежду
19000088302;ADOPT Jolie Frimousse;туалетная вода;;1194;1074;https://goldapple.ru/19000088302-jolie-frimousse;17.86;Откройте для себя изысканные и озорные мюсли с нежностью сливочного лесного ореха. Цветочные ноты, сочетающиеся с хрустящими хлопьями, помогут раскрыть нежную свежесть аромата.;Распылить на тело и волосы
19000074335;VORONOI Tobacco Noir;туалетная вода;;6960;6612;https://goldapple.ru/19000074335-tobacco-noir;17.6;Обволакивающий, томный, наполняющий - аромат с поистине нуарным звучанием. Чуть влажный табачный лист, размоченные в коньяке сухофрукты - чернослив и вишня, ваниль, бобы тонка и тёплые специи - в этом аромате есть все, чтобы стать безусловным фаворитом в холодное время года. TOBACCO NOIR вдохновлён эстетикой фильмов нуар: приглушённый свет в баре, опасная роковая красавица, крепкие напитки, сильный мужчина…Опьяняющий, дымно-медовый, многогранный - такой аромат источает уверенность и чувственность.;Для нанесения на кожу
26331800002;MARC JACOBS Daisy Dream;туалетная вода;Франция;9900;7722;https://goldapple.ru/26331800002-daisy-3;17.48;Легкий и воздушный Daisy Dream – это сочетание цветов и фруктов, пленительный аромат с восхитительными верхними нотами ежевики, свежего грейпфрута и сочной груши. Сердцу аромата придает благородство ноты женственного жасмина, личи и голубой глицинии. Ноты базы – сочетание белого дерева, мускуса и кокосовой воды. Вобрав в себя невесомый шарм и мечтательность, туалетная вода MARC JACOBS Daisy Dream стала новым взглядом на юность, вдохновение и романтику. Аромат, следуя традициям марки MARC JACOBS, необычен, элегантен и женственен – это свежая интерпретация культовых мотивов классического Daisy.;
19000145173;LANVIN Les fleurs de lanvin water lily;туалетная вода;Франция;5581;5022;https://goldapple.ru/19000145173-les-fleurs-water-lily;17.2;Нежный аромат LANVIN с цветочными, фруктовыми и свежими аккордами окутывает аурой спокойствия и романтичности. Композиция с утонченной нотой кувшинки передаёт тонкую и прохладную акватическую свежесть утренней росы. Природную безмятежность подчеркивает искрящийся дуэт солнечного грейпфрута и сочного граната. Базовые ноты мускуса и сандала придают композиции из коллекции Les Fleurs насыщенность и деликатную чувственность. Классификация аромата: цветочный, фруктовый, акватический.  Верхние ноты: грейпфрут, гранат   Ноты сердца: кувшинка, водяной жасмин  Базовые ноты: мускус, сандал;Только для наружного применения.
19000125357;NEW YORK PERFUME SEVEN;туалетная вода;;990;742;https://goldapple.ru/19000125357-seven;16.66;Аромат New York Perfume Seven вселяет уверенность в тех, кто осмеливается проявить свое чувство стиля и оставаться верным ему, уверенным в себе и своих способностях.  Создавай собственные правила игры, прочувствуй полную свободу движений с удивительно свежим и легким цитрусовым ароматом. Сочный грейпфрут и пряный кардамон, объединенные в кульминационном аккорде с нотами ветивера и мягкой замши, дарят ощущение непринужденной элегантности.;Распылять на кожу с расстояния 20-30 см. Меры предосторожности: Денатурат! Огнеопасно! Легковоспламеняющаяся жидкость! Не распылять вблизи огня, раскаленных предметов, источника тепла. Только для наружного применения. Избегать попадания в глаза, при попадании в глаза немедленно промыть проточной водой. Хранить в недоступном для детей месте. Использование в пищевых целях опасно для здоровья и жизни. Условия хранения: хранить при температуре от +5С до +25С вдали от прямых солнечных лучей в сухом месте
19000293590;BROCARD Листья Томата и Черная Смородина;туалетная вода;Россия;624;561;https://goldapple.ru/19000293590-list-a-tomata-i-cernaa-smorodina;16.56;Запах мягких томатных листочков — тёплый, земной, успокаивающий. Так могли бы пахнуть ладони доброй и могущественной богини плодородия. Душистая вода с необычным, но таким родным ароматом дарит воспоминания о солнечном лете, каникулах у любимой бабушки, об отдыхе после приятных забот.Смородина любит свет и сама будто впитывает себя тепло июльского солнца. В аромате «Чёрная смородина» — безмятежность дачных каникул, когда из всех забот — собрать поспевшие ягоды. И придумать, что с ними сделать: испечь пирог по бабушкиному рецепту, наварить варенья, которое зимой перенесёт прямо в лето, а может, растянуться под душистым смородиновым кустом и съесть кружку сочных ягод прямо сейчас. Парфюмер: Michel Gouges (Мишель Гуж).;Распылять на кожу/волосы с расстояния 10-15 см.
19000312139;BROCARD Peachy Sky;туалетная вода;Россия;426;383;https://goldapple.ru/19000312139-peachy-sky;16.56;"Туалетная вода ""Frutissimo. Персиковое небо"". Бархатная кожица спелого персика и чуть зеленые абрикосы. Сладковатые фруктовые ноты растворены в прохладном, чуть туманном запахе лепестков фрезии. Тонкий, женственный аромат наполнен воздухом, будто невесомое облако. Ландыш создаёт ощущение чистой, весенней свежести. В финале аромата — прозрачная вуаль из мускусно-розовых нот. Парфюмеры: Adlen Moumene, Christel Bergoin";Только для наружного применения. Распылять на кожу/волосы с расстояния 10-15 см.
19000107896;GUERLAIN Aqua Allegoria Rosa Rossa;туалетная вода;Франция;11900;11900;https://goldapple.ru/19000107896-aqua-allegoria-rosa-rossa;16.32;Rosa Rossa — это танцующая болгарская роза с фруктовыми акцентами малины и личи.  Радостный и нежный цветочный аромат. Роза, оживленная яркими фруктовыми нотами чёрной смородины и личи, расцветает на кремово-пудровом, пропитанном мускусом ложе из сандалового дерева.  Настоящая ода чудесам природы, ароматы Aqua Allegoria являются отражением бережного отношения Guerlain к природным ресурсам. Они содержат до 95% натуральных ингредиентов*, изготовляются на основе органического свекольного спирта и помещены во флакон, состоящий на 15% из переработанного стекла, созданного полностью во Франции.  *От 90 до 95% ингредиентов натурального происхождения, в соответствии со стандартом ISO 16128, учитывая качество воды.;Нанести на тело или одежду, избегая попадания в глаза.
19000047815;VALENTINO BORN IN ROMA CORAL FANTASY UOMO;туалетная вода;;27900;16740;https://goldapple.ru/19000047815-born-in-roma-coral-fantasy-uomo;15.68;Выпуская Born in Roma Coral Fantasy, Valentino приглашает вас в новый Рим на закате. Вдохновленный коралловым сиянием неба над вечным городом, пришло время для нового воплощения фантазии. Праздник великолепного наследия Рима, который вы создадите сами.;Нанесите на каждую пульсирующую точку - запястье, внутреннюю поверхность локтя и шею, с небольшого расстояния.
19000276735;CALVIN KLEIN CK IN2U;туалетная вода;Испания;5640;4794;https://goldapple.ru/19000276735-ck-in2u;15.64;Есть момент — прямо перед закатом — когда всё замирает, и даже воздух словно делает паузу. Ты вдыхаешь, и вокруг будто опускается нечто новое, незнакомое, но удивительно своё. Вот что такое аромат CK IN2U. Не громкий, не вызывающий — просто тихо уверенный. Как чувство, когда выходишь на улицу в одиночестве, но при этом никогда не чувствуешь себя одиноко. На коже аромат открывается резкой лаймовой нотой и свежими листьями грейпфрута — бодрящим, но мягким аккордом. Потом приходит сердечная теплота: шисо и какао, лёгкие и насыщенные в идеальном балансе. И наконец, медленное затухание — белый мускус и ветивер, спокойные и заземляющие. Лучше всего звучит ранней весной или в тёплые летние вечера — непринуждённый, естественный, настоящий.;Наносите на кожу, избегая попадания в глаза.
19000312600;MARC JACOBS PERFECT;туалетная вода;Испания;10700;9095;https://goldapple.ru/19000312600-perfect;15.64;Туалетная вода Marc jacobs perfect — это свежая и яркая интерпретация оригинального успокаивающего цветочного аромата Perfect . Эта версия представляет собой новую обонятельную грань и более интимную интерпретацию идеальной парфюмерной воды. Его формула… Эта туалетная вода , разработанная парфюмером IFF Домитль Михкалон-Бертье, дарит эйфорию и радость. Таким образом, со светящимися элементами он прославляет силу быть верным себе. Будучи уникальной интерпретацией цветочного букета, этот аромат представляет собой неожиданный поворот благодаря современным активным компонентам, таким как розовый перец и полигонум. В результате получается яркий, веселый и успокаивающий цветочный аромат с древесной базой и элегантным шлейфом. Верхние ноты: сразу после испарения этот аромат будет сопровождаться современным ароматом ревеня. Ноты сердца: затем его сердце наполнено сладким миндальным молоком и белым нарциссом, источающим деликатность. Базовые ноты: Наконец, кедр обеспечивает глубокую древесную базу. Наконец, стоит отметить, что флакон этого цветочного аромата выделяется на фоне остальных. Его пушистая синяя жидкость заключена в классический округлый флакон Marc Jacobs . Это, в свою очередь, увенчано причудливой и эксцентричной коллекцией значащих шармов - все эклектичные части сами по себе, которые делают. Как пользоваться идеальной туалетной водой? Этот продукт предназначен для ежедневного использования в любое время года. Чтобы сохранить аромат дольше, нанесите аромат на внутреннюю сторону запястий и за мочки ушей. Запястья имеют более высокую температуру, чем остальная часть тела, и это поможет аромату испаряться медленнее.;Наносить аромат равномерно на одежду, кожу и волосы. Важно: нанесение духов непосредственно на одежду может испачкать, повредить и изменить ткань.
19000010701;ANGEL SCHLESSER LES EAUX D’UN INSTANT Profound Orange Wood;туалетная вода;Италия;9465;3786;https://goldapple.ru/19000010701-les-eaux-d-un-instant-profound-orange-wood;15.4;Древесно-цитрусовый аромат Profound Orange Wood пробуждает размышления, мечты и дарит умиротворение. Изысканная композиция ANGEL SCHLESSER, в которой переплетаются яркий апельсин, петитгрейн и чувственные пачули, напоминает о воскресных днях, когда после полудня из дел остаются лишь неспешные беседы с близкими людьми, разделяющими один жизненный путь. Сочетание нот переносит в апельсиновую рощу, где витает аромат цитрусов и зеленых веток. Парфюмер – Nathalie Lorson.   Ключевые ноты: апельсин, петитгрейн, пачули.;Только для наружного применения.
19000088389;ADRIANO DOMIANNI  Grande Sport;туалетная вода;;1079;625;https://goldapple.ru/19000088389-grande-sport;15.36;Яркий и стильный фужерно-цитрусовый мужской парфюм GRANDE SPORT с яркими пряными акцентами.  Каким-то непостижимым образом Туалетная вода GRANDE SPORT смешивает в себе изысканность и свежую энергию, вызывая радость и стремление к совершенствованию, отражает культуру и теплоту итальянского образа жизни.  Это итальянская элегантность в бутылке, готовая делиться своим солнечным теплом, свежестью и хорошим настроением со всем миром, внося в каждый день нотки оптимизма и праздника.  Группа: ДРЕВЕСНЫЕ ПРЯНЫЕ  ВЕРХНИЕ НОТЫ: апельсин, морские ноты альдегиды, красный мандарин.  СРЕДНИЕ НОТЫ: перец, нероли, кедр. БАЗОВЫЕ НОТЫ: бобы тонка, ваниль, белый мускус, амбра, ветивер, элеми.;Только для наружного применения.
19760342419;L'ARTISAN PARFUMEUR premier figuier;туалетная вода;;19900;19900;https://goldapple.ru/19760342419-premier-figuier;15.3;L'Artisan Parfumeur Premier Figuier — это целая веха в истории парфюмерии. Представьте, что вы лежите в тени великолепного инжирного дерева на юге Франции: вот ощущение, которое выразила в парфюме мастер Оливия Джакобетти. Ей удалось изобразить свежие листья, молочный сок, сладкие плоды и даже прохладную тень кроны дерева. Premier Figuier остается эталоном, с которым сравнивают все прочие инжирные ароматы. Магия этой композиции заключается не только в достоверном изображении инжирного дерева и пейзажа, но и мечтательной игре тени и света, движения и благоухания. Впечатление, навсегда заключенное в аромате. Верхние ноты: гальбанум, персик, инжирные листья  Ноты сердца: миндальное молоко, свежий инжир, сухофрукты  Базовые ноты: кокосовое молоко, сосновая хвоя, сандал;
82400200004;FREDERIC MALLE Bigarade Concentree;туалетная вода;Франция;34400;34400;https://goldapple.ru/82400200004-bigarade-concentree;15.12;Летом 2001 года, когда состоялся запуск парфюма Cologne Bigarade, Жан-Клод Эллена даже не мог предположить, что этот новый аромат марки Editions de Parfums произведет настоящую революцию среди одеколонов. Одеколон Cologne Bigarade имел несомненный успех, однако некоторые клиенты выражали надежду увидеть более насыщенную версию этой композиции с мягким ароматом. Словом, им хотелось получить туалетную воду, обладающую той же изысканной свежестью.  Пересмотрев традиции марки Editions de Parfums, согласно которым каждый аромат существует лишь в одной форме, Фредерик Маль и Жан-Клод Эллена попробовали различные варианты и решили, что повышение концентрации с 4 до 12,5 % позволит создать в высшей степени необычное и интересное сочетание.  Итогом стал совершенно новый аромат исключительной стойкости. Его естественная свежесть составляет выгодный контраст с популярными и зачастую банальными композициями.;Нанесите аромат на запястья, шею и точки пульса, чтобы он раскрылся от тепла тела и остался с вами до самого вечера.
80791700002;PRADA L'HOMME;туалетная вода;;24300;17010;https://goldapple.ru/80791700002-l-homme;14.7;Этот многослойный аромат, сотканный из парных ингредиентов и сочетающий мужское и женское начала, — это уникальная композиция L'Homme Prada, полифония классических нот в современной интерпретации. Нероли, герань и пачули сливаются воедино с амброй и ирисом — так рождается чувственный аромат с изысканным шармом.;Нанесите на точки пульса: запястье, внутреннюю часть локтя и шею.
19000232656;BUGATTI Dynamic Move amber;туалетная вода;Германия;7010;5958;https://goldapple.ru/19000232656-dynamic-move-amber;14.4;Семейство: ароматические Верхние ноты: Корица, ароматический аккорд Средние ноты:  Киприол, фиалка Базовые ноты: Табак, кедровое дерево;Нанести на кожу, избегая попадания в глаза. Не для пищевых целей. Только для наружного применения.
19000257140;LOUIS A spring day;туалетная вода;;14399;4319;https://goldapple.ru/19000257140-a-spring-day;14.4;A SPRING DAY: «Солнце ярко светит в этот день, а звуки твоей музыки наполняют ощущением счастья. Медленно засыпая, я чувствую, как сквозь щели в окнах проникает энергия весны».  Нота цветов апельсина тонко раскрывается вместе с нотой ландыша, предвещающим весну. Вместе с нотой жасмина они дарят композиции мягкость и тепло.;Только для наружного применения.
81421500001;SHAKIRA DANCE Diamonds;туалетная вода;;2400;1440;https://goldapple.ru/81421500001-dance-diamonds;14.08;Туалетная вода Shakira Dance Diamonds, такая пикантная и чувственная, стала одной из лучших в линейке цветочно-древесных ароматов. Базовую основу композиции Dance Diamonds составляют нотки благородного пиона и сладкого апельсина. Сердце — изысканный аромат сандалового дерева, а оттенки розового перца в верхней части пирамиды придают элегантности. Брендовый парфюм от Shakira манит своим чарующим благоуханием. Девушка, которая пользуется такой туалетной водой, производит на окружающих самое благоприятное впечатление. Изящный флакон, выполненный в форме женской фигуры, делает парфюм еще более привлекательным.;
19000226286;PANIER DES SENS ABSOLUTES Roll On EDT Orange Blossom;туалетная вода;Франция;1350;675;https://goldapple.ru/19000226286-absolutes-roll-on-edt-orange-blossom;13.94;Аромат из города Грас (на юго-востоке Франции, в регионе Прованс)   Веганский Компактный размер 100% перерабатываемая упаковка;Нанесите необходимое количество на пульсирующие точки: шею, декольте, запястья, за ушами. Повторяйте так часто, как захотите.
19000177527;PLANETA ORGANICA Fleur de Kenya;туалетная вода;Россия;564;366;https://goldapple.ru/19000177527-fleur-de-kenya;13.94;Всего один вздох и вы почувствуете невероятную легкость, как будто вы парите в невесомости. Это очень легкий и притягательный аромат с цветочными, древесными, пудровыми и мускусными нотками.;Использование в пищевых целях опасно для жизни или здоровья. Избегать попадания в глаза. Беречь от детей. Огнеопасно, не хранить вблизи огня.
19000177535;PLANETA ORGANICA Tea caddy;туалетная вода;Россия;598;388;https://goldapple.ru/19000177535-tea-caddy;13.94;Нежный, практически невесомый шлейф аромата – билет в мир приключений и искренней радости. Цитрусовые и пряные ноты выгодно дополняют мягкие древесные и чайные аккорды – оторваться невозможно.;хранить в сухом, защищенном от прямых солнечных лучей месте, при температуре от +5 С до +25 С.
19000164238;ARTPARFUM Selection Mystere De Masstige;туалетная вода;Россия;1092;982;https://goldapple.ru/19000164238-selection-mystere-de-masstige;13.8;Туалетная вода женская Selection Mystere de Masstige - дерзкий и невероятно чувственный аромат станет идеальным выбором для активной, свободолюбивой, мягкой, деликатной и сдержанной девушки. Женская парфюмерная вода окутывает обладательницу цветочно-фруктовым букетом, забыть который невозможно. Аромат женского парфюма Selection Mystere de Masstige многогранный, легкий, яркий и запоминающийся. Композиция аромата раскрывается нотами спелых красных яблок и дразнящей кислинкой красной смородины. Сердце аромата - освежающая фрезия и белоснежный жасмин. В шлейфе парфюма унисекс - базовые ноты белый мускус и ванильная орхидея.;Нанесите 2 - 3 раза на запястья, шею, одежду. Только для наружного применения!
19000339415;KORRES PHILOSIA;туалетная вода;Греция;7690;4998;https://goldapple.ru/19000339415-philosia;13.8;Игра солнечных лучей сквозь свежую листву деревьев, игра ярких красок и теней создают особую теплую и умиротворенную атмосферу. Композиция PHILOSIA – это приглашение замедлиться, вдохнуть поглубже и почувствовать красоту природы вокруг.  Означая «листву» в переводе с греческого языка, новый аромат PHILOSIA воплощает в себе весеннюю безмятежность, перенося вас в атмосферу леса, окруженную теплым золотистым светом, проникающим сквозь деревья.  Теплый аромат кедрового дерева смешивается с эссенцией листьев и нотками цитрусов. Чувственная и романтичная композиция, созданная самой греческой природой.;Распылите на расстоянии примерно 20 см. от кожи, уделив особое внимание таким зонам, как запястья и шея.
19000074323;VORONOI Cassis Vert;туалетная вода;;6960;6612;https://goldapple.ru/19000074323-cassis-vert;13.5;Свежий и сочный, утренний и нежный, с первых нот открывается ароматами покрытой росой листвы, вина мерло, плодов инжира и легкой горечью коры молодых побегов. Сердцем парфюма стал натуральный, живой, сладковато-терпкий аромат черной смородины, переносящий в залитый рассветным солнцем летний цветущий сад.;Для нанесения на кожу
19760307684;ALAN BRAY L'HOMME Adventure;туалетная вода;;1914;1148;https://goldapple.ru/19760307684-l-homme-adventure;13.2;Интригующий, теплый, элегантный аромат Alan Bray L’HOMME Adventure открывается нотами бергамота, яблока и герани в обрамлении роскошного древесного аккорда - ветивера, сандала и кедра. Пряный шлейф соткан из нот гвоздики, корицы, дубового мха и мускуса.;
19000292399;YVES ROCHER НАТЮРЭЛЬ;туалетная вода;Франция;5190;4411;https://goldapple.ru/19000292399-naturel;13.2;«Натюрэль» – свежая и искрящаяся Туалетная Вода, с зелеными цветочными и фруктовыми нотками. Головная нота: Лимон, Бергамот. Нота Сердца: абсолют Жасмина, зелёное Яблоко, цветок Персика. Нота Шлейфа: белый Кедр, Мускус.;Наносите на точки пульса, либо распылите перед собой и войдите в облако аромата.
19000264464;NARCISO RODRIGUEZ For Him Vetiver Musc;туалетная вода;Франция;13250;9937;https://goldapple.ru/19000264464-vetiver-musc;12.88;Веганский аромат для мужчин FOR HIM VETIVER MUSC — парфюм, олицетворяющий новую мужественность. Он возвращает вас к истокам, и специально создан для мужчин, которых привлекает мирная гармония природы. Это притягательный аромат для мужчин, в котором яркий мускатный орех сочетается с кипарисом и пряным кардамоном. Погружаясь в ароматические и минеральные глубины, парфюм раскрывает чувственное сердце из мускуса — фирменный аромат Narciso Rodriguez.  Он контрастирует со свежими цветочными нотами бурбонской герани и красных морских водорослей. В основе аромата раскрывается древесный шлейф, сочетающий интенсивные ноты ветивера с кедром и пачули. Флакон прозрачного цвета морской волны с матовым колпачком в тон подчеркивает изысканность и минеральность аромата.  Этот свежий образ нарушает все правила, переосмысливая культовый флакон Narciso Rodriguez for him bleu noir в новом зеленом оттенке.;Наносить на запястье, за мочку уха, на сгиб локтя, на шею в районе межключичной впадины.
19000268493;BURBERRY BRIT SHEER;туалетная вода;Испания;9800;6860;https://goldapple.ru/19000268493-brit-sheer;12.88;BURBERRY Brit Sheer - туалетная вода, которая была выпущена для прекрасной половины человечества известной парфюмерной компанией Burberry в 2007 году. В создании ее аромата принимал участие креативный дизайнер Эмили Копперманн. В результате кропотливого труда был получен нежный цветочно-фруктовый запах, который обладает восточными оттенками. Особенности парфюма Аромат отличается нежной элегантностью, которая делает образ любой леди максимально привлекательным. Он обеспечивает уверенным в себе дамам притягательный и в то же время утонченный магнетизм, который привлекает многочисленных поклонников. Чувственность, экспрессия и страсть открывает возможность для установления своих правил в жизни. Каскад аккордов В качестве верхних аккордов Brit Sheer было использовано дыхание личи, листа ананаса и мандарина. Экзотическое очарование и обаяние раскрываются аккордами сердца в виде персикового цветка, пиона и груши. В качестве основы, олицетворяющей молодость и радость, применяется нежное сплетение светлой древесины и белого мускуса.;Нанесите аромат на пульсирующие зоны. Только для наружного применения. Избегайте попадания в глаза. Не используйте в случае индивидуальной непереносимости одного из ингредиентов или в случае поврежденной кожи.
19000076276;LOEWE 001 WOMAN;туалетная вода;;4340;4340;https://goldapple.ru/19000076276-001-woman;12.88;Новое, более яркое издание женской туалетной воды LOEWE 001 объемом 15 мл — компактный формат, идеальный для использования в пути. - Туалетная вода Loewe 001. - Женский аромат. - Вдохновлена первыми лучами рассвета. - Свежий и современный с мускусом, льном и розовым пионом. - Стеклянный флакон объемом 15 мл в нежном светло-золотистом оттенке. - В формате спрея.;Небольшое количество нанести на тело, избегая попадания в глаза.
19000366129;BRUNO BANANI Magnetic Man;туалетная вода;Испания;2417;2175;https://goldapple.ru/19000366129-coty-bruno-banani-magnetic-man-eau-de-toilette-spray-50-ml;12.88;Bruno Banani Magnetic Man Eau de Toilette — это аромат, который воплощает в себе магнетизм и притягательность современного мужчины.  Бренд Bruno Banani известен своим дерзким и нестандартным подходом к созданию парфюмерии, что делает его уникальным на рынке. Этот парфюм создан для уверенных в себе мужчин, которые не боятся выделяться из толпы. Ароматная пирамида начинается с ярких и свежих верхних нот, которые плавно переходят в сердце композиции, наполненное пряными и древесными аккордами. Базовые ноты добавляют глубину и стойкость, оставляя незабываемый шлейф.  Парфюмер, создавший этот аромат, вдохновлялся образом мужчины, который всегда в центре внимания и обладает природным обаянием. Magnetic Man идеально подходит для повседневного использования, а также для особых случаев, когда нужно произвести впечатление.  Преимущества этого аромата заключаются в его стойкости и способности адаптироваться к любому времени суток, подчеркивая индивидуальность своего обладателя.;Распылите с расстояния 20-30 см на чистую кожу или одежду, избегая попадания в глаза. Для более интенсивного аромата нанесите на точки пульса.
26045600003;COMPTOIR SUD PACIFIQUE Vanille Blackberry;туалетная вода;;2790;1953;https://goldapple.ru/26045600003-vanille-blackberry;12.6;Туалетная вода французского бренда относится к группе цветочно-фруктовых ароматов. Аккорд из бергамота и лимона раскрывает композицию. Ягодные ноты, садовый жасмин, роза и перец слышны в сердце. В стойком шлейфе ощущаются терпкий белый мускус, кашемир и сладкая ваниль.;
19000023184;BRUNO BANANI Magic Man;туалетная вода;Германия;2417;2175;https://goldapple.ru/19000023184-magic-man;12.48;Туалетная вода для него bruno banani Magic Man – притягательный мужской аромат, который обладает магией притягивать и очаровывать любую девушку. Композиция аромата открывается аккордом джина и ладана из Сомали и гватемальского кардамона. Ароматическое сердце провоцирует и обольщает благодаря аккордам какао, пекана и цикламена. Шлейф из аккордов индонезийского пачули и амбры останется на коже в течение всего дня. Туалетная вода bruno banani Magic Man — это воплощение прирожденного мужского обаяния, благородства и шарма.;
19000122332;LOVE IS sweet hug;туалетная вода;;990;693;https://goldapple.ru/19000122332-sweet-hug;12.32;Океан голографического блеска и феерично-бомбических ароматов. Самые сочные. Самые модные гурманские ароматы линейки бренда Love is дополненные феромонами - это любовь с первой ноты. Поднимают настроение, повышают самооценку, вызывают влюблённость. Sweet Hug - притягательный и сексуальный сладкий коктейль с нотками Блю Кюрасао и ванили. Тёплый тропический ливень заставший тебя под цветущим грушевым деревом в объятьях любимого. Парфюм усиливает привлекательность и помогает обрести уверенность в себе. Активными веществами состава выступают так же мускус, цибетин, амбра и жасмин, которые являются мощными афродизиаками, усиливая притягательность носительницы парфюма и неизменно повышая настроение. Love is Sweet Hug - опьяняй, интригуй, мани за собой.;Парфюм всех типов наносится на чистую, слегка увлаженную кожу.
19000312145;BROCARD Berriessence;туалетная вода;Россия;426;383;https://goldapple.ru/19000312145-berriessence;11.7;Ягодный Сорбет - разноцветные ягоды ежевики, малины, черники, голубики щедро рассыпаны в молочно-белом облаке, под прозрачной корочкой сохраняя солнечное тепло и волшебный насыщенный вкус. Десерт-загадка: то покалывает острыми льдинками, то ласкает воздушными прикосновениями. Оттенки: ароматы леса и экзотических плодов. Влажные, терпкие запахи древесной коры и мха после дождя, акварельная сладость личи. Десерт украшают лепестки фиалки и розы. Парфюмер: Александр Фрейл;Только для наружного применения. Распылять на кожу/волосы с расстояния 10-15 см.
19000109159;PRESS GURWITZ PERFUMERIE №6 patchouli, ambra, leather;туалетная вода;;7670;6212;https://goldapple.ru/19000109159-no-6;11.7;Туалетная вода Press Gurwitz Perfumerie№6  Древесный, но при этом тонкий и чувственный, шипровый за счет земельных нот пачули с переплетением амбровых аккордов и кожных вкраплений.  Аромат унисекс.;Распылять на кожу или одежду с расстояния 50 см. Можно брызнуть парфюмом в воздухе перед собой и войти в облако аромата. Для усиления стойкости наносить на разогретое тело.
19000392648;L'ARTISAN PARFUMEUR Bois Farine;туалетная вода;Франция;19900;19900;https://goldapple.ru/19000392648-bois-farine;11.7;Аромат Bois Farine создан парфюмером Жан-Клодом Эллена под впечатлением от острова Реюньон. Он взял природу острова в качестве отправной точки, а именно местное растение Ruizia cordata — руизию сердцевидную.  Цветы этого небольшого дерева имеют удивительный теплый, сухой, мучной запах, а листья со временем из зеленых превращаются в серебристые, как будто присыпанные той самой мукой, которой пахнут цветы.  Минималистичный и современный аромат Bois Farine — это умелое создание ольфакторной иллюзии нот, похожих на тесто и орех. Запах кедра, гваякового дерева и сандала воскрешает запах деревьев в этом уникальном лесу.;Нанести на кожу, избегая попадания в глаза.
19000226290;PANIER DES SENS ESSENTIALS Eau de toilette Lavender;туалетная вода;Франция;3750;1875;https://goldapple.ru/19000226290-essentials-eau-de-toilette-lavender;11.52;Туалетная вода с вневременным, элегантным и натуральным ароматом. Расслабляет и дает отдых телу и разуму.  Аромат разработан в городе Грас (на юго-востоке Франции, в регионе Прованс)  Веганский Сделано во Франции 100% перерабатываемая упаковка;Нанесите необходимое количество на пульсирующие точки: шею, декольте, запястья, за ушами. Повторяйте так часто, как захотите.
19000260790;LACOSTE L.12.12 noir;туалетная вода;Франция;10348;9313;https://goldapple.ru/19000260790-l-12-12-noir;11.52;Современный и чувственный аромат Lacoste напоминает о теплых летних ночах. Волнующие ноты базилика, лаванды и вербены в сочетании с легким акцентом арбуза окутывают свежестью, а теплоту звучанию придают оригинальные и соблазнительные аккорды тёмного шоколада и кашмерана. Композиция отражает элегантность и неповторимый стиль, присущие всем изделиям Lacoste – от культовой рубашки-поло до туалетной воды.;Распылите с расстояния 20-30 см.
19000232658;BUGATTI Dynamic Move blue;туалетная вода;Германия;7010;5958;https://goldapple.ru/19000232658-dynamic-move-blue;11.52;Семейство: цитрусовые-ароматические.  Верхние ноты: Лимон, ароматический аккорд, мускатный орех Средние ноты: Лавандин, акватический аккорд, альдегидный аккорд Базовые ноты: Пачули, сладкая древесина, мускусный аккорд, амбровый аккорд;Нанести на кожу, избегая попадания в глаза. Не для пищевых целей. Только для наружного применения.
19000177530;PLANETA ORGANICA Juicy breeze;туалетная вода;Россия;598;388;https://goldapple.ru/19000177530-juicy-breeze;11.28;Нежный и пленительный женский парфюм с притягательным флером и головокружительным шлейфом. Цветочные, вишневые, анисовые ноты выгодно подчеркнут утонченность, романтичность и женственность любой девушки.;Использование в пищевых целях опасно для жизни или здоровья. Избегать попадания в глаза. Беречь от детей. Огнеопасно, не хранить вблизи огня.
19000126990;PENHALIGON'S opus 1870;туалетная вода;Франция;19800;19800;https://goldapple.ru/19000126990-opus-1870;11.04;Созданный в 2005 году Opus 1870 ― это сложный и одновременно изящный древесно-шипровый аромат. Он открывается роскошными аккордами сладких цитрусов и жгучего черного перца, сердце аромата разгорается изысканными нотами Английской гвоздики и выразительным ладаном. Ноты базы ― дымчатые волны ароматического кедра и сандала. Opus 1870 удивительно теплый и комфортный, аромат в который хочется укутаться в холодные зимние ночи. Внешний вид товара может отличаться.;
19000141552;JIMMY CHOO MAN INTENSE;туалетная вода;Франция;11511;10359;https://goldapple.ru/19000141552-man-intense;11.0;Интенсивный аромат усиливает чувственность классической композиции MAN от JIMMY CHOO с помощью акцента черного перца и яркого трио новых нот.  Медовая дыня придает мягкую фруктовую свежесть, а эссенция даваны повышает притягательность аромата. Бобы тонка привносят теплые, мужественные грани, напоминающие о звучании миндаля и табака.  Ладанник и чувственные пачули подчеркивают сочетание роскоши и бунтарского духа рок-н-ролла.;Только для наружного применения.
19000177531;PLANETA ORGANICA Linden flowen;туалетная вода;Россия;598;448;https://goldapple.ru/19000177531-linden-flowen;10.92;Завораживающий, гипнотический парфюм, который дарит ощущение роскоши, абсолютного счастья и успеха. Цветочные, цитрусовые и медовые оттенки слились в единую мелодию для элегантных, женственных и уверенных в себе женщин.;Использование в пищевых целях опасно для жизни или здоровья. Избегать попадания в глаза. Беречь от детей. Огнеопасно, не хранить вблизи огня.
19760342417;L'ARTISAN PARFUMEUR passage d'enfer;туалетная вода;Франция;19900;19900;https://goldapple.ru/19760342417-passage-d-enfer;10.34;L'Artisan Parfumeur Passage d’Enfer отдает дань одноименной парижской улице, где в 1970-е располагался офис L’Artisan Parfumeur. Оливия Джакобетти рисует картину в нежных, легких тонах. Нота благовоний прохладна, суха и таинственна. Она навевает образ прохладных стен собора, эхо молитв и песнопений. Прозрачный аккорд лилии и белого мускуса добавляют сладости в ароматическую ноту благовоний. В темноте сияют амбра и смолы.  Passage d’Enfer — это хитроумная игра слов на французском. С одной стороны, как было сказано выше, это название переулка, а с другой стороны его можно перевести как переход в ад — символичное место между двумя мирами. Имя парфюма может быть мрачным и тревожным, но сама композиция спокойна, она приносит умиротворение и легкость.;Нанести на кожу, избегая попадания в глаза.
19000326806;GARNIR Alice;туалетная вода;Республика Корея;4716;2358;https://goldapple.ru/19000326806-alice;10.34;«Кто же я такая? Ах, это не легкая загадка!»  Надежда на новое, знакомство с кем-то особенным и путешествие по незнакомому миру — иногда такие мечты сбываются.  Для каждого есть своя уникальная Страна чудес. Не имеет значения, насколько новый мир странен. Всё кажется простым, но многие вещи поражают. Здесь есть удивительная мистика и трепет от предстоящих встреч. Туалетная вода ALICE — ощущение прекрасного и воображаемого мира, полного приятных вещей, в котором побывала Алиса из сказки Льюиса Кэрролла. Свежесть искрящихся цитрусов раскрывается в старте композиции, символизируя начало встречи.  Затем ноты белых цветов подчеркивают чистую, мечтательную грань аромата.  В завершение нота жасмина напоминает пробуждение ото сна.;Только для наружного применения.
19000406567;BRUNO BANANI Not For Everybody Man;туалетная вода;Испания;3380;3042;https://goldapple.ru/19000406567-not-for-everybody-man;10.14;Bruno Banani - это бренд, известный своим дерзким и нестандартным подходом к созданию ароматов. Туалетная вода Not For Everybody Man - это воплощение уверенности и харизмы. Созданный для мужчин, которые не боятся выделяться, этот аромат сочетает в себе свежие и пряные ноты, создавая уникальную композицию.  Верхние ноты раскрываются бодрящими аккордами грейпфрута и розового перца, средние ноты добавляют глубину благодаря кардамону и герани, а базовые ноты оставляют стойкий шлейф из пачули и кедра. Этот аромат идеально подходит для уверенных в себе мужчин, стремящихся подчеркнуть свою индивидуальность.;Распылите с расстояния 20-30 см на чистую кожу или одежду, избегая попадания в глаза. Для более интенсивного аромата нанесите на точки пульса.
19000326812;GARNIR Prince;туалетная вода;Республика Корея;4716;2122;https://goldapple.ru/19000326812-prince;10.08;"«И вот мой секрет, очень простой секрет: только сердцем можно видеть правильно; то, что главное, не увидеть глазами».  Почему Маленький принц Антуана Сент-Экзюпери, став взрослым, находит скрытые значения, которых не замечал будучи ребенком? Возможно, и мы вновь начинаем осознавать забытые с годами важные вещи, их значение и ценность.  Мы называем это «смыслом», который помогает ориентироваться в потоке времени и изменений. Что хотел сказать Маленький принц, описывая отношения с розой, историю о лисе, встречи с людьми на разных планетах, невидимые глазу, но ценные для сердца вещи? Что самое важное в вашей жизни? Что это значит для вас? Туалетная вода PRINCE — словно единственный цветок розы, который много значил для Маленького принца, аромат с особой историей.  Ноты петитгрейна и ландыша раскрываются в старте композиции, символизируя непосредственность и любопытство героя. Ноты розы, ромашки и нероли представляют ту самую розу, подарившую герою свою красоту.  В завершение ноты сандала и кедра напоминают о значимых вещах, обретенных Маленьким принцем.";Только для наружного применения.
19000177528;PLANETA ORGANICA Golden tulip;туалетная вода;Россия;598;448;https://goldapple.ru/19000177528-golden-tulip;10.08;Чувственное, нежное и очень соблазнительное звучание фруктовых, цветочных и древесных аккордов, которые с первым вдохом переносят в волшебный мир летнего тепла, приятных грез и неземного блаженства.;Использование в пищевых целях опасно для жизни или здоровья. Избегать попадания в глаза. Беречь от детей. Огнеопасно, не хранить вблизи огня.
19000235137;HALLOWEEN Blue Drop;туалетная вода;Испания;5990;4492;https://goldapple.ru/19000235137-blue-drop;10.0;Из мира снов рождается аромат мечты и нежности. Это шанс освободить свой разум и сбежать к мягким облакам и голубому небу. Мягкий, объемный, нежный. Нежный ветерок утренней зари, нежная ласка капли воды. Яркая природа красочных снов в небесном мире. Это лишь начало прекрасного небесного сна, полного лилового и синего. Сладость - сказочный момент, устремленный в бесконечность. Аромат Halloween Blue Drop создан для женщины вне времени и вне границ, он открывает двери в мир, где живут фантазии и рождаются мечты.;Средство предназначено для наружного применения с целью придания приятного аромата. Нанести аромат легким движением на внутреннюю сторону запястья, за уши и на шею. Не втирать.
19000406553;ADIDAS Ice Dive;туалетная вода;Испания;1395;1046;https://goldapple.ru/19000406553-ice-dive;9.9;Adidas - это бренд, который ассоциируется с энергией, спортом и динамикой. Туалетная вода Ice Dive создана для мужчин, которые стремятся к новым высотам и не боятся бросать вызов. Этот аромат вдохновлен свежестью и силой океанских волн, что делает его идеальным для активных и уверенных в себе мужчин. Ароматическая пирамида Ice Dive раскрывается яркими верхними нотами бергамота, грейпфрута и лаванды, которые плавно переходят в сердце из герани и пачули. Базовые ноты сандалового дерева и мускуса придают аромату стойкость и глубину. Этот аромат подчеркнет вашу индивидуальность и добавит уверенности в любой ситуации. Ice Dive идеально подходит для повседневного использования, особенно в теплое время года. Он освежает и заряжает энергией, оставляя легкий шлейф, который будет сопровождать вас в течение всего дня.;Распылите с расстояния 20-30 см на чистую кожу или одежду, избегая попадания в глаза. Для более интенсивного аромата нанесите на точки пульса, такие как запястья и шея.
19000002296;CLINIQUE Aromatics Elixir;туалетная вода;Швейцария;12260;9195;https://goldapple.ru/19000002296-aromatics-elixir;9.8;Тип аромата Древесный. Особенности продукта   Вошел в историю мировой парфюмерии как первое ароматерапевтическое средство. Верхние ноты: оттенки розовой эссенции, сандалового дерева иромашки  Ноты сердца: жасмин, ландыш, иланг-иланг  Нижние ноты: пачули, ветивер, амбра;Распыляйте по коже с расстояния вытянутой руки.
19000326808;GARNIR Pride;туалетная вода;Республика Корея;4716;2122;https://goldapple.ru/19000326808-pride;9.8;«Предубеждение не позволяло мне влюбляться, а гордость отгораживала других от меня».  Любовь — это процесс, когда «непонимание» превращается в «понимание». Иногда гордость воспринимается как высокомерие, а непредсказуемое предубеждение кажется предрассудками. Два человека преодолевают большие и маленькие недоразумения и наконец принимают друг друга с нежным чувством и уважением. Эти чувства помогают преодолеть трудности, скрывают различия и недостатки друг друга, чтобы случилась любовь.  Туалетная вода PRIDE — ольфакторное переосмысление гармонии двух любящих людей, как в романе Джейн Остин «Гордость и предубеждение». Нота бергамота раскрывается в старте композиции, символизируя воодушевление от встречи мужчины и женщины.  Затем звучит сладость ноты иланг-иланга — любовь, убирающая предрассудки для понимания друг друга.  В завершение нота ванили означает единство в отношениях.;Только для наружного применения.
19000088390;ADRIANO DOMIANNI  Laguna;туалетная вода;;1079;809;https://goldapple.ru/19000088390-laguna;9.68;Освежающий аромат Туалетной воды LAGUNA своими завораживающими аккордами согревает душу, как теплые волны Тирренского моря. Непередаваемая красота этого райского уголка Италии отражена в сверкающем радостью благоухании туалетной воды LAGUNA, созданной парфюмерами итальянского бренда Adrianno Domianni.  Они удивительным образом поместили во флакон парфюма ласковое солнце, которое освещает уютные тенистые дорожки прекрасного сада, раскинувшегося прямо на морском побережье.  Группа: ДРЕВЕСНЫЕ ФУЖЕРНЫЕ  ВЕРХНИЕ НОТЫ: грейпфрут, кардамон, розмарин. СРЕДНИЕ НОТЫ: иланг-иланг, тубероза. БАЗОВЫЕ НОТЫ: кожаный аккорд, ветивер, замша (замшевый аккорд).;Только для наружного применения.
19000259386;YVES ROCHER AMBRE NOIR;туалетная вода;Франция;4990;4241;https://goldapple.ru/19000259386-ambre-noir-eau-de-toilette;9.6;«Сила мужского покорения выражена в этом аромате сочетанием мужественных пряных и жарких амбровых древесных нот.  В сердце Кардамон и Корица обогащают пряными аккордами амбровые ноты абсолюта обжаренных Бобов Тонка. Постепенно раскрывает все свое богатство древесный аромат эфирного масла Пачули. Аромат контрастов: между глубиной и чувственностью‚ между тенью и светом.» Кристоф Рейно‚ парфюмер.;Наносите на точки пульса, либо распылите перед собой и войдите в облако аромата.
19760337068;VALENTINO Born in Roma Uomo Yellow Dream;туалетная вода;;27900;18972;https://goldapple.ru/19760337068-born-in-roma-uomo-yellow-dream;9.6;При создании аромата Born in Roma Yellow Dream Uomo для мужчин парфюмеры Жюли Массе и Вьолен Колля вдохновлялись Римом, напоенным ярким согревающим светом, чтобы раскрыть характер энергичного, решительного мужчины. Воплощая три важнейших элемента Дома Valentino — цвет, актуальные тенденции и принадлежность к миру высокой моды, — этот пряный восточный аромат удивляет аккордом имбиря. Искристый аромат итальянского мандарина нежно пробуждает чувства. Характерные пикантные оттенки мексиканского лайма дополняют яркий, насыщенный цветом ананасовый аккорд зарядом положительной энергии. Взрыв бодрящей свежести воспевает оптимизм современного мужчины в стиле Valentino. Ароматная травянистая сердечная нота лавандина из Прованса с мадагаскарской геранью контрастирует с искрящимся свежим аккордом и подчеркивает аромат имбирного пряника. Ваши чувства пленят ноты корицы, кардамона и мускатного ореха, составляющие этот пряный аккорд, оттененный дымными и восточными нотами. Теплые сердечные ноты говорят о свободе и раскрепощенности поклонника Valentino. Финальной нотой пряного аккорда выступает нежная, мягкая мадагаскарская ваниль. Ее чувственный древесный аромат подчеркнут нотами кожи и анималистическими акцентами. Древесно-амбровый аккорд в сочетании с виргинским кедром оставляет яркий, согревающий шлейф. Эффектные, чарующие базовые ноты олицетворяют решительный характер мужчины в стиле Valentino. Плавные линии флаконов Born in Roma Yellow Dream контрастируют c декором в виде культовых пирамидальных заклепок Valentino и c ярко-желтым логотипом Valentino на черном фоне. Cтеклянные призмы, излучающие ободряющий желтый цвет, служат символом оптимизма и обновления.;
19000009521;L'ARTISAN PARFUMEUR timbuktu;туалетная вода;;19900;19900;https://goldapple.ru/19000009521-timbuktu;9.4;Тимбукту – это далекое место, окруженное экзотическим флером. Парфюм был вдохновлен визитом в Мали, страну, расположенную в сердце Сахары и древним ритуалом «вусулан», когда женщины окуривают благовониями свою кожу и волосы. Цветочные корни, бальзамы и специи по поверью пробуждают любовь и чувственность. Дымное благоухание папирусового дерева, благовоний и пачули отсылают к происхождению слова «парфюм», от латинского «per fumum» - «через дым»: благовония воскуривались как дар богам. Ветивер напоминает пряные, древесные ноты Африки, а зеленый манго и розовый перец наполняют аромат сиянием. Бертран Дюшафур создал уникальный парфюм, сочетающий в себе древний мистицизм и яркую современность.;
19000293587;BROCARD Ландыш и Кукушкин Клевер;туалетная вода;Россия;624;561;https://goldapple.ru/19000293587-landys-i-kukuskin-klever;9.2;«Ландыш и кукушкин клевер» – прогулка по утреннему лесу. Зелёный бархатистый ковер украшен россыпью глянцевых жемчужин ландышей и нежными звездочками кукушкиного клевера.Сорвать, надкусить кислицу – знакомая детская забава.Ветер ласково колышет макушки деревьев, едва тревожа живую тишину раннего лесного утра. Вот-вот запоет, застрекочет, зашуршит со всей радостью долгожданного лета, расплескается горькой сладостью этот хрупкий аромат. Парфюмер: Робер Берра (Robert Berra).;Распылять на кожу/волосы с расстояния 10-15 см.
19000322190;CHARMING Paris;туалетная вода;Россия;975;780;https://goldapple.ru/19000322190-charming-paris;9.12;Charming Paris Восхитительный аромат несет в себе ноты волшебства, немного магии женственности, которая становится доступной каждой прелестнице, желающей подчеркнуть свое очарование. Легкий, пикантный и солнечный цветочный аромат подойдет для лета или весны, женский аромат станет лучшим украшением женственных романтичных образов, легких нарядов или свободной удобной одежды.;Для полноценного раскрытия парфюмированная вода наносится на пульсирующие участки кожи вблизи сосудов, которые будут постоянно его подогревать - на шею за ушами, под колено, на запястье, локтевые сгибы, волосы.
26070100016;ETRO VICOLO FIORI;туалетная вода;;10500;6195;https://goldapple.ru/26070100016-vicolo-fiori;9.0;Аромат соединяет городской темп жизни со спокойствием и чистотой природы. Каждый лепесток - это тонкое послание: жасмин и иланг-иланг создают  успокаивающий эффект, при этом являются  афродизиаком.  Как гармонический аккорд, этот аромат пробуждает нежную женственность, спонтанность и почти шепот. Неповторимый, соблазнительный, решительный: он не захватывает всеобщее внимание, но безусловно знает как подчеркнуть разницу и все изменить.;
19000406571;BRUNO BANANI Not For Everybody Woman;туалетная вода;Испания;1692;1522;https://goldapple.ru/19000406571-not-for-everybody-woman;9.0;Bruno Banani - это бренд, известный своим дерзким и нестандартным подходом к созданию ароматов. Туалетная вода Not For Everybody Woman - это воплощение смелости и уверенности. Созданный для женщин, которые не боятся выделяться, этот аромат раскрывает вашу индивидуальность и харизму. Верхние ноты раскрываются свежестью апельсина и персика, переходя в сердце из нежного жасмина и фрезии. Базовые ноты ванили и мускуса придают аромату чувственность и стойкость. Этот аромат идеально подходит для уверенных в себе женщин, которые хотят подчеркнуть свою уникальность и стиль. Not For Everybody Woman - это выбор для тех, кто стремится быть в центре внимания и не боится экспериментировать. Подчеркните свою индивидуальность с этим дерзким и запоминающимся ароматом от Bruno Banani.;Распылите с расстояния 20-30 см на точки пульса, такие как запястья и шея, или создайте ароматное облако и войдите в него для более легкого и равномерного нанесения.
19000210764;KARL LAGERFELD Bois d'ambre;туалетная вода;Франция;6628;5965;https://goldapple.ru/19000210764-bois-d-ambre;8.82;Притягательный и контрастный аромат KARL LAGERFELD раскрывает чувственность амбры в сочетании с теплым звучанием бобов тонка и благородным, современным древесным аккордом.  Мужественная композиция производит яркое впечатление за счет бодрящих верхних нот апельсина, бергамота и сливы, фруктовая свежесть которых постепенно уступает место соблазнительному сердцу, объединившему кедр, шалфей и герань.  Согревающая, чувственная база окутывает чувственной мягкостью амбры.;Только для наружного применения.
26070800002;ETRO VIA VERRI;туалетная вода;;13700;8220;https://goldapple.ru/26070800002-via-verri;8.8;Аромат, который приглашает нас в эмоциональное и чувственное путешествие, где отправной точкой является наша собственная кожа. Как на первом свидании, индивидуальность этого аромата раскрывается медленно, незаметно, в мельчайших прикосновениях. Без ложной скромности, но с соблазнительной элегантностью. Женственный и мужественный, мягкий и обволакивающий, чувственный и утонченный – неповторимый.;
19000023193;BRUNO BANANI Woman's Best;туалетная вода;Германия;1692;1522;https://goldapple.ru/19000023193-woman-s-best;8.64;Туалетная вода для нее bruno banani Woman's Best – женственный и соблазнительный аромат, который раскрывает все самое лучшее в женщинах, делая их еще привлекательнее. Волнительные ноты розового грейпфрута и сочного апельсина открывают аромат. Сердечные ноты грушевого сорбета придают композиции чувственность и притягательность, а роза в шлейфе привносит нежность и женственность. Ни одна женщина не устоит перед панна-коттой – итальянским десертом, сочетающим в себе сливки, сахар, ваниль и лесные ягоды. Если прибавить к ней теплые ноты сандала – получится невероятный шлейф, который останется в памяти мужчины надолго. Туалетная вода bruno banani Woman's Best идеально подходит для каждой женщины, которая всегда хочет чувствовать себя на высоте.;
19000226294;PANIER DES SENS ESSENTIALS Eau de toilette Verbena;туалетная вода;Франция;3721;1860;https://goldapple.ru/19000226294-essentials-eau-de-toilette-verbena;8.6;Туалетная вода с вневременным, элегантным и натуральным ароматом. Расслабляет и дает отдых телу и разуму. Аромат разработан в городе Грас (на юго-востоке Франции, в регионе Прованс)  Веганский Сделано во Франции 100% перерабатываемая упаковка;Нанесите необходимое количество на пульсирующие точки: шею, декольте, запястья, за ушами. Повторяйте так часто, как захотите.
19000312143;BROCARD Thai Smoothie;туалетная вода;Россия;426;383;https://goldapple.ru/19000312143-thai-smoothie;8.6;Тай Смузи - сок ананаса и кокосовое молоко, взбитые в воздушный коктейль. Сверху — долька апельсина и ломтик медового манго. Яркий, но лёгкий аромат тайского смузи мгновенно переносит за тысячи километров, к согревающему золоту солнца, освежающей синеве моря, беззаботной белизне песчаного пляжа. Капля белого рома придаёт аромату пикантность, а тростниковый сахар добавляет нежной карамельной сладости. Парфюмер: Азуса Ину (Azusa Inoue);Только для наружного применения. Распылять на кожу/волосы с расстояния 10-15 см.
19000076284;LOEWE A MI AIRE;туалетная вода;;4340;4340;https://goldapple.ru/19000076284-a-mi-aire;8.46;Новое, более яркое издание женской тууалетной воды LOEWE A Mi Aire объемом 15 мл — компактный формат, идеальный для использования в пути. - Туалетная вода Loewe A Mi Aire. - Женский аромат. - Вдохновлена дуновением свежего бриза. - Свежий средиземноморский аромат с нотами мандарина, клевера и жасмина. - Стеклянный флакон объемом 15 мл нежного зеленого оттенка. - В формате спрея.;Небольшое количество нанести на тело, избегая попадания в глаза.
19000232742;TOM TAILOR Urban Life;туалетная вода;Германия;3968;3372;https://goldapple.ru/19000232742-urban-life;7.92;TOM TAILOR Urban Life - Концепция переносит Authentic Urban Wear, одну из главных коллекций модной вселенной Tom Tailor, в линию ароматов. Современный городской стиль обозначает модную, «чистую» спортивную одежду. Внешний вид - доверительный, стильный, элегантный, современный, менее пестрый, состоящий из качественной и тщательно подобранной одежды.;Нанести на кожу, избегая попадания в глаза. Не для пищевых целей. Только для наружного применения.
19000300639;HALLOWEEN Man X;туалетная вода;Испания;5460;3822;https://goldapple.ru/19000300639-man-x;7.84;Ночь для мятежников и для тех, кто никогда не идет уже известными путями. Halloween Man X — вызывающий привыкание коктейль, который пробуждает чувства и действует как обонятельный крючок, притягивающий вас. Он приглашает вас исследовать бунтарский дух, где нет никаких барьеров. Откройте свои пределы с помощью Halloween Man X. Страстная, урбанистическая, таинственная и обольстительная вариация на тему классического мужского парфюма.;Средство предназначено для наружного применения с целью придания приятного аромата. Нанести аромат легким движением на внутреннюю сторону запястья, за уши и на шею. Не втирать.
82402300004;FREDERIC MALLE Eau De Magnolia;туалетная вода;Франция;6600;6600;https://goldapple.ru/82402300004-eau-de-magnolia;7.84;Магнолия в аромате куда более схожа с цитрусовыми ингредиентами, нежели с цветами. Именно поэтому первым штрихом Карлоса Бенаима в создании композиции стало усиление цитрусового аспекта магнолии нотами бергамота, грейпфрута и лимона. Затем он укротил звонкое и чувственное звучание намеком на абрикос и увенчал творение долгоиграющим и близким к коже шлейфом с помощью умного коктейля из нот ветивера, пачули и дубового мха. Eau de Magnolia - лаконичная классика летнего сезона.;Нанесите аромат на запястья, шею и точки пульса, чтобы он раскрылся от тепла тела и остался с вами до самого вечера.
19000333249;COMPTOIR SUD PACIFIQUE Rouge Litchi;туалетная вода;Франция;5970;3880;https://goldapple.ru/19000333249-rouge-litchi;7.74;"Rouge Litchi, аромат, вдохновленный оживленными рынками Азии, органично сочетает в себе экзотику фруктов с деликатностью овощей. Представьте себя на рынке, где продают личи, фрукты с красной кожурой и лимонным ароматом - вот откуда приходит наше вдохновение. Эта туалетная вода, сокровище нашей коллекции ""Jardins Pop"", подчеркивает вкус личи, сочетая его со сладостью малины и живостью грейпфрута. Лепестки роз добавят немного изысканности для идеального аромата. Этот изысканный и освежающий аромат идеально подходит для солнечных дней и дарит солнце в любую непогоду. В этой композиции ноты личи подсвечиваются малиной и грейпфрутом, деликатно смешиваясь с нежными нотами лепестков розы.";Только для наружного применения.
19000010703;ANGEL SCHLESSER LES EAUX D’UN INSTANT Splendid Orange Blossom;туалетная вода;Италия;8330;3332;https://goldapple.ru/19000010703-les-eaux-d-un-instant-splendid-orange-blossom;7.7;Туалетная вода Splendid Orange Blossom – это аромат спокойствия, безмятежности и баланса. Освежающая дымка из нот бергамота и померанца приятно обволакивает кожу. В сердце белоцветочной композиции ANGEL SCHLESSER, дополненной цитрусовыми и шипровыми нотами, раскрывается красота цветов апельсина, которые пробуждают желание глубоко вдохнуть аромат. Наступает момент эмоционального очищения – и ничто не имеет значения, кроме связи с природой, которую укрепляют пачули и нота ванили. Парфюмер – Julien Plos.   Ключевые ноты: померанец, бергамот, цветок апельсина, пачули, ваниль.;Только для наружного применения.
19000198755;ORGANIC KITCHEN Klava Coca Match It;туалетная вода;Армения;1151;345;https://goldapple.ru/19000198755-klava-coca-match-it;7.38;Нежная сладость карамели рассеивается в легкой табачно- ванильной дымке, создавая сочетание, мимо которого невозможно пройти. Терпкая сладость миндаля и черного кофе добавляют пикантности. В базовых нотах - мягкое и деликатное объятие древесного аккорда сандала;только для наружного применения.
19000210766;KARL LAGERFELD Bois de vétiver;туалетная вода;Франция;6628;5965;https://goldapple.ru/19000210766-bois-de-vetiver;7.36;Источником вдохновения при создании изысканной композиции KARL LAGERFELD стал свежий аромат леса на рассвете. Туалетная вода, обладающая особой, манящей и мужественной притягательностью, раскрывает богатство нот благородного ветивера.  Его многогранную красоту подчеркивает контраст между теплым, сладко-древесным амброксаном и свежим, прохладным звучанием мяты, герани и красного апельсина. Пачули в сочетании с ветивером делают композицию насыщенной, но элегантной.;Только для наружного применения.
19000404803;BURBERRY WEEKEND FOR MEN;туалетная вода;Испания;7300;4745;https://goldapple.ru/19000404803-weekend-for-men;7.2;Бренд Burberry известен своим уникальным сочетанием британской элегантности и современного стиля. Он воплощает в себе дух свободы и непринужденности, что делает его идеальным выбором для уверенных в себе мужчин, ценящих качество и стиль. Туалетная вода Burberry Weekend for Men — это свежий, натуральный аромат с цитрусовыми нотами, который идеально подходит для повседневного использования. Вдохновленный духом природы и активного отдыха, этот аромат раскрывается яркими аккордами лимона и грейпфрута, которые плавно переходят в мягкое сияние амбры и меда.  Флакон, созданный дизайнером Федерико Рестрепо, выполнен в простой форме из стекла и украшен белым логотипом и фирменной клеткой. Крышка из матового серебра с выгравированным логотипом Burberry придает изделию изысканность. Упаковка в классическом синем цвете с клетчатой окантовкой подчеркивает стиль и традиции бренда. Для полного завершения образа рекомендуем обратить внимание на другие продукты из линейки Burberry, которые идеально дополнят ваш стиль и подчеркнут индивидуальность.;Распылите с расстояния 20-30 см на точки пульса или создайте ароматное облако и войдите в него для более легкого и равномерного нанесения.
19000241264;LACOSTE L.12.12 Rose Intense;туалетная вода;Франция;10348;9313;https://goldapple.ru/19000241264-rose-intense;7.2;Насыщенный и женственный аромат LACOSTE с цветочными и древесными аккордами окутывает захватывающей свежестью.  В композиции сочетаются чарующие ноты белого чая, цветов хлопка изысканной розы.  Теплое и чувственное звучание сандала и мускуса придает композиции мягкость.  Контраст прохладных и теплых нот дарит многогранному аромату неповторимую элегантность.;Только для наружного применения.
19000237790;LANVIN LES FLEURS SWEET JASMINE;туалетная вода;Франция;4302;3441;https://goldapple.ru/19000237790-les-fleurs-sweet-jasmine;7.2;Новинка хранит в себе нежное благоухание лепестков жасмина, покрытых утренней росой: его разносит по воздуху, лишь слегка согретому первыми лучами солнца, легкий утренний ветер. Sweet Jasmine пробуждает чувства и бодрит разум и тело.;Для внешнего применения.
19000406584;DAVID BECKHAM Classic Blue;туалетная вода;Испания;2815;1548;https://goldapple.ru/19000406584-classic-blue;7.04;Туалетная вода для мужчин Classic Blue от David Beckham — это свежий взгляд на классический мужской аромат. Этот аромат от известного бренда David Beckham воплощает в себе элегантность и стиль, присущие самому Дэвиду Бекхэму. Созданный для уверенных в себе мужчин, этот парфюм подчеркивает индивидуальность и харизму. Верхние ноты грейпфрута, ананаса и фиалковых листьев придают аромату свежесть и фруктовую легкость. Средние ноты шалфея, герани и яблока добавляют глубину и элегантность. Базовые ноты пачули, кашмерана и мшистых аккордов создают теплый и стойкий шлейф. Этот аромат идеально подходит для повседневного использования, добавляя нотку непринужденной элегантности в любой образ.;Распылите с расстояния 20-30 см на чистую кожу или одежду, избегая попадания в глаза. Для более стойкого аромата нанесите на точки пульса: запястья, шею и за ушами.
19000257133;LOUIS Flawless131;туалетная вода;;14399;5039;https://goldapple.ru/19000257133-flawless131;7.02;FLAWLESS131: «Понятие “быть лучшим” необходимо переосмыслить. Совершенство начинается с постоянства прежде, чем стать результатом страсти, упорства и самопожертвования.  Сохранять безупречность до самого конца — вот что отличает лучших». Ноты амбры и мускуса ощущаются от начала и до конца композиции.  Ноты корицы и сандала, гармоничные между собой, образуют элегантный и привлекательный дуэт.;Только для наружного применения.
19000268489;BURBERRY for Men;туалетная вода;Испания;10200;9180;https://goldapple.ru/19000268489-burberry-men;7.0;Burberry – это символ британской элегантности и утонченности, сочетающий в себе традиции и инновации. Этот бренд известен своим неподвластным времени стилем и стремлением к совершенству, что делает его продукцию желанным выбором для истинных ценителей. Туалетная вода Burberry Classic Eau de Toilette – это ароматическая, древесная фужерная композиция, которая одновременно свежа и чувственна. Она воплощает в себе гармонию традиций и современности, предлагая вам насладиться истинной роскошью. Аромат открывается свежими и энергичными нотами бергамота, лаванды, свежей мяты и тимьяна, которые плавно переходят в сердце из мха, герани и сандалового дерева, придавая аромату глубину и жизненную силу. Завершают композицию солнечные ноты амбры и кедра, добавляя теплый и древесный аккорд. Флакон из прозрачного стекла с логотипом Burberry и полированной рифленой крышкой отражает вечную привлекательность и классический стиль Burberry Classic. Для полного погружения в мир Burberry, дополните свой образ другими продуктами из этой линейки, создавая уникальный и запоминающийся стиль.;Распылите с расстояния 20-30 см на точки пульса или создайте ароматное облако и войдите в него для более легкого и равномерного нанесения.
19000365182;GUERLAIN La Petite Robe Noire;туалетная вода;Франция;16900;12675;https://goldapple.ru/19000365182-la-petite-robe-noire;7.0;Свежий, дерзкий и завораживающий аромат, привлекательный, как платье с глубоким вырезом, невероятно утончённый, гурманский, окутывающий... Почувствуйте как аппетитно, словно миндальное печенье с розовой начинкой, он тает на коже. Такой же сладкий... как поцелуй. Первые ноты – букет розы, жасмина и флердоранжа – раскрываются нежным, воздушным, бесконечно женственным благоуханием. Сочная черешня, яблоко и черная смородина дарят свою свежесть, и в притягательных нотах белой амбры появляется томящий соблазн. Облако нежного, шелковистого, белоснежного мускуса обволакивает своим уютным теплом. Флакон La Petite Robe Noire притягивает к себе взгляд, вызывая желание прикоснуться. Кристально-прозрачный корпус нежного бархатисто-розового цвета, чувственный изгиб линии плеч и стеклянная крышечка в форме перевернутого сердечка – изысканный аксессуар для модных кокеток.;Небольшое количество нанести на тело, избегая попадания в глаза
19000358633;MARC JACOBS Daisy;туалетная вода;Франция;13990;11891;https://goldapple.ru/19000358633-daisy;7.0;Насыщенный освежающими нотами лимона, груши и лайма, аромат Marc Jacobs Daisy Eau So Fresh Pop представляет собой сочный и неожиданный аромат для гурманов.  Его сердце украшено бархатистой розой, дополненной игривыми нотами малины и фиалки, которые создают неповторимую ауру элегантности.  Теплые аккорды кедра и мускуса окутывают ноты сердца этого ольфакторного творения. Этот веселый аромат, заключенный в матово-розовый флакон ограниченной серии, черпает вдохновение в смелых цветах и характерных текстурах, которые можно найти в модных коллекциях Марка Джейкобса.;Нанесите парфюмерную воду на кожу в области запястий, шеи и за ушами.
19000327441;YVES ROCHER The Vert;туалетная вода;Франция;3790;3221;https://goldapple.ru/19000327441-the-vert;6.86;Парфюмеры Марки Ив Роше точно передали бодрящую свежесть Зеленого Чая. Прогулка по нашему Ботаническому Саду в Ля Гасийи, в Бретани дарит истинное удовольствие. Аромат полураскрытого бутона Розы, свежесть листа Вербены, бодрящая свежесть Зеленого Чая, гармония цветущей Жимолости. Коллекция свежих ароматов Ив Роше снова и снова дарит вам подлинное счастье, позволяя вновь пережить мгновения чудесных прогулок на лоне Природы.;Наносите на точки пульса, либо распылите перед собой и войдите в облако аромата.
19000293588;BROCARD Лесная Малина и Душица;туалетная вода;Россия;624;561;https://goldapple.ru/19000293588-lesnaa-malina-i-dusica;6.84;Насыщенный и сочный вкус дикой малины, ледяная вода родника, запахи листвы и мха, дикого шиповника и нежных фиалок, а на залитой солнцем поляне кружит голову медовый и пряный аромат душицы. Набрать пригоршню дикой малины, запить ледяной водой из лесного ручья и вдохнуть медовый солнечный аромат душистых луговых трав.Вот он, миг беззаботного летнего счастья! Парфюмер: Angeline Poubeau (Анжелин Побо).;Распылять на кожу/волосы с расстояния 10-15 см.
26041400005;COMPTOIR SUD PACIFIQUE Aqua Motu;туалетная вода;;2790;1953;https://goldapple.ru/26041400005-aqua-motu;6.72;Туалетная вода Comptoir Sud Pacifiq Aqua Motu – это восхитительный нишевый водяной фужерный аромат. Представленный знаменитым французским парфюмерным брендом Comptoir Sud Pacifiq, аромат отлично смотрится на представителях как женской, так и мужской половины. Неординарное исполнение Aqua Motu поможет вам подчеркнуть самые лучшие стороны вашего характера. Начальная нота наполнена громким вступлением бессмертника. В сердце данной туалетной воды царят цветочная роскошь ландыша и пикантные оттенки моря и морского песка. Необычайно чувственный шлейф композиции соткан из трогательного красивого обволакивающего оформления подводными морскими водорослями.;
19000155816;SISLEY L'Eau Revee d'Ikar;туалетная вода;Франция;12110;9688;https://goldapple.ru/19000155816-l-eau-revee-d-ikar;6.58;L’Eau Rêvée d’Ikar - воплощение духа свободы и стремления к новым открытиям! Яркая эссенция зеленого мастикового дерева приобретает неожиданное звучание в дуэте с терпким ветивером, пудровым ирисом, пронизанным энергией земли цейлонским чаем. Выразительность и характер композиции придают пряные и древесные грани, объединенные союзом ладанника и сандала.  Упаковку туалетной воды украсила художница Эльжбета Радзивилл, а скульптор Бронислав Кшиштоф создал дизайн колпачка флакона.;Наносите туалетную воду на кожу, в зонах пульсации (запястья, шея, локтевой сгиб...) на тёплой коже глубже раскроется вся красота звучания натуральных эссенций.
19000088303;ADOPT Rose Ballerine;туалетная вода;;1194;955;https://goldapple.ru/19000088303-rose-ballerine;6.58;Настоящий пудровый балет! На первой позиции сверкающий бергамот входит в идеальный кошачий прыжок. Мягкие балетные туфли, пачка и большое фуэте сочетаются для полета лепестков роз. Мастерски выполненная арабеска звездной ванили - для красивого финала.;Распылить на тело и волосы
19000141520;JIMMY CHOO Man;туалетная вода;Франция;6163;4930;https://goldapple.ru/19000141520-man;6.58;Мужская композиция JIMMY CHOO, объединившая ароматические и древесные аккорды, передает уверенность в себе и дух рок-н-ролла.  Бунтарский характер и безупречный стиль подчеркнуты свежими нотами лаванды и мандарина в сочетании с тонкой сладостью дыни.  Независимый дух находит отражение и в сердце аромата, где раскрывается оригинальное трио герани, розового перца и ананаса.  Идеальным завершающим штрихом становится чувственный аккорд замши, который дополняют пачули и древесные ноты.;Только для наружного применения.
19000366128;BRUNO BANANI Magnetic Man;туалетная вода;Испания;1692;1184;https://goldapple.ru/19000366128-magnetic-man;6.16;Bruno Banani Magnetic Man Eau de Toilette — это аромат, который воплощает в себе магнетизм и притягательность современного мужчины.  Бренд Bruno Banani известен своим дерзким и нестандартным подходом к созданию парфюмерии, что делает его уникальным на рынке. Этот парфюм создан для уверенных в себе мужчин, которые не боятся выделяться из толпы. Ароматная пирамида начинается с ярких и свежих верхних нот, которые плавно переходят в сердце композиции, наполненное пряными и древесными аккордами. Базовые ноты добавляют глубину и стойкость, оставляя незабываемый шлейф.  Парфюмер, создавший этот аромат, вдохновлялся образом мужчины, который всегда в центре внимания и обладает природным обаянием. Этот туалетный аромат идеально подходит для повседневного использования, подчеркивая индивидуальность и стиль своего обладателя. Преимущества включают в себя стойкость и универсальность, что делает его отличным выбором для любого времени года.;Распылите с расстояния 20-30 см на чистую кожу или одежду, избегая попадания в глаза. Для более интенсивного аромата нанесите на точки пульса: запястья, шею и за ушами.
19000257138;LOUIS Royalty;туалетная вода;;14399;5039;https://goldapple.ru/19000257138-royalty;6.16;ROYALTY: «Настоящее богатство человека заключается в достойных поступках и словах. В этот аромат мне хотелось добавить именно такого великолепия».  Верхние ноты цитрусов и пачули создают ощущение роскоши, а гармоничные ноты сандала, кедра и корицы наполняют композицию элегантностью.;Только для наружного применения.
19000406578;BRUNO BANANI Not For Everybody Woman;туалетная вода;Испания;2417;1329;https://goldapple.ru/19000406578-not-for-everybody-woman;6.16;Bruno Banani - это бренд, известный своим дерзким и нестандартным подходом к созданию ароматов. Туалетная вода Not For Everybody Woman - это воплощение смелости и уверенности. Созданный для женщин, которые не боятся выделяться, этот аромат раскрывает вашу индивидуальность и харизму. Верхние ноты раскрываются свежестью апельсина и персика, переходя в сердце из нежного жасмина и фрезии. Базовые ноты ванили и мускуса придают аромату чувственность и стойкость. Этот аромат идеально подходит для уверенных в себе женщин, которые хотят подчеркнуть свою уникальность и стиль. Not For Everybody Woman - это выбор для тех, кто стремится быть в центре внимания и не боится экспериментировать. Подчеркните свою индивидуальность с этим дерзким и запоминающимся ароматом от Bruno Banani.;Распылите с расстояния 20-30 см на чистую кожу или одежду, избегая попадания в глаза. Для более интенсивного аромата нанесите на точки пульса.
19000074325;VORONOI Truly Patchouli;туалетная вода;;6960;5568;https://goldapple.ru/19000074325-truly-patchouli;6.16;Насыщенный, томный и загадочный аромат пачули на чувственной янтарно-бальзамической подложке - богатая и удивительно насыщенная композиция. Лидирующая нота пачули в этом аромате не землисто-влажная, а сухая, бархатистая и окутывающая, подобная дуновению вечернего ветра.;Для нанесения на кожу
19000076279;LOEWE 001 MAN;туалетная вода;;4340;4340;https://goldapple.ru/19000076279-001-man;5.76;Новое более яркое издание мужской туалетной воды Loewe 001 объемом 15 мл — компактный формат, идеальный для использования в пути. - Туалетная вода LOEWE 001. - Мужской аромат. - Вдохновлен рассветными лучами солнца. - Разрушительный и современный, с мускусом, сандаловым деревом и лавандой. - Стеклянный флакон 15 мл в чуть коричневатом полупрозрачном цвете. - В формате спрея.;Небольшое количество нанести на тело, избегая попадания в глаза.
19000210908;KARL LAGERFELD New york mercer street;туалетная вода;Франция;4767;4290;https://goldapple.ru/19000210908-new-york-mercer-street;5.76;Свежий аромат KARL LAGERFELD посвящен неиссякаемой, воодушевляющей энергии Нью-Йорка.  Улица Мерсер, расположенная на Манхеттене, стала одним из знаковых адресов для Карла Лагерфельда, и воспоминания о ней нашли воплощение во вспышке цитрусовых нот, сбалансированных теплотой белого перца, травянистой нотой базилика и зеленым, терпким звучанием ревеня.  Многогранная свежесть, гармонирующая с чувственной базой, отражает элегантность и вневременную красоту города, которому посвящена композиция.;Только для наружного применения.
19000062918;EQUIVALENT H003;туалетная вода;;2390;2151;https://goldapple.ru/19000062918-h003;5.74;Аромат - движение, аромат - сила жизни, H003 это про наполнение каждого своего дня энергией и силой, про тягу к риску и покорению новых высот. Кедр и мох в основе закладывают посыл притяжения мужественности, лаванда и жасмин на средних нотах аккуратно оттеняют, добавляя изысканности, а вершина, собранная из кислинки зеленого яблока, ароматного грейпфрута и стильного базилика, цепляет, заставляя вдохнуть глубже, в попытках разгадать тайну, запрятанную в легком шлейфе.;Парфюм всех типов наносится на чистую, слегка увлаженную кожу.
26070100028;ETRO VETIVER;туалетная вода;;13700;8220;https://goldapple.ru/26070100028-vetiver;5.74;Туалетная вода Etro Vetiver – это яркий вибрирующий микс, который включает в свой круговорот пряный аккорд из мускатного шалфея и благородного ветивера, уверенно мерцая в самом его сердце динамичным калабрийским кедром и дымными листьями табака. Все акценты туалетной воды достаточно выразительные. Vetiver звучит очень тонко, благородно, достаточно деликатно, создавая за собой выверенный древесный ансамбль. Вдохновенная работа от мастеров парфюмерной промышленной компании Etro, отражает любовь к благородному, возвышенному проявлению значимости и совершенства.;
19000109152;PRESS GURWITZ PERFUMERIE №5 ginger, verveine, vanilla;туалетная вода;;6120;4773;https://goldapple.ru/19000109152-no-5;5.64;Туалетная вода Press Gurwitz Perfumerie №5 c нотами имбиря, вербены и ванили.  Взрывной букет свежих и сладких нот аромата открывается летучей кислинкой вербены, вступающую в игру с нотами имбиря и обогащенный гурманскими нотами ванили.  Аромат унисекс;Распылять на кожу или одежду с расстояния 50 см. Можно брызнуть парфюмом в воздухе перед собой и войти в облако аромата. Для усиления стойкости наносить на разогретое тело.
19000124985;PENHALIGON'S sartorial;туалетная вода;Испания;19800;19800;https://goldapple.ru/19000124985-sartorial;5.16;"""Sartorial скроен по лекалам совершенства. На создание аромата мастера парфюмерии Бертрана Дюшофура (Bertrand Duchaufour) вдохновили мастерская Norton & Sons, Bespoke Tailors, расположенная на улице Сэвил Роу в доме N. 16. Sartorial – это современная интерпретация классического Fougère, традиционные ноты мха, бобов тонка и лаванды элегантно переплетены с деревянными, озоновыми и металлическими эффектами, кожей, листьями фиалки, мёдом и специями, чтобы создать совершенную иллюзию мастерской портного. Современная нить, которая есть в Sartorial ― это пчелиный воск, отголосок восковых линий, которые наносят перед тем, как начать шить. Эта сладкая и нечеткая нота связывает все традиционные элементы: вспышку ножниц на свету, режущих ткань, потирание ткани между пальцами, пропахший табаком кабинет, меловые росчерки в воздухе и старые бумажные выкройки, приобретшие со временем ванильный аромат. Соединивший великие традиции Британской парфюмерии и Британского портного мастерства Sartorial ― парфюм для нового поколения джентльменов."" Внешний вид товара может отличаться.";
19000325801;SERGIO TACCHINI Bella Donna;туалетная вода;Нидерланды;3440;1548;https://goldapple.ru/19000325801-bella-donna;5.16;"Восхитительный, обаятельный парфюм создан на основе сплетения богатых изящных цветочных, теплых нот тубероза, мускуса, бергамота на фоне восточных акцентов.  Создана для утонченных соблазнительных женщин с бархатистыми нотами апельсинового цвета, играющими с манящими оттенками иланг-иланга, контрастирующие с нежной тонкой текстурой гелиотропа.  Сандал и мускус передают неотразимый шлейф, слегка древесные ноты усиливают чувственный характер данного аромата. Утонченная, чистая и воздушная парфюмерная композиция, изысканный вызывающий привыкание, аромат Bella Donna это билет в один конец в страну беззаботности чистоты уюта. Комфортная туалетная вода, аромат которой предназначен для тех, кто продолжает мечтать об ароматах чистоты и тысячи цветов! Опьяняющий аромат создает ауру волшебства, оставляя таинственный шлейф за ""прекрасной женщиной"", которая наденет его Стремитесь выделиться из толпы подчеркнуть свою индивидуальность и стиль стойкая туалетная вода станет вашим спутником, создаст приятный шлейф, окутает аурой загадочности. Средство предназначено для наружного применения с целью придания приятного аромата. Дарите своим близким, радуйте себя ароматом который запомнится надолго.";Средство предназначено для наружного применения с целью придания приятного аромата. Нанести аромат на кожу.
19000259385;YVES ROCHER Hoggar Eau de Toilette;туалетная вода;Франция;4990;4491;https://goldapple.ru/19000259385-hoggar-eau-de-toilette;5.04;Аромат соткан из пряных‚ теплых и окутывающих нот‚ смешанных со свежими и легкими древесными аккордами Лаванды;Наносите на точки пульса, либо распылите перед собой и войдите в облако аромата
19000268530;CALVIN KLEIN ETERNITY INTENSE;туалетная вода;Франция;8100;6885;https://goldapple.ru/19000268530-eternity-for-men;5.0;Eternity for Men Intense Calvin Klein — это аромат для мужчин, он принадлежит к группе древесные фужерные. Eternity for Men Intense выпущен в 2016 году.;Нанесите аромат на пульсирующие зоны. Только для наружного применения. Избегайте попадания в глаза. Не используйте в случае индивидуальной непереносимости одного из ингредиентов или в случае поврежденной кожи.
19000264123;GOURMAN №1;туалетная вода;Россия;969;872;https://goldapple.ru/19000264123-no1;4.8;Туалетная вода с феромонами «Gourman 1» (Гурман №1) Композиция аромата: Кардамон, Розовый перец, Лист фиалки, Мята, Шалфей, Дыня, Ананас, Лаванда, Корица, Ваниль, Каштан, Белый кедр, Древесный янтарь, Гуаяк.;Только для наружного применения.
19000317973;ЧЕБУРАШКА Orange Power;туалетная вода;Россия;688;550;https://goldapple.ru/19000317973-orange-power;4.8;"Бодрящий цитрусовый аромат Чебурашка ""Orange power"" - это лучшее средство для того, чтобы придать свежести и ярких выразительных ноток в наш день! Сочное и зажигательное сочетание запаха тропических фруктов и свежих цветов, укутанное в пронзительную свежесть - вот что как нельзя лучше опишет эту душистую воду. Она заставит почувствовать себя на краю тропического леса, наслаждаться очаровательными запахами, погружаясь в мир, полный удовольствия и ароматных эмоций.  Внимание! Содержание спирта более 70%! Рекомендовано детям от 14 лет. Детям младше использовать с осторожностью и под контролем взрослых! Но все наши продукты проходят соответствующую сертификацию и проверку, чтобы гарантировать безопасность и качество.";Внимание! Рекомендовано детям от 14 лет. Можно наносить как на тело, так и на одежду. Учитывайте, что при нанесении на тело запах слегка изменяется, смешиваясь с природным ароматом, а при нанесении на одежду могут остаться следы, поэтому распыляйте аэрозоль на внутреннюю сторону одежды.
26070100037;ETRO LEMON SORBET;туалетная вода;;13700;8220;https://goldapple.ru/26070100037-lemon-sorbet;4.8;Этот аромат переносит вас в оживляющую атмосферу Средиземноморья, где сила моря сочетается с силой ветра. Идеален для лета, а также борется с усталостью в любое время года, насыщает энергией. лимон и бергамот – снимают ощущение усталости, лаванда – стресс. сандал является антидепрессантом и афродизиаком.;
19000404802;CALVIN KLEIN Eternity For Men;туалетная вода;Франция;5200;3120;https://goldapple.ru/19000404802-eternity-for-men;4.8;Eternity for Men от Calvin Klein — это воплощение элегантности и современности, созданное для уверенных в себе мужчин. Этот аромат был разработан в 1989 году и с тех пор стал символом вечной классики. Парфюмером, стоящим за этим шедевром, является Карлос Бенаим, известный своими изысканными и запоминающимися композициями. Бренд Calvin Klein славится своим минималистичным и стильным подходом к моде и парфюмерии, что делает его продукцию уникальной и востребованной. Eternity for Men — это аромат для мужчин, которые ценят традиции, но не боятся экспериментировать с современными тенденциями. Ароматическая пирамида начинается с освежающих нот лаванды и мандарина, которые плавно переходят в сердце из базилика и жасмина. Завершают композицию теплые и чувственные аккорды сандалового дерева и амбры. Этот парфюм идеально подходит для повседневного использования, подчеркивая мужественность и уверенность своего обладателя. Преимущества этого аромата заключаются в его стойкости и универсальности, что делает его идеальным выбором для любого времени года и случая. Eternity for Men — это не просто туалетная вода, это стиль жизни, который подчеркивает индивидуальность и харизму каждого мужчины.;Распылите с расстояния 20-30 см на точки пульса или создайте ароматное облако и войдите в него для более легкого и равномерного нанесения.
19000312590;BURBERRY BRIT FOR HER;туалетная вода;Испания;9800;8820;https://goldapple.ru/19000312590-brit-for-her;4.8;Туалетная вода Brit For Her Burberry со сладким и цветочным ароматом, чувственным и чарующим, воплощает в себе британские традиции, а также современный и динамичный дух. Аромат открывается освежающей волной, сформированной лаймом Таити, восхитительной грушей и неотразимым зеленым миндалем, которые переходят в сладкое сердце из карамельного миндаля, сахара и очаровательного пиона. И, наконец, почти гипнотическое ощущение сливочного слияния ванили, амбры и красного дерева. Чистый и современный флакон украшен легендарным узором в виде шахматной доски, столь характерным для бренда Burberry.;Нанесите на теплые участки тела, такие как шея, внутренние поверхности локтей и запястий. Наносить аромат равномерно на одежду, кожу и волосы.
19000295209;VALENTINO Born in Roma Uomo Green Stravaganza;туалетная вода;;27900;20925;https://goldapple.ru/19000295209-born-in-roma-uomogreen;4.8;Когда солнце взойдет и засияет над вечным городом, Born in Roma Green Stravaganza отправит вас в смелое приключение по прохладным садам Рима, где вы можете свободно жить и проявлять свою уникальность.  Born in Roma Green Stravaganza - это фужерно-амбровый аромат, раскрывающий свой притягательный аромат благодаря сочетанию свежести калабрийского бергамота в сердце и чистой энергии кофейного аккорда. Born in Roma Green Stravaganza открывает путь к экстравагантности Рима, позволяя крутым ребятам почувствовать энергию, раскрыть свой характер и жить бурно, потому что есть много ярких способов быть самим собой.;Нанесите на каждую пульсирующую точку - запястье, внутреннюю поверхность локтя и шею, с небольшого расстояния.
99000037409;DELTA PARFUM Parfum De France Moon Bright;туалетная вода;;440;440;https://goldapple.ru/99000037409-parfum-de-france-moon-bright;4.6;Нежный, миловидный, привлекательный и интригующий  аромат Parfum De France Moon Bright станет великолепным выбором для представительниц прекрасного пола, которые любят подчеркивать ключевые особенности своего образа.  В нем удивительным образом сочетаются самые знаменитые ноты, которые заставляют позабыть о горестях и проблемах окружающего мира и полностью отдаться настоящим чувствам. Вся парфюмерия Delta parfum изготавливается на основе оригинальных Немецких (Drom Fragrances) композиций.;
19000312141;BROCARD Pamplorose;туалетная вода;Россия;426;383;https://goldapple.ru/19000312141-pamplorose;4.6;Бодряще горький розовый грейпфрут и сладковатые плоды личи. Запах полупрозрачной мякоти личи похож на аромат розы — только растворённый в чистой воде, акварельно-нежный. Цветущий розовый сад после короткого ливня. Чёрная смородина с её терпко-сладким ароматом смягчает цитрусовую свежесть начальных нот. Магнолия и фрезия в «сердце» композиции завораживают сложными, богатыми полутонами. Парфюмер: Alienor Massenet;Только для наружного применения. Распылять на кожу/волосы с расстояния 10-15 см.
19000226293;PANIER DES SENS ESSENTIALS Eau de toilette Sea Samphire;туалетная вода;Франция;3750;1875;https://goldapple.ru/19000226293-essentials-eau-de-toilette-sea-samphire;4.4;Туалетная вода с вневременным, элегантным и натуральным ароматом. Расслабляет и дает отдых телу и разуму. Аромат разработан в городе Грас (на юго-востоке Франции, в регионе Прованс) Веганский  Сделано во Франции  100% перерабатываемая упаковка;Нанесите необходимое количество на пульсирующие точки: шею, декольте, запястья, за ушами. Повторяйте так часто, как захотите.
26042900002;COMPTOIR SUD PACIFIQUE Aqua Motu;туалетная вода;;5390;3503;https://goldapple.ru/26042900002-aqua-motu;4.2;Туалетная вода Comptoir Sud Pacifiq Aqua Motu – это восхитительный нишевый водяной фужерный аромат. Представленный знаменитым французским парфюмерным брендом Comptoir Sud Pacifiq, аромат отлично смотрится на представителях как женской, так и мужской половины. Неординарное исполнение Aqua Motu поможет вам подчеркнуть самые лучшие стороны вашего характера. Начальная нота наполнена громким вступлением бессмертника. В сердце данной туалетной воды царят цветочная роскошь ландыша и пикантные оттенки моря и морского песка. Необычайно чувственный шлейф композиции соткан из трогательного красивого обволакивающего оформления подводными морскими водорослями.;
19000264126;GOURMAN №4;туалетная вода;Россия;969;872;https://goldapple.ru/19000264126-no4;4.0;Туалетная вода с феромонами «Gourman 4» (Гурман №4) Композиция аромата: Табачный лист, Специи, Бобы тонка, Цветок табака, Ваниль, Какао, Сухофрукты, Древесные ноты.;
19000449955;CHRISTINE LAVOISIER PARFUMS L'Acqua Vitae;туалетная вода;Россия;1220;1098;https://goldapple.ru/19000449955-l-acqua-vitae;4.0;Лёгкий, свежий, пространственный аромат L’Acqua Vitae вдохновлён жизненной силой глубин океана. Закройте глаза, представьте спокойную водную гладь, простирающуюся до самого горизонта — это умиротворение и чувство особенной гармонии станет вашим верным спутником вместе с L’Acqua Vitae. Невесомые начальные ноты лимона, зелени и водного аккорда плавно перетекают в притягательные розу, перец и корицу. Шлейф с классическими акцентами мускуса, амбры и кедра оставят на коже нежную дымку мужественности и ощущения внутренней уверенности.;Нанести на шею, запястье, локтевые сгибы.
19000257132;LOUIS Fabulous131;туалетная вода;;14399;4319;https://goldapple.ru/19000257132-fabulous131;4.0;FABULOUS131: «Зима в том лесу была долгой. Когда скопившийся снег превратился в глубокие сугробы, мои шаги уже направлялись к этому месту.  Под затянутым тучами небом белый снег отражал яркий лунный свет на весь лес. Я закрываю глаза, чтобы на мгновение выдохнуть.  В этот момент я ощущаю на кончике носа сосуществование тепла и холода вместе с противоречием, незнакомым ранее».  Ноты амбры и мускуса создают ощущение холода, а ноты пачули и сандалового дерева добавляют тепла.;Только для наружного применения.
26070100024;ETRO AMBRA;туалетная вода;;13700;8220;https://goldapple.ru/26070100024-ambra;4.0;Амбра - редкая эссенция, легендарный подарок моря, подобно Афродите, вышедшей из волн. Этот аромат – афродизиак по определению, способный пленить без усилий, излучающий неуловимый и загадочный шарм, провокационный и окутывающий, словно волшебные чары. Крепко овладевает чувствами, как песни русалок, увлекавшие моряков в бездонные морские глубины.;
19000241260;LACOSTE Booster;туалетная вода;Франция;10116;7081;https://goldapple.ru/19000241260-booster;4.0;LACOSTE BOOSTER – это динамичный, яркий аромат, способный наполнить энергией. Бодрящий цитрусовый аккорд гармонично сочетается со свежим дуэтом лаванды и мяты. Теплая нота кедра делает аромат сбалансированным и элегантным.  Современный и стильный флакон украшен фирменной символикой бренда LACOSTE.;Только для наружного применения.
19000097062;PRIME MINISTER Action décisive;туалетная вода;;2795;1956;https://goldapple.ru/19000097062-action-decisive;4.0;PRIME MINISTER Action Décisive (“Решительное действие”) поддерживает уверенность в своих силах и своих возможностях.   Первое впечатление от парфюмерной композиции складывается благодаря дуэту из нот терпкого бергамота и сладко-свежего тропического ананаса.  В “сердце” аромата царят зеленая нота ревеня и свежесрезанная дикая роза. Это сочетание звучит изысканно и строго, окутывая своего обладателя аурой элегантности.  Шлейф отличает бархатистое звучание дымно-смолистого сандала, свежей и деликатной ноты белого дерева, чувственной  амбры. PRIME MINISTER Action Décisive принадлежит к направлению фужеры.;Нанести небольшое количество на кожу
19000264127;GOURMAN №5;туалетная вода;Россия;969;872;https://goldapple.ru/19000264127-no5;4.0;Туалетная вода с феромонами «Gourman 5» (Гурман №5) Композиция аромата: Розовый перец, Можжевельник и Фиалка, Лаванда, Шалфей, Ириска и Корица, Амбра, Бобы тонка, Ваниль и Замша.;
19000226285;PANIER DES SENS ABSOLUTES Eau de toilette Precious Jasmine;туалетная вода;Франция;3750;1875;https://goldapple.ru/19000226285-absolutes-eau-de-toilette-precious-jasmine;3.84;Солнечный, сладостный аромат безупречного жасмина. На коже букет чувственных белых цветов раскрывает свежие и сияющие ноты вокруг яркого, гипнотического жасмина. Парфюм разработан в городе Грас (на юго-востоке Франции, в регионе Прованс)  Веганский  Сделано во Франции Футляр и бутылка на 100% пригодны для вторичной переработки;Распылите необходимое количество на пульсирующие точки: шею, декольте, запястья, за ушами. Вы также можете распылить парфюм прямо на одежду. Повторяйте так часто, как захотите.  Избегайте попадания в глаза. При попадании в глаза: осторожно промыть водой в течение нескольких минут.
19000097055;PRIME MINISTER Coup d'avance;туалетная вода;;2795;2515;https://goldapple.ru/19000097055-coup-d-avance;3.84;Для мужчин, которые привыкли не смиряться с обстоятельствами и всегда идти вперед, создан знаковый аромат PRIME MINISTER  Coup d'avance ( “На шаг впереди”).  Композиция парфюма открывается свежим пряным аккордом из терпкого бергамота, зеленого яблока и уютно-мягкой корицы.   В “сердце” аромата сплетаются травяные и специевые темы. Аккорд составлен из горьковато-травянистой герани, сладко-душистого  базилика и  медово-пряной гвоздики.   Глубокий благородный шлейф насыщен древесными бальзамическими нотами сандала, мшисто-травяным ветивером и загадочно-таинственным оливковым деревом.;Нанести небольшое количество на кожу
19000232737;TOM TAILOR Perspective;туалетная вода;Германия;3968;3372;https://goldapple.ru/19000232737-perspective;3.84;Начинается путешествие к самопознанию.     Ваш внутренний компас указывает вам путь.   Вы делаете паузу и сознательно отдаетесь моменту. Окружающая обстановка раскрывается во всей своей красе. Ваш взгляд блуждает. Ваша перспектива меняется. В воздухе витает дух новых начинаний. Вы принимаете новое отношение. Старые убеждения уступают место новым. Теперь все проясняется.  Удовлетворение и самореализация овладевают вами.  Пазл жизни собирается заново.  Семейство ароматов:  фужерно-ароматические. Верхние ноты: альдегиды, бергамот, элеми. Ноты сердца: герань, лавандин, вода. Базовая нота: мускус, древесина, солнце.;Нанести на кожу, избегая попадания в глаза. Не для пищевых целей. Только для наружного применения.
19000177532;PLANETA ORGANICA Mystery orchid;туалетная вода;Россия;598;448;https://goldapple.ru/19000177532-mystery-orchid;3.6;С первых нот вас окружает необычная дымка нежных, фруктово-цветочных и воздушных нот. Завораживающий, интимный аромат для женщин, которые хотят подчеркнуть естественную притягательность.;Использование в пищевых целях опасно для жизни или здоровья. Избегать попадания в глаза. Беречь от детей. Огнеопасно, не хранить вблизи огня.
10180300002;DENIM Original;туалетная вода;Франция;1342;1006;https://goldapple.ru/10180300002-original;3.6;DENIM ORIGINAL Туалетная вода — это квинтэссенция момента прозрения, который нужен любому современному мужчине, чтобы восстановить спокойствие, подумать, настроиться на работу и снова начать покорять вершины. В чёрном непрозрачном флаконе заключена цитрусовая мелодия с акцентом бергамота, жасмина и древесно-альдегидных нот.;
26045500002;COMPTOIR SUD PACIFIQUE Immortel Cedrat;туалетная вода;;5880;3822;https://goldapple.ru/26045500002-immortel-cedrat;3.6;Туалетная вода относится к группе фужерных ароматов. Композиция французского бренда открывается аккордом из кедра, вербены и свежего бергамота. В сердце звучат пряные ноты розмарина и базилика. Дубовый мох, водоросли и кедр оставляют на коже многослойный устойчивый шлейф.;
19000264128;GOURMAN №6;туалетная вода;Россия;969;872;https://goldapple.ru/19000264128-no6;3.6;Туалетная вода с феромонами «Gourman 6»  Композиция аромата: Конопля, Зеленые ноты, Смолы, Древесные ноты, Кофе, Табак, Ладан и УД.;
19000406573;BRUNO BANANI Not For Everybody Made For Men;туалетная вода;Испания;3380;1859;https://goldapple.ru/19000406573-not-for-everybody-made-for-men;3.6;Bruno Banani - это бренд, известный своим дерзким и современным подходом к парфюмерии. Туалетная вода Made for Men создана для уверенных в себе мужчин, которые не боятся выделяться. Этот аромат вдохновлен энергией и харизмой, которые привлекают внимание и оставляют неизгладимое впечатление. Ароматическая пирамида начинается с освежающих верхних нот бергамота и зеленого яблока, которые плавно переходят в сердце из герани и водных аккордов. Базовые ноты кедра и мускуса придают аромату стойкость и глубину, создавая чувственный и притягательный шлейф. Made for Men идеально подходит для повседневного использования, подчеркивая индивидуальность и стиль своего обладателя. Этот аромат станет отличным выбором для тех, кто стремится подчеркнуть свою уникальность и уверенность.;Распылите с расстояния 20-30 см на чистую кожу или одежду, избегая попадания в глаза. Для более интенсивного аромата нанесите на точки пульса.
19000241261;LACOSTE Red;туалетная вода;Франция;7209;6488;https://goldapple.ru/19000241261-red;3.36;LACOSTE RED – это смелый аромат и мощная волна чистой энергии.  Свежую вспышку зеленого яблока смягчают успокаивающие пачули и утонченный жасмин, которые постепенно уступают место элегантной и мужественной древесной базе, объединившей пачули и ветивер. Сбалансированная, но при этом дерзкая и притягательная композиция подчёркивает энергию активных мужчин.;Только для наружного применения.
19000312148;BROCARD Spumante;туалетная вода;Россия;713;641;https://goldapple.ru/19000312148-spumante;3.2;Настроение Dolce Vita-искусство жить в моменте и наслаждаться им! Солнечные эмоции, яркие впечатления, волшебные мечты в каждом аромате. Spumante открывается легкой кислинкой ананаса и бархатистой сладостью абрикоса. Этот яркий фруктовый аккорд символизирует щедрость итальянских садов, а розовое шампанское придает композиции легкость. В сердце аромата – нежный флердоранж и сливочная карамель, а дубовый мох наполняет композицию теплом звучания древесных нот. Парфюмер: Дафна Бюже (Daphne Bugey);Только для наружного применения. Распылять на кожу/волосы с расстояния 10-15 см.
19000292400;YVES ROCHER BOIS DE SAUGE;туалетная вода;Франция;6190;5261;https://goldapple.ru/19000292400-bois-de-sauge;3.2;Почувствовать силу ветра, преодолеть бурный поток реки, насладиться тишиной больших пространств.  Туалетная Вода Bois de Sauge воплощает это чувство свободы и приключений.  Аромат, в котором свежие ноты Шалфея переплетаются с дымчато-древесными нотами Гваякового дерева и Пачули.;Наносите на точки пульса, либо распылите перед собой и войдите в облако аромата.
19000449953;CHRISTINE LAVOISIER PARFUMS Wild Hardguard;туалетная вода;Россия;895;805;https://goldapple.ru/19000449953-wild-hardguard;3.0;Разбуди своего внутреннего зверя. Позволь своей силе выйти наружу. С ароматом Hardguard нет ничего невозможного. Он раскрывает животный потенциал мужчины, выпуская наружу его природную уверенность. Дикарь + стиль = уверенный мужчина. Аромат, вдохновлённый викингами и языческой мифологией, перенесёт вас в то время, когда природная брутальность выходила наружу. Верхние ноты кардамона и мускатного ореха сменяются на сандаловое дерево и корицу. В завершении звучит амбра и мох. Hardguard наполнен силой природы и подчёркивает решительный характер своего обладателя.;Нанести на шею, запястье, локтевые сгибы.
19000448527;CITY PARFUM City sexy be top;туалетная вода;Россия;812;730;https://goldapple.ru/19000448527-city-sexy-be-top;3.0;Новый аромат City sexy be top не похож на остальные ароматы. С первого взгляда он приковывает к себе! Так же и с девушкой City sexy be top  — она не такая, как все. Уверенная, решительная, независимая и самостоятельная. Живёт, как чувствует. Задаёт тренды и вдохновляет других. Каждая нотка City sexy be top  наполнена ослепительной яркостью и уверенностью! Искристый бергамот, сочный гранат, свежая фиалка продолжаются в «сердце» с аккордами розы и засахаренного персика. Завораживающий шлейф окутывает теплотой сандалового дерева, ириски и мускуса с нежными акцентами притягательной ванили.;Нанести на шею, запястье, локтевые сгибы.
19000309939;PRESS GURWITZ PERFUMERIE № 7 Orange, Jasmin, Ambra;туалетная вода;Россия;6120;4957;https://goldapple.ru/19000309939-no-7-orange-jasmin-ambra;3.0;Парфюмерная вода Press Gurwitz Perfumerie №7 c нотами апельсина, жасмина и амбры.  Свежий и яркий аромат с пикантной горчинкой.  Микс цитрусовых и цветочных нот, смягченных нотами пачули и амбры. Библиотека ароматов Press Gurwitz Perfumerie состоит из пятнадцати изысканных парфюмов. Все ароматы унисекс, обладают продолжительной стойкостью благодаря высокой концентрации парфюмерного экстракта - 20%. Ароматы помещены в лаконичные стеклянные флаконы в сочетании со стильной коробкой.;Распылять на кожу или одежду с расстояния 50 см.  Можно брызнуть парфюмом в воздухе перед собой и войти в облако аромата. Для усиления стойкости наносить на разогретое тело.
19000262200;DOLCE & GABBANA The One;туалетная вода;;16950;12712;https://goldapple.ru/19000262200-the-one;3.0;Бывают моменты, когда ты входишь в тихую комнату — и будто всё пространство ждало только тебя. Эта тишина, это чувство присутствия — твоё. Аромат The One не звучит громко. Он остаётся рядом, словно что-то, что ты несёшь в себе. Узнаваемый, но никогда не обыденный. В нём — уверенность без слов, как молчаливый жест. На коже он открывается лёгкой свежестью грейпфрута и кориандра, прежде чем согреться пряным кардамоном и цветком апельсина. Сердце аромата — живое и уравновешенное. Со временем появляются тёплая амбра и дымный табак — мягкие, уютные, глубокие. Лучше всего звучит в прохладе вечера или в осенние дни, когда каждое событие наполнено смыслом.;Наносите на шею, за уши, на запястья и другие пульсовые точки.
19000232657;BUGATTI Dynamic Move black;туалетная вода;Германия;7010;5958;https://goldapple.ru/19000232657-dynamic-move-black;2.82;Туалетная вода мужская Bugatti Dynamic Move Black — аромат стойкости и благородства!  Верхние ноты этого запаха удивляют яркостью инжира, листьев фиалки и личи в сочетании с пикантной горечью и остротой черного перца. Ноты сердца представлены лавандой, имбирем и бобами тонка.  Всё это складывается в тёплый и насыщенный букет.  Глубину, чувственность и особую притягательность придает этой композиции база: экстремальная амбра, карамелизированный мускус, кашемировое дерево.;Нанести на кожу, избегая попадания в глаза. Не для пищевых целей. Только для наружного применения.
19000429232;YOU & WORLD Awake In the balance;туалетная вода;Россия;885;796;https://goldapple.ru/19000429232-awake-in-the-balance;2.82;Найди. Почувствуй. Следуй за ощущениями. Аромат - как состояние гармонии, которое так важно в ритме жизни. Он дарит легкость, вдохновение и чувство внутреннего равновесия. С первых нот - свежий аккорд зеленого чая и искристого грейпфрута, пробуждающий мысли и наполняющий день ясностью. В сердце раскрывается нежность малины, бархатистого персика и утонченного жасмина – мягкое сочетание, окутывающее теплом и спокойствием. А в шлейфе – обволакивающая нежность белых цветов и мускуса, оставляющая чистый, воздушный след. In The Balance – аромат, в котором всё в полной гармонии. Доверься моменту – он ведёт тебя к внутреннему равновесию.;Нанести на шею, запястье, локтевые сгибы.
19000074331;VORONOI Oud Occult;туалетная вода;;6960;6612;https://goldapple.ru/19000074331-oud-occult;2.82;Страстный и сухой, мощный и пьянящий аромат благородного удового дерева, мандариновых корок и амбры. Подобен горящему костру: завораживает, греет, притягивает, но может и обжечь. Этот аромат будет приятным открытием для тех, кто уже «приручил» удовые композиции, а для тех, кто только знакомится с ними - станет совершенно новой страницей в их парфюмерной истории.;Для нанесения на кожу
19000109154;PRESS GURWITZ PERFUMERIE №9 citrus, sandal, cedar;туалетная вода;;6120;4957;https://goldapple.ru/19000109154-no-9;2.82;Туалетная вода Press Gurwitz Perfumerie №9 насыщенный, цитрусово-древесный аромат, необычно и ярко раскрывается на коже. Аромат цедры, через который пробиваются ноты кедра и сандалового дерева.  Аромат унисекс.;Распылять на кожу или одежду с расстояния 50 см. Можно брызнуть парфюмом в воздухе перед собой и войти в облако аромата. Для усиления стойкости наносить на разогретое тело.
19000109150;PRESS GURWITZ PERFUMERIE №2 tonka bean, pepper, patchouli;туалетная вода;;6120;4957;https://goldapple.ru/19000109150-no-2;2.82;Туалетная вода Press Gurwitz Perfumerie №2 c нотами бобов тонка, перца и пачули.  Насыщенный и притягательный, теплый бленд, который содержит природные афродизиаки, которые раскроют чувственное настроение.  Аромат унисекс.;Распылять на кожу или одежду с расстояния 50 см. Можно брызнуть парфюмом в воздухе перед собой и войти в облако аромата. Для усиления стойкости наносить на разогретое тело.
19000448666;CHRISTINE LAVOISIER PARFUMS Smorodina;туалетная вода;Россия;369;332;https://goldapple.ru/19000448666-smorodina;2.8;Свежий и сочный, этот аромат окутывает вихрем яркой смородины. Пробуждает чувства, дарит легкость и ощущение бесконечного лета! Он привлекает внимание, подчеркивая твою индивидуальность. Начало композиции — это взрыв свежести черной смородины и её листьев, который наполняет энергией и создает атмосферу солнечного летнего дня. Сердце раскрывается утонченными цветочными нотами жасмина и герани. Завершает композицию мягкий и обволакивающий мускусный шлейф.;Нанести на шею, запястье, локтевые сгибы.
19000325817;HALLOWEEN Magic;туалетная вода;Испания;5990;4193;https://goldapple.ru/19000325817-magic;2.58;Halloween Magic – магический, яркий, праздничный аромат, являющийся эталоном изысканности, нежности и очарования.  Аромат позволяет окунуться с головой в сказку, создать мысленно своих героев и стать одним из них, надеть на себя образ милой, умной, грациозной, прекрасной дамы, которая способна покорять силой игривого взгляда. Вступительный аккорд аромата восхищает сладостью малинового и грушевого фреша, который кокетливо дополнен долькой сочного мандарина.  Далее звучание композиции продолжается медовыми оттенками жасмина самбака, нежностью душистых лепестков пиона и тонким романтичным звучанием белой фрезии.  Завершается эта романтическая феерия филигранным сочетанием выразительных аккордов пачули, ванили и бобов тонка.;Средство предназначено для наружного применения с целью придания приятного аромата. Нанести аромат на кожу.
19000417940;KARL LAGERFELD Bois santal;туалетная вода;Франция;6628;5302;https://goldapple.ru/19000417940-bois-santal;2.58;Bois Santal производит впечатление сдержанной интенсивности — пряный, но мягкий аромат открывается пульсом кардамона, переходящим в тёплое сердце из сандала. Композиция звучит уверенно, гармонично и с безупречным балансом. В базе дымная кожа и сухой ветивер придают глубину и современное звучание, оставляя древесный аромат с тихой, стойкой силой. Минималистичное, но запоминающееся звучание с характером.;Распылите на пульсирующие зоны, такие как запястья, шея и область за ушами. Не втирайте в кожу, так как это может изменить аромат. Для большей стойкости наносите на увлажненную кожу.
19000210906;KARL LAGERFELD Bois de yuzu;туалетная вода;Франция;4767;4290;https://goldapple.ru/19000210906-bois-de-yuzu;2.58;Натуральный, мужественный, завораживающий. Этот аромат KARL LAGERFELD – взрыв свежести и парфюмерное посвящение мужественности. Композиция играет на контрастах свежести и тепла, яркости и элегантности.  Она очаровывает с первых нот бодрящего, искрящегося мандарина и пряного имбиря. В теплом сердце аромата насыщенная, благородная нота древесины юдзу сочетается с мягким, освежающим шалфеем.  Сбалансированная терпко-древесная база гармонично завершает композицию.;Только для наружного применения.
19000204811;FRANKIE GARAGE SPORTY FRAGRANCE;туалетная вода;Италия;4010;2406;https://goldapple.ru/19000204811-sporty-fragrance;2.4;"Frankie Garage ""Sporty Fragrance"": туалетная вода для динамичных и спортивных молодых мужчин, которые ищут свежий цитрусово-древесный аромат в городском стиле, который отражает их энергичный образ жизни. FG Sporty Fragrance – это динамичный и свежий древесно-цитрусовый аромат с верхними нотами лимона, апельсина и ананаса, сердечными нотами фиалки, жасмина, мускатного ореха и кардамона, а базовые ноты включают мускус, сандал и зеленый чай. Созданный молодым итальянским брендом спортивной одежды в стиле кэжуал, Frankie Garage ""Sporty Fragrance"" призван подчеркнуть динамизм и спортивный образ жизни своих пользователей, отражая современный городской стиль и энергию. Этот аромат – идеальный выбор для молодых и стильных мужчин, которые хотят выделиться в толпе и подчеркнуть свою индивидуальность.";Распылять на кожу с расстояния 15см. Не использовать в пищевых целях. Избегать попадания в глаза
19000226291;PANIER DES SENS ESSENTIALS Eau de toilette Provence;туалетная вода;Франция;3750;1875;https://goldapple.ru/19000226291-essentials-eau-de-toilette-provence;2.4;Туалетная вода с вневременным, элегантным и натуральным ароматом. Расслабляет и дает отдых телу и разуму.  Аромат разработан в городе Грас (на юго-востоке Франции, в регионе Прованс)  Веганский Сделано во Франции 100% перерабатываемая упаковка;Нанесите необходимое количество на пульсирующие точки: шею, декольте, запястья, за ушами. Повторяйте так часто, как захотите.
19000210912;KARL LAGERFELD Vienna opera;туалетная вода;Франция;4767;4290;https://goldapple.ru/19000210912-vienna-opera;2.22;Элегантный аромат KARL LAGERFELD – парфюмерное воплощение атмосферы Вены, одного из любимых городов Карла Лагерфельда.  Здесь знаменитый модельер преподавал в Венском университете прикладного искусства и вдохновлялся невероятной красотой столицы Австрии. Классическая, но при этом выразительная композиция, посвященная величественной Венской опере, встречает смелым контрастом нот грейпфрута, базилика и черного перца.  В свежем, сияющем сердце аромата гармонируют лаванда, шалфей и яблоко, окруженные насыщенными и теплыми базовыми нотами сандала, кедра и ветивера.;Только для наружного применения.
19000232672;EAU JEUNE L`echappee Belle;туалетная вода;Франция;1960;1470;https://goldapple.ru/19000232672-l-echappee-belle;2.22;L'Echappee Belle. Мечтательный. Волшебный мир грёз. Мечты, фантазии, романтика. Семья аромата: цветочный. L'Echappee Belle выпущен в 2009 году.  Парфюмер: Доминик Ропьён. Верхние ноты: Кардамон, Грейпфрут и Бергамот. Средние ноты: Камелия, Османтус, Фрезия и Абрикос. Базовые ноты: Сандал, Кашемировое дерево и Ваниль.;Нанести на кожу, избегая попадания в глаза. Не для пищевых целей. Только для наружного применения.
19000333031;TOUS Man;туалетная вода;Испания;7100;4970;https://goldapple.ru/19000333031-tman;2.0;Первый мужской аромат, Tous Man. Этот аромат отражает природу поведения мужчины. Мужчины, чей стиль и личность привлекают. Молодого, активного и смелого. Мужчины, которому по душе мужские коллекции Tous.  Пузырьковая структура упаковки усилена турмалиново-черным цветом, передающим уравновешенность и стиль. Элегантная и маскулинная бутылочка увенчана специальным колпачком из тех же материалов, которые используются в мужских украшениях: черная резина и серебро.;Средство предназначено для наружного применения с целью придания приятного аромата. Нанести аромат на кожу.
19000322611;LACOSTE L.12.12 BLANC EAU INTENSE;туалетная вода;Франция;7209;6488;https://goldapple.ru/19000322611-l-12-12-blanc-eau-intense;2.0;Свежий сочный и при этом опьяняющий аромат играющий на контрасте прохлады и жары, он подарит чувство контроля за ситуацией и добавит мужественности и соблазнительности своему обладателю.;только для наружного применения.
99000074154;DELTA PARFUM Beauty & Glow Boom Fantastic;туалетная вода;;390;390;https://goldapple.ru/99000074154-beauty-glow-boom-fantastic;2.0;Экзотическая смесь верхних нот аромата создает легкую и освежающую атмосферу.В основе лежит изысканный цветочный букет, придающий композиции нежность и утонченность.В шлейфе остаются теплые древесные ноты.;Наносить на сухую кожу.
19000222798;NICOLAI PARFUMEUR-CREATEUR PARIS EAU DE YUZU;туалетная вода;Франция;7214;6492;https://goldapple.ru/19000222798-eau-de-yuzu;2.0;Глоток живительной прохлады, обещающий по-настоящему бодрящие и искрящиеся радостные дни. Коллекция EAU FRAÎCHE предлагает приятные и легкие освежающие воды с длинным шлейфом, который словно играет на солнце. Eau de Yuzu — это чудесная прогулка по изысканным японским садам. Древесный аккорд пачули, гваяка и ветивера структурирует композицию и сохраняет летучесть цитрусовых и водных нот, создавая свежий и мощный шлейф. Чистая и свежая композиция.;
19000449106;LERBOLARIO Verbena;туалетная вода;Италия;3798;3418;https://goldapple.ru/19000449106-verbena;2.0;Туалетная вода Verbena — это совершенное сочетание энергии, умиротворения и свежести, напоминающее весенний букет, который пробуждает чувства. Чарующие лимонные ноты создают завораживающий аромат, даря ощущение бодрости и гармонии. Аромат для мужчин и женщин, где верхние аккорды бергамота и мате словно приветствуют и готовят к встрече с другими нотами, а композиция из красной розы и чёрного чая придаёт аромату романтичность и стойкость. При этом базовые аккорды ванили и янтаря формируют парфюмерную композицию. Дерматологически протестировано. Не тестируется на животных. Не содержит ингредиентов животного происхождения. Не содержит тяжёлых металлов. Экологичная упаковка FSC®.;Туалетную воду нужно распылять с расстояния 10–15 см на пульсирующие точки тела: запястья, сгибы локтей, ямку между ключицами, область за ушами, основание шеи у корней волос.  Достаточно одного нажатия на спрей, чтобы аромат раскрылся, но не стоит его растирать: это может нарушить последовательность проявления нот.
19000438126;CITY FUNNY Little Panda;туалетная вода;Россия;477;424;https://goldapple.ru/19000438126-little-panda;2.0;Добрая и милая City Funny Little Panda станет настоящим верным другом и лучшим спутником в мире радости и сладкой беззаботности. Искристый аромат тутти-фрутти, сочные ноты клубники, яблока, аппетитной сливочной карамели и фруктового мармелада поднимают настроение, дарят чувство легкости и полета! Выше и выше к сахарным облакам!;Нанести на шею, запястье, локтевые сгибы.
19000327440;YVES ROCHER Rose;туалетная вода;Франция;3790;3032;https://goldapple.ru/19000327440-rose;2.0;Парфюмеры Марки Ив Роше очень точно передали всю утонченную свежесть только что распустившейся Розы. Прогулка по нашему Ботаническому Саду в Ля Гасийи, в Бретани дарит истинное удовольствие. Аромат полураскрытого бутона Розы, свежесть листа Вербены, бодрящая свежесть Зеленого Чая, гармония цветущей Жимолости. Коллекция свежих ароматов Ив Роше снова и снова дарит вам подлинное счастье, позволяя вновь пережить мгновения чудесных прогулок на лоне Природы.;Наносите на точки пульса, либо распылите перед собой и войдите в облако аромата
19000406583;DAVID BECKHAM Instinct;туалетная вода;Испания;1945;1750;https://goldapple.ru/19000406583-instinct;2.0;David Beckham Instinct Eau de Parfum - это воплощение элегантности и уверенности, созданное для современного мужчины. Бренд David Beckham известен своим стилем и харизмой, что отражается в каждом аромате. Instinct был разработан, чтобы подчеркнуть природную привлекательность и уверенность своего обладателя.  Этот аромат принадлежит к семейству ароматических фужеров и сочетает в себе свежие и пряные ноты. Верхние ноты бергамота, грейпфрута и листа мандарина создают бодрящий старт, который переходит в сердце из звездчатого аниса, кардамона и пимента. Базовые ноты ветивера, пачули и белого янтаря придают аромату глубину и стойкость.  Флакон выполнен в элегантном минималистичном стиле, а на его основании выгравирован сверкающий бриллиант, напоминающий о важности следовать своим инстинктам. Этот аромат идеально подходит для уверенных в себе мужчин, которые ценят стиль и индивидуальность.;Распылите с расстояния 20-30 см на чистую кожу или одежду, избегая области лица. Для более легкого аромата распылите в воздух и войдите в облако.
19000273262;CALVIN KLEIN ETERNITY;туалетная вода;Франция;7400;6290;https://goldapple.ru/19000273262-eternity;2.0;Пряная и теплая композиция аромата Eternity For Men от Calvin Klein ассоциируется с домашним теплом, уютом и спокойствием.  Этот аромат создает образ состоятельного мужчины, который уже многого добился: сделал карьеру, построил дом, создал крепкую и счастливую семью.  Теперь ему самое время наслаждаться достигнутым, не сбавляя оборотов.  С первых нот фужерный аромат дарит свежесть и приятную тревожность. Прохлада лаванды, вкрапление мандарина, бергамота и лимона создают такое первое, запоминающееся впечатление.  «Характер» аромата формируют пряные кориандр и базилик, сладкая и томная белая лилия, терпкие и бальзамические плоды можжевельника, нежно-резкий жасмин.  До конца дня в шлейфе благоухает сандал, который имеет деликатный и нежный запах без резких и приторных вкраплений.  Запах сандала постепенно нарастает, раскрываясь на протяжение всего дня. Он перекликается с землистым и древесным ветивером, изысканной амброй и палисандром, дарящим тонкий запах свежесрезанной розы.;Нанесите аромат на пульсирующие зоны. Только для наружного применения.  Избегайте попадания в глаза. Не используйте в случае индивидуальной непереносимости одного из ингредиентов или в случае поврежденной кожи.
19000294046;TOUS Man Chill;туалетная вода;Испания;7100;4615;https://goldapple.ru/19000294046-man-chill;2.0;Чувствовать себя свободным и наслаждаться свежим воздухом - вот что такое новый аромат TOUS. Лучшая компания для приключений, оазис свежести для настоящего мужчины.  Нет ничего более освежающего на солнце, чем Tous Man Chill, древесно-цитрусово-фужерный коктейль. Рецепт прост: начните с экзотического лайма, добавьте тропический оттенок кардамона и дополните черным перцем, который всегда заряжает энергией. Продолжите с нотами лаванды и розмарин, затем посыпьте мускатным орехом. Завершите коктейль нотами пачули, ветивера и амбры. Ваш освежающий коктейль готов.;Средство предназначено для наружного применения с целью придания приятного аромата. Нанести аромат на кожу.
19000427086;BROCARD Café gourmand frosted red currant;туалетная вода;Россия;496;446;https://goldapple.ru/19000427086-cafe-gourmand-frosted-red-currant;1.8;Хрустяще-обжигающая прохлада и сочный ароматный взрыв летних вкусов: яркие листья мяты и грейпфрут, нежные красная смородина, лесная земляника и малина. В шлейфе – аромат варенья из розовых лепестков, ваниль и засахаренные фиалки. Парфюмер: Кристель Эро.;Только для наружного применения. Распылять  на кожу/волосы с расстояния 10-15 см
99000070827;DELTA PARFUM Intimate Clair;туалетная вода;;500;500;https://goldapple.ru/99000070827-intimate-clair;1.8;Чувственный и мягкий аромат, который окутает аурой нежности и привлекательности. Благодаря легкости и ненавязчивости, его можно использовать в любой ситуации и в любое время суток. Верхние ноты туалетной воды представлены аккордом цветов персика с зеленой сиренью. В сердце композиции – красный пион, зеленый чай и петитгрейн, придающие композиции сияние. Базовые ноты имеют характерный чарующий шлейф амбры, мускуса, китайского османтуса и белого ливанского кедра.;Наносить на сухую кожу.
99000056076;ROBOYS Milky Way;туалетная вода;;945;756;https://goldapple.ru/99000056076-milky-way;1.8;Дарите своему Ребенку радость и приятный аромат с помощью детского парфюма! Мы предлагаем вам нашу коллекцию, широкий выбор ароматов, от свежих и фруктовых до более терпких и мужественных.;Распылить на расстоянии 10-20 см. от тела.
19000333246;COMPTOIR SUD PACIFIQUE Lime Tropical;туалетная вода;Франция;5880;3822;https://goldapple.ru/19000333246-lime-tropical;1.6;На окраине острова в Южной части Тихого океана лимонная роща источает свои чарующие ароматы среди пышных джунглей. Туалетная вода Lime Tropical из коллекции Jardins Pop представляет аромат, ольфакторная композиция которого раскрывается зелеными нотами цитрусовых, древесины, специй и ароматических трав. Пикантная живость цитрусовых с лаймом в качестве основной ноты, сопровождаемая оттенками цитрона и цедры грейпфрута, сочетается с ароматическими эссенциями вербены и эстрагона и пряной свежестью кардамона.  В базе древесные нюансы кедра и гваякового дерева сливаются с дубовым мхом, оставляя элегантный и мощный шлейф.;Только для наружного применения.
99000037402;DELTA PARFUM Maxx Man Ocean;туалетная вода;;1110;1110;https://goldapple.ru/99000037402-maxx-man-ocean;1.6;Туалетная вода MAXX MAN OCEAN дарит своему обладателю чувство прохлады. Такого эффекта дизайнерам удалось добиться благодаря удачному подбору составляющих аромата.  В начальных нотах парфюма царят аристократичный бергамот, чуть высокомерный грейпфрут и сочный мужественный гедион.  Нотку чувственности привносят в аромат жгучий перец, пряный кардамон и экстракт даваны. Завершает симфонию классическая мужская композиция из ладана, кедра и ветивера.  Такое сочетание ингредиентов туалетной воды MAXX MAN OCEAN позволило слить воедино мужественность и свежесть, утонченную элегантность и силу.;
19000333245;COMPTOIR SUD PACIFIQUE Lime Tropical;туалетная вода;Франция;2840;2130;https://goldapple.ru/19000333245-lime-tropical;1.38;На окраине острова в Южной части Тихого океана лимонная роща источает свои чарующие ароматы среди пышных джунглей. Туалетная вода Lime Tropical из коллекции Jardins Pop представляет аромат, ольфакторная композиция которого раскрывается зелеными нотами цитрусовых, древесины, специй и ароматических трав. Пикантная живость цитрусовых с лаймом в качестве основной ноты, сопровождаемая оттенками цитрона и цедры грейпфрута, сочетается с ароматическими эссенциями вербены и эстрагона и пряной свежестью кардамона.  В базе древесные нюансы кедра и гваякового дерева сливаются с дубовым мхом, оставляя элегантный и мощный шлейф.;Только для наружного применения.
19000146940;MANOUSH Bohemian Sun;туалетная вода;;4700;3525;https://goldapple.ru/19000146940-bohemian-sun;1.2;Bohemian Sun, или бесконечное лето...  Этот вдохновляющий аромат заставляет задуматься о путешествиях и переносит в земной рай.  Пусть солнечные аккорды аромата унесут вас на далекие солнечные пляжи, где царит экзотика. Пусть ваша кожа наполнится теплым, чувственным и восхитительным ароматом.;Средство предназначено для наружного применения с целью придания приятного аромата. Нанести аромат легким движением на внутреннюю сторону запястья, за уши и на шею.
19000428745;BVLGARI Omnia Amethyste;туалетная вода;Италия;11112;8889;https://goldapple.ru/19000428745-omnia-amethyste;1.0;Чувственный цветочный аромат Omnia Amethyste – это парфюмерное воплощение чарующей игры света на гранях блестящего аметиста. В композиции BVLGARI из коллекции Omnia, посвященной благородной красоте драгоценных камней, ярко сияют ноты ириса, гелиотропа и роз, ласково тронутых свежей утренней росой. Этот аромат, напоминающий об уникальном оттенке аметиста, переносит в благоухающий, цветущий сад и окутывает дымкой пудровой нежности.;
19000181600;PRIME COLLECTION Collection Marconi;туалетная вода;Франция;3490;2268;https://goldapple.ru/19000181600-collection-marconi;1.0;С первых нот вы ощутите заряд бодрости и свежести цитрусов , затем окунётесь в блаженство дуэта лаванды и ананаса и в финале ощутите вкус победы, окруженный нотами дубового мха. Prime Collection Marconi поможет вам создать образ победителя, который всегда настроен на борьбу за свое место под солнцем. Это идеальный парфюм для безупречного городского стиля.;Распылять на кожу с расстояния 20-30 см.
19000457279;GALVANOLIORI Aqua sky;туалетная вода;Россия;850;637;https://goldapple.ru/19000457279-aqua-sky;1.0;Аромат-уверенность, аромат-свежесть. Морские ноты и цитрусовое продолжение, для обладателя и деятеля, у кого приоритет — цель и движение. Энергичное начало, триумф победы, власть и полная убежденность в успехе. Сила особого случая и каждодневные подвиги, бодрость дня и вечерний отдых.;Распылить небольшое количество парфюмерной воды на кожу с расстояния 20-30 см.
19000210895;KARL LAGERFELD Pour homme eau de toilette;туалетная вода;Франция;7209;5767;https://goldapple.ru/19000210895-pour-homme-eau-de-toilette;1.0;Классический мужской аромат KARL LAGERFELD отражает минималистичный шик и вневременную элегантность, присущую бренду. Тон композиции задают яркий, бодрящий мандарин и утонченная свежесть лаванды.  Искрящуюся ноту зеленого яблока смягчает деликатная фиалка, а кремовый сандал и чувственная амбра добавляют соблазнительную грань этой сбалансированной и уместной для любого случая туалетной воде.;Только для наружного применения.
19000232664;BUGATTI Signature Petrol;туалетная вода;Германия;7010;5958;https://goldapple.ru/19000232664-signature-petrol;1.0;Цвет морской волны: Классический синий цвет мужской цветовой палитры насчитывает множество оттенков. В этом сезоне сине-зелёный цвет (цвет морской волны) пользуется большой популярностью в дизайне интерьеров. Микс синего и зеленого создает современное цветовое решение на полке с ароматами. Он напоминает о просторах океана и в то же время излучает уютное тепло. Bugatti Signature Petrol обладает элегантностью и впечатляет своей глубиной - это что-то мистическое.;Нанести на кожу, избегая попадания в глаза. Не для пищевых целей. Только для наружного применения.
8436038834423;TOUS Sport;туалетная вода;;7100;4970;https://goldapple.ru/8436038834423-man-sport;1.0;Синий металлик упаковки передает свежесть. Черная рамка добавляет остроты, цвет флакона демонстрирует градиент от синего к черному цвету с металлическими деталями. Никогда прежде аромат не передавал так  современность  и молодость!;Средство предназначено для наружного применения с целью придания приятного аромата. Нанести аромат на кожу.
19000308587;GEPARLYS Xchange Unlimited;туалетная вода;Франция;2400;2400;https://goldapple.ru/19000308587-xchange-unlimited;1.0;Элегантная парфюмерная вода для мужчин с древесным ароматом от французского бренда Caren Low. Классический насыщенный аромат обладает  настоящим мужским характером, обаятельным и бескомпромиссным, страстным и обезоруживающим, где нет места лишним сентиментам и «сладкой» игривости.;Распылять на участки тела в желаемом количестве.
19000457274;GALVANOLIORI Floral white;туалетная вода;Россия;750;562;https://goldapple.ru/19000457274-floral-white;1.0;Аромат-цветочная феерия, аромат-соблазн. Для женщины-чувства, для женщины-порыв. Аромат цветочного потрясения, унесенного вдоль прибоя свежим ветром. Для ярких образов солнечных дней, переходящих в томный вечер.;Распылить небольшое количество парфюмерной воды на кожу с расстояния 20-30 см.
19000412917;PENHALIGON'S Lily of the valley;туалетная вода;Франция;19800;19800;https://goldapple.ru/19000412917-lily-of-the-valley;1.0;Современная классика, аромат, который был создан в 1976 году. Сладкий и свежий, изящный, цветочный и очень утонченный.  Он открывается теплыми, мягкими нотами цитрусовых и бергамота и очаровывает кремовым белым сердцем, наполненным аккордами розы, иланг-иланга, жасмина и ландыша.  Сандаловое дерево и дубовый мох усиливают звучание аромата, добавляя ему стойкости.  Представьте нежный ландыш, раскачивающиеся на лесной поляне на краю реки, где деревья своими кронами касаются голубого неба.  Это классический ландыш, но интерпретация от Penhaligon's поразительно современна и способна бесконечно очаровывать. На разной коже аромат способен раскрываться по-особенному: он может «играть» травянистыми оттенками или оказаться поразительно «белоснежным» и чистым, очень элегантным. Ландыш всегда ассоциируется с весенним месяцем маем, а на языке цветов он символизирует возвращение счастья.;Нанести на кожу, избегая попадания в глаза.Для более полного раскрытия аромата рекомендуется нанести его на точки пульса на шее, зоне декольте и запястьях.
19000428751;BVLGARI POUR HOMME;туалетная вода;Италия;9437;7077;https://goldapple.ru/19000428751-pour-homme;1.0;Туалетная вода BVLGARI POUR HOMME — приятный и освежающий древесно-цветочный аромат, олицетворяющий безмятежность и стремление к гармонии. Естественная зелень листьев чая дарджилинг сочетается с успокаивающим оттенком аккорда мускуса.  Парфюмер — Jacques Cavallier. Элегантный флакон в стиле минимализма отражает свежесть и спокойствие нот. Его прозрачная форма символизирует гармонию, лежащую в основе композиции, приглашает испытать чувство внутренней защищенности.;
19000448661;CHRISTINE LAVOISIER PARFUMS Wild Born To Win;туалетная вода;Россия;895;805;https://goldapple.ru/19000448661-wild-born-to-win;1.0;Вдохновляющий аромат для настоящих победителей! Аромат, который воплощает в себе уверенность, силу и решимость покорять любые вершины. Его смелая композиция с древесно-пряными нотами создана специально для мужчин, которые не боятся бросать вызов и стремятся к новым достижениям. Верхние ноты бодрящей лаванды, освежающей мяты и цитрусового бергамота наполняют энергией и готовят к покорению любых высот. Ноты сердца кардамона, корицы и бобов тонка привносят глубину и харизму, отражая внутреннюю силу и решимость. Теплый шлейф из мускуса, меда и ванили окутывает уверенностью и подчеркивает природное благородство. Wild Born To Win — аромат для победителей, которые не боятся идти к своей цели. Сочетание мужественности, воплощение духа лидерства и целеустремленности.;Нанести на шею, запястье, локтевые сгибы.
19000348882;ADRIANO DOMIANNI  Notte;туалетная вода;Россия;1079;809;https://goldapple.ru/19000348882-notte;1.0;Чувственный и глубокий мужской аромат Notte неподвластен времени. Своим звучанием он воплощает непринужденную элегантность, подчеркнутую насыщенным и выразительным шлейфом.  Притягательная ночная атмосфера передана в изысканной композиции, объединившей древесные и фужерные аккорды. Она открывается бодрящей свежестью мандарина, гармонично дополненной тонкими ароматическими тонами мускатного шалфея. В сердце туалетной воды заключен соблазнительный дуэт из нот карамели и бобов тонка. Мужественная и многогранная нота ветивера эффектно завершает аромат в финале его раскрытия.  Notte – парфюмерное воплощение стиля и уверенности в себе.;Только для наружного применения.
19000448529;CITY PARFUM City sexy like me;туалетная вода;Россия;812;730;https://goldapple.ru/19000448529-city-sexy-like-me;1.0;Модный, современный, яркий City sexy like me – твой новый аромат, который соберет тысячи лайков! Заяви о себе!  Сочные нотки арбуза, спелой груши и прохладные акватические аккорды зарядят энергией, и твой образ станет еще притягательнее.  Сладкое пралине и мягкая амбра в «шлейфе» вдохновят окружающих следовать за тобой! Семейство ароматов: фруктовые.;Нанести на шею, запястье, локтевые сгибы.
19000210920;ROCHAS Eau de citron soleil;туалетная вода;Франция;10348;9313;https://goldapple.ru/19000210920-eau-de-citron-soleil;1.0;Средиземноморское побережье, солнечный день, отдых в тени лимонного дерева – в эту беззаботную атмосферу переносит освежающий и нежный аромат ROCHAS, который переливается от легкой свежести к тонкой и чувственной сладости.  Парфюмерная ода солнцу начинается с яркой, искрящейся ноты лимона, украшенной мягким звучанием нероли и листьев инжира. Чувство свободы и беззаботности усиливают изысканный цветок апельсина и бархатистые лепестки розы.  Композиция мягко окутывает ощущением легкости и радости благодаря базовым древесным нотам, мускусу и теплому аккорду амбры.;Распылите с расстояния 20-30 см.
19000453078;EMPER Aroma de acqua;туалетная вода;ОАЭ;1710;1453;https://goldapple.ru/19000453078-aroma-de-acqua;1.0;Свежий древесно-амбровый аромат дарит заряд бодрости и сил. Верный современной мужской элегантности, парфюм открывается энергией цитрусов и бергамота.  Ноты сердца приятно удивят и порадуют благородными ароматами кориандра, жасмина, ландыша, а также морскими аккордами.  Дополняет их насыщенный шлейф, излучающий ноты ветивера, теплой амбры и дубового мха. Aroma De Acqua окутает своего обладателя магнетизмом и роскошью.;Распылять на кожу с расстояния 15 см.
19000222799;NICOLAI PARFUMEUR-CREATEUR PARIS EAU d'ÉTÉ;туалетная вода;Франция;18296;10977;https://goldapple.ru/19000222799-eau-d-ete;1.0;Глоток живительной прохлады, обещающий по-настоящему бодрящие и искрящиеся радостные дни. Коллекция EAU FRAÎCHE предлагает приятные и легкие освежающие воды с длинным шлейфом, который словно играет на солнце. Шипучая, искрящаяся Eau d’Été — сладкий лайм с корицей, грейпфрут и лепестки жасмина, парящие в воздухе. Капля свежести в летнюю жару. Первая освежающая вода, созданная Патрисией де Николаи для коллекции.;
19000449099;LERBOLARIO Calabrian Citron;туалетная вода;Италия;3798;3418;https://goldapple.ru/19000449099-calabrian-citron;1.0;Туалетная вода Calabrian Citron с ароматом, подобным утреннему воздуху: свежий, лёгкий и полный жизненной энергии. Цитрусовые ноты придают ему пикантность, а завершающий ванильный аккорд создаёт мягкое, уютное послевкусие. Этот изысканный аромат создан, чтобы покорять мужские сердца и очаровывать чувства женщин. Его композиция раскрывается свежими цитрусовыми аккордами лимона и бергамота, которые переплетаются с цветочными нотами май чанга, розового перца, лаванды и жасмина в сердце. Завершающий аккорд создают тёплый шлейф белого мускуса и нежной ванили, делая аромат поистине чарующим и незабываемым. Дерматологически протестировано. Не тестируется на животных. Не содержит ингредиентов животного происхождения. Не содержит тяжёлых металлов.;Туалетную воду нужно распылять с расстояния 10–15 см на пульсирующие точки тела: запястья, сгибы локтей, ямку между ключицами, область за ушами, основание шеи у корней волос.  Достаточно одного нажатия на спрей, чтобы аромат раскрылся, но не стоит его растирать: это может нарушить последовательность проявления нот.
19000326810;GARNIR Werther;туалетная вода;Республика Корея;4716;2358;https://goldapple.ru/19000326810-werther;1.0;«Порой мне непонятно, как может и смеет другой любить ее, когда я так безраздельно, так глубоко, так полно ее люблю, ничего не знаю, не ведаю и не имею, кроме нее!»  Бывает так, что любовь надолго остается в сердце, не получая отдачи. Для главного героя из «Страдания юного Вертера» Иоганна Вольфганга Гёте любовь была всем, но никто не понимал его. Чтобы доказать чистоту своего сердца, Вертер выбрал трагичную развязку — глупое решение для других, но самое прекрасное для него.  Туалетная вода WERTHER — аромат, который напоминает о теплой симпатии, сострадании к герою и следе его чистейшей любви. Сладкая нота бергамота раскрывается в старте композиции, символизируя судьбоносную встречу с женщиной.  Затем ноты гвоздики и аниса передают теплоту, переходящую в грусть и безысходность из-за неразделенной любви.  В завершение ноты ириса и ванили символизируют попытку сохранить искренние чувства, которая приводит к печальному финалу.;Только для наружного применения.
19000264124;GOURMAN №2;туалетная вода;Россия;969;872;https://goldapple.ru/19000264124-no2;1.0;Туалетная вода с феромонами «Gourman 2» (Гурман №2) Композиция аромата: Бергамот, Черная смородина, Мята, дыня, Капучино, Мускатный орех, Зеленое яблоко, Кардамон, Морская вода, Амбра, Древесные ноты.;
19000404804;DAVIDOFF Cool Water Reborn;туалетная вода;Франция;5500;4125;https://goldapple.ru/19000404804-cool-water-reborn;1.0;Davidoff - это символ свежести и элегантности, известный своими культовыми ароматами, которые подчеркивают мужественность и уверенность. Туалетная вода Cool Water Reborn - это современная интерпретация классического аромата, созданная для динамичных и уверенных в себе мужчин. Парфюмер вдохновлялся силой природы и океанскими бризами, чтобы создать этот уникальный аромат. Cool Water Reborn раскрывается свежими верхними нотами бергамота и лимона, которые плавно переходят в сердце из лаванды и розмарина. Базовые ноты сандалового дерева и мускуса придают аромату глубину и стойкость. Этот аромат ассоциируется с энергией и свободой, идеально подходит для активных мужчин, стремящихся к новым открытиям. Преимущества Cool Water Reborn заключаются в его стойкости и универсальности, что делает его идеальным выбором как для повседневного использования, так и для особых случаев. Этот аромат подчеркнет вашу индивидуальность и оставит незабываемое впечатление.;Распылите с расстояния 20-30 см на точки пульса, такие как запястья и шея, или создайте ароматное облако и войдите в него для более легкого и равномерного нанесения.
19000232661;BUGATTI Signature Black;туалетная вода;Германия;7010;5958;https://goldapple.ru/19000232661-signature-black;1.0;Семейство ароматов: ароматические, восточные, травянистые. Верхние ноты: бергамот   черный перец   перец Ноты сердца: кедровое дерево   шалфей Базовые ноты:  бобы тонка   амбра   какао;Нанести на кожу, избегая попадания в глаза. Не для пищевых целей. Только для наружного применения.
99000037395;DELTA PARFUM Maxx Man Aquatic;туалетная вода;;1110;1110;https://goldapple.ru/99000037395-maxx-man-aquatic;1.0;"Туалетная вода мужская Maxx Man Aquatic  создан по мотивам Acqua di Gio Giorgio Armani.  Семейство ароматов: фужерные, водяные;";
19000449097;LERBOLARIO Ambraliquida;туалетная вода;Италия;3798;3418;https://goldapple.ru/19000449097-ambraliquida;1.0;Туалетная вода Ambraliquida оставляет на коже нежный след, отличается разнообразием ароматов: пудровыми, мускусными и ванильными, с древесными нотками. В ней сливаются природные смолистые нотки с ароматами ценных пород дерева, дополняясь тёплыми и чувственными оттенками амбры, создавая изысканное и обволакивающее звучание, которое остаётся на коже, словно лёгкий флёр таинственности и роскоши. Созданный для того, чтобы покорять вкусы мужчин и обольщать чувства женщин, этот парфюм раскрывается в верхних нотах бергамотом, прованской розой, листьями герани и бурбоном, в сердце — нотами дерева гуаякан, кедрового дерева, пачули и сандалового дерева, а в базовых — нотами сиамского бензоина, амбрового дерева и бурбонской ванили. Этот аромат словно переносит в таинственные измерения, где каждый аккорд рассказывает свою уникальную историю. Дерматологически протестировано. Не тестируется на животных. Не содержит ингредиентов животного происхождения. Не содержит тяжёлых металлов. Экологичная упаковка FSC®.;Туалетную воду нужно распылять с расстояния 10–15 см на пульсирующие точки тела: запястья, сгибы локтей, ямку между ключицами, область за ушами, основание шеи у корней волос.  Достаточно одного нажатия на спрей, чтобы аромат раскрылся, но не стоит его растирать: это может нарушить последовательность проявления нот.
19000232738;TOM TAILOR Pure for her;туалетная вода;Германия;3968;3372;https://goldapple.ru/19000232738-pure-for-her;1.0;Каждому из нас иногда хочется взять небольшой тайм-аут в суете повседневной жизни.  Сконцентрироваться на главном и просто отдохнуть:  С TOM TAILOR PURE мы можем расслабиться, задержаться на мгновение и позволить своим мыслям рассеяться. Новая серия ароматов позволяет сознательно в полной мере насладиться моментом, помогая нам сохранить внутренний баланс.  Ни слишком много, ни слишком мало - просто совершенство.  В центре внимания - возвращение к сути жизни.  Новый легкий аромат TOM TAILOR PURE с его энергичным звучанием символизирует драгоценные моменты счастья, спокойствия и осознанного образа жизни - подлинного, неподдельного и просто чистого. Семейство ароматов: шипровые – цветочные. Верхние ноты: бергамот, роза, флёрдоранж. Ноты сердца: жасмин, мускус, амбра. Базовые ноты: ветивер, ваниль, пачули.;Нанести на кожу, избегая попадания в глаза. Не для пищевых целей. Только для наружного применения.
19000062920;EQUIVALENT H006;туалетная вода;;2390;1673;https://goldapple.ru/19000062920-h006;0.8;Пряные травы композиции приглашают нас за собой, незаметно утягивая на узкие улочки Прованса - удивительно-бархатистая лаванда в дуэте с кардамоном очаровывает, заставляя вдыхать полной грудью воплощение свежести. База из дубового мха и белого мускуса строит фундамент мужественности, на котором выше закрепляются свежесть грейпфрута с остринкой розового перца и томностью бергамота.  H006 - это про свежесть, про искристость жизни и бурлящую энергию жить.;Парфюм всех типов наносится на чистую, слегка увлаженную кожу.
19000308584;GEPARLYS Pure Oceanic;туалетная вода;Франция;2400;2400;https://goldapple.ru/19000308584-pure-oceanic;0.8;Элитная мужская туалетная вода с фужерно-пряным древесным ароматом, выпущенная в 2018 году французским парфюмерным брендом Karen Low. Свежий, яркий и дерзкий аромат создан для энергичных, стильных современных мужчин, истинных завоевателей и активных путешественников, которым присущи романтизм и жажда приключений.;Распылять на участки тела в желаемом количестве.
19000232703;JEANNE EN PROVENCE BOIS D'OLIVIER & CADE;туалетная вода;Франция;3082;2311;https://goldapple.ru/19000232703-bois-d-olivier-cade;0.8;Этот аромат передает дух Прованса: оливковое дерево и можжевельник придают ему свежие и травянистые нотки. А ароматические ноты: лимона, лавандина, кедра, полыни и бергамота привносят средиземноморское звучание.;Нанести на кожу, избегая попадания в глаза. Не для пищевых целей. Только для наружного применения.
19000396687;TOUS 1920 The Origin;туалетная вода;Испания;7200;5040;https://goldapple.ru/19000396687-1920-the-origin;0.6;Эта темно-синяя рубашка поло, серые брюки и стальные часы тебе подойдут. Пока я смотрю на тебя, мне интересно… Каждый раз, когда ты рядом я чувствую аромат вечного лета, я вспоминаю наши путешествия.  Масло  грейпфрута, масло шалфея, кардамон и мы снова на Барбадосе .Остров, где как гласит легенда, от помеси сладости апельсина и горечи лимона, был рожден грейпфрут.  Корица, масло герани. Как насчет Шри Ланки?  Там растет корица и только там можно познать бесконечность горизонта на пляже Бентота.  Масло ветивера, амбра, аккорд гваякового дерева – и мы танцуем танго на закате в Аргентине. Путешествуйте с новым ароматом Tous.;Средство предназначено для наружного применения с целью придания приятного аромата. Нанести аромат на кожу.
19000449101;LERBOLARIO Frangipani;туалетная вода;Италия;3798;3418;https://goldapple.ru/19000449101-frangipani;0.6;Туалетная вода Frangipani — это глубокое стремление к эмоциям, дарующим наслаждение и радость. В аромате гармонично сочетаются цветочные ноты франжипани, которые находятся в центре композиции. Их дополняет свежий цитрусовый аккорд, созданный из мандарина и бергамота. Тёплые оттенки кедрового дерева и амбры придают композиции особую глубину и уют. Дерматологически протестировано. Не тестируется на животных. Не содержит ингредиентов животного происхождения. Не содержит тяжёлых металлов. Экологичная упаковка FSC®.;Туалетную воду нужно распылять с расстояния 10–15 см на пульсирующие точки тела: запястья, сгибы локтей, ямку между ключицами, область за ушами, основание шеи у корней волос.  Достаточно одного нажатия на спрей, чтобы аромат раскрылся, но не стоит его растирать: это может нарушить последовательность проявления нот.
19000300672;EL GANSO Tartan Calling;туалетная вода;Испания;7490;4868;https://goldapple.ru/19000300672-tartan-calling;0.6;Веселье начинается с сочных и пряных нот яблока и мандарина в сочетании с кардамоном и можжевельником. Ноты тимьяна и герани сливаются воедино, дополняя сандаловое дерево. На заднем плане пачули вместе с ванилью и бобами тонка уступают место шерстяному аккорду, который он разделяет с La Vie en Tartan, но здесь он более амбровый.;Средство предназначено для наружного применения с целью придания приятного аромата. Нанести аромат легким движением на внутреннюю сторону запястья, за уши и на шею. Не втирать.
19000232704;JEANNE EN PROVENCE LAVANDE & VETIVER;туалетная вода;Франция;3082;2311;https://goldapple.ru/19000232704-lavande-vetiver;0.6;Ароматический, мужской и бодрящий аромат. Как свежий и бодрящий ветер Прованса, этот аромат представляет собой тонизирующую и ароматическую смесь натуральных масел лаванды и лавандина, ветивера, горького апельсина из Грасса, розмарина и шалфея.;Нанести на кожу, избегая попадания в глаза. Не для пищевых целей. Только для наружного применения.
19000449098;LERBOLARIO Black tea;туалетная вода;Италия;3798;3418;https://goldapple.ru/19000449098-black-tea;0.6;Туалетная вода Black Tea — это интригующий аромат, в котором тонко сочетается вкус чёрного чая с цветочными полутонами красной розы, создавая многогранную и изысканную композицию, которая словно «оживает» на коже. Мягкие, пленительные, обволакивающие и в то же время насыщенные ноты аромата, где в верхних аккордах звучит бергамот и мате, в сердце — чёрный чай и красная роза, а в базе — ваниль и амбра, выделяют неповторимость и создают неизгладимый след как на мужчинах, так и на женщинах, оставляя за собой стойкий и запоминающийся аромат. Дерматологически протестировано. Не тестируется на животных. Не содержит ингредиентов животного происхождения. Не содержит тяжёлых металлов. Экологичная упаковка FSC®.;Туалетную воду нужно распылять с расстояния 10–15 см на пульсирующие точки тела: запястья, сгибы локтей, ямку между ключицами, область за ушами, основание шеи у корней волос.  Достаточно одного нажатия на спрей, чтобы аромат раскрылся, но не стоит его растирать: это может нарушить последовательность проявления нот.
19000204721;CARRERA Jeans 700 ORIGINAL UOMO;туалетная вода;Италия;2300;1610;https://goldapple.ru/19000204721-jeans-700-original-uomo;0.4;"Carrera Jeans 700 Original Uomo - это аромат для мужчин, он принадлежит к группе восточные древесные. Carrera Jeans 700 Original Uomo выпущен в 2016 году. Верхние ноты: Ананас, Яблоко, Черная смородина и Бергамот; средние ноты: Роза, Береза, Пачули и Марокканский жасмин; базовые ноты: Ваниль, Мускус, Серая амбра и Дубовый мох.";Распылять на кожу с расстояния 15см. Не использовать в пищевых целях. Избегать попадания в глаза
19000402061;UNITED COLORS OF BENETTON We are tribe play;туалетная вода;Испания;3340;2839;https://goldapple.ru/19000402061-we-are-tribe-play;0.2;Жизнь — это игра, перейди на новый уровень вместе с Tribe. Что бы ни встречалось на твоём пути, TRIBE — это твоя команда! Те, кто принимают тебя, поддерживают и будут рядом в любой схватке. Они помогут преодолеть все преграды и получать удовольствие от каждого момента. Ты можешь быть уверен в своей победе вместе с TRIBE. WE ARE TRIBE PLAY — это мужской аромат с ароматическим древесно-кожаным звучанием, который передаёт энергию и энтузиазм молодого поколения. Композиция встречает цитрусовым взрывом грейпфрута и имбиря, за которым следуют свежие цветочные ноты гардении, кипариса и лаванды. Базовые аккорды пачули, кедра и кожи создают насыщенный шлейф, подчеркивая смелость и уверенность к новым вызовам. vАроматы United Colors of Benetton созданы с вниманием к окружающей среде: веганские составы, более 95% натуральных ингредиентов, 20% переработанного стекла, упаковка из биоразлагаемой FSC-сертифицированной бумаги.;Нанести на кожу, избегая попадания в глаза.
99000037406;DELTA PARFUM Silver VS;туалетная вода;;425;425;https://goldapple.ru/99000037406-silver-vs;0.2;Туалетная вода мужская BRANDY Silver VS – это превосходный выбор для современного мужчины, стремящегося подчеркнуть свою индивидуальность и стиль.  Этот аромат создан для тех, кто ценит утонченность и элегантность, но при этом не забывает о своей мужественности.  Начальная нота создает впечатление свежести и бодрости, плавно переходя в более глубокие, пряные и древесные аккорды, которые придают аромату стойкость и насыщенность.  Композиция идеально подходит как для повседневного использования, так и для особых случаев, когда необходимо произвести неизгладимое впечатление.;
15750300006;BROCARD Чёрная Смородина и Мята;туалетная вода;;624;561;https://goldapple.ru/15750300006-cernaa-smorodina-i-mata;;Название «Смородина» происходит от древнерусского «смородь» — сильный запах. В народных сказках и песнях «чёрна ягода смородина» — символ женской молодости и красоты. В русских романах и стихах смородиновый куст в тихом саду усадьбы — знак счастливых детских воспоминаний и домашних традиций. Пряный, тёплый, с весёлой кислинкой на кончике языка. Сладость ягод по-летнему лёгкая, а терпкий аромат смородинового листа придаёт своенравную нотку. Смородину оттеняет свежая зелень, мята и деликатная сладость розы. Шлейф уютных садовых запахов неожиданно глубокий, как таинственный сумеречный цвет зрелых ягод. Смородина любит свет и сама будто впитывает себя тепло июльского солнца. В аромате «Чёрная смородина» — безмятежность дачных каникул, когда из всех забот — собрать поспевшие ягоды. И придумать, что с ними сделать: испечь пирог по бабушкиному рецепту, наварить варенья, которое зимой перенесёт прямо в лето, а может, растянуться под душистым смородиновым кустом и съесть кружку сочных ягод прямо сейчас. Парфюмер: Sylvie Fischer (Сильвия Фишер).;Распылять на кожу/волосы с расстояния 10-15 см.
19000365478;DAVID BECKHAM CLASSSIC;туалетная вода;Испания;3755;2065;https://goldapple.ru/19000365478-classsic;;Туалетная вода David Beckham Classic — это утонченный и элегантный аромат для мужчин. Он сочетает в себе свежие цитрусы, пряности и древесные ноты, создавая изысканное звучание, которое излучает уверенность и стиль.;Распылите на пульсирующие зоны: запястья, шею, за ушами и внутренние стороны локтей. Это позволит аромату полностью раскрыться и радовать своим изысканным звучанием в течение всего дня.
19000048039;YOU & WORLD Be Yourself Born to Glow;туалетная вода;;730;474;https://goldapple.ru/19000048039-be-yourself-born-to-glow;;Ты рождена, чтобы блистать и затмевать всех своей красотой! Мерцающий аромат Be Yourself Born to Glow - это твоя яркая история! Вдохновляй, зажигай и делай каждый момент особенным!   Соблазнительная малина, сочные нотки апельсина звучат в композиции с роскошным жасмином, цветами апельсина и томным сандаловым деревом. Чувственный шлейф с нотами ванили, бобов тонка и золотого янтаря никого не оставит равнодушным! Бренд Товара You&World.;нанести на шею, запястье.
19000427089;BROCARD Cafe Gourmand Mille-Feuille;туалетная вода;Россия;496;446;https://goldapple.ru/19000427089-cafe-gourmand-mille-feuille;;В ярком старте композиции Mille-feuille – слива мирабель и красное яблоко. Сладость спелых фруктов, даров лета, утопает в пьянящем аромате дамасской розы и окружении теплых нот ванили, корицы и карамели. В шлейфе – сливочный сандал с легким бальзамическим акцентом. Парфюмер: Виолен Колля.;Только для наружного применения. Распылять  на кожу/волосы с расстояния 10-15 см.
19000157484;MARIE JEANNE GRASSE Brume D'oreiller;туалетная вода;Франция;14500;12325;https://goldapple.ru/19000157484-brume-d-oreiller;;Дымка с натуральными эфирными маслами для улучшения сна. Успокаивающий аромат создаёт чистую и уютную атмосферу.  Вы можете использовать в качестве парфюма для оптимальной релаксации или распылить спрей за 15 минут до сна или же.;Нанести на тело или одежду избегая попадания в глаза.
19000312146;BROCARD Limoncello;туалетная вода;Россия;713;641;https://goldapple.ru/19000312146-limoncello;;Настроение Dolce Vita-искусство жить в моменте и наслаждаться им! Солнечные эмоции, яркие впечатления, волшебные мечты в каждом аромате. Звонкий цитрусовый старт Limoncello мгновенно заряжает отличным настроением. В сердце аромата пикантные ноты калабрийского бергамота и легкая острота ликера сменяются оттенками розмарина и можжевельника, а мускус и ваниль смягчают звучание, создавая уютный шлейф. Парфюмер: Себастьян Мартен (Sebastien Martin);Только для наружного применения. Распылять на кожу/волосы с расстояния 10-15 см.
19000129842;ALAN BRAY Mademoiselle L'Ange;туалетная вода;;1119;693;https://goldapple.ru/19000129842-mademoiselle-l-ange;;Романтичный и немного игривый аромат L’ange создан ,чтобы жизнь заиграла яркими красками. L’ange  - это красота по-французски, что-то неуловимое , наполненное светом, выходящее за рамки прекрасного!;Нанести на шею, запястье,локтевые сгибы.
19000473360;AVON Attraction original for him;туалетная вода;Россия;2419;2177;https://goldapple.ru/19000473360-attraction-original-for-him;;Это та самая искра притяжения. Ваши взгляды встретятся. Мир вокруг словно перестанет существовать. Невидимая сила притянет вас друг к другу, и этому будет невозможно противостоять.;Нанесите небольшое количество средства на запястья, шею, за ушами, избегая попадая в глаза.
19000312137;BROCARD Sparkling Strawberry;туалетная вода;Россия;426;383;https://goldapple.ru/19000312137-sparkling-strawberry;;Клубничный мохито обещает настоящее приключение, немного безумное и непременно романтичное. Вечеринка на диком пляже, прыжок в море с высокого утёса, прогулка под незнакомыми южными звёздами. Пузырьки содовой увлекают за собой прямо в небеса и рассыпаются маленьким фейерверком. Оттенки: капельки цитрусового сока, чистейшая вода. Долька лимона на краю бокала освежает после клубничной сладости. В шлейфе аромата мерцает тёплая нота миндаля в карамели. Парфюмер: Робер Берра;Только для наружного применения. Распылять на кожу/волосы с расстояния 10-15 см.
19000312593;MARC JACOBS DAISY EAU SO FRESH;туалетная вода;Франция;14200;9940;https://goldapple.ru/19000312593-daisy-eau-so-fresh;;Daisy Eau So Fresh Marc Jacobs — этот аромат для женщин, принадлежит к группе цветочные фруктовые. Daisy Eau So Fresh выпущен в 2011 году.;Наносить аромат равномерно на одежду, кожу и волосы.
19000241265;LACOSTE Touch Of Pink;туалетная вода;Франция;10348;9313;https://goldapple.ru/19000241265-touch-of-pink;;Женственный аромат LACOSTE – это парфюмерное выражение естественной, неподдельной и беззаботной чувственности.  Композиция с яркой нотой апельсина, изысканным жасмином и пикантными акцентами идеально дополняет образ непосредственной и независимой женщины, излучающей энергию и магнетизм.  Флакон в розовых тонах подчёркивает непринужденное очарование аромата.;Только для наружного применения.
7190100002;DIOR Fahrenheit;туалетная вода;Франция;10050;10050;https://goldapple.ru/7190100002-fahrenheit;;Уникальное контрастное звучание с мощным, чарующим шлейфом.  Свежие ноты Сицилийского Мандарина и удивительное сочетание мужественной ноты Дерева и Кожи с необычным аккордом Фиалки.;
19000074327;VORONOI Censored;туалетная вода;;6960;6612;https://goldapple.ru/19000074327-censored;;Аромат запретных желаний, вобравший в себя бархатистые древесные ноты и соблазнительность белой амбры. Этот парфюм никого не оставит равнодушным, и позволит обладателю почувствовать свою магнетическую притягательность.;Для нанесения на кожу
19000155809;SISLEY L'Eau Revee d'Aria;туалетная вода;Франция;18960;14220;https://goldapple.ru/19000155809-l-eau-revee-d-aria;;L'Eau Rêvée d’Aria. Если бы этот аромат мог быть танцем, он увлек бы вас на край земли в ритме своих аккордов! Бархатистый шепот османтуса, врывается в хрустальный хор цитрусовых, вооружившись пряной дерзостью имбиря. Ему вторит вкрадчиво-сладкий дуэт  абрикоса и персика, в окружении объятий из теплой ванили, нежного бензоина, тонких кружев пачули и мускуса.  Упаковку туалетной воды украсила художница Эльжбета Радзивилл, а скульптор Бронислав Кшиштоф создал дизайн колпачка флакона.;Наносите туалетную воду на кожу, в зонах пульсации (запястья, шея, локтевой сгиб...) на тёплой коже глубже раскроется вся красота звучания натуральных эссенций.
19000300637;HALLOWEEN Kiss;туалетная вода;Испания;4410;2998;https://goldapple.ru/19000300637-kiss;;Halloween Kiss - это чудная фантазия для лоялистов, ищущих возможность уйти целиком в прелестное пространство, где грезы становятся обыденностью. Осязая удивительный букет этой туалетной воды, вы погружаетесь с головой, своими мыслями и ощущениями в прелестное измерение исполнения желаний. Верхними нотами, данного аромата являются: груша, арбуз, апельсин, бергамот и фиалка. Сердцем явились: орхидея, пион, гардения и фрезия. Ноты шлейфа воплощают пачули, бобы тонка, ваниль и тиковое дерево.;Средство предназначено для наружного применения с целью придания приятного аромата. Нанести аромат легким движением на внутреннюю сторону запястья, за уши и на шею. Не втирать.
19000473382;AVON Fullspeed boost;туалетная вода;Россия;1939;1745;https://goldapple.ru/19000473382-fullspeed-boost;;Найди свой источник энергии с ароматом, который бодрит и помогает сосредоточиться на самом главном благодаря смеси ароматных перцев, бодрящему маслу сицилийского красного апельсина и подчеркивающему его шлейфу амброксана.;Нанесите небольшое количество средства на запястья, шею, за ушами, избегая попадания в глаза.
19000122336;HELLO KITTY CHERRY CREAM;туалетная вода;;858;609;https://goldapple.ru/19000122336-cherry-cream;;Туалетная вода Hello Kittty- это ода нежной и радостной юности, которую парфюмеры, будто особенные волшебники, поместили во флакон. Некоторые могут обмануться названием данного аромата и посчитать, что его создали для совсем юной аудитории, но это не совсем так… Мы уверены - многие молодые девушки захотят ощутить, как это быть частью волшебного мира Hello Kitty, как верить в добрые сказки.  Ноты: вишня, малина, мандарин, маршмеллоу, гардения, орхидея, ваниль, сандал, мускус. Сочный, ягодный, сладкий и одновременно свежий- аромат поднимающий настроение!;Парфюм всех типов наносится на чистую, слегка увлаженную кожу.
19000048037;YOU & WORLD About You Fancy for her;туалетная вода;;885;796;https://goldapple.ru/19000048037-about-you-fancy-for-her;;ABOUT YOU Fancy for her  «Ты знаешь всё о модных трендах? Детская непосредственность, неиссякаемый оптимизм и жизнелюбие  – твой девиз? Аромат About You Fancy просто создан для тебя!» Бренд Товара You&World.;нанести на шею, запястье.
19000439064;BUGATTI Performance Intense black;туалетная вода;Германия;6000;5100;https://goldapple.ru/19000439064-performance-intense-black;;Магия интенсивности - Bugatti performance intense black - это не только незабываемый, мужественный мужской аромат, но и яркое ощущение роскоши, стиля и абсолютной решимости получить желаемое.  Кто носит Bugatti Performance любит амбициозные цели, четкие видения и четкие результаты.  С тремя мужскими парфюмами performance red, intense black и deep blue, лучшее просто достаточно хорошо - их носитель - творец, который готов выступить сильнее всех. Элегантность вне времени - Аромат воплощает производительность, элегантность и драйв, как и флакон, который его представляет. Поэтому мужской парфюм не только завораживает на коже, но и украшеает всё вокруг себя.  Наслаждайтесь духом с Bugatti - Легендарное итальянское имя на протяжении 75 лет символизирует высокое качество и подлинность. Это не просто бренд, а образ жизни, который сразу же пробуждает ассоциации со стилем и классическим образом жизни.;Нанести на кожу, избегая попадания в глаза. Не для пищевых целей. Только для наружного применения.
19000074326;VORONOI Void;туалетная вода;;6960;6612;https://goldapple.ru/19000074326-void;;Невесомый и прозрачный аромат. Это «парфюм без парфюма», запах самой чистоты и безупречности. При нанесении его, что-то неуловимо меняется - и любой образ становится самодостаточным и завершенным. Легкий амбровый аккорд идеально дополняет самый совершенный из запахов - запах чистой кожи.;Для нанесения на кожу
19000457273;GALVANOLIORI Cherry jam;туалетная вода;Россия;750;562;https://goldapple.ru/19000457273-cherry-jam;;Аромат-сладость, аромат-насыщенность. В нем сочетается спелая мякоть экзотических плодов, их совершенный вкус, источающий манящий, ни с чем не сравнимый запах. Густой вишневый ликер, приправленный звучной розой. Аромат вечерней роскоши, изысканной южной ночи с незабываемым шлейфом и пробуждающейся фантазией.;Распылить небольшое количество парфюмерной воды на кожу с расстояния 20-30 см.
19000349233;EQUIVALENT H023;туалетная вода;Россия;2600;2080;https://goldapple.ru/19000349233-h023;;Н023 воплощает дерзкую и современную энергию, одновременно сочетая силу и утонченность. Этот аромат раскрывается насыщенными древесными и пряными нотами, создавая ощущение бунтарства и индивидуальности. В его сердце яркие оттенки специй переплетаются с богатством мускуса и амбры, подчеркивая чувственность и глубину.;Для полноценного раскрытия парфюмированная вода наносится на пульсирующие участки кожи вблизи сосудов, которые будут постоянно его подогревать - на шею за ушами, под колено, на запястье, локтевые сгибы, волосы.
19000222800;NICOLAI PARFUMEUR-CREATEUR PARIS EAU d'ÉTÉ;туалетная вода;Франция;7214;6492;https://goldapple.ru/19000222800-eau-d-ete;;Глоток живительной прохлады, обещающий по-настоящему бодрящие и искрящиеся радостные дни. Коллекция EAU FRAÎCHE предлагает приятные и легкие освежающие воды с длинным шлейфом, который словно играет на солнце. Шипучая, искрящаяся Eau d’Été — сладкий лайм с корицей, грейпфрут и лепестки жасмина, парящие в воздухе. Капля свежести в летнюю жару. Первая освежающая вода, созданная Патрисией де Николаи для коллекции.;
38670100012;CITY FUNNY KITTY;туалетная вода;;477;424;https://goldapple.ru/38670100012-kitty;;Очаровательный CITY FUNNY Kitty - это ласковое и милое чудо с добрыми, по-детски искренними глазами, которое подарит сладкие минуты счастья и радости с сахарными нотками сочной клубники! Пирамида ароматов.  Верхние ноты: Клубничный сок ,лесные ягоды  Ноты сердца: Сахарная клубника.  Ноты шлейфа: Мускус;Нанести на запястья, шею, локтевые сгибы
19000449104;LERBOLARIO Sweet poppy;туалетная вода;Италия;3798;3418;https://goldapple.ru/19000449104-sweet-poppy;;Туалетная вода Sweet Poppy воплощает в себе ослепительный и сладкий аромат, в котором гармонично переплетаются беззаботная и природная красота маков. Таинственный и мечтательный характер восточного Papaver orientale и беззаботный нрав полевого мака — все эти черты воплощены в аромате, где женственность подчёркивают ноты сандалового дерева и амбры, а сочные ноты персика и мандарина окутывают. Цветочные ноты сердца, в которых звучат экзотические даваны из Индии, прунеллы и иланг-иланг, в сочетании с главным героем аккорда — маком, создают неповторимое благоухание. Дерматологически протестировано. Не тестируется на животных. Не содержит ингредиентов животного происхождения. Не содержит тяжёлых металлов.;Туалетную воду нужно распылять с расстояния 10–15 см на пульсирующие точки тела: запястья, сгибы локтей, ямку между ключицами, область за ушами, основание шеи у корней волос.  Достаточно одного нажатия на спрей, чтобы аромат раскрылся, но не стоит его растирать: это может нарушить последовательность проявления нот.
19000125358;NEW YORK PERFUME EIGHT;туалетная вода;;990;891;https://goldapple.ru/19000125358-eight;;New York Perfume Eight – дурманящий аромат, который при попадании на кожу начинает медленно раскрываться, погружая человека во всю глубину своего аромата.  Яркая древесная композиция пронизана духом свободы и бунтарства. Тяжелый, густой аромат волнует чувства, принося необычные ощущения. Аромат будет по вкусу смелым, мужественным представителям сильного пола. Это аромат, который хочется вдыхать снова и снова, оставляя за собой хорошо ощутимый характерный шлейф.  Осторожно, вызывает привыкание!;Распылять на кожу с расстояния 20-30 см. Меры предосторожности: Денатурат! Огнеопасно! Легковоспламеняющаяся жидкость! Не распылять вблизи огня, раскаленных предметов, источника тепла. Только для наружного применения. Избегать попадания в глаза, при попадании в глаза немедленно промыть проточной водой. Хранить в недоступном для детей месте. Использование в пищевых целях опасно для здоровья и жизни. Условия хранения: хранить при температуре от +5С до +25С вдали от прямых солнечных лучей в сухом месте
19000396688;TOUS Man Spritz;туалетная вода;Испания;7310;4824;https://goldapple.ru/19000396688-spritz;;Аромат, который приглашает вас ощутить жизнь во всей ее красе.  Верхние ноты горького апельсина, ягод можжевельника, ананаса и мандариновой эссенции создают ароматный аккорд с оттенками амбры, дополненный средними нотами карамели, бурбонской герани, лаванды Гроссо и розового перца. В базовых нотах ощущаются древесные тона янтарного дерева, эссенции пачули, орканокса и кожаного аккорда.  Градиентный цвет бутылки вызывает ассоциации и создает впечатление, будто вы держите в руке стакан с изысканным коктейлем.;Средство предназначено для наружного применения с целью придания приятного аромата. Нанести аромат на кожу.
19000473372;AVON Luck original for him;туалетная вода;Россия;2419;2177;https://goldapple.ru/19000473372-luck-original-for-him;;Аромат твоей удачи. Яркий и сочный аромат с нотами розового перца и сандала для мужчин, готовых ощутить аромат удачи и вкус успеха.;Нанесите небольшое количество средства на запястья, шею, за ушами, избегая попадания в глаза.
7273900001;KENZO L'EAU KENZO POUR HOMME;туалетная вода;Франция;5640;5640;https://goldapple.ru/7273900001-l-eau-kenzo-pour-homme;;Культовый аромат L’EAU KENZO - легендарная свежесть теперь в новом дизайне. Вдохновленный природой L’EAU KENZO объединяет в себе аромат фруктов, свежести и счастья. Океаническая цитрусовая композиция, созданная Оливье Креспом, построена вокруг листьев лотоса, переплетённых со свежестью цедры юзу, мяты и древесными нотами кедра.  Прозрачный флакон L’EAU KENZO напоминает один из жизненно важных природных элементов – воду: вертикальный дизайн подчёркивает её монументальную силу, а изгибы напоминают волны на её поверхности. В своём стремлении делать мир прекрасней KENZO PARFUMS внедряет новые, экологичные подходы к своей работе: флакон L’EAU KENZO на 15% состоит из переработанного стекла, упаковка изготовлена из картона, полученного из экологически чистых источников и имеющего сертификат FSC® (Forest Stewardship Council®), печать произведена биочернилами.   Также в продаже обновленный дизайн женской версии туалетной воды L’EAU KENZO. Откройте для себя неизведанные грани L’EAU KENZO в новом дизайне #LEAUKENZO;Только для наружного применения
19000439059;BUGATTI Iconiq Black;туалетная вода;Франция;6000;5100;https://goldapple.ru/19000439059-iconiq-black;;Iconiq Black — яркий аромат из семейства древесно-амбровых. Его глубокие, темные ноты создают незабываемое обонятельное путешествие. Iconiq Black for Him – это аромат, вызывающий не только пылкие чувства, но и располагающий к размышлениям.;Нанести на кожу, избегая попадания в глаза. Не для пищевых целей. Только для наружного применения.
99000037416;DELTA PARFUM Pink Pearl;туалетная вода;;1290;1290;https://goldapple.ru/99000037416-pink-pearl;;Женская туалетная вода Pink Pearl (Пинк Пёрл) от DeltaParfum - это аромат, который пробуждает в вас чувственность, элегантность и силу своим уникальным сочетанием нот. Каждая нота этого парфюма тщательно подобрана, чтобы создать неповторимую композицию, которая окутает вас утонченностью и невероятной привлекательностью.  Семейство ароматов: цветочные, фруктовые.  Философия аромата: Miss Dior (Christian Dior).  Женский парфюм Pink Pearl начинается свежим и ярким сочетанием бергамота, личи и персика.  Эта свежесть смешивается в коктейль, который делает старт аромата непревзойденным, подарив вам ощущение легкости и яркости.  Затем в сердце парфюмерной женской воды раскрываются элегантные и нежные ноты жасмина, пиона и флёрдоранжа.  Цветочный шлейф создает роскошный букет аромата, который окутывает вас изяществом и романтикой, подчеркивая вашу женственность и очарование.;
19000428749;BVLGARI Omnia Crystalline;туалетная вода;Италия;11112;8889;https://goldapple.ru/19000428749-omnia-crystalline;;Обновленная версия аромата Omnia Crystalline.  Искрящийся и чистый аромат Omnia Crystalline отражает прозрачность и завораживающее мерцание кристаллов. В изысканной цветочно-древесной композиции BVLGARI из коллекции Omnia, посвященной благородной красоте драгоценных камней, переливаются и сияют фруктовая свежесть китайской груши, хрустальная нежность цветов лотоса и сливочные ноты бальзового дерева. Гармоничное сочетание необычных нот делает аромат одновременно нежным, женственным и игривым.;
19000268507;BURBERRY Her;туалетная вода;Испания;15700;14130;https://goldapple.ru/19000268507-her;;Туалетная вода для женщин Her – дух свободы, воплощенный в аромате от Burberry.  Аромат для смелой современной женщины,, которая любит приключения.  Туалетная вода для женщин Her, представляет собой игривую смесь цветущего пиона, радостных, верхних нот зеленой груши, клубники, черной смородины и розового перца.  Усиленный за счет жимолости, помещенной в сердце, композиции вместе с ландышем и розой, фруктово-цветочный аромат, смягчается притягательными мускусом и кедром, составляющими его базу.  Вместе с невероятно женственной туалетной водой публике, представлено новое лицо Burberry Her: Фрэн Саммерс. То, как Фрэн, погружается в городскую жизнь, собственная завораживающая энергия, Фрэн, ее уверенность и непринужденная индивидуальность воплощают, сущность современной женщины Burberry.  Очарованная, она видит окружающий мир с новой точки зрения. Это разрыв с ожиданиями. Новое открытие.  Традиции встречаются с современностью в сдержанном стеклянном дизайне флакона туалетной воды Her.  Освеженный за счет фисташкового цвета, со своей культовой лентой, дизайн отражает спонтанную и энергичную природу аромата Burberry.;Нанесите туалетную воду Her на точки пульса на шее, запястьях и в зоне декольте, распылив ее легким нажатием, чтобы оставить след свободы, заключенной в аромате Burberry. Наносить аромат равномерно на одежду, кожу и волосы.
19000241263;LACOSTE L.12.12 Rose Fraiche;туалетная вода;Франция;10348;9313;https://goldapple.ru/19000241263-rose-fraiche-l-12-12;;Изысканный и женственный аромат окутывает легкой вуалью цветочных и цитрусовых нот. Энергию Lacoste воплощают бодрящие ноты красного апельсина и грейпфрута, которые гармонично переплетаются с насыщенными аккордами черной смородины и кедра.  В сердце волнующей и яркой, но в то же время умиротворяющей композиции раскрываются свежий аккорд озона и игривый акцент розового перца.;Только для наружного применения.
19000109151;PRESS GURWITZ PERFUMERIE №4 bergamot, fig, musk;туалетная вода;;6120;4957;https://goldapple.ru/19000109151-no-4;;Туалетная вода Press Gurwitz Perfumerie №4 c нотами бергамота, инжира и мускуса.  Аромат, напоминающий морской бриз, свежий, притягательный, с колкими аккордами морской соли, сочного инжира и сладко-смолистым шлейфом мускуса.  Аромат унисекс.;Распылять на кожу или одежду с расстояния 50 см. Можно брызнуть парфюмом в воздухе перед собой и войти в облако аромата. Для усиления стойкости наносить на разогретое тело.
19000062931;EQUIVALENT H017;туалетная вода;;2390;1983;https://goldapple.ru/19000062931-h017;;Вдохните глубже и  H017 позволит вам прочувствовать настоящую мощь стихии. Перед тем как погрузить вас в морскую бездну, сложный аромат раскрывает яркий букет из горького грейпфрута, розового перца и, плавящегося под палящим солнцем, древесного янтаря. Нежный запах листьев фиалки перебивается свежестью морской воды, захлестывая вас бурей свежести и чувственности. Но в этом столкновении рождается пленящая своей уникальностью гармония необузданной стихии и нетронутого тропического острова.;Парфюм всех типов наносится на чистую, слегка увлаженную кожу.
19000439062;BUGATTI Performance Red;туалетная вода;Германия;6000;5100;https://goldapple.ru/19000439062-performance-red;;Магия интенсивности - Bugatti performance red - это не только незабываемый восточный мужской аромат, но и интенсивное ощущение роскоши, стиля и абсолютной решимости получить желаемое. С тремя мужскими парфюмами performance red, intense black и deep blue, лучшее просто достаточно хорошо - их носитель - творец, который готов выступить сильнее всех. Элегантность вне времени - Аромат воплощает производительность, элегантность и драйв, как и флакон, который его представляет. Поэтому мужской парфюм не только завораживает на коже, но и закрывается как украшение на полке.  Наслаждайтесь духом с Bugatti - Легендарное итальянское имя на протяжении 75 лет символизирует высокое качество и подлинность. Это не просто бренд, а образ жизни, который сразу же пробуждает ассоциации со стилем и классическим образом жизни.;Нанести на кожу, избегая попадания в глаза. Не для пищевых целей. Только для наружного применения.
19000293591;BROCARD Сирень После Дождя;туалетная вода;Россия;624;561;https://goldapple.ru/19000293591-siren-posle-dozda;;Свежий, с лёгкой горчинкой, медовой сладостью и нотами зелени, воздушный аромат сиреневого сада кружит голову.Яркие краски сирени оттеняет нежность цветущего миндаля, а шлейф композиции наполнен шумом дождя, сладостью гелиотропа и благоуханием жасмина. Бесконечно родной и узнаваемый аромат цветущей сирени – знак того, что весна окончательно вступила в свои права, и вслед за ней придет жаркое лето.Романтика прогулок по цветущему саду, сверкающему каплями дождя, в которых играют нежные лучи весеннего солнца. Парфюмер: Marie-Caroline Symard (Мари-Каролин Симар).;Распылять на кожу/волосы с расстояния 10-15 см.
19000145175;LANVIN Les fleurs de lanvin sunny magnolia;туалетная вода;Франция;5581;3906;https://goldapple.ru/19000145175-les-fleurs-sunny-magnolia;;Главная героиня этого нежного, женственного аромата LANVIN из коллекции Les Fleurs – чарующая магнолия. Яркая, светлая и вдохновляющая композиция, объединившая цветочные, фруктовые и мускусные аккорды, заряжает энергией и передает атмосферу теплого, наполненного солнечным светом дня. Сияние верхних нот свежего мандарина и нежного абрикоса подчеркивает изысканную красоту магнолии, дополненной притягательным звучанием жасмина и османтуса. Тонкая сладость ванили в сочетании с мускусом делает шлейф аромата манящим и деликатным. Классификация аромата: цветочный, фруктовый, мускусный.  Верхние ноты: мандарин, абрикос    Ноты сердца: жасмин, османтус, магнолия   Базовые ноты: ваниль, белый мускус;Только для наружного применения.
19000157483;MARIE JEANNE GRASSE Brume D'hiver;туалетная вода;Франция;14500;12325;https://goldapple.ru/19000157483-brume-d-hiver;;Зимняя дымка с натуральными эфирными маслами. Создаёт тёплую интимную атмосферу, окутывая успокаивающим облаком . Дымкку можно распылять дома или использовать в качестве парфюма для расслабленного настроения и отдыха;Нанести на тело или одежду избегая попадания в глаза.
19000226284;PANIER DES SENS ABSOLUTES Eau de toilette Orange Blossom;туалетная вода;Франция;3750;1875;https://goldapple.ru/19000226284-absolutes-eau-de-toilette-orange-blossom;;Туалетная вода с вневременным, элегантным и натуральным ароматом. Расслабляет и дает отдых телу и разуму.  Аромат разработан в городе Грас (на юго-востоке Франции, в регионе Прованс)  Веганский Сделано во Франции 100% перерабатываемая упаковка;Нанесите необходимое количество на пульсирующие точки: шею, декольте, запястья, за ушами. Повторяйте так часто, как захотите.
19000453072;PRIVE Illusion;туалетная вода;ОАЭ;1600;1360;https://goldapple.ru/19000453072-illusion;;Мужской аромат Illusion — смесь ярких и освежающих эмоций! Он подходит для современного мужчины, который покоряет своим оптимизмом. Дымный бергамот, гальбанум и анис в начале композиции удачно дополняются морскими нотами, сандалом, цветами апельсина, геранью и лавандой. Полностью же раскрывается Illusion сухой сладостью бобов тонка, выдержанным дубовым мхом и амброй.;Распылять на кожу с расстояния 15 см.
19000449107;LERBOLARIO White iris;туалетная вода;Италия;3798;3418;https://goldapple.ru/19000449107-white-iris;;Туалетная вода White Iris похожа на великолепный букет белых ирисов, где гармонично сочетаются нежные и более насыщенные цветочные ноты. Аромат окутает облаком, таким же изысканным, как белоснежные лепестки белого ириса. Верхние ноты цитрусовых перетекают в интенсивную цветочную ноту сердца, которая затем уступает место тонким, соблазнительным нотам ванили. Этот аромат — идеальное решение для тех, кто хочет подчеркнуть свой личный стиль. Дерматологически протестировано. Не тестируется на животных. Не содержит ингредиентов животного происхождения. Не содержит тяжёлых металлов. Экологичная упаковка FSC®.;Туалетную воду нужно распылять с расстояния 10–15 см на пульсирующие точки тела: запястья, сгибы локтей, ямку между ключицами, область за ушами, основание шеи у корней волос.  Достаточно одного нажатия на спрей, чтобы аромат раскрылся, но не стоит его растирать: это может нарушить последовательность проявления нот.
7270700003;KENZO CA SENT BEAU;туалетная вода;;8400;5880;https://goldapple.ru/7270700003-kenzo-ca-sent-beau;;"Первый аромат KENZO. Чувственный и яркий, полный эмоций. Аромат счастья и наслаждения жизнью. Цветочный букет, состоящий из сияющего начала: бергамот и мандарин; цветочного сердца: гардения, жасмин, иланг-иланг, персик; окутывающего шлейфа: амбровый аккорд, ваниль.";
19000246552;LA VILLE BOUQUET Water lily;туалетная вода;Беларусь;1036;932;https://goldapple.ru/19000246552-bouquet-water-lily;;Water Lily  это романтичный и чарующий аромат, ставший олицетворением безупречного стиля и тихой роскоши. Волшебная композиция начинается с деликатных аккордов пиона, бергамота и зеленого чая. В сердце аромата расцветает нежный букет из жасмина, водной лилии и сирени, а завершает звучание теплый шлейф из кедра и белого мускуса. Мягкий и воздушный аромат Water Lily вобрал в себя самые точные черты тонкой женской натуры: гармоничность, легкость и нежность. Его присутствие никогда не будет чрезмерным или навязчивым, что сделает его обладательницу по-настоящему загадочной и таинственной. Страна: Беларусь.;Рекомендуем наносить небольшое количество парфюмерной жидкости на «теплые» точки тела. Это так называемые точки пульса, в которых кровяные сосуды находятся близко к коже и из-за этого температура этих участков немного выше. «Теплые» точки способствует более долгому звучанию аромата и его более глубокому раскрытию. К таким местам относятся запястья, шея (в особенности ее задняя часть), кожа за ушами, локтевой изгиб и подколенная ямка. Парфюмеры рекомендуют наносить ароматы также на волосы: пару капель на расческу и далее легкими движениями распределить их по всей длине. Именно волосы способны хранить запахи дольше всего. Для любителей тонкого легкого звучания аромата рекомендуем распылить небольшое количество парфюма перед собой и плавно войти в ароматное облако. Духи стоит наносить вечером, ведь они имеют яркое и насыщенное звучание, в то время как парфюмерная вода больше подходит для светлого времени суток. А туалетная вода — отличное решение для активных будних дней, ведь ее аромат звучит легко и ненавязчиво и его можно обновлять каждые 2-3 часа. Не применять вблизи огня. Только для наружного использования.
19000429233;YOU & WORLD Awake Make a wish;туалетная вода;Россия;885;796;https://goldapple.ru/19000429233-awake-make-a-wish;;Вдохни. Загадай. Осуществи с Make a Wish. Аромат – словно заветное желание, которое вот-вот сбудется. Он окутывает мечтательной сладостью и наполняет момент волшебством. С первых нот – яркий всплеск сочной клубники, дикой земляники и нежного кокоса, будто десерт, созданный специально для тебя. В сердце раскрывается утонченное сочетание фиалки, апельсинового цвета и бархатистого персика – тепло, нежно и так по-настоящему. А в шлейфе – магия комфорта: мягкий мускус, обволакивающая ваниль и сандаловое дерево оставляют теплый, притягательный след. Make a Wish – аромат, в котором каждое желание становится ближе. Следуй за своим сердцем-оно знает путь к мечте.;Нанести на шею, запястье, локтевые сгибы.
19000062917;EQUIVALENT H002;туалетная вода;;2390;2151;https://goldapple.ru/19000062917-h002;;Баланс между яркой, насыщенной жизнью и спокойными, уравновешенными днями достигается в точке, которую можно было бы назвать  H002 – по названию туалетной воды, сочетающей в себе свежесть и традиционную элегантность, балансирующую на тонкой грани чувственности и хрустальности. Пропитанный яркостью мандарина, едва приглушенной честным аккордом кедра, и наполненный глубоким миндалем аромат пленяет, рисуя в воображении мужчину, живущего наполненной жизнью. Глубину аромату обеспечивает белый мускус, создавая шлейф, надолго отпечатывающийся в памяти.;Парфюм всех типов наносится на чистую, слегка увлаженную кожу.
19000448531;CITY PARFUM City sexy;туалетная вода;Россия;812;609;https://goldapple.ru/19000448531-city-sexy-sexy;;Окунитесь в сладостный, пленительный, дерзкий аромат City Sexy и покорите любое, даже самое неискушенное сердце!  За сверкающими нотами красного личи и киви следует томный цветочный аккорд благоухающего жасмина и белоснежной орхидеи. Чувственный древесно-мускусный шлейф окутывает теплой негой любви и пробуждает желание!;Нанести на шею, запястье, локтевые сгибы.
19000439063;BUGATTI Performance Deep blue;туалетная вода;Германия;6000;5100;https://goldapple.ru/19000439063-performance-deep-blue;;Магия интенсивности - Bugatti Performance Deep Blue - это не только незабываемый, яркий мужской аромат, но и яркое ощущение роскоши, уверенности в стиле и абсолютной решимости получить желаемое. Пробудите свой пыл к действию — с perfomance deep blue от Bugatti высокая производительность или отсутствие производительности — подчеркните свои лучшие черты и станьте лучшей версией себя.;Нанести на кожу, избегая попадания в глаза. Не для пищевых целей. Только для наружного применения.
7034900002;HUGO BOSS Boss The Scent;туалетная вода;Франция;13990;11891;https://goldapple.ru/7034900002-boss-the-scent;;Туалетная вода Hugo Boss The Scent для мужчин. Аромат, перед которым невозможно устоять. Он оставляет неизгладимое впечатление, заставляет думать о себе. В составе The Scent есть эксклюзивный ингредиент из Южной Африки, плод манинки, который обладает свойствами афродизиака и по некоторым характеристикам немного напоминает ром и маракуйю. Благодаря базовым нотам кожи The Scent оказывает сильное и необычное впечатление. Аромат открывается пряной свежестью возбуждающих нот имбиря и дарит заряд энергии. Сердечные ноты отличаются экзотической сладостью плода африканской манинки — афродизиака, который пробуждает чувства. Дымный и притягательный аромат кожи продлевает звучание теплой и соблазнительной базовой ноты, создавая яркий и притягательный мужественный образ.;
7195700005;DIOR Poison Girl;туалетная вода;Франция;8300;8300;https://goldapple.ru/7195700005-poison-girl;;Туалетная вода Poison Girl – парфюмерная композиция с ярким характером. Её дерзкая привлекательность построена на сочетании контрастных ингредиентов. Ледяные ноты сладкого сицилийского и горького калабрийского апельсина болтают и смеются как две сестры, раздавая друг другу комплименты. За ними следует теплое цветочное изобилие, мгновенно очаровывая и обостряя чувства. Сладкая Ваниль, смешанная с нотами Бобов Тонка, дарит аромату свою горько-сладкую чувственность. Эта Poison Girl способна растопить лед.;
19000241254;LACOSTE L.12.12 Blanc;туалетная вода;Франция;10348;9313;https://goldapple.ru/19000241254-l-12-12-blanc;;Свежий, чистый и мужественный аромат – парфюмерное посвящение культовой рубашке-поло LACOSTE. Сочный, бодрящий грейпфрут и теплый кардамон сочетаются с ветивером и мягкой замшей, окутывая ощущением комфорта и подчеркивая непринужденную элегантность. Древесно-ароматическая композиция отражает свободу духа и неповторимый стиль, присущий всем изделиям LACOSTE – от белой рубашки-поло до туалетной воды.;Только для наружного применения.
19000320371;CHRISTINE LAVOISIER PARFUMS My Sensation;туалетная вода;Россия;839;755;https://goldapple.ru/19000320371-my-sensation;;My Sensation - переносит в мир чувств и эмоций.  Композиция создана для тех, кто не боится выражать свою индивидуальность,  уникальность и смело позволяет себе чувствовать. Начиная с яркой и сочной ноты дыни, которая придает аромату свежесть и игривость. В сердце аромата раскрывается нежная и романтичная роза, которая добавляет эмоциональную глубину и приносит чувственное волнение. Базовая нота мускуса, придает ему не только стойкость, но и неповторимую сексуальность. Позвольте себе окунуться в мир восхитительных чувств и эмоций.;Нанести на шею, запястье, локтевые сгибы.
82860200002;MISSONI Missoni;туалетная вода;Италия;7400;6660;https://goldapple.ru/82860200002-missoni;;Туалетная вода Missoni — аромат, вдохновленный ранним восходом солнца. Первыми лучами, пробивающимися сквозь облака и стремящимся напитать землю своим теплом. Неимоверно свежий, яркий и очень женственный.  Missoni — настолько тонкий аромат, что носить его может неимоверно чувственная женщина, имеющая особый, женский магнетизм. Оформление флакона туалетной воды основано на мягком переливе согревающих теплых оттенков, свойственных именно этому бренду. Фруктово-цветочный аромат наполнен запахами водяной лилии, груши, апельсина, розового перца, белой фрезии, гелиотропа, пиона, белого кедра и мускуса. Всего пара капель этого прекрасного парфюма подарит прекрасное настроение на весь день!;
19000141529;JIMMY CHOO L’eau;туалетная вода;Франция;6104;5493;https://goldapple.ru/19000141529-l-eau;;Чарующий аромат JIMMY CHOO, объединивший свежие, цветочные и мускусные аккорды, воплощает сияние женственности.  Нежное звучание композиции начинается с ярких нот гибискуса и бодрящего бергамота, предваряющих появление бархатистой сладости нектарина в сочетании с изысканной нотой пиона.  Пьянящие кедр и мускус дополняют цветочно-фруктовую свежесть и создают соблазнительный, сладкий контраст, который подчеркивает чувственность композиции.;Только для наружного применения.
19000117830;LE COUVENT Aqua Mysteri;туалетная вода;Франция;8760;3504;https://goldapple.ru/19000117830-aqua-mysteri;;Яркий и таинственный аромат AQUA MYSTERI построен вокруг ноты флердоранжа, которая переносит в цветущий апельсиновый сад.  Освежающая нота грейпфрута окутывает сладко-горькой вуалью, за которой тянется многогранный цветочный шлейф пальмарозы.  Классическую композицию LE COUVENT дополняет древесный аккорд, в котором ярко звучит благородный кедр.  Насыщенный и стойкий аромат, созданный на основе натуральных растительных эссенций, произведен в традициях французской высокой парфюмерии.;Только для наружного применения.
81102900001;BANDERAS King of Seduction Absolute;туалетная вода;Испания;3857;1928;https://goldapple.ru/81102900001-king-of-seduction-absolute;;Туалетная вода Banderas King of Seduction Absolute создана специально для тех, кто привык всегда находиться в центре внимания. Сладкая грейпфрутовая сочность и легкий аккорд помело, которыми раскрывается композиция King of Seduction Absolute, гармонично сочетаются с миндальным пралине и горечью полыни. В сердце туалетной воды от Banderas звучат изысканные лавандовые нотки, свежесть моря и пряность кардамона, а в шлейфе остается легкая дымка дубового мха.;
7181400002;CAROLINA HERRERA CH Men;туалетная вода;Испания;10233;7163;https://goldapple.ru/7181400002-ch-men;;Туалетная вода Carolina Herrera CH Men построена на контрасте ароматов. Солнечные и вяжущие нотки бергамота и яркого грейпфрута, дополняются сладким ароматом ванильного сахара и ведут к шлейфу из пряного шафрана и муската. Дополняется композиция теплым запахом дерева, аккордами мха дуба, кожи и амбры. Стильный и экстравагантный запах туалетной воды зовет за собой в далекие путешествия, придавая еще большей мужественности своему владельцу. Вода CH Men отличается стойкостью запаха, приятно расположившегося шлейфом по всей коже. Аромат от Carolina Herrera упакован во флакон лаконичной формы, дополнен брутальными элементами.;
7232700008;GUCCI Bamboo;туалетная вода;Испания;14800;13320;https://goldapple.ru/7232700008-bamboo;;Аромат Bamboo Eau de Toilette, выпущенный легендарным модным домом GUCCI, стал открытием 2016 года. Дизайнеры продолжили эксперименты с необычными сочетаниями нот, адресовав туалетную воду девушкам, влюбившимся в предыдущую ее версию с более классическим звучанием. Верхние ноты композиции обволакивают роскошным ароматом средиземноморских плодов, среди которых тонко звучат свежие аккорды цитруса, смешивающиеся с душистыми переливами груши. В нежную фруктовую дымку ненавязчиво вплетаются женственный флердоранж и благородный бергамот. Чувственную интригу поддерживают ноты сердца, в которых пышно расцветают белые лилии и «дышит» свежестью утонченный жасмин. Акварельное настроение завершают базовые ноты, пленяющие обворожительным шлейфом, сотканным из теплых аккордов ванили и амбры. Нежную цветочно-фруктовую композицию оттеняют сандал и белый мускус, придающие всему аромату более выразительное, чувственное звучание. Отдельного внимания заслуживает оформление прозрачного флакона, выполненного в лучших традициях стиля арт-деко. Изящные геометрические линии подчеркивают легкое настроение цветочно-древесного аромата, ставшего безусловным фаворитом у поклонниц модного дома GUCCI.;
7190300087;DIOR J’adore Eau de Toilette Roller Pearl;туалетная вода;Франция;5650;5650;https://goldapple.ru/7190300087-j-adore;;Туалетная вода J'adore в новом удобном формате. Флакон, похожий на изысканную драгоценность, легко помещается в сумочку и может сопровождать вас во время путешествий. Мягкая роликовая жемчужина обеспечивает более точное и чувственное нанесение цветочного аромата J'adore. Точное контролируемое нанесение: стеклянная бусина набирает ровно столько аромата, сколько необходимо для одного нанесения. Ни одна капля не будет потеряна. Роскошная, чувственная, невесомая и свежая текстура. Флакон 20 мл можно взять с собой в любое путешествие. Герметичная крышечка не позволит аромату пролиться. « Я выбрал нероли из Граса, чтобы наполнить туалетную воду солнечным сиянием — его тёплые и искрящиеся ноты передают всё богатство и свет Средиземноморья. » — Франсис Куркджян, Главный парфюмер Дома Dior.;
19000370742;HUGO BOSS The Scent;туалетная вода;Франция;9052;5883;https://goldapple.ru/19000370742-the-scent;;Туалетная вода The Scent — чарующий и притягательный аромат для мужчин, созданный с оттенком тайны и элегантности. Роскошное сочетание пряных, фруктовых и древесных нот оставляет неизгладимое впечатление.;Распылите аромат на точки пульса — запястья, шею, за ушами. Не растирайте кожу после нанесения, чтобы не исказить звучание. Для более стойкого эффекта — наносите на хорошо увлажненную кожу.
19000232663;BUGATTI Signature Grey;туалетная вода;Германия;7010;5958;https://goldapple.ru/19000232663-signature-grey;;Семейство ароматов: древесные, ароматические, амбровые. Верхние ноты: бергамот   розовый перец   перец Ноты сердца: кожа   ветивер   жимолость агаровое дерево (уд)   элеми Базовые ноты: пачули   какао   амбра   мох;Нанести на кожу, избегая попадания в глаза. Не для пищевых целей. Только для наружного применения.
19000232662;BUGATTI Signature Blue;туалетная вода;Германия;7010;5958;https://goldapple.ru/19000232662-signature-blue;;Семейство ароматов: ароматические, фужерные. Верхние ноты: акватический аккорд, бергамот,  грейпфрут,  инжир. Ноты сердца: листья фиалки,  пачули,  чёрный перец. Базовые ноты: анималистический аккорд, ладан, бобы тонка, шафран.;Нанести на кожу, избегая попадания в глаза. Не для пищевых целей. Только для наружного применения.
19000453068;PRIVE Ethos night;туалетная вода;ОАЭ;1600;1360;https://goldapple.ru/19000453068-ethos-night;;Аромат отражает истинную красоту ночи. Открывает вид на ее грациозность, излучающую величественный серебряный свет, наполненную потрясающей красотой и очарованием.;Распылять на кожу с расстояния 15 см.
26044200002;COMPTOIR SUD PACIFIQUE Vanille Cосо;туалетная вода;;2790;1953;https://goldapple.ru/26044200002-vanille-coso;;Туалетная вода относится к восточной гурманской группе. Верхний аккорд композиции звучит гелиотропом, взбитыми сливками и бананом. В сердце слышны ноты сладкой ванили и свежего кокоса. Эти же ароматы образуют невесомый шлейф, который мягко окутывает и останется с вами надолго.;
26043200001;COMPTOIR SUD PACIFIQUE Coco Extreme;туалетная вода;;5390;3503;https://goldapple.ru/26043200001-coco-extreme;;Туалетная вода Comptoir Sud Pacifiq Coco Extreme дарит удовольствие наслаждаться своим мелодичным звучанием, словно вы испиваете нектар из хрустального бокала под превосходное чарующее звучание ангельского хора. Это волшебство возможно с Coco Extreme, который поражает своим неповторимым звучанием молочного кокоса, сахарной ванили, с приятным дополнением миндаля и бобов тонка. Восточно-гурманский аромат от французской компании Comptoir Sud Pacifiq относится к группе унисекс. Этот божественный напиток опьяняет подобно вину. Он полон экзотической тёплой ароматности, тающий сахар оставляет за собой приятное послевкусие. Аромат добавит в ваш образ индивидуальную изюминку.;
19000120746;CHRISTINE LAVOISIER PARFUMS Legend Splendid;туалетная вода;;1108;997;https://goldapple.ru/19000120746;;Шикарный аромат для настоящих победителей.   Открывает его звучание морская свежесть побережья и ноты сочного грейпфрута. Пряные солнечные аккорды специй и перца создают тепло, и безмятежную уверенность. А в шлейфе ощущается роскошная сладость амбры и ванили.   Legend Splendid — это цитрусово-пряное обаяние, которое придает обладателю сил для покорения новых вершин.;Нанести на шею, запястье,локтевые сгибы.
19000241257;LACOSTE L.12.12 Blanc Intense;туалетная вода;Франция;10348;9313;https://goldapple.ru/19000241257-l-12-12-blanc-intense;;Насыщенный и свежий аромат LACOSTE – это баланс прохладных и теплых граней, элегантных фужерных нот и чувственного аккорда кожи.  В смелой композиции сочетаются яркость сочного мандарина, свежесть лавандина и притягательная мягкая база, объединившая звучание кожи и ветивера.  Стильный флакон напоминает, что источником вдохновения при создании аромата стала культовая рубашка-поло LACOSTE с символом бренда.;Только для наружного применения.
19000107888;GUERLAIN Aqua Allegoria Flora Cherrysia;туалетная вода;Франция;11900;8925;https://goldapple.ru/19000107888-aqua-allegoria-flora-cherrysia;;Flora Cherrysia – это путешествие в Японию в сезон созерцания цветущей сакуры.  Аромат цветущей вишни растворяется во фруктовых нотах груши Наши и арбуза, звучащих на фоне древесных нот в сочетании с нежной фиалкой.  Настоящая ода чудесам природы, ароматы Aqua Allegoria являются отражением бережного отношения Guerlain к природным ресурсам. Они содержат до 95% натуральных ингредиентов*, изготовляются на основе органического свекольного спирта и помещены во флакон, состоящий на 15% из переработанного стекла, созданного полностью во Франции.  *От 90 до 95% ингредиентов натурального происхождения, в соответствии со стандартом ISO 16128, учитывая качество воды.;Нанести на тело или одежду, избегая попадания в глаза.
99000061492;GEPARLYS Pure Atrium;туалетная вода;;2650;2650;https://goldapple.ru/99000061492-pure-atrium;;Туалетная вода для мужчин Pure Atrium. Идеально подходит для уверенных в себе мужчин, которые ценят глубину и сложность в парфюмерии. Древесные и восточные ноты создают гармоничный баланс между свежестью и теплотой, предлагая уникальное сочетание нот, что делает парфюм универсальным как для повседневного использования, так и для особых случаев.;Распылять на участки тела в желаемом количестве.
19000010411;KENZO flower by kenzo;туалетная вода;Франция;6470;6470;https://goldapple.ru/19000010411-flower-by-kenzo;;FLOWER BY KENZO EAU DE TOILETTE – сияющий мускусно-цветочный аромат.  Его легкость напоминает хрупкость бутона. Гармоничное и нежное звучание сицилийского лимона и дамасской розы окутывает невероятной свежестью, а ваниль в сочетании с мускусом дарит чувственный шлейф. Аромат проводит параллель между цветущим маком и женской чувственностью.  Наш спящий мак вот-вот оживет, разбуженный силой света... и подарит миру свой восхитительный тонкий аромат.  Связь между маком и женской чувственностью в туалетной воде FLOWER BY KENZO очевидна!;Нанесите аромат на запястья, шею и точки пульса.
19000322609;ROCHAS Orange Horizon;туалетная вода;Франция;10348;9313;https://goldapple.ru/19000322609-orange-horizon;;Есть момент перед закатом, когда все кажется спокойным — когда солнце касается вашей кожи золотом, и время замедляется, только для вас. Туалетная вода ROCHAS Orange Horizon улавливает эту паузу, эту тишину между светом и ночью. Это не просто аромат. Это тихий спутник ваших самых личных часов, такой же теплый и знакомый, как вид, который можете видеть только вы. На коже открывается яркими цитрусовыми, как легкий бриз, несущий мандарины и горькие апельсиновые листья. Затем раскрывает свое сердце — лаванду и инжирный лист, заземляющие вас во что-то свежее, но успокаивающее. По мере того, как он оседает, теплый амброксан задерживается рядом с мягкими древесными нотами. Баланс между ясностью и глубиной делает его мягким выбором для весенних вечеров или задумчивых утр.;Наносите аромат на «тёплые» точки тела — так называемые точки пульса, где ощущается биение (запястья, шея и области за ушами).
19000343446;YOU & WORLD Believe me, Enjoy your life;туалетная вода;Россия;885;796;https://goldapple.ru/19000343446-believe-me-enjoy-your-life;;Духи Believe me Enjoy your life - аромат, который помогает по-новому взглянуть на окружающий мир, наполняя каждый день радостью и спокойствием. Сочная, сладкая клубника задает тон всей композиции, пробуждая чувства и вызывая желание наслаждаться каждым моментом жизни. Ноты сердца из нежного, кремового молока дарят ощущение комфорта и уюта, как будто вы закутались в мягкий пушистый плед. Пленительный шлейф из карамели, ванили, мускуса и бобов тонка создает атмосферу чувственности и изысканности.;
19000272875;ANGEL SCHLESSER Femme naturelle;туалетная вода;Италия;10558;5279;https://goldapple.ru/19000272875-femme-naturelle;;Туалетная вода, воспевающая подлинную женственность и естественность, встречает воодушевляющими нотами розового перца и свежего лимона.  В нежном сердце аромата раскрывается тонкая и чувственная красота белых цветов, постепенно уступающая место обволакивающей и мягкой сладости ванили.  Экологичная формула туалетной воды, созданной с натуральными и веганскими ингредиентами, отлично подойдет для женщин, которые ценят гармонию с природой и заботятся о ней.  Идеальное сочетание элегантности и уважения к окружающей среде.;Только для наружного применения.
19000107891;GUERLAIN Aqua Allegoria Mandarine Basilic;туалетная вода;Франция;11900;11900;https://goldapple.ru/19000107891-aqua-allegoria-mandarine-basilic;;Mandarine Basilic - это радостный аромат, созданный на основе мандарина, самого вкусного и сочного фрукта семейства цитрусовых.  Душистый и искрящийся цитрусовый аромат. Сочная и терпкая мякоть мандарина, собранного на юге Италии, перекликается со свежим ароматом базилика и наполняется энергией зелёного чая в сочетании с древесными нотами.  Настоящая ода чудесам природы, ароматы Aqua Allegoria являются отражением бережного отношения Guerlain к природным ресурсам. Они содержат до 95% натуральных ингредиентов*, изготовляются на основе органического свекольного спирта и помещены во флакон, состоящий на 15% из переработанного стекла, созданного полностью во Франции.  *От 90 до 95% ингредиентов натурального происхождения, в соответствии со стандартом ISO 16128, учитывая качество воды.;Нанести на тело или одежду, избегая попадания в глаза.
99000037393;DELTA PARFUM Maxx Man Iceland;туалетная вода;;1110;1110;https://goldapple.ru/99000037393-maxx-man-iceland;;Туалетная вода Maxx Man Iceland от RICH & RUITZ – это идеальный выбор для мужчин, стремящихся подчеркнуть свою индивидуальность и привлекательность.  Этот аромат создан в фужерном стиле, что делает его универсальным и подходящим для любых случаев. позволяют легко переносить его с собой, обеспечивая свежесть и уверенность в себе в любой ситуации.  Выбирая Maxx Man Iceland, вы выбираете не просто туалетную воду, а стиль и элегантность, которые будут сопровождать вас на протяжении всего дня.;
19000184757;MANDARINA DUCK Vida Loca For Her;туалетная вода;Италия;3347;2342;https://goldapple.ru/19000184757-vida-loca-for-her;;Яркая парфюмерная композиция MANDARINA DUCK передает атмосферу беззаботного, веселого отдыха на Балеарских островах в Испании. Дух сладкой, сумасшедшей, захватывающей жизни воплощают нота сочной и спелой груши, приятная свежесть лимона и мандарин, способный пробуждать позитивные эмоции. В цветочном сердце аромата гармонично сочетаются солнечная мимоза, чарующая роза и жасмин. Тонкая сладость ванили, кедр и амбра идеально дополняют парфюмерную композицию, настраивающую на беззаботность, радость и приключения. Парфюмер – Alexandra Carlin.;Только для наружного применения.
19000429234;YOU & WORLD Awake Wake me up;туалетная вода;Россия;885;796;https://goldapple.ru/19000429234-awake-wake-me-up;;Проснись. Почувствуй. Живи ярче с Wake Me Up. Пробуждение твоей внутренней энергии. Аромат словно раскрывает тебя заново, как свежий глоток воздуха после ночного дождя. С первых нот – взрыв сочной зелени и терпкой черной смородины, которые освежают разум и заряжают вдохновением. Затем приходит теплый древесный кедр, обнимающий сладостью ежевики – как момент, когда ты находишь свою гармонию. Шлейф оставляет мягкий, манящий след: амбра, мускус и сандаловое дерево окутывают тебя невидимой аурой уверенности и притяжения. Wake Me Up – аромат, который пробуждает не просто ото сна, а к жизни, полной страсти и движения. Готова взглянуть на мир по новому?;Нанести на шею, запястье, локтевые сгибы.
19000237383;KORRES Avgoustos;туалетная вода;Греция;7690;5152;https://goldapple.ru/19000237383-avgoustos;;Туалетная вода Avgoustos подарит волны новых эмоций радости и счастья, погрузит Вас во все великолепие фужерных и фруктовых нот. Композиция: Аромат раскрывается яркой симфонией терпкого мандарина, ароматной лаванды и бодрящего бергамота. В сердце композиция сочетает в себе сочный инжир, освежающий аромат листьев лимонного дерева и нежный аромат цветков апельсина, отдавая дань уважения щедрой греческой природе. Затем аромат дополняется очаровательным сочетанием мускуса, амбры и кедрового дерева, напоминающих о теплых летних днях. Содержит 89% натуральных компонентов. Дерматологически протестировано. Korres – бренд натуральных средств ухода за кожей и парфюмерии, содержащих до 99% компонентов природного происхождения. Все парфюмерные композиции бренда – это яркие и чувственные ароматы, сочетающие в себе сочные природные ноты натуральных компонентов, что обеспечивает высокую стойкость ароматов и дарит яркое настроение и эмоции на долгое время. Дополните свой образ парфюмерными композициями Korres и обретите еще большую притягательность и уверенность в себе!;Распылите на расстоянии примерно 20 см. от кожи, уделив особое внимание таким зонам, как запястья и шея.
19000247808;VALENTINO Uomo;туалетная вода;;28400;21300;https://goldapple.ru/19000247808-uomo;;Момент, как раз перед закатом, когда свет смягчается и все звучит тише. Вы откидываетесь назад, и мир как будто замирает — только для вас. Valentino Uomo ощущается именно так — нежное сочетание силы и тишины, которое становится только вашим. Не громко, не настойчиво. Просто здесь, проникая в вас, сокровенно ваш. Созданный в 2014 году, аромат открывается свежим итальянским бергамотом и миртом, яркими и мимолетными. Затем следует обжаренный кофе и мягкая джандуйя — теплеы, знакомые, неожиданные. Оттенок кожи и кедра придают аромату спокойную мужественность. Лучше всего носить, когда день становится прохладным, или в тихие моменты сумерек. Весна и осень прекрасно раскрывают тепло аромата.;Нанесите аромат на пульсирующие зоны — запястья, шею, зоны за ушами. Не растирайте — это позволит парфюму раскрыться в полной мере и сохранить стойкость.
19000226289;PANIER DES SENS ABSOLUTES Eau de toilette Rose Geranium;туалетная вода;Франция;3750;1875;https://goldapple.ru/19000226289-absolutes-eau-de-toilette-rose-geranium;;Туалетная вода с вневременным, элегантным и натуральным ароматом. Расслабляет и дает отдых телу и разуму. Аромат разработан в городе Грас (на юго-востоке Франции, в регионе Прованс) Веганский  Сделано во Франции  100% перерабатываемая упаковка;Нанесите необходимое количество на пульсирующие точки: шею, декольте, запястья, за ушами. Повторяйте так часто, как захотите.
19000453067;PRIVE Ethos;туалетная вода;ОАЭ;1600;1360;https://goldapple.ru/19000453067-ethos;;Аромат для волевых, сильных и целеустремленных мужчин.;Распылять на кожу с расстояния 15 см.
19000308579;GEPARLYS L'Oriental;туалетная вода;Франция;2700;2700;https://goldapple.ru/19000308579-l-oriental;;Туалетная вода с изысканным древесно-пряным ароматом для мужчин, выпущенная в 2012 году французским брендом Estella Ewen. Великолепное сплетение  ароматических ингредиентов высшего качества окутывает теплым душистым облаком ароматов пряных восточных специй и запахом драгоценных эфирных масел редких пород дерева,  которые изящно освежены  легкими цитрусовыми акцентами. Динамичный восточный аромат открывается свежими нотами грейпфрута, экзотическими древесными оттенками эфирного масла эвкалипта и смолисто-хвойного кипариса, гармонично переплетающимися в сердце парфюма с пряными травянистыми оттенками шалфея и специево- теплыми нотами кориандра с мятным, сладковатым аккордом герани.  Чувственный шлейф аромата насыщен смолистыми сливочно-хвойными нотами кедра и пряными акцентами кардамона со свежим, тонким оттенком амбры.;Распылять на участки тела в желаемом количестве.
19760313194;MISSONI WAVE;туалетная вода;Италия;5200;4680;https://goldapple.ru/19760313194-wave;;Туалетная вода Missoni Wave – современный и мужественный аромат для молодого, харизматичного и уверенного в себе искателя приключений. Парфюмерная композиция будто соткана из морского бриза, свежести синих волн и итальянской чувственности. Пленительный и яркий аромат погружает в атмосферу Средиземноморья, отсылает к истории, традициям и пейзажам этого региона. Солнечные цитрусы, фантазийный аккорд морской свежести и ароматические ноты встречаются с элегантным древесным аккордом, создавая чувственное сочетание, которое напоминает о кристально чистой воде Средиземного моря. В сердце аромата переплетаются ноты египетской герани, мускатного шалфея, лаванды и розмарина.;только для наружного применения
19000222801;NICOLAI PARFUMEUR-CREATEUR PARIS FIG-TEA;туалетная вода;Франция;18296;16466;https://goldapple.ru/19000222801-fig-tea;;Вихрь лепестков, фруктов и специй создает элегантную смесь эссенций. Разнообразная коллекция EAU DE TOILETTE предлагает изящный баланс свежести, деликатности и интенсивности. Инжир, османтус и давана создают вместе мягкую фруктово-чайную ноту в Fig-Tea. Оригинальная интерпретация инжирного аккорда позволяет избежать банальности благодаря фруктам.  Ощущение чая достигается с помощью абсолюта мате. Воздушная и изысканная композиция дополнена тонким ароматом жасмина.;Только для наружного применения.
19000257134;LOUIS Re:fresh;туалетная вода;;14399;5759;https://goldapple.ru/19000257134-re-fresh;;RE:FRESH: «Я закрываю глаза и ощущаю свежий ветер, который дует сквозь открытое окно. Его аромат, задерживаясь на кончике носа, напоминает о роще с грейпфрутовыми деревьями.  Лес словно шепчет мне: “Можно немного отдохнуть, пока вдыхаешь этот аромат». Ноты грейпфрута, кедра и амбры воссоздают атмосферу грейпфрутового леса.;Только для наружного применения.
19000268765;HUGO BOSS JEANS;туалетная вода;Франция;10200;7140;https://goldapple.ru/19000268765-jeans;;Hugo Boss за эти годы выпустил приличное количество хитов. От оригинального Hugo до Boss Bottled и The Scent Private Accord, немецкий модный гигант создал несколько ароматов, которые запомнились нам. Известные в основном своей линией одежды, они пытаются объединить их с Hugo Jeans . Новый свежий аромат Fougere, который означает, вдохновлен смелым персонажем, который живет своей жизнью. Hugo Jeans открывается бодрящим аккордом лайма и грейпфрута, который усиливается прохладой мяты и свежестью ягод можжевельника. Крепкая база из бархатистого сандалового дерева в сочетании с мягким кедром и древесным ветивером создает стойкую основу для более свежих нот. Hugo выпускает еще один свежий ароматический аромат, сочетающий в себе ноты цитрусов и мяты. Я большой поклонник мятных ароматов, и я очень надеюсь, что этот будет сильным на этой ноте. Большинство Hugo Boss хорошо пахнут, но есть вероятность, что этот может быть отличным, учитывая использование можжевельника и лайма, которые являются моими любимыми ароматами. Я совершенно уверен, что этот аромат будет популярен среди широкой публики благодаря такому сочетанию ярких верхних нот. Это может стать еще одной будущей классикой для бренда, а может и кануть в безвестность. Время покажет. Ноты: грейпфрута, перечной мяты, ягод можжевельника, лайма, сандалового дерева, кедра и ветивера.;Нанесите аромат на пульсирующие зоны. Только для наружного применения. Избегайте попадания в глаза. Не используйте в случае индивидуальной непереносимости одного из ингредиентов или в случае поврежденной кожи.
19000062929;EQUIVALENT H015;туалетная вода;;2390;1792;https://goldapple.ru/19000062929-h015;;H015 создавался для мужчины, знающего, что здесь он - единственный центр всего внимания. Привыкая к провожающим каждый шаг взглядам, нельзя не заботиться о том, что ты оставляешь, растворяясь за углом. Зеленый лайм и солнечная маракуйя навевают атмосферу большого и шумного города, где для того, чтобы не теряться в толпе, необходимо приложить все усилия. Например, соединить оригинальный мотив из имбирного корня и пряного перца с терпким водоворотом джина, закруженного с водкой и мятой. Длинный шлейф из амбре завершает образ всеобщего любимца и баловня судьбы, легко намекая, что иногда для подобных перемен достаточно начать с образа.;Парфюм всех типов наносится на чистую, слегка увлаженную кожу.
99000070817;DELTA PARFUM Intimate Vanille с феромонами;туалетная вода;;500;500;https://goldapple.ru/99000070817-intimate-vanille-s-feromonami;;Невероятно чарующий запах ванили с первых нот захватит Ваше внимание, а вся композиция подарит мягкий, сладостный, но в то же время необычайно страстный аромат. Нанесите на кожу перед романтическим свиданием и будьте уверены в своей непревзойденности.;Наносить на сухую кожу.
19000204810;FRANKIE GARAGE SPORTY BLACK OUT;туалетная вода;Италия;4010;2005;https://goldapple.ru/19000204810-sporty-black-out;;"Парфюмерная линия ""Sporty Fragrance"" от Frankie Garage была создана молодым итальянским брендом спортивной одежды в стиле кэжуал, чтобы подчеркнуть динамизм и энергию молодых людей, ищущих ""городской"" стиль, который отображает их личность. FG Sporty Fragrance - это древесно-ароматический парфюм, наполненный бодростью черного перца и ароматическими нотами лаврового листа. Нежная и одновременно интенсивная база состоит из нот ванили и пачули. Верхние ноты включают черный перец и цветы апельсина, сердце парфюма - лавровый лист, солод и кристаллы соли, а базовые ноты - пачули, ваниль и амбра. FG Sporty Fragrance - это туалетная вода для динамичных и спортивных молодых людей, которые ищут мощный, ароматный и древесный парфюм в ""городском"" стиле, который подчеркивает их уникальность.";Распылять на кожу с расстояния 15см. Не использовать в пищевых целях. Избегать попадания в глаза
19000308578;GEPARLYS Idole La Nuit;туалетная вода;Франция;4000;4000;https://goldapple.ru/19000308578-idole-la-nuit;;Элитная туалетная вода с шипрово-пряным ароматом для мужчин, созданная в 2016 году парфюмерным брендом Genina B из Франции.  Благородный элегантный аромат воссоздает образ настоящего мужчины, погружает в роскошный мир высшего общества наполненного запахами дорогих сигар и утонченного аристократического запаха драгоценных пород  дерева с холодным обаянием поистине французского  шика. Аромат раскрывается начальными нотами свежих цитрусовыми акцентами  имбиря и «зелеными» оттенками базилика с утонченным цветочным аккордом таинственной ночной фиалки. Пряные специевые оттенки черного жгучего перца и проникновенные ноты древесно-земляной пачули,  прелестно освеженные прохладным искристым акцентом бергамота,  наполняют «сердце» роскошной парфюмерной композиции Genina B.  Idole La Nuit. Шлейфовые ноты мягко струятся древесно-земляными оттенками влажного ветивера и пряно-лесными аккордами дубового мха.;Распылять на участки тела в желаемом количестве.
7273800002;KENZO L'EAU KENZO Pour Femme;туалетная вода;Франция;7890;7890;https://goldapple.ru/7273800002-l-eau-kenzo-pour-femme;;Культовый аромат L’EAU KENZO - легендарная свежесть теперь в новом дизайне. Вдохновленный природой L’EAU KENZO объединяет в себе аромат цветов, фруктов, свежести и счастья. Акватическая фруктово-цветочная композиция, созданная Оливье Креспом, построена вокруг цветка лотоса, окутанного морозным бризом с сочными нотами персика.  Прозрачный флакон L’EAU KENZO напоминает один из жизненно важных природных элементов – воду: вертикальный дизайн подчёркивает её монументальную силу, а изгибы напоминают волны на её поверхности. В своём стремлении делать мир прекрасней KENZO PARFUMS внедряет новые, экологичные подходы к своей работе: флакон L’EAU KENZO на 15% состоит из переработанного стекла, упаковка изготовлена из картона, полученного из экологически чистых источников и имеющего сертификат FSC® (Forest Stewardship Council®), печать произведена биочернилами.   Также в продаже обновленный дизайн мужской версии туалетной воды L’EAU KENZO. Откройте для себя неизведанные грани L’EAU KENZO в новом дизайне #LEAUKENZO;Только для наружного применения
19000155806;SISLEY L'Eau Revee d'Isa;туалетная вода;Франция;12110;9082;https://goldapple.ru/19000155806-l-eau-revee-d-isa;;"L'Eau Rêvée  Isa – это сон о соблазнении, сокровенная и чуть легкомысленная греза. Полная контрастов, она несет в себе удивительные сочетания ароматных эссенций. Бергамот и розовый перец встречаются в ней с жасмином, зеленым чаем и мускусной базой.  Упаковку туалетной воды украсила художница Эльжбета Радзивилл; скульптор Бронислав Кшиштоф создал дизайн флакона и колпачка.";Наносите туалетную воду на кожу, в зонах пульсации (запястья, шея, локтевой сгиб...) на тёплой коже глубже раскроется вся красота звучания натуральных эссенций.
19000074334;VORONOI Primal;туалетная вода;;6960;6612;https://goldapple.ru/19000074334-primal;;В аромате Primal - обращение к глубинной, изначальной природе человека, к его инстинктам. Жесткий, цепкий, прямолинейный, брутальный - но фантастически притягательный. В нем - сосредоточие первобытной силы и стойкости. Дикие горькие травы, колючая пыльная сухость выжженной земли, густой, вяжущий и терпкий аккорд влажной древесины, дополненный дубленой кожей. PRIMAL ошеломляет напором, но завораживает своей дикостью и естественностью - заставляя возвращаться к нему вновь и вновь.;Для нанесения на кожу
19000473381;AVON Elite gentleman;туалетная вода;Россия;1939;1745;https://goldapple.ru/19000473381-elite-gentleman;;Порази всех своей элегантностью. Уникальное сочетание приятной свежести и обольстительных восточно-древесных нот ароматов коллекции Elite Gentleman подчеркивает образ истинного джентльмена нашего времени.;Нанесите небольшое количество средства на запястья, шею, за ушами, избегая попадания в глаза.
19000449957;CHRISTINE LAVOISIER PARFUMS Green Tea;туалетная вода;Россия;727;654;https://goldapple.ru/19000449957-green-tea;;Аромат радости, гармонии и умиротворения. Подарите себе глоток свежести, окутайте себя заботой и уделите время для наслаждения жизнью! Композиция открывается бодрящими нотами бергамота, свежестью ароматной мяты и сладковатого ревеня, раскрываясь в «сердце» душистым жасмином в обрамлении пряного тмина и гвоздики. Зелёный чай и чувственный белый мускус в базе композиции окутывают уютом и дарят ощущение покоя и гармонии.;Нанести на шею, запястье, локтевые сгибы.
19000074328;VORONOI Medusa;туалетная вода;;6960;5568;https://goldapple.ru/19000074328-medusa;;"В основе аромата - яркий и естественный запах соленого воздуха и ветивера; на заднем плане звучат нотки нагретой древесины, аккорд благородной тонко выделанной кожи и английской розы. Это аромат-впечатление, вобравший в себя все запахи северного лета.";Для нанесения на кожу
19000272873;ANGEL SCHLESSER Citrusy Magnolia;туалетная вода;Италия;6079;3647;https://goldapple.ru/19000272873-citrusy-magnolia;;Нежный аромат ANGEL SCHLESSER сочетает цитрусовые и цветочные аккорды, рассказывая историю решительной и уверенной в себе женщины с минималистичным, но оригинальным стилем. Сочность черной смородины, нежность магнолии, свежесть итальянского лимона и деликатность гималайской соли придают композиции элегантность. Парфюмер – Nathalie Lorson.;Только для наружного применения.
19000204885;PLINSKY BLACK FLASH;туалетная вода;Италия;4010;3007;https://goldapple.ru/19000204885-black-flash;;Plinsky — это итальянский бренд стильной одежды и аксессуаров, который вдохновлен миром скейтбординга, серфинга и андеграундной музыки. Этот бренд создает живые и удивительные ароматы, которые заставляют почувствовать себя свободным и счастливым. PLINSKY BLACK FLASH - это живой и динамичный аромат, который создает идеальное сочетание цитрусовых нот и свежих сердечных аккордов. Базовые ноты добавляют обволакивающий и чувственный штрих к этому энергичному аромату. Верхние ноты бергамота, лимона, мандарина и грейпфрута придают аромату яркость и свежесть, а розовый перец, гальбанум и петитгрейн в сердце аромата добавляют изюминку и динамизм. Базовые ноты мускуса и ветивера завершают композицию, создавая обволакивающий и притягательный финал. PLINSKY BLACK FLASH - это не просто аромат, он также обладает бодрящими и тонизирующими свойствами, которые помогут восстановить тело и дух, освежить мысли и зарядиться энергией на весь день.;Распылять на кожу с расстояния 15см. Не использовать в пищевых целях. Избегать попадания в глаза
19000457277;GALVANOLIORI Magnolia divine;туалетная вода;Россия;750;562;https://goldapple.ru/19000457277-magnolia-divine;;Аромат-букет цветов. Совершенство композиции, образа, настроения и шарма. Парфюмерная вода овладевает, восхищает и соблазняет. Погружает в настроение утонченности, элегантности и обволакивающего шлейфа. Для глубоких натур, теплых и притягательных.;Распылить небольшое количество парфюмерной воды на кожу с расстояния 20-30 см.
7430900005;VERSACE Versense;туалетная вода;Италия;14000;10500;https://goldapple.ru/7430900005-versense;;Туалетная вода Versace Versense удивительна. В ее аромате сочетаются глубокая чувственность, необъятная свежесть, ярко выраженная сексуальность. Парфюмеры компании Versace позиционируют ее как композицию для энергичных натур, ценящих свободу желаний и чувств. Все компоненты в ней подобраны тщательно, благодаря чему она гармонична и ассоциируется с природой. Верхними нотками этой туалетной воды являются благородный бергамот, искрометный мандарин. В глубине аромата спрятаны нежность жасмина и пряность кардамона. В шлейфе парфюма Versense ощущаются древесные нюансы кедра и сандала, а также легкие нотки мускуса.;
19000473377;AVON Black suede touch;туалетная вода;Россия;1939;1745;https://goldapple.ru/19000473377-black-suede-touch;;Испытай непреодолимый соблазн с ароматом, в котором согревающие ноты кашемирового дерева дарят удивительную мягкость и теплоту, переплетаясь с аккордами пачули.  Жгучий имбирь добавляет аромату таинственные отголоски далекого Востока.  Теплые ароматы Black Suede с томными нотами специй и бархатистым шлейфом созданы для покорителей сердец.;Нанесите небольшое количество средства на запястья, шею, за ушами, избегая попадания в глаза.
19000457280;GALVANOLIORI Cedar wood;туалетная вода;Россия;850;637;https://goldapple.ru/19000457280-cedar-wood;;Аромат для передовых и современных. Он отличается и восхищает, приводит в трепет гармоничным сочетанием нот, сладкого запаха и искренних порывов. Аромат силы и благоговения, индивидуальности и привлекательности, стремления к сближению и признанию, в подтверждении превосходства над случаем.;Распылить небольшое количество парфюмерной воды на кожу с расстояния 20-30 см.
19000222797;NICOLAI PARFUMEUR-CREATEUR PARIS EAU DE YUZU;туалетная вода;Франция;18296;9148;https://goldapple.ru/19000222797-eau-de-yuzu;;Глоток живительной прохлады, обещающий по-настоящему бодрящие и искрящиеся радостные дни. Коллекция EAU FRAÎCHE предлагает приятные и легкие освежающие воды с длинным шлейфом, который словно играет на солнце. Eau de Yuzu — это чудесная прогулка по изысканным японским садам. Древесный аккорд пачули, гваяка и ветивера структурирует композицию и сохраняет летучесть цитрусовых и водных нот, создавая свежий и мощный шлейф. Чистая и свежая композиция.;
19000113865;FAÇONNABLE Riviera;туалетная вода;;7500;5625;https://goldapple.ru/19000113865-riviera;;Вам знакомо это чувство -  быть единственным и неповторимым… Беззаботность в классическом понимании  и  современном стиле… С оттенком свежести…. Façonnable   riviera - это привлекательный коктейль традиционной элегантности и непредсказуемости. Парфюмерная вода, полная контраста: раскрывается  свежими, сладкими и игристыми цитрусовыми нотами….затем появляется неожиданная, интригующая, бодрящая смесь красного яблока, мускатного ореха и эвкалипта... Позже внезапно возникает чувственный жар древесного янтарного аккорда, окрашенного стильными, решительно мужественными нотами замшевой кожи.;Распылять на кожу с расстояния 15см. Не использовать в пищевых целях. Избегать попадания в глаза
19000209523;KORRES KYMA;туалетная вода;Греция;7690;5383;https://goldapple.ru/19000209523-kyma;;Туалетная вода Kyma - это эликсир солнечного настроения, который подарит яркие эмоции, свежесть морских волн и унесет в атмосферу беззаботного пребывания на песчаных берегах Средиземного моря. Вместе с Kyma день будет наполнен бодростью и энергией!  Композиция: Терпкие нотки лайма, яркого мандарина и сочного апельсина пробуждают чувства и энергию. Преобладающие морские и акватические ноты искусно дополняются легкими аккордами перца, который добавляет аромату пикантность. Содержит 87% натуральных компонентов. Дерматологически протестировано. Korres – бренд натуральных средств ухода за кожей и парфюмерии, содержащих до 99% компонентов природного происхождения.  Все парфюмерные композиции бренда – это яркие и чувственные ароматы, сочетающие в себе сочные природные ноты натуральных компонентов, что обеспечивает высокую стойкость ароматов и дарит яркое настроение и эмоции на долгое время. Дополните свой образ парфюмерными композициями Korres и обретите еще большую притягательность и уверенность в себе!;Распылите на расстоянии примерно 20 см. от кожи, уделив особое внимание таким зонам, как запястья и шея.
19000326809;GARNIR Flanders;туалетная вода;Республика Корея;4716;2358;https://goldapple.ru/19000326809-flanders;;«Всё в порядке, Патраш, всё в порядке, всё будет хорошо».  Когда вы хотите пробудить в себе утраченную непосредственность и вспомнить о настоящей дружбе, вы можете открыть роман английской писательницы Уиды «Нелло и Патраш». История рассказывает о бедном итальянском мальчике Нелло и его друге, собаке Патраш.  Каждый день они проходили по дороге, полной трав и цветов. Их сердца так прочно связаны друг с другом, что человеческий язык не способен передать полноту чувств. Так, до самого конца, в суровый холод они были вместе.  Туалетная вода FLANDERS передает уют и свежесть утренних полей, которые видели Нелло и Патраш. Зеленые ноты раскрываются в старте композиции, передавая образ травяной дорожки. Затем звучат ноты жасмина, сирени, ландыша и плюща, напоминающие аромат диких цветов.  В завершение ноты ириса и мускуса означают надежду на будущее, наполненное счастьем.;Только для наружного применения.
26043900002;COMPTOIR SUD PACIFIQUE Vanille Ambre;туалетная вода;;5390;3503;https://goldapple.ru/26043900002-vanille-ambre;;Comptoir Sud Pacifique Vanille Ambre открывает таинство связи обожателя со своим животным началом. Амбра - исключительно эти ноты задают начало притягательной структуры Vanille Ambre. Собрав воедино такие кирпичики благородного букета, как ваниль, и примешав каплю ностальгии, Comptoir Sud Pacifique открыл прекрасные средние ноты описываемых духов. Пачули и мускус были назначены разработчиком в роли конечных нот Vanille Ambre. Притягательность, утонченность и нежность - вот чем восхитит этот парфюм. В 2009 году первые партии Vanille Ambre родились в потаенных комнатах Comptoir Sud Pacifique, став частью колоритной истории мира духов. Раскрывая пузырек данной туалетной воды, его почитатель выпускает наружу буйствующий поток, выделяющийся своей страстью, изящностью и притягательностью.;
19000457283;GALVANOLIORI Space blue;туалетная вода;Россия;850;637;https://goldapple.ru/19000457283-space-blue;;Стильный аромат, изысканный и элегантный. Композиция из чувственных и свежих красок, интенсивных нот кедра и свежего воздуха, прогулок поздним вечером вдоль широкой дороги, уходящей далеко и высоко до верхушек холмов. Аромат-искра, аромат-уверенность и яркий шлейф.;Распылить небольшое количество парфюмерной воды на кожу с расстояния 20-30 см.
19000264131;GOURMAN №9;туалетная вода;Россия;969;872;https://goldapple.ru/19000264131-no9;;"Туалетная вода с феромонами «Gourman 9»  Композиция аромата: Мускатный шалфей и мандарин; Карамель и бобы тонка; Ветивер.";Только для наружного применения.
19000120750;CHRISTINE LAVOISIER PARFUMS Memories lab Forbidden fruit;туалетная вода;;1220;1098;https://goldapple.ru/19000120750-memories-lab-forbidden-fruit;;Чувственный, насыщенный аромат спелой вишни. Аромат, навевающий воспоминания о первой любви. Это «история» про то, как хорошим девочкам нравятся плохие парни, про долгие  прогулки под луной, объятия и поцелуи ...;Нанести на шею, запястье,локтевые сгибы.
19000449103;LERBOLARIO Shades of dahlia;туалетная вода;Италия;3798;3418;https://goldapple.ru/19000449103-shades-of-dahlia;;Туалетная вода Shades of Dahlia начинается с ярких цитрусовых аккордов калабрийского бергамота, мандарина и сладкого белого винограда, которые задают тон для всей композиции. Сердечные ноты раскрывают богатый цветочный букет, который одновременно опьяняет и очаровывает.  Египетская герань, болгарская роза и георгин занимают центральное место, излучая женственность и изящество.  Жасмин добавляет нотку сладости, а иланг-иланг привносит в композицию экзотику. Это сочетание цветочных нот создаёт ощущение вечной красоты, окутывая ароматом, который вызывает чувство восхищения и умиротворения. Базовые ноты мускуса и кедра придают аромату изысканную глубину и продолжительность, окутывая его теплом и чувственностью. Мускус придаёт аромату нежную пудровую мягкость, в то время как кедр вносит в него землистые, изысканные акценты. Сандал и ваниль добавляют сладкие, сливочные ноты, завершая композицию и даря ей ощущение роскошной утончённости. Дерматологически протестировано. Не тестируется на животных. Не содержит ингредиентов животного происхождения. Не содержит тяжёлых металлов.;Туалетную воду нужно распылять с расстояния 10–15 см на пульсирующие точки тела: запястья, сгибы локтей, ямку между ключицами, область за ушами, основание шеи у корней волос.  Достаточно одного нажатия на спрей, чтобы аромат раскрылся, но не стоит его растирать: это может нарушить последовательность проявления нот.
19760315721;KORLOFF PARIS KN I;туалетная вода;;4960;3968;https://goldapple.ru/19760315721-kn-i;;"Выпущенный в 2008 году Kn I от марки Korloff Paris классифицируется как женский аромат и принадлежит семейству Цветочные. Его автором является парфюмер Даниэль Пайласер. Kn I входит в коллекцию Kn°. Ананас, Черная смородина и Мята образуют стартовый аккорд композиции, в сердце ─ Фрезия, Ландыш, Морской аккорд (морская нота), Пион и Роза; базу составляют Кедр и Мускус. С новым объемом Kn I - женщины  получат возможность путешествовать, работать, открывать для себя мир с любимым ароматом в своей сумке.";Для нанесения на кожу
26070100014;ETRO MUSK;туалетная вода;;10500;6300;https://goldapple.ru/26070100014-musk;;Деликатное звучание свежих нот, гармонично соединенных в более интенсивное звучание. В результате получается аромат, который в своей мягкости раскрывает силу и узнаваемую индивидуальность. Элегантный и созерцательный, это вечная классика. мускус предлагает безмятежность и ведет к истоме, приглашает нас вести жизнь сладостной чувственности.;
19000257136;LOUIS Her;туалетная вода;;14399;4319;https://goldapple.ru/19000257136-her;;HER: «Главный герой одного фильма даже спустя 2 года помнит аромат любимой женщины. Наблюдая за этой сценой, мне стало невероятно интересно, что же это за духи.  Смог бы он запомнить аромат, если бы он был обычным? Эта композиция — “её” образ, который каждый хранит глубоко в сердце».  Нота ландыша среди фиалок, роз и жасмина сохраняет невинный характер аромата, чтобы сделать ваш образ ещё более запоминающимся.;Только для наружного применения.
19000061656;ICEBERG TWICE ROSA FEMME;туалетная вода;Италия;3482;1741;https://goldapple.ru/19000061656-twice-rosa-for-her;;Искрящийся и заряжающий энергией вначале, утонченный и притягательный при дальнейшем знакомстве – этот аромат ICEBERG идеально подходит для женщин, стремящихся к активной и насыщенной, но при этом сбалансированной жизни. Свежие и фруктовые грани композиции гармонируют с яркостью древесных нот, оставляя незабываемое впечатление. В бодрящем и женственном аромате, отражающем философию спортивного шика ICEBERG, переплетаются яркие ноты красной смородины, сочного грейпфрута, нежных лепестков жасмина, семян моркови, амбретты и кедра. Парфюмер – Ilias Ermenidis.;только для наружного применения
19000449102;LERBOLARIO Vetiver;туалетная вода;Италия;3798;3418;https://goldapple.ru/19000449102-vetiver;;Туалетная вода Vetiver с решительным и энергичным характером ветивера делает этот аромат поистине уникальным, даря его обладателю яркость и неповторимую привлекательность. Этот энергичный мужской аромат пробуждает чувства, раскрываясь свежими и живыми нотами, в которых пикантные акценты цитрусовых переплетаются с острым имбирём. Постепенно они уступают место тёплым, древесным оттенкам ветивера и мускуса, которые придают композиции особую текстуру и глубину. Дерматологически протестировано. Не тестируется на животных. Не содержит ингредиентов животного происхождения. Не содержит тяжёлых металлов. Экологичная упаковка FSC®.;Туалетную воду нужно распылять с расстояния 10–15 см на пульсирующие точки тела: запястья, сгибы локтей, ямку между ключицами, область за ушами, основание шеи у корней волос.  Достаточно одного нажатия на спрей, чтобы аромат раскрылся, но не стоит его растирать: это может нарушить последовательность проявления нот.
99000037399;DELTA PARFUM Brandy Classic;туалетная вода;;425;425;https://goldapple.ru/99000037399-brandy-classic;;"Насладитесь яркими и насыщенными ароматами туалетной воды ""Brandy Classic"", которые станут отражением вашей внутренней силы и характера! Этот аромат относится к семейству древесных, что делает его универсальным и подходящим для любого случая. Начальные ноты туалетной воды представлены бергамотом, лавандой, дыней и яблоком. Эти свежие и яркие аккорды создают ощущение прохлады и чистоты, которое мгновенно привлекает внимание окружающих.  сердца раскрываются белым кедром и жасмином, добавляя аромату глубину и теплоту.  Эти аккорды придают туалетной воде мужественность и элегантность, делая её идеальным выбором для деловых встреч и романтических свиданий.  Базовые ноты сандала, дубового мха и мускуса оставляют после себя долгий и запоминающийся шлейф.  Они придают аромату стойкость и насыщенность, делая его идеальным выбором для вечерних мероприятий и особых случаев.";
19000308583;GEPARLYS Pure Blue;туалетная вода;Франция;2400;2400;https://goldapple.ru/19000308583-pure-blue;;Это прелестная мечта для избранных, ищущих случай погрузиться в тайную страну, где мечты ограничиваются лишь воображением.;Распылять на участки тела в желаемом количестве.
19000403774;TOM FORD Eau De Soleil Blanc;туалетная вода;Швейцария;4900;4900;https://goldapple.ru/19000403774-eau-de-soleil-blanc;;Tom Ford Soleil Blanc — входит в линию Private Blend Collection, в которой представлены особенные ароматы, свободные от всех условностей и предназначенные для истинных ценителей парфюмерии.  Название можно перевести как «Белое солнце». Soleil Blanc рисует картину солнечного тропического острова посреди океана, где цветут удивительной красоты цветы, волшебно поют птицы, царит безмятежность и покой.  Это экзотические цветы в пряностях, молочно-миндальных тонах и соблазнительном смолисто-амбровом облаке. Пряный тёплый старт, сладкое цветочное сердце и чувственный знойный шлейф с кокосовым аккордом. Атмосфера роскоши, удовольствия и наслаждения жизнью.;Нанесите аромат на запястья, шею и точки пульса на очищенную и увлажненную кожу. Не растирайте.
19000273298;DAVIDOFF COOL WATER REBORN;туалетная вода;Франция;6100;4575;https://goldapple.ru/19000273298-cool-water-reborn;;Туалетная вода для мужчин Cool Water Reborn – это аромат, в который вы непременно влюбитесь и с которым больше не будете расставаться. Ее композиция с первой ноты убедит вас, что отныне этот аромат станет неотъемлемой частью каждого вашего дня.;Нанесите аромат на пульсирующие зоны.  Только для наружного применения.  Избегайте попадания в глаза.  Не используйте в случае индивидуальной непереносимости одного из ингредиентов или в случае поврежденной кожи.
19000322189;CHARMING SWEET;туалетная вода;Россия;975;770;https://goldapple.ru/19000322189-charming-sweet;;Charming SWEET - это роскошный, невероятно притягательный аромат для женщин, которые хотят быть настоящими королевами. Девушка, окруженная шлейфом этого парфюма, «обречена» стать звездой вечера. Сладкие и пьянящие фруктовые ноты одурманивают и словно зовут в райский сад, где ждут своего часа спелые, наливные яблоки. Аромат аппетитной смеси арбуза, киви и экзотических цветов разбавляет крепкий запах мускуса. Словно магический эликсир, уже с первых аккордов парфюм завлекает своей чувственностью, женственностью и благородством;Для полноценного раскрытия парфюмированная вода наносится на пульсирующие участки кожи вблизи сосудов, которые будут постоянно его подогревать - на шею за ушами, под колено, на запястье, локтевые сгибы, волосы.
19000062925;EQUIVALENT H011;туалетная вода;;2390;2151;https://goldapple.ru/19000062925-h011;;Сладко, но не приторно. Ярко, но не режуще глаза. Всё это - про  H011, во флаконе которого появился интересный баланс - кислинка яблока со сладостью солнечного ананаса приправлены глубиной черной смородины и приглушены ароматным бергамотом. Сердце аромата цветочное, с легким привкусом летней вечерней дымки, опускающейся на лес - внутри флакона переплелись береза, пачули и тонкий аромат можжевельника, словно приглашая за собой на прогулку в лес, где единственной опорой будет собственная мужественность. База из дубового мха и ванили создает мягкий шлейф, делая аромат практически осязаемым - вашим самым верным спутником в любом путешествии.;Парфюм всех типов наносится на чистую, слегка увлаженную кожу.
19000057313;PURE SENSE Freedom;туалетная вода;;11990;11990;https://goldapple.ru/19000057313-freedom;;Магия утра в незнакомом месте: шум кипарисов на горизонте и аромат первых лепёшек с кардамоном из пекарни внизу. Четырехлистный клевер на удачу в кармане, роса на свежескошенной траве возле дома.;
19000273301;DAVIDOFF COOL WATER REBORN;туалетная вода;Франция;8500;5950;https://goldapple.ru/19000273301-cool-water-reborn;;Cool Water Reborn for Her Eau de Toilette Davidoff, выпущенный в 2022 году, классифицируется как аромат для женщин и принадлежит семействам Цитрусовые, Древесные и Цветочные. Cool Water Reborn for Her Eau de Toilette входит в коллекцию Cool Water Woman.;Нанесите аромат на пульсирующие зоны.  Только для наружного применения.  Избегайте попадания в глаза.  Не используйте в случае индивидуальной непереносимости одного из ингредиентов или в случае поврежденной кожи.
19000428746;BVLGARI Omnia Coral;туалетная вода;Италия;15581;14490;https://goldapple.ru/19000428746-omnia-coral;;Волнующий аромат BVLGARI из коллекции Omnia, на создание которой вдохновила благородная красота драгоценных камней, дарит ощущение безграничной свободы. Воодушевляющая композиция Omnia Coral объединяет цветочный и фруктовый аккорды, столь же яркие, как оттенок драгоценного красного коралла. В аромате переплетаются ноты свежего бергамота, тропического гибискуса и сочного граната. Этот летний коктейль нот напоминает о солнечных днях, дикой природе и красоте океанских просторов.;
19000155807;SISLEY L'Eau Revee d'Alma;туалетная вода;Франция;18960;15168;https://goldapple.ru/19000155807-l-eau-revee-d-alma;;L'Eau Rêvée d'Alma - прохлада акватических аккордов водяного ириса, помноженная на пламенеющий лед кардамона. Контраст, где за хрустальной водной гладью базилика, египетского жасмина и розы кроется бездонный омут пачули, шипра, кедра и сандала. Упаковку туалетной воды украсила художница Эльжбета Радзивилл, а скульптор Бронислав Кшиштоф создал дизайн колпачка флакона.;Наносите туалетную воду на кожу, в зонах пульсации (запястья, шея, локтевой сгиб...) на тёплой коже глубже раскроется вся красота звучания натуральных эссенций.
19000428750;BVLGARI POUR HOMME;туалетная вода;Италия;13679;10259;https://goldapple.ru/19000428750-pour-homme;;Туалетная вода BVLGARI POUR HOMME — приятный и освежающий древесно-цветочный аромат, олицетворяющий безмятежность и стремление к гармонии. Естественная зелень листьев чая дарджилинг сочетается с успокаивающим оттенком аккорда мускуса.  Парфюмер — Jacques Cavallier. Элегантный флакон в стиле минимализма отражает свежесть и спокойствие нот. Его прозрачная форма символизирует гармонию, лежащую в основе композиции, приглашает испытать чувство внутренней защищенности.;
7191100012;DIOR Dioressence;туалетная вода;Франция;16300;16300;https://goldapple.ru/7191100012-dioressence;;Восточный, пряный, чувственный, волнующий. Его чарующий аромат раскрывает все секреты Востока и тайны женственности.  Будучи не только Кутюрье, но и Парфюмером, Кристиан Диор создавал ароматы, чтобы каждое из его платьев одно за другим являлось из флакона духов.;
19000308581;GEPARLYS Pure Bad;туалетная вода;Франция;2400;2400;https://goldapple.ru/19000308581-pure-bad;;Харизматичный и стильный мужской древесно-пряный аромат, выпущенный парфюмерным брендом Karen Low. Красивая, гармоничная, но абсолютно ненавязчивая композиция станет прекрасным дополнением мужского образа, внеся в серые будни тепло и яркость летних дней.;Распылять на участки тела в желаемом количестве.
26046000004;COMPTOIR SUD PACIFIQUE VANILLE CAFE;туалетная вода;;2790;1953;https://goldapple.ru/26046000004-vanille-cafe;;Нежные молочные оттенки миндаля и горьковато-пряные жаркие ноты кофе открывают аромат, насыщаясь в «сердце» парфюмерной композиции сладковатым смолисто-ванильным запахом бензоина. Сливочно-хвойные элегантные оттенки древесины кедра, чувственные ноты нежного белого мускуса и восточные пудровые акценты соблазнительной ванили завершают гармоничный душистый и такой близкий для всех аромат.;
19000453730;TOUS Sorbet Garden;туалетная вода;Испания;5400;2754;https://goldapple.ru/19000453730-sorbet-garden;;Позвольте Sorbet Garden удивить вас, унося в смелую и дерзкую прогулку. Вдохновлённый пробуждением природы в лесных пейзажах, он наполнен интенсивными оттенками, излучающими энергию радости и счастья. Откройте свою аутентичную сущность и очаруйтесь буйством цветов и фруктов. Парфюмер Julien Plos приглашает нас заблудиться в этом саду, ощущая ароматную глубину свежих фруктов. Сочные акценты манго, красного яблока и груши усиливаются шипучим оттенком розового перца. Затем солнечные ноты иланг-иланга сочетаются с деликатностью белого пиона и фрезии, создавая шлейф, освещающий эту захватывающую бесконечную историю. Следом соблазняют сливочно-древесный шлейф бобов тонка, дартанола® (переработанный ингредиент с ароматом сандалового дерева) и индонезийский пачули.;Средство предназначено для наружного применения с целью придания приятного аромата. Нанести аромат на кожу.
19000273258;BURBERRY BRIT;туалетная вода;Испания;7500;6750;https://goldapple.ru/19000273258-brit;;Туалетная вода Burberry Brit for Him - свежий восточный аромат, вдохновленный британцами - это элегантность и отсутствие излишней приглаженности. Аромат Burberry Brit - беззаботный и расслабленный, с той уверенностью, которая исходит от оригинальности и непринужденного стиля. Знаменитый дизайн бутылочки Brit легко узнается, с клетчатым узором, нанесенным на прозрачное стекло. Дизайн разработан Фабиеном Бароном.;Нанесите аромат на пульсирующие зоны.  Только для наружного применения.  Избегайте попадания в глаза.  Не используйте в случае индивидуальной непереносимости одного из ингредиентов или в случае поврежденной кожи.
19000439060;BUGATTI Iconiq Blue;туалетная вода;Франция;6000;4500;https://goldapple.ru/19000439060-iconiq-blue;;Bugatti IconiQ Blue, представленный в 2024 году немецким модным домом Bugatti как часть коллекции IconiQ, представляет собой ароматическую композицию фужерно-акватического направления. Обладая теплыми восточными и древесными акцентами, парфюм привлекает своим бодрящим и насыщенным звучанием.;Нанести на кожу, избегая попадания в глаза. Не для пищевых целей. Только для наружного применения.
19000437966;ANGEL SCHLESSER Ginger Cologne;туалетная вода;Италия;8330;4998;https://goldapple.ru/19000437966-ginger-cologne;;Ольфакторное путешествие по свежим и ярким граням мадагаскарского имбиря воплощается в аромате Ginger Cologne. Бодрящая цитрусовая композиция ANGEL SCHLESSER сочетает освежающие ноты имбиря и мяты. Нота ветивера создает обволакивающий древесный шлейф.;
19000198488;PRESS GURWITZ PERFUMERIE №3 Tobacco, Cinnamon, Vanilla;туалетная вода;Россия;7670;6212;https://goldapple.ru/19000198488-no3-tobacco-cinnamon-vanilla;;Туалетная водаPress Gurwitz Perfumerie #3 c нотами табака, корицы и ванили. Дымчатый, уютный и пряный, в нем ярко сочетаются ноты мадагаскарской ванили, табака и жгучеей корицы. Пористый, как ванильный бисквит, характерный, как благородный табак, жгучий, как надломленная палочка корицы - этот аромат погружает в теплоту и мягкость объятий, нежных и в то же время мужественных. Аромат унисекс. Без сульфатов и парабенов не тестируется на животных.;Распылять на кожу или одежду с расстояния 50 см. Можно брызнуть парфюмом в воздухе перед собой и войти в облако аромата. Для усиления стойкости наносить на разогретое тело.
19000439061;BUGATTI Iconiq Gold;туалетная вода;Франция;6000;5100;https://goldapple.ru/19000439061-iconiq-gold;;Bugatti IconiQ Gold, представленный в 2024 году немецким модным домом Bugatti в рамках линии IconiQ, представляет собой древесно-фруктовую композицию, напоминающую нежное и согревающее прикосновение.;Нанести на кожу, избегая попадания в глаза. Не для пищевых целей. Только для наружного применения.
19000226292;PANIER DES SENS ESSENTIALS Eau de toilette Rose;туалетная вода;Франция;3750;1875;https://goldapple.ru/19000226292-essentials-eau-de-toilette-rose;;Туалетная вода с вневременным, элегантным и натуральным ароматом. Расслабляет и дает отдых телу и разуму.  Аромат разработан в городе Грас (на юго-востоке Франции, в регионе Прованс) Веганский Сделано во Франции  100% перерабатываемая упаковка;Нанесите необходимое количество на пульсирующие точки: шею, декольте, запястья, за ушами. Повторяйте так часто, как захотите.
19000226287;PANIER DES SENS ABSOLUTES Roll On EDT Precious Jasmine;туалетная вода;Франция;1350;540;https://goldapple.ru/19000226287-absolutes-roll-on-edt-precious-jasmine;;Аромат из города Грас (на юго-востоке Франции, в регионе Прованс)  Веганский  Компактный размер  100% перерабатываемая упаковка;Нанесите необходимое количество на пульсирующие точки: шею, декольте, запястья, за ушами. Повторяйте так часто, как захотите.
19000177533;PLANETA ORGANICA Rosa carmen;туалетная вода;Россия;598;448;https://goldapple.ru/19000177533-rosa-carmen;;Воплощение летнего утра и ощущение долгожданного яркого праздника. Сладостная нега, атмосфера свободы и легкости, искренности и романтики - всего несколько капель прекрасного аромата и ощущение гармонии останется с вами надолго. Энергию композиции придают древесно-мускусные ноты, уравновешенные цветочно-фруктовыми акцентами.;Использование в пищевых целях опасно для жизни или здоровья. Избегать попадания в глаза. Беречь от детей. Огнеопасно, не хранить вблизи огня.
19000244602;CONSTANCIA PINK MOTION;туалетная вода;Россия;4800;2400;https://goldapple.ru/19000244602-pink-motion;;Легкость и ясное видение своего индивидуального вектора движения. Яркий, сочный коктейль из абрикоса и черной бузины на основе игристого шампанского дополнен бархатным звучанием нот черной орхидеи. Ощущается полупрозрачное акватическое дыхание. Древесные аккорды и сладость взбитых сливок благородно обрамляют композицию и придают чувственный шлейф. Аромат подобен магниту: притягивает внимание и манит вслед за собой.;Откройте флакон и нанесите небольшое количество парфюмерного средства на чистую и сухую кожу.
