article;name;product_type;country;price_actual;price_loyalty;url;popularity_coefficient;description;application
19000038879;BAGO HOME Fresh cotton;наполнитель для диффузора;;1529;1070;https://goldapple.ru/19000038879-fresh-cotton;126.0;"Сочетание свежего с цветочным ароматом. Ароматический диффузор «Свежий Хлопок» от Bago home наполнит ваш дом свежим, но при этом сладким цветочным ароматом. Коллекция ароматов ""Ориджиналс"" ORIGINALS – это базовая коллекция бренда, основа основ. Естественно звучащие фруктовые и цветочные ароматы подойдут как тем, кто раньше не ароматизировал помещения, так и давним ценителям парфюмерии для дома.";Достаньте содержимое из коробки, освободите фибровые палочки от скотча,  открутите крышку от диффузора, выдавите белую защитную мембрану, закрутите крышечку обратно, вставьте палочки. Интенсивность аромата регулируется количеством палочек – чем их больше, тем аромат насыщеннее. Начинайте с 2-3 палочек и постепенно добавляйте по одной до достижения оптимальной интенсивности аромата. Периодически переворачивайте палочки, чтобы поддерживать интенсивность.  Для эффективной работы диффузора необходимо движение воздуха.  Ароматический диффузор 50 мл: 1.Время работы: 4-6 недель. 2.Площадь ароматизации: 5-15 м² 3.В комплекте 6 фибровых палочек из прессованного хлопкового волокна, которое не имеет запаха и передаёт аромат в чистом виде.  Ароматический диффузор 100 мл: 1.Время работы: 8-10 недель 2.Площадь ароматизации: 10-20 м². 3.В комплекте 8 фибровых палочек из прессованного хлопкового волокна, которое не имеет запаха и передаёт аромат в чистом виде.
83700400005;DR. VRANJES FIRENZE Rosso Nobile;наполнитель для диффузора;;12300;12300;https://goldapple.ru/83700400005-rosso-nobile;15.68;Истинная магия Тосканы, запечатленная в неповторимой ольфакторной композиции. Позвольте себе насладиться ароматом знаменитого красного вина с холмов Кьянти с едва ощутимыми аккордами цветов апельсина, клубники, лесных ягод, переплетающимися с чуть шершавыми, дымными и теплыми нотами дуба и березовой древесины, которые отсылают к прославленным на весь мир винам в драгоценных дубовых бочках.  Главный бестселлер Dr. Vranjes Firenze с насыщенным, ярким и утонченным ароматом, созвучным благородному красному вину, одному из ключевых символов Италии. Совершенное сочетание нот и безупречное элегантное оформление превращает Rosso Nobile в настоящий символ роскоши, непревзойденного стиля и благополучия.;"Необходимо поддерживать уровень жидкости в диффузоре выше середины флакона, это позволит сохранить аутентичное звучание аромата. Для этого идеально подходят рефилы Dr. Vranjes Firenze с вашими любимыми ароматами. Яркость аромата легко регулируется с помощью натуральных бамбуковых палочек. Перелейте необходимое количество ароматической жидкости в стеклянную вазу диффузора и поместите в вазу необходимое количество палочек – таким образом аромат не будет испаряться через открытое горлышко флакона. Для того, чтобы отрегулировать интенсивность аромата, переворачивайте необходимое количество палочек ежедневно (1-2 для деликатного, еле заметного звучания; все палочки – для более яркого).  Для оптимального распространения аромата диффузор следует разместить в центре комнаты, чтобы воздух циркулировал при прохождении людей. В больших помещениях рекомендуется разместить два диффузора на противоположных концах комнаты. Выбирайте объем флакона в зависимости от помещения."
19000234973;BY KAORI Tobacco Vanilla;наполнитель для диффузора;Россия;2090;2090;https://goldapple.ru/19000234973-tobacco-vanilla;12.6;Бутылочка с дополнительной ароматической жидкостью.Флакон с аромакомпозицией, который входит в комплект аромадиффузора. Также доступен для отдельного заказа - по окончании аромажидкости из вашего комплекта вам не придётся снова покупать аромадиффузор, достаточно просто приобрести дополнительный рефилл;Открутите крышку и вылейте часть аромажидкости в ваш флакон. Поставьте палочки. Меры предосторожности: в случае попадания в глаза, немедленно промыть их большим количеством воды, при необходимости обратиться к врачу. Легко воспламеняется. Не использовать по истечении срока годности. Только для наружного применения! Использование в пищевых целях опасно для жизни!
19000155338;VAN&MUN Blooming cotton;наполнитель для диффузора;Россия;777;559;https://goldapple.ru/19000155338-blooming-cotton;9.24;Свежий, мягкий, сладковатый цветочный аромат на базе мускуса с едва уловимыми зелеными нотами создаст атмосферу легкости в любом помещении. Впустите этот аромат в свой дом и наслаждайтесь ним каждый день! Наполнитель для диффузора - это ароматическая жидкость, которую можно использовать для ароматического диффузора.   При регулярном переворачивании палочек данным объем будет работать до 8 недель. С наполнителем не забывайте покупать новые палочки, помните, что палочки имеют ограниченный срок службы, а их поры имеют свойство забиваться.  Всегда, заменяя аромат или доливая тот же аромат из наполнителя, - меняйте палочки на новые, чтобы продолжать наслаждаться любимым ароматом.;Откройте наполнитель и налейте его в емкость, вставьте фибровые палочки. Можно использовать любую стеклянную и керамическую тару. Если у вас уже есть диффузор с этим ароматом, можете налить наполнитель в ту же емкость. Если вы хотите налить наполнитель в диффузор от другого аромата, то предварительно вымойте бутылочку с мылом под холодной водой.
19000040862;COMFORT ZONE Tranquillity™;наполнитель для диффузора;;9080;9080;https://goldapple.ru/19000040862-tranquillity;8.64;Расслабляйтесь с мягкими и обволакивающими нотами домашнего аромата TranquillityTM, обогащенного эфирными маслами сладкого апельсина, кедра, розы, герани и сандалового дерева. Ароматерапевтический расслабляющий аромат. Парфюмированный диффузор на основе культового аромата TRANQUILLITY™ создаёт уют и дарит ощущение расслабления и благополучия в пространстве.;Вылейте составляющее сменного блока в имеющийся диффузор, а затем вставьте бамбуковые палочки внутрь флакона. Аромат начнет распространяться. Переворачивайте палочки вверх дном не реже одного раза в неделю.
19000234961;BY KAORI Green Mango;наполнитель для диффузора;Россия;2090;2090;https://goldapple.ru/19000234961-green-mango;7.2;Бутылочка с дополнительной ароматической жидкостью. Флакон с аромакомпозицией, который входит в комплект аромадиффузора. Также доступен для отдельного заказа - по окончании аромажидкости из вашего комплекта вам не придётся снова покупать аромадиффузор, достаточно просто приобрести дополнительный рефилл;Открутите крышку и вылейте часть аромажидкости в ваш флакон. Поставьте палочки. Меры предосторожности: в случае попадания в глаза, немедленно промыть их большим количеством воды, при необходимости обратиться к врачу. Легко воспламеняется. Не использовать по истечении срока годности. Только для наружного применения! Использование в пищевых целях опасно для жизни!
19000099028;CASA LEGGERA Oceano;наполнитель для диффузора;;2760;2346;https://goldapple.ru/19000099028-oceano;6.56;Рефил-самый простой способ подарить вашему диффузору вторую жизнь. Наполнитель для ароматического диффузора Oceano от Casa leggera наполнит ваш дом свежим, но при этом сладким древесным ароматом.   Oceano оживляет воспоминания о прошедшем лете, зовет вернуться в него и пройтись по берегу океана. Композиция состоит из нот сливы, личи, груши, клубники, сорбе из листьев фиалки, мимозы, амбры, жасмина, абсолют ванили и тиковой древесины. Действие рефила объемом 200 миллилитров от 5 до 6 месяцев с 5 ротанговыми палочками. С этим наполнителем нужно использовать ротанговые палочки от Casa leggera, которые входят в комплект диффузора или приобретаются отдельно.  Помните, что палочки имеют ограниченный срок службы, а их поры имеют свойство забиваться. Всегда, заменяя аромат или доливая тот же аромат из рефила, меняйте палочки на новые, чтобы продолжать наслаждаться любимым ароматом.;Просто залейте жидкость из рефила в диффузор, вставьте новые ротаноовые палочки Casa leggera и наслаждайтесь любимым и уже привычным ароматом!
19000234957;BY KAORI Fleur;наполнитель для диффузора;Россия;2090;2090;https://goldapple.ru/19000234957-fleur;6.16;Бутылочка с дополнительной ароматической жидкостью. Флакон с аромакомпозицией, который входит в комплект аромадиффузора. Также доступен для отдельного заказа - по окончании аромажидкости из вашего комплекта вам не придётся снова покупать аромадиффузор, достаточно просто приобрести дополнительный рефилл;Открутите крышку и вылейте часть аромажидкости в ваш флакон. Поставьте палочки. Меры предосторожности: в случае попадания в глаза, немедленно промыть их большим количеством воды, при необходимости обратиться к врачу. Легко воспламеняется. Не использовать по истечении срока годности. Только для наружного применения! Использование в пищевых целях опасно для жизни!
19000148537;VENEW сандал;наполнитель для диффузора;Россия;650;650;https://goldapple.ru/19000148537-sandal;5.6;Рефил - это запасной блок с ароматической жидкостью, довольно выгодный способ продлить жизнь вашего текущего диффузора и аромата для дома. Вам не придётся докупать ароматизатор в полном комплекте за более высокую цену. Сандал (100 мл) – потрясающе трепетный, нежный и легкий аромат. Нота сандалового дерева в нем довольно загадочна, именно она наполняет аромат таинственностью и глубиной. Сказать наверняка, чем пахнет диффузор, сложно. Он и теплый, и древесный, и сладковато-пряный, и с проявляющимися мускусными нотами, отлично расслабляет. Ароматизаторы VENEW - это 100% качественный eco-состав без капли спирта, собственное производство, стильный дизайн, сертифицированная продукция, разнообразие самых топовых запахов. Среди нашего ассортимента Вы найдёте знакомые ароматы, изготовленные по мотивам известных брендов, а также изысканные сочетания привычных нот, образующих невероятные букеты. Несомненно, наши товары для истинных ценителей качественного парфюма и подходят как для мужчин, так и для женщин. Такой парфюм для дома не стыдно преподнести в качестве подарка любимому, любимой, папе, маме, другу, сестре, да и просто без повода. Даже самый требовательный эстет найдёт тот аромат, который придётся ему по душе. Мы создаём гармонию, Вы дарите её близким.;Откройте бутылочку, перелейте наполнитель в имеющийся диффузор. Промойте флакон, если тот использовался с другой жидкостью, во избежание искажения аромата. Вставьте новые палочки, переверните через пару минут. Подождите, пока они пропитаются ароматом и начнут отдавать его в окружающее пространство. Интенсивность аромата зависит от выбранного наименования, количества палочек, температуры и циркуляции воздуха в помещении. Не ставьте флакон в угол, в маленькое закрытое помещение, слишком высоко. Идеально - в центре комнаты на уровне пояса. Рекомендуется переворачивать палочки каждые 5-7 дней (если насыщенности недостаточно, следует переворачивать их как можно чаще и/или добавить еще несколько штук). Аромат раскрывается в течение 12-48 часов. Допускается использование жидкости с исходной ёмкостью.
19000148528;VENEW кокос и шоколад;наполнитель для диффузора;Россия;650;650;https://goldapple.ru/19000148528-kokos-i-sokolad;4.6;Рефил - это запасной блок с ароматической жидкостью, довольно выгодный способ продлить жизнь вашего текущего диффузора и аромата для дома. Вам не придётся докупать ароматизатор в полном комплекте за более высокую цену. Кокос/шоколад (100 мл) - невероятно вкусный аромат для комфортной и успокаивающей атмосферы. Умеренно-сладкий, с благородным и спокойным звучанием - он повышает настроение, создает атмосферу веселья и беззаботности. Поистине райское наслаждение, концентрат радости и счастья, наполненный сладкими нотами экзотического кокоса, смешанного с глубиной настоящего шоколада. Такое сочетание точно способно избавить от негатива и раскрасить мир в яркие краски. Ароматизаторы VENEW - это 100% качественный eco-состав без капли спирта, собственное производство, стильный дизайн, сертифицированная продукция, разнообразие самых топовых запахов. Среди нашего ассортимента Вы найдёте знакомые ароматы, изготовленные по мотивам известных брендов, а также изысканные сочетания привычных нот, образующих невероятные букеты. Несомненно, наши товары для истинных ценителей качественного парфюма и подходят как для мужчин, так и для женщин. Такой парфюм для дома не стыдно преподнести в качестве подарка любимому, любимой, папе, маме, другу, сестре, да и просто без повода. Даже самый требовательный эстет найдёт тот аромат, который придётся ему по душе. Мы создаём гармонию, Вы дарите её близким.;Откройте бутылочку, перелейте наполнитель в имеющийся диффузор. Промойте флакон, если тот использовался с другой жидкостью, во избежание искажения аромата. Вставьте новые палочки, переверните через пару минут. Подождите, пока они пропитаются ароматом и начнут отдавать его в окружающее пространство. Интенсивность аромата зависит от выбранного наименования, количества палочек, температуры и циркуляции воздуха в помещении. Не ставьте флакон в угол, в маленькое закрытое помещение, слишком высоко. Идеально - в центре комнаты на уровне пояса. Рекомендуется переворачивать палочки каждые 5-7 дней (если насыщенности недостаточно, следует переворачивать их как можно чаще и/или добавить еще несколько штук). Аромат раскрывается в течение 12-48 часов. Допускается использование жидкости с исходной ёмкостью.
19000234952;BY KAORI Dark Vanilla;наполнитель для диффузора;Россия;2090;2090;https://goldapple.ru/19000234952-dark-vanilla;4.2;Бутылочка с дополнительной ароматической жидкостью. Флакон с аромакомпозицией, который входит в комплект аромадиффузора. Также доступен для отдельного заказа - по окончании аромажидкости из вашего комплекта вам не придётся снова покупать аромадиффузор, достаточно просто приобрести дополнительный рефилл;Открутите крышку и вылейте часть аромажидкости в ваш флакон. Поставьте палочки. Меры предосторожности: в случае попадания в глаза, немедленно промыть их большим количеством воды, при необходимости обратиться к врачу. Легко воспламеняется. Не использовать по истечении срока годности. Только для наружного применения! Использование в пищевых целях опасно для жизни!
19000252417;ОВСЯННИКОВ Сосновый лимонад;наполнитель для диффузора;Россия;2080;1372;https://goldapple.ru/19000252417-lajt-sosna-so-l-dom;4.0;Диффузор для дома версии лайт от бренда Овсянников привнесет в любое помещение гармонию и вдохновение благодаря своему уникальному чарующему аромату.  Аромадиффузор с палочками имеет легкий и свежий аромат. Он воссоздает образ спокойного соснового бора, где воздух наполнен ароматом цветущих деревьев и нотками прохладного лимонада.  Верхние ноты раскрываются яркими аккордами дюшеса, а сердце аромата расцветает спелыми плодами грушевого дерева и нотами сосны.  Шлейфовые ноты дарят ощущение загадочности благодаря розовому перцу и тимьяну.  Уравновешивает всю композицию чувственные и теплые ноты притягательного мускуса.  Благодаря запахам мы можем путешествовать во времени, переносясь в самые теплые воспоминания — свяжите с ароматом «Сосновый лимонад» лучшие мгновения жизни!;Перелейте жидкость из рефила в основной стеклянный флакон. Опустите минимум 3-4 палочки в жидкость. Подождите 45-60мин., пока палочки пропитаются. Переверните палочки. Для большей ароматизации добавляйте по одной палочке. Переворачивайте палочки каждые 2-3 дня, чтобы ароматизация была ярче. Каждые 1-2 мес. промывайте палочки от пыли проточной водой с жидким мылом, высушивайте и обратно погружайте во флакон с жидкостью. Чистые палочки лучше ароматизируют пространство.
19000148541;VENEW еловые шишки и хвоя;наполнитель для диффузора;Россия;650;650;https://goldapple.ru/19000148541-elovye-siski-i-hvoa;3.96;Рефил - это запасной блок с ароматической жидкостью, довольно выгодный способ продлить жизнь вашего текущего диффузора и аромата для дома. Вам не придётся докупать ароматизатор в полном комплекте за более высокую цену. Еловые шишки и хвоя (100 мл) - настоящая находка для тех, кто любит натуральные природные ароматы и запахи леса. Это свежий запах лесного ветра, терпкий аромат густого хвойного массива, наполненного могучими соснами. Дикий, суровый, но одновременно будто бы теплый, очень знакомый и такой привлекательный аромат. Запах хвои зачастую ассоциируется у нас с целебными свойствами вечнозеленых растений. Это поистине терапевтическая композиция, отдающая нотами настоящих хвойных, пересекающаяся с горчинкой апельсиновой цедры и чайного дерева. Запоминающийся аромат еловых шишек непременно понравится всем. Ароматизаторы VENEW - это 100% качественный eco-состав без капли спирта, собственное производство, стильный дизайн, сертифицированная продукция, разнообразие самых топовых запахов. Среди нашего ассортимента Вы найдёте знакомые ароматы, изготовленные по мотивам известных брендов, а также изысканные сочетания привычных нот, образующих невероятные букеты. Несомненно, наши товары для истинных ценителей качественного парфюма и подходят как для мужчин, так и для женщин. Такой парфюм для дома не стыдно преподнести в качестве подарка любимому, любимой, папе, маме, другу, сестре, да и просто без повода. Даже самый требовательный эстет найдёт тот аромат, который придётся ему по душе. Мы создаём гармонию, Вы дарите её близким.;Откройте бутылочку, перелейте наполнитель в имеющийся диффузор. Промойте флакон, если тот использовался с другой жидкостью, во избежание искажения аромата. Вставьте новые палочки, переверните через пару минут. Подождите, пока они пропитаются ароматом и начнут отдавать его в окружающее пространство. Интенсивность аромата зависит от выбранного наименования, количества палочек, температуры и циркуляции воздуха в помещении. Не ставьте флакон в угол, в маленькое закрытое помещение, слишком высоко. Идеально - в центре комнаты на уровне пояса. Рекомендуется переворачивать палочки каждые 5-7 дней (если насыщенности недостаточно, следует переворачивать их как можно чаще и/или добавить еще несколько штук). Аромат раскрывается в течение 12-48 часов. Допускается использование жидкости с исходной ёмкостью.
19000098996;CASA LEGGERA Jacomo;наполнитель для диффузора;;2100;1785;https://goldapple.ru/19000098996-jacomo;3.6;Рефил-самый простой способ подарить вашему диффузору вторую жизнь. Наполнитель для ароматического диффузора Jacomo от Casa leggera наполнит ваш дом свежим, но при этом сладким древесным ароматом. В Jacamo композиция начинается со свежих и ярких аккордов мандарина, персика, личи и бергамота, которые создают непринужденную атмосферу. В сердце звучит жасмин, лилия, ландыш и груша. Завершают ансамбль ноты ванили, ветивера и амбры. Действие сменной жидкости объемом 100 миллилитров составляет от 3 до 4 месяцев с пятью ротанговыми палочками. С этим наполнителем нужно использовать ротанговые палочки от Casa leggera, которые входят в комплект диффузора или приобретаются отдельно. Помните, что палочки имеют ограниченный срок службы, а их поры имеют свойство забиваться.  Всегда, заменяя аромат или доливая тот же аромат из рефила, меняйте палочки на новые, чтобы продолжать наслаждаться любимым ароматом.;Просто залейте жидкость из рефила в диффузор, вставьте новые ротаноовые палочки Casa leggera и наслаждайтесь любимым и уже привычным ароматом!
19000148527;VENEW зеленый чай и лимон;наполнитель для диффузора;Россия;650;650;https://goldapple.ru/19000148527-zelenyj-caj-i-limon;3.36;Рефил - это запасной блок с ароматической жидкостью, довольно выгодный способ продлить жизнь вашего текущего диффузора и аромата для дома. Вам не придётся докупать ароматизатор в полном комплекте за более высокую цену. Зеленый чай с лимоном и мятой (100 мл) тонизирует, поднимает настроение, заряжает бодростью, придает силы, актуален в жару. Нежный, свежий, ненавязчивый, милый аромат. Словно освежающий утренний душ или чашка холодного зелёного чая с лимоном и мятой летним утром, которое обещает перерасти в жаркий день. Аромат именно освежает в жару и умиротворяет в другие времена года. Ароматизаторы VENEW - это 100% качественный eco-состав без капли спирта, собственное производство, стильный дизайн, сертифицированная продукция, разнообразие самых топовых запахов. Среди нашего ассортимента Вы найдёте знакомые ароматы, изготовленные по мотивам известных брендов, а также изысканные сочетания привычных нот, образующих невероятные букеты. Несомненно, наши товары для истинных ценителей качественного парфюма и подходят как для мужчин, так и для женщин. Такой парфюм для дома не стыдно преподнести в качестве подарка любимому, любимой, папе, маме, другу, сестре, да и просто без повода. Даже самый требовательный эстет найдёт тот аромат, который придётся ему по душе. Мы создаём гармонию, Вы дарите её близким.;Откройте бутылочку, перелейте наполнитель в имеющийся диффузор. Промойте флакон, если тот использовался с другой жидкостью, во избежание искажения аромата. Вставьте новые палочки, переверните через пару минут. Подождите, пока они пропитаются ароматом и начнут отдавать его в окружающее пространство. Интенсивность аромата зависит от выбранного наименования, количества палочек, температуры и циркуляции воздуха в помещении. Не ставьте флакон в угол, в маленькое закрытое помещение, слишком высоко. Идеально - в центре комнаты на уровне пояса. Рекомендуется переворачивать палочки каждые 5-7 дней (если насыщенности недостаточно, следует переворачивать их как можно чаще и/или добавить еще несколько штук). Аромат раскрывается в течение 12-48 часов. Допускается использование жидкости с исходной ёмкостью.
19000155363;VAN&MUN Orange ice cream;наполнитель для диффузора;Россия;999;899;https://goldapple.ru/19000155363-orange-ice-cream;3.2;Сочный терпковатый апельсин, нежный сливочный пломбир и ваниль. Сладкий десерт для вашего дома. Наполнитель для диффузора - это ароматическая жидкость, которую можно использовать для ароматического диффузора. При регулярном переворачивании палочек данный объем будет работать до 12 недель.  С наполнителем не забывайте покупать новые палочки, помните, что палочки имеют ограниченный срок службы, а их поры имеют свойство забиваться. Всегда, заменяя аромат или доливая тот же аромат из наполнителя, - меняйте палочки на новые, чтобы продолжать наслаждаться любимым ароматом.;Откройте наполнитель и налейте его в емкость, вставьте фибровые палочки. Можно использовать любую стеклянную и керамическую тару. Если у вас уже есть диффузор с этим ароматом, можете налить наполнитель в ту же емкость. Если вы хотите налить наполнитель в диффузор от другого аромата, то предварительно вымойте бутылочку с мылом под холодной водой.
19000196095;LOGEVY FIRENZE 1965 Rosso Perverso;наполнитель для диффузора;Италия;12650;11385;https://goldapple.ru/19000196095-rosso-perverso;3.2;Аромат, успевший стать культовым! Гармоничный, с интенсивной ярко-бордовой ноткой вина Первесо. Современный аромат, восходящий к эпохе Возрождения.;Ароматы лучше расположить в центральной части дома так, чтобы любой входящий или выходящий из дома мог уловить аромат и перенести его в остальные комнаты. Для поддержания аромата переворачивайте палочки через день. Регулировать аромат можно уменьшая или увеличивая число палочек. Палочки играют основную роль в ароматизации помещения, чем больше палочек, тем аромат насыщеннее. Для достижения лучших результатов, эссенцию не стоит никогда выставлять на прямой солнечный свет или ставить рядом с источниками тепла, так как под его воздействием происходит испарение аромата.
19000148530;VENEW табак и бергамот;наполнитель для диффузора;Россия;650;650;https://goldapple.ru/19000148530-tabak-i-bergamot;3.2;Рефил - это запасной блок с ароматической жидкостью, довольно выгодный способ продлить жизнь вашего текущего диффузора и аромата для дома. Вам не придётся докупать ароматизатор в полном комплекте за более высокую цену. Табак/бергамот (100 мл) - это томный, насыщенный аромат, тандем кисловатого бергамота и изысканного табака, элитный мужской аромат, но все же в сочетании с женским цветочно-цитрусовым бергамотом. Он очаровывает, привлекает, совмещая шарм мужественности и глубину нежности. Ароматизаторы VENEW - это 100% качественный eco-состав без капли спирта, собственное производство, стильный дизайн, сертифицированная продукция, разнообразие самых топовых запахов. Среди нашего ассортимента Вы найдёте знакомые ароматы, изготовленные по мотивам известных брендов, а также изысканные сочетания привычных нот, образующих невероятные букеты. Несомненно, наши товары для истинных ценителей качественного парфюма и подходят как для мужчин, так и для женщин. Такой парфюм для дома не стыдно преподнести в качестве подарка любимому, любимой, папе, маме, другу, сестре, да и просто без повода. Даже самый требовательный эстет найдёт тот аромат, который придётся ему по душе. Мы создаём гармонию, Вы дарите её близким.;Откройте бутылочку, перелейте наполнитель в имеющийся диффузор. Промойте флакон, если тот использовался с другой жидкостью, во избежание искажения аромата. Вставьте новые палочки, переверните через пару минут. Подождите, пока они пропитаются ароматом и начнут отдавать его в окружающее пространство. Интенсивность аромата зависит от выбранного наименования, количества палочек, температуры и циркуляции воздуха в помещении. Не ставьте флакон в угол, в маленькое закрытое помещение, слишком высоко. Идеально - в центре комнаты на уровне пояса. Рекомендуется переворачивать палочки каждые 5-7 дней (если насыщенности недостаточно, следует переворачивать их как можно чаще и/или добавить еще несколько штук). Аромат раскрывается в течение 12-48 часов. Допускается использование жидкости с исходной ёмкостью.
19000268067;AROMA HARMONY №13 Warm Tobacco;наполнитель для диффузора;Россия;701;630;https://goldapple.ru/19000268067-no13-warm-tobacco;3.2;"Диффузор ароматический ""#13 Warm Tobacco"" наполнит ваше пространство нотами табака, бобов тонка и сухофруктов, придавая ему уют и теплоту. Этот аромат создаст атмосферу комфорта и спокойствия, наполнив ваш дом теплыми и обволакивающими нотами.";Наполнитель для ароматического диффузора можно использовать с любым флаконом из стекла или керамики, который есть у Вас дома или как самостоятельный ароматизатор, для этого просто вставьте палочки из ротанга(продаются отдельно. Постепенно насыщаясь эфирными маслами, они распространяют аромат по всей комнате. Палочки можно применять сразу все и периодически переворачивать (1-2 раза в сутки).
19000234944;BY KAORI Altai;наполнитель для диффузора;Испания;2090;2090;https://goldapple.ru/19000234944-altai;3.0;Бутылочка с дополнительной ароматической жидкостью. Флакон с аромакомпозицией, который входит в комплект аромадиффузора. Также доступен для отдельного заказа - по окончании аромажидкости из вашего комплекта вам не придётся снова покупать аромадиффузор, достаточно просто приобрести дополнительный рефилл.;Открутите крышку и вылейте часть аромажидкости в ваш флакон. Поставьте палочки. Меры предосторожности: в случае попадания в глаза, немедленно промыть их большим количеством воды, при необходимости обратиться к врачу. Легко воспламеняется. Не использовать по истечении срока годности. Только для наружного применения! Использование в пищевых целях опасно для жизни!
19000118635;DURANCE Fig Milk;наполнитель для диффузора;;3880;2677;https://goldapple.ru/19000118635-fig-milk;3.0;Деликатный и простой способ украсить и ароматизировать Ваш интерьер. Ароматы Durance это прикосновение элегантности и благополучия. Найдите свой единственный, среди наших диффузоров и рефиллов, сладких, фруктовых или древесных нот и заполните каждую комнату в вашем доме.Альянс сочных плодов манго и кислой маракуйи - это настоящий фруктовый бум, который перенесет ваш дом на тропический остров!Идеально для: гостиной, кухни, офиса. Аромат инжира, выраженный через его древесные ноты,  с каплями живицы смоковницы и сладостью спелых плодов.;
19000196202;WALLY 1925 Divino - 90° anniversario;наполнитель для диффузора;Италия;9230;8307;https://goldapple.ru/19000196202-divino-90-anniversario;3.0;Это наша дань уважения тосканским холмам Кьянти: в DIVINO соединены ноты, характерные для вин нашего региона. Каждый сможет почувствовать фруктовую основу, пробуждающую чувства и видения, связанные с собственным опытом. Кто-то услышит в нем ягоды и мед, а кто-то уловит яблоко и мадагаскарскую ваниль. Так благоухает молодое вино, благородное и игристое, с которым хочется провести приятный вечер в компании друзей. Этот аромат отлично дополнит обстановку жилой зоны дома.;Рефилл, или наполнитель – это парфюмерная эссенция любимого аромата, разлитая в пластиковый флакон. Рекомендуем поддерживать уровень эссенции во флаконе не менее 2/3 объема, что в свою очередь обеспечивает интенсивность и эстетическое восприятие аромата.
19000196096;LOGEVY FIRENZE 1965 Selva Oscura;наполнитель для диффузора;Италия;12650;11385;https://goldapple.ru/19000196096-selva-oscura;2.4;Символический «тёмный лес» из Божественной комедии Данте- дикий и пряный аромат.;Ароматы лучше расположить в центральной части дома так, чтобы любой входящий или выходящий из дома мог уловить аромат и перенести его в остальные комнаты. Для поддержания аромата переворачивайте палочки через день. Регулировать аромат можно уменьшая или увеличивая число палочек. Палочки играют основную роль в ароматизации помещения, чем больше палочек, тем аромат насыщеннее. Для достижения лучших результатов, эссенцию не стоит никогда выставлять на прямой солнечный свет или ставить рядом с источниками тепла, так как под его воздействием происходит испарение аромата.
19000038886;BAGO HOME Breeze;наполнитель для диффузора;;2677;1338;https://goldapple.ru/19000038886-breeze;2.4;"Свежий бергамот, воздушные белые цветы и зеленый дымный мох - насладитесь дуновением прохладного морского бриза!  С этим наполнителем нужно использовать фибровые палочки , помните, что палочки имеют ограниченный срок службы, а их поры имеют свойство забиваться. Всегда, заменяя аромат или доливая тот же аромат из наполнителя, - меняйте палочки на новые, чтобы продолжать наслаждаться любимым ароматом. Коллекция ароматов ""Ориджиналс"" ORIGINALS – это базовая коллекция бренда, основа основ. Естественно звучащие фруктовые и цветочные ароматы подойдут как тем, кто раньше не ароматизировал помещения, так и давним ценителям парфюмерии для дома. Изюминка коллекции – аромат плодов экзотического дерева марула, который до этого не использовался ни в домашней, ни в персональной парфюмерии как основной компонент. Ароматы ORIGINALS настолько натуральны, что возникает непроизвольное желание их «съесть»!";Откройте наполнитель и налейте его в емкость. Можно использовать любую стеклянную и керамическую тару с узким горлышком. Если у вас уже есть диффузор с этим ароматом, можете налить наполнитель в ту же емкость. Если вы хотите налить наполнитель в диффузор от другого аромата, то предварительно вымойте бутылочку с мылом под холодной водой. Очень важно всегда использовать новые палочки с новым наполнителем: независимо от того меняете вы аромат или нет.
19000234958;BY KAORI Garden Mint;наполнитель для диффузора;Россия;2090;2090;https://goldapple.ru/19000234958-garden-mint;2.0;Бутылочка с дополнительной ароматической жидкостью. Флакон с аромакомпозицией, который входит в комплект аромадиффузора. Также доступен для отдельного заказа - по окончании аромажидкости из вашего комплекта вам не придётся снова покупать аромадиффузор, достаточно просто приобрести дополнительный рефилл;Открутите крышку и вылейте часть аромажидкости в ваш флакон. Поставьте палочки. Меры предосторожности: в случае попадания в глаза, немедленно промыть их большим количеством воды, при необходимости обратиться к врачу. Легко воспламеняется. Не использовать по истечении срока годности. Только для наружного применения! Использование в пищевых целях опасно для жизни!
19000155376;VAN&MUN Aromatic spices;наполнитель для диффузора;Россия;999;729;https://goldapple.ru/19000155376-aromatic-spices;2.0;Пряный букет из корицы и гвоздики раскрывается сладкой ванилью с тонкой освежающей нотой аниса. Наполнитель для диффузора - это ароматическая жидкость, которую можно использовать для ароматического диффузора. При регулярном переворачивании палочек данный объем будет работать до 12 недель.  С наполнителем не забывайте покупать новые палочки, помните, что палочки имеют ограниченный срок службы, а их поры имеют свойство забиваться. Всегда, заменяя аромат или доливая тот же аромат из наполнителя, - меняйте палочки на новые, чтобы продолжать наслаждаться любимым ароматом.;Откройте наполнитель и налейте его в емкость, вставьте фибровые палочки. Можно использовать любую стеклянную и керамическую тару. Если у вас уже есть диффузор с этим ароматом, можете налить наполнитель в ту же емкость. Если вы хотите налить наполнитель в диффузор от другого аромата, то предварительно вымойте бутылочку с мылом под холодной водой.
99000037119;MAISON BERGER PARIS Soap Memories;наполнитель для диффузора;;3390;3390;https://goldapple.ru/99000037119-soap-memories;1.6;Детское Мыло - это потрясающе свежая композиция. Деликатные цветочные ноты сочетаются с нотками чистоты и свежести. Завершается аромат аккордами пачули и миндаля.;Откройте флакон, наполните емкость для аромадиффузора содержимым флакона не более чем на 2/3. Храните вдали от детей и животных.
19000155375;VAN&MUN Meadow flowers;наполнитель для диффузора;Россия;999;719;https://goldapple.ru/19000155375-meadow-flowers;1.6;Каждый из нас видел цветочный луг – буйство цвета и ароматов, настоящее море цветов. В нашем летнем букете Вы найдете и сладкий красный клевер, и тонкие васильки, и белоснежную ромашку Наполнитель для диффузора - это ароматическая жидкость, которую можно использовать для ароматического диффузора.  При регулярном переворачивании палочек данный объем будет работать до 12 недель. С наполнителем не забывайте покупать новые палочки, помните, что палочки имеют ограниченный срок службы, а их поры имеют свойство забиваться.  Всегда, заменяя аромат или доливая тот же аромат из наполнителя, - меняйте палочки на новые, чтобы продолжать наслаждаться любимым ароматом.;Откройте наполнитель и налейте его в емкость, вставьте фибровые палочки. Можно использовать любую стеклянную и керамическую тару. Если у вас уже есть диффузор с этим ароматом, можете налить наполнитель в ту же емкость. Если вы хотите налить наполнитель в диффузор от другого аромата, то предварительно вымойте бутылочку с мылом под холодной водой.
19000155325;VAN&MUN Lemon Cake;наполнитель для диффузора;Россия;510;459;https://goldapple.ru/19000155325-lemon-cake;1.6;Аромат свежих иголок и смолы напомнит о прогулках в хвойном лесу. Он поможет отвлечься от суеты и расслабиться, поэтому прекрасно подойдет для ванной комнаты или спальни. Впустите этот аромат в свой дом и наслаждайтесь ним каждый день! Наполнитель для диффузора - это ароматическая жидкость, которую можно использовать для ароматического диффузора.  Объем бутылочки составляет 50 мл. При регулярном переворачивании палочек данным объем будет работать до 4 недель. С наполнителем не забывайте покупать новые палочки, помните, что палочки имеют ограниченный срок службы, а их поры имеют свойство забиваться.  Всегда, заменяя аромат или доливая тот же аромат из наполнителя, - меняйте палочки на новые, чтобы продолжать наслаждаться любимым ароматом. К данным наполнителям рекомендуем приобретать фибровые палочки.;Откройте наполнитель и налейте его в емкость, вставьте фибровые палочки. Можно использовать любую стеклянную и керамическую тару. Если у вас уже есть диффузор с этим ароматом, можете налить наполнитель в ту же емкость. Если вы хотите налить наполнитель в диффузор от другого аромата, то предварительно вымойте бутылочку с мылом под холодной водой.
19000196198;WALLY 1925 Agrumi di Boboli;наполнитель для диффузора;Италия;7090;6381;https://goldapple.ru/19000196198-agrumi-di-boboli;1.4;Этот аромат посвящен оранжерее лимонных деревьев Садов Боболи во Флоренции, где Великий герцог Тосканы Козимо III Медичи положил начало самой большой коллекции цитрусовых эпохи Возрождения. Парфюмерам удалось удивительно гармонично сочетать цитрусовые ноты в один свежий и небанальный аккорд.;Рефилл, или наполнитель – это парфюмерная эссенция любимого аромата, разлитая в пластиковый флакон.  Рекомендуем поддерживать уровень эссенции во флаконе не менее 2/3 объема, что в свою очередь обеспечивает интенсивность и эстетическое восприятие аромата.
19000155364;VAN&MUN Musk and Vanilla;наполнитель для диффузора;Россия;999;719;https://goldapple.ru/19000155364-musk-and-vanilla;1.4;Сладкие верхние ноты спелой груши и белого персика раскрываются нежным лотосом и тонкой нотой сандала на базе мускуса и ванили. Наполнитель для диффузора - это ароматическая жидкость, которую можно использовать для ароматического диффузора.  При регулярном переворачивании палочек данный объем будет работать до 12 недель. С наполнителем не забывайте покупать новые палочки, помните, что палочки имеют ограниченный срок службы, а их поры имеют свойство забиваться.  Всегда, заменяя аромат или доливая тот же аромат из наполнителя, - меняйте палочки на новые, чтобы продолжать наслаждаться любимым ароматом.;Откройте наполнитель и налейте его в емкость, вставьте фибровые палочки. Можно использовать любую стеклянную и керамическую тару. Если у вас уже есть диффузор с этим ароматом, можете налить наполнитель в ту же емкость. Если вы хотите налить наполнитель в диффузор от другого аромата, то предварительно вымойте бутылочку с мылом под холодной водой.
19000148534;VENEW gypsy water;наполнитель для диффузора;Россия;850;850;https://goldapple.ru/19000148534-gypsy-water;1.2;Рефил - это запасной блок с ароматической жидкостью, довольно выгодный способ продлить жизнь вашего текущего диффузора и аромата для дома. Вам не придётся докупать ароматизатор в полном комплекте за более высокую цену. Gypsy Water (100 мл) – это парфюмированная композиция, современная интерпретация цыганской жизни. Запах свежести, влажной земли, плотных туманов, густых лесов, полей, побережья. Натуральное воплощение мечты о свободной яркой жизни и гармонии с природой. Ароматизаторы VENEW - это 100% качественный eco-состав без капли спирта, собственное производство, стильный дизайн, сертифицированная продукция, разнообразие самых топовых запахов. Среди нашего ассортимента Вы найдёте знакомые ароматы, изготовленные по мотивам известных брендов, а также изысканные сочетания привычных нот, образующих невероятные букеты. Несомненно, наши товары для истинных ценителей качественного парфюма и подходят как для мужчин, так и для женщин. Такой парфюм для дома не стыдно преподнести в качестве подарка любимому, любимой, папе, маме, другу, сестре, да и просто без повода. Даже самый требовательный эстет найдёт тот аромат, который придётся ему по душе. Мы создаём гармонию, Вы дарите её близким.;Откройте бутылочку, перелейте наполнитель в имеющийся диффузор. Промойте флакон, если тот использовался с другой жидкостью, во избежание искажения аромата. Вставьте новые палочки, переверните через пару минут. Подождите, пока они пропитаются ароматом и начнут отдавать его в окружающее пространство. Интенсивность аромата зависит от выбранного наименования, количества палочек, температуры и циркуляции воздуха в помещении. Не ставьте флакон в угол, в маленькое закрытое помещение, слишком высоко. Идеально - в центре комнаты на уровне пояса. Рекомендуется переворачивать палочки каждые 5-7 дней (если насыщенности недостаточно, следует переворачивать их как можно чаще и/или добавить еще несколько штук). Аромат раскрывается в течение 12-48 часов. Допускается использование жидкости с исходной ёмкостью.
19000148542;VENEW лемонграсс;наполнитель для диффузора;Россия;650;650;https://goldapple.ru/19000148542-lemongrass;1.2;Рефил - это запасной блок с ароматической жидкостью, довольно выгодный способ продлить жизнь вашего текущего диффузора и аромата для дома. Вам не придётся докупать ароматизатор в полном комплекте за более высокую цену. Лемонграсс (100 мл) - это замечательный антидепрессант, он превосходно освежает, снимает усталость, поддерживает в организме жизненный тонус, помогает сконцентрировать внимание, улучшить умственную активность и память. Свежие, прохладные, терпкие ноты лимона, лемонграсса и литсеи кубеба (древесное растение рода Лицея) деликатно впишутся в любой интерьер и станут его украшением. Ароматизаторы VENEW - это 100% качественный eco-состав без капли спирта, собственное производство, стильный дизайн, сертифицированная продукция, разнообразие самых топовых запахов. Среди нашего ассортимента Вы найдёте знакомые ароматы, изготовленные по мотивам известных брендов, а также изысканные сочетания привычных нот, образующих невероятные букеты. Несомненно, наши товары для истинных ценителей качественного парфюма и подходят как для мужчин, так и для женщин. Такой парфюм для дома не стыдно преподнести в качестве подарка любимому, любимой, папе, маме, другу, сестре, да и просто без повода. Даже самый требовательный эстет найдёт тот аромат, который придётся ему по душе. Мы создаём гармонию, Вы дарите её близким.;Откройте бутылочку, перелейте наполнитель в имеющийся диффузор. Промойте флакон, если тот использовался с другой жидкостью, во избежание искажения аромата. Вставьте новые палочки, переверните через пару минут. Подождите, пока они пропитаются ароматом и начнут отдавать его в окружающее пространство. Интенсивность аромата зависит от выбранного наименования, количества палочек, температуры и циркуляции воздуха в помещении. Не ставьте флакон в угол, в маленькое закрытое помещение, слишком высоко. Идеально - в центре комнаты на уровне пояса. Рекомендуется переворачивать палочки каждые 5-7 дней (если насыщенности недостаточно, следует переворачивать их как можно чаще и/или добавить еще несколько штук). Аромат раскрывается в течение 12-48 часов. Допускается использование жидкости с исходной ёмкостью.
19000155367;VAN&MUN Cinnamon Bun;наполнитель для диффузора;Россия;999;899;https://goldapple.ru/19000155367-cinnamon-bun;1.2;Аромат сливочно-ванильной сдобной булочки с терпкой корицей, знакомый с детства. Наполнитель для диффузора - это ароматическая жидкость, которую можно использовать для ароматического диффузора.  При регулярном переворачивании палочек данный объем будет работать до 12 недель. С наполнителем не забывайте покупать новые палочки, помните, что палочки имеют ограниченный срок службы, а их поры имеют свойство забиваться.  Всегда, заменяя аромат или доливая тот же аромат из наполнителя, - меняйте палочки на новые, чтобы продолжать наслаждаться любимым ароматом.;Откройте наполнитель и налейте его в емкость, вставьте фибровые палочки. Можно использовать любую стеклянную и керамическую тару. Если у вас уже есть диффузор с этим ароматом, можете налить наполнитель в ту же емкость. Если вы хотите налить наполнитель в диффузор от другого аромата, то предварительно вымойте бутылочку с мылом под холодной водой.
99000069307;PLAMELIA Caramel Popcorn;наполнитель для диффузора;;1200;699;https://goldapple.ru/99000069307-caramel-popcorn;1.0;"Насладитесь уютом и сладостью с ароматом ""Карамельный попкорн"". Композиция сочетает сладость карамели с легкой соленостью морской соли, напоминая любимое лакомство.Свежие верхние ноты неп и кокоса переходят в сердце из карамели, морской соли и пралине, а база из попкорна и сливочного масла завершает аромат теплым шлейфом. Создайте атмосферу уюта и радости с ""Карамельным попкорном»!";Открыть крышку флакона и вставить фибровые палочки. Интенсивность аромата зависит от количества палочек в диффузоре – чем больше – тем интенсивней. Для еще более насыщенной отдачи аромата можете перевернуть палочки, чтобы пропитанная часть оказалась сверху.
19000395969;DR. VRANJES FIRENZE Leather Oud;наполнитель для диффузора;Италия;12300;12300;https://goldapple.ru/19000395969-leather-oud;1.0;Пленительная композиция с розой и геранью в верхних нотах, ароматом роскошной тосканской кожи и драгоценным ближневосточным удом в сердце, а также уютны сандаловым деревом, мускусом и ванилью в базе.  Роскошный аромат подчеркивает невероятную утонченность и элегантность, завораживая при этом своей загадочностью и глубиной. Интригующий аромат, рожденный из стремления соединить изящность и таинственность песчаных дюн Востока с элегантностью холмов Тосканы.  Восток отображен в композиции через драгоценный уд, а Тоскана – через аккорд кожи, традиционный для этого итальянского региона материал, с которым на протяжении веков работали настоящие виртуозы своего дела. Вместе они символизируют вечные традиции, связанные с человеческой страстью и уникальным мастерством.;"Необходимо поддерживать уровень жидкости в диффузоре выше середины флакона, это позволит сохранить аутентичное звучание аромата. Для этого идеально подходят рефилы Dr. Vranjes Firenze с вашими любимыми ароматами. Яркость аромата легко регулируется с помощью натуральных бамбуковых палочек.  Перелейте необходимое количество ароматической жидкости в стеклянную вазу диффузора и поместите в вазу необходимое количество палочек – таким образом аромат не будет испаряться через открытое горлышко флакона. Для того, чтобы отрегулировать интенсивность аромата, переворачивайте необходимое количество палочек ежедневно (1-2 для деликатного, еле заметного звучания; все палочки – для более яркого).  Для оптимального распространения аромата диффузор следует разместить в центре комнаты, чтобы воздух циркулировал при прохождении людей. В больших помещениях рекомендуется разместить два диффузора на противоположных концах комнаты.  Выбирайте объем флакона в зависимости от помещения."
99000037120;MAISON BERGER PARIS Lemon Flower;наполнитель для диффузора;;3390;2712;https://goldapple.ru/99000037120-lemon-flower;1.0;Аромат цветов лимона, апельсина и нероли обеспечивают игристую свежесть, которая пробуждает бодрость, благодаря сочетанию кислых и цветочных нот.;Откройте флакон, наполните емкость для аромадиффузора содержимым флакона не более чем на 2/3. Храните вдали от детей и животных.
19000118651;CHIARA FIRENZE OSTRO;наполнитель для диффузора;;4490;4041;https://goldapple.ru/19000118651-ostro;1.0;Chiara Firenze посвящает свои ароматы в особый регион: Тоскана. история совершенства, страсти и связи с территорией, а также диалога между знаниями и далекими культурами. парфюмерное искусство и выбор ценных эфирных масел, таким образом, встречает мастеров флорентийских ремесленных мастерских, чтобы возродить магию этой особой земли в ваших комнатах. Южный ветер Австер. Аромат получил свое название от легкого теплого ветра, дующего с юга, приносящего ароматы с нотами мандарина и ванили, которые делают его запах сладким и слегка пряным.;
19000321507;TEATRO FRAGRANZE UNICHE Tabacco 1815;наполнитель для диффузора;Италия;9350;8415;https://goldapple.ru/19000321507-tabacco-1815;1.0;Тайна и очарование традиций Тосканы. Роскошный аромат Tabacco 1815 посвящен 200-летнему юбилею знаменитой тосканской сигары (1615 год).  Звучит нотами специй, цейлонской корицы, гвоздики и полыни, раскрывающими сильный табачный характер.  В сердце аромата — табак, в обрамлении ветивера и кокоса. Мощный аккорд из гелиотропа, бензоина, ванили и амбры останется в памяти надолго. Особенно обратите внимание на этот аромат все, кому важно подчеркнуть статусность в офисе.  Атмосферный аромат наполняет пространство особым благоуханием и располагает к продолжительному и приятному общению.;Рефилл, или наполнитель – это парфюмерная эссенция любимого аромата, разлитая в пластиковый флакон. Рекомендуем поддерживать уровень эссенции во флаконе не менее 2/3 объема, что в свою очередь обеспечивает интенсивность и эстетическое восприятие аромата.
99000038111;MAISON BERGER PARIS Amber Powder;наполнитель для диффузора;;3390;3390;https://goldapple.ru/99000038111-amber-powder;1.0;Чувственный аромат, который наполнит дом ощущением тепла и света. Композицию открывают пряные и цветочные нотки, в сердце - бархатистая вуаль, роскошный сандал и пачули. В шлейфе белый мускус обволакивает бальзамы и ваниль.;Откройте флакон, наполните емкость для аромадиффузора содержимым флакона не более чем на 2/3. Храните вдали от детей и животных.
19000321498;TEATRO FRAGRANZE UNICHE Dolce Vaniglia;наполнитель для диффузора;Италия;9350;8415;https://goldapple.ru/19000321498-dolce-vaniglia;1.0;Восхитительный аромат цветов ванили в сочетании со сладостью сахарной пудры и нежностью темного шоколада и карамели.  Первые ноты звучат сладкими аккордами сахарной пудры и карамели, в сердце — изысканность темного шоколада и цветов ванили. Волнующий шлейф оставляют пудровые ноты белого мускуса, бобы тонка и стручки ванили. Аромат заставит вас улыбаться и вернет вас в воспоминания о счастливом и беззаботном детстве и испытывать безграничную радость бытия. Идеально подходит для кухни, гостиной и столовой.;Рефилл, или наполнитель – это парфюмерная эссенция любимого аромата, разлитая в пластиковый флакон. Рекомендуем поддерживать уровень эссенции во флаконе не менее 2/3 объема, что в свою очередь обеспечивает интенсивность и эстетическое восприятие аромата.
19000118625;CHIARA FIRENZE AMBRA;наполнитель для диффузора;;4490;4041;https://goldapple.ru/19000118625-ambra;1.0;Chiara Firenze посвящает свои ароматы в особый регион: Тоскана. история совершенства, страсти и связи с территорией, а также диалога между знаниями и далекими культурами. парфюмерное искусство и выбор ценных эфирных масел, таким образом, встречает мастеров флорентийских ремесленных мастерских, чтобы возродить магию этой особой земли в ваших комнатах. Амбровые тона сочетаются с нотами уда, редкой и драгоценной восточной смолы. Сочетание, напоминающее запах корней и земли с древесно-бальзамическим фоном.;
83700400012;DR. VRANJES FIRENZE Oud Nobile;наполнитель для диффузора;;12300;12300;https://goldapple.ru/83700400012-oud-nobile;1.0;Совершите путешествие в мир самых чувственных нот, переносящих на загадочные и притягательные земли Ближнего Востока: драгоценный уд, искусно сочетающийся с нотами нероли и бергамота, ладана и мирры, амбры и сандалового дерева, завораживает и покоряет. Испытайте очарование и редкость «жидкого золота» в непревзойденной ольфакторной композиции.  Редкий и благородный характер аромата, его магическая, согревающая аура – истинное искушение, заключенное в роскошный элегантный флакон.;"Необходимо поддерживать уровень жидкости в диффузоре выше середины флакона, это позволит сохранить аутентичное звучание аромата. Для этого идеально подходят рефилы Dr. Vranjes Firenze с вашими любимыми ароматами. Яркость аромата легко регулируется с помощью натуральных бамбуковых палочек. Перелейте необходимое количество ароматической жидкости в стеклянную вазу диффузора и поместите в вазу необходимое количество палочек – таким образом аромат не будет испаряться через открытое горлышко флакона. Для того, чтобы отрегулировать интенсивность аромата, переворачивайте необходимое количество палочек ежедневно (1-2 для деликатного, еле заметного звучания; все палочки – для более яркого).  Для оптимального распространения аромата диффузор следует разместить в центре комнаты, чтобы воздух циркулировал при прохождении людей. В больших помещениях рекомендуется разместить два диффузора на противоположных концах комнаты. Выбирайте объем флакона в зависимости от помещения."
19000118661;DURANCE Silver Cedar;наполнитель для диффузора;;3880;2560;https://goldapple.ru/19000118661-silver-cedar;1.0;Деликатный и простой способ украсить и ароматизировать Ваш интерьер. Ароматы Durance это прикосновение элегантности и благополучия. Найдите свой единственный, среди наших диффузоров и рефиллов, сладких, фруктовых или древесных нот и заполните каждую комнату в вашем доме.Альянс сочных плодов манго и кислой маракуйи - это настоящий фруктовый бум, который перенесет ваш дом на тропический остров!Идеально для: гостиной, кухни, офиса. Острые ноты серебряного кедра отрезвляют, в то время как сандаловое дерево еще более усиливает наши чувства.;
19000152221;DR. VRANJES FIRENZE Rosa Tabacco;наполнитель для диффузора;;10200;10200;https://goldapple.ru/19000152221-roza-i-tabak;1.0;Аромат, который очарует своей красотой и дерзостью. Элегантный и нежный, как роза, теплый и неординарный, как ноты табака, Rosa Tabacco обладает комфортной и чувственной индивидуальностью.  Композиция раскрывается нотами фиалки и апельсина, в сердце — деликатные пудровые оттенки розы, теплые, словно обволакивающие ноты табака и амбры, а в базе — умиротворяющая симфония на основе ванили, мускуса и сандалового дерева. В композиции с помощью уникального сочетания самодостаточных, но удивительно гармонично звучащих нот отражается вся страсть и нежность истории двух влюбленных, родом из разных мест и культур, стремящихся быть вместе, забывая про все свои различия.  Настойчивые и комфортные одновременно, в своем переплетении ноты передают незабываемые воспоминания о первой встрече, словно сотканной из сильных, но противоречивых чувств.;"Необходимо поддерживать уровень жидкости в диффузоре выше середины флакона, это позволит сохранить аутентичное звучание аромата. Для этого идеально подходят рефилы Dr. Vranjes Firenze с вашими любимыми ароматами. Яркость аромата легко регулируется с помощью натуральных бамбуковых палочек. Перелейте необходимое количество ароматической жидкости в стеклянную вазу диффузора и поместите в вазу необходимое количество палочек – таким образом аромат не будет испаряться через открытое горлышко флакона.  Для того, чтобы отрегулировать интенсивность аромата, переворачивайте необходимое количество палочек ежедневно (1-2 для деликатного, еле заметного звучания; все палочки – для более яркого).  Для оптимального распространения аромата диффузор следует разместить в центре комнаты, чтобы воздух циркулировал при прохождении людей.  В больших помещениях рекомендуется разместить два диффузора на противоположных концах комнаты. Выбирайте объем флакона в зависимости от помещения."
99000038135;MAISON BERGER PARIS Wilderness;наполнитель для диффузора;;3390;3390;https://goldapple.ru/99000038135-wilderness;1.0;В парфюмерии березу используют в мужских ароматах для имитации нот кожи. Ее аромат наполнен теплом и напоминает запах дыма. Использование березы в ольфактивной пирамиде придает аромату индивидуальности и характера. Характерный аромат, который несмотря на свою легкость звучит уверенно и настойчиво. Листья томата дополняют ноты грейпфрута и цитрусовые аккорды. Пачули и древесина белой березы подчеркивают темперамент, а дубовый мох добавляет мужественности и чувственности.;Откройте флакон, наполните емкость для аромадиффузора содержимым флакона не более чем на 2/3.  Храните вдали от детей и животных.
99000038160;MAISON BERGER PARIS Aroma Happy Aquatic Freshness;наполнитель для диффузора;;3390;3390;https://goldapple.ru/99000038160-aroma-happy-aquatic-freshness;1.0;Свежий аромат с морскими нотками, содержащий эфирное масло гвоздики способствует выходу негативной энергии, придаёт сил, тонизирует, поднимает настроение и улучшает работу мозга.;Откройте флакон, наполните емкость для аромадиффузора содержимым флакона не более чем на 2/3. Храните вдали от детей и животных.
19000213945;VAN&MUN Sweet mango;наполнитель для диффузора;Россия;777;699;https://goldapple.ru/19000213945-sweet-mango;1.0;Ароматический наполнитель для диффузора VAN&MUN Сладкий манго 100мл.     Описание аромата:  Тропический микс ароматов спелого манго и сладкого ананаса с нотами персика, винограда и груши.     Наполнитель для диффузора - это ароматическая жидкость, которую можно использовать для ароматического диффузора. Объем бутылочки составляет 100 мл. При регулярном переворачивании палочек данным объем будет работать до 8 недель. С наполнителем не забывайте покупать новые палочки, помните, что палочки имеют ограниченный срок службы, а их поры имеют свойство забиваться. Всегда, заменяя аромат или доливая тот же аромат из наполнителя, меняйте палочки на новые, чтобы продолжать наслаждаться любимым ароматом.;Откройте наполнитель и перелейте жидкость в любую стеклянную или керамическую тару с узким горлом.  Вставьте фибровые палочки.   Если у вас уже есть диффузор с этим ароматом, можете перелить наполнитель в ту же емкость.   Если вы хотите налить наполнитель в диффузор от другого аромата, то предварительно вымойте бутылочку с мылом под холодной водой.
19000234959;BY KAORI Ginger Bread;наполнитель для диффузора;Россия;2090;2090;https://goldapple.ru/19000234959-ginger-bread;1.0;Бутылочка с дополнительной ароматической жидкостью . Флакон с аромакомпозицией, который входит в комплект аромадиффузора. Также доступен для отдельного заказа - по окончании аромажидкости из вашего комплекта вам не придётся снова покупать аромадиффузор, достаточно просто приобрести дополнительный рефилл;Открутите крышку и вылейте часть аромажидкости в ваш флакон. Поставьте палочки. Меры предосторожности: в случае попадания в глаза, немедленно промыть их большим количеством воды, при необходимости обратиться к врачу. Легко воспламеняется. Не использовать по истечении срока годности. Только для наружного применения! Использование в пищевых целях опасно для жизни!
99000038142;MAISON BERGER PARIS Virginia Cedarwood;наполнитель для диффузора;;3390;3390;https://goldapple.ru/99000038142-virginia-cedarwood;1.0;Живой натуральный аромат кедра сопровождает вихрь цитрусовых и хвои, приправленной пряной корицей. Эта композиция – побег к свободе, где в воздухе витают ароматы древесины кедра и гваякового дерева, смягченные нежностью кокосовой мякоти.;Откройте флакон, наполните емкость для аромадиффузора содержимым флакона не более чем на 2/3. Храните вдали от детей и животных.
19000048686;CERERIA MOLLA  Raspberry and Black Vanilla;наполнитель для диффузора;;6100;5490;https://goldapple.ru/19000048686-raspberry-and-black-vanilla;1.0;Сладкое чувственное сочетание Мадагаскарской ванили с сердцем из дикой малины, дразнящей своим соблазнительным ароматом.;Предназначен для ароматизации воздуха в помещениях. Вскрыть флакон с ароматом, наполнить аромадиффузор, вставить палочки, рекомендованные производителем. Для оптимального распространения аромата регулярно переворачивать палочки. Для регулирования интенсивности аромата допускается уменьшать/увеличивать количество палочек.
19000234972;BY KAORI Sugar;наполнитель для диффузора;Россия;2090;2090;https://goldapple.ru/19000234972-sugar;1.0;Бутылочка с дополнительной ароматической жидкостью. Флакон с аромакомпозицией, который входит в комплект аромадиффузора. Также доступен для отдельного заказа - по окончании аромажидкости из вашего комплекта вам не придётся снова покупать аромадиффузор, достаточно просто приобрести дополнительный рефилл;Открутите крышку и вылейте часть аромажидкости в ваш флакон. Поставьте палочки. Меры предосторожности: в случае попадания в глаза, немедленно промыть их большим количеством воды, при необходимости обратиться к врачу. Легко воспламеняется. Не использовать по истечении срока годности. Только для наружного применения! Использование в пищевых целях опасно для жизни!
19000213935;VAN&MUN Green field;наполнитель для диффузора;Россия;999;899;https://goldapple.ru/19000213935-green-field;1.0;Ароматический наполнитель для диффузора VAN&MUN  Зеленое поле 150мл.   Описание аромата:  Сладковатый аромат свежескошенной травы, оттененный горьковатой нотой полыни.     Наполнитель для диффузора - это ароматическая жидкость, которую можно использовать для ароматического диффузора. Объем бутылочки составляет 150 мл. При регулярном переворачивании палочек данным объем будет работать до 12 недель. С наполнителем не забывайте покупать новые палочки, помните, что палочки имеют ограниченный срок службы, а их поры имеют свойство забиваться. Всегда, заменяя аромат или доливая тот же аромат из наполнителя, меняйте палочки на новые, чтобы продолжать наслаждаться любимым ароматом.;Откройте наполнитель и перелейте жидкость в любую стеклянную или керамическую тару с узким горлом.  Вставьте фибровые палочки.   Если у вас уже есть диффузор с этим ароматом, можете перелить наполнитель в ту же емкость.   Если вы хотите налить наполнитель в диффузор от другого аромата, то предварительно вымойте бутылочку с мылом под холодной водой.
19000118656;DURANCE Poppy;наполнитель для диффузора;;3880;2677;https://goldapple.ru/19000118656-poppy;0.6;Деликатный и простой способ украсить и ароматизировать Ваш интерьер. Ароматы Durance это прикосновение элегантности и благополучия. Найдите свой единственный, среди наших диффузоров и рефиллов, сладких, фруктовых или древесных нот и заполните каждую комнату в вашем доме.Альянс сочных плодов манго и кислой маракуйи - это настоящий фруктовый бум, который перенесет ваш дом на тропический остров!Идеально для: гостиной, кухни, офиса. Восхитительно легкая концентрация мускусного, цветочного аромата мака.;
19000155362;VAN&MUN Coniferous forest;наполнитель для диффузора;Россия;999;849;https://goldapple.ru/19000155362-coniferous-forest;0.6;Аромат свежих иголок и смолы напомнит о прогулках в хвойном лесу. Он поможет отвлечься от суеты и расслабиться, поэтому прекрасно подойдет для ванной комнаты или спальни. Наполнитель для диффузора - это ароматическая жидкость, которую можно использовать для ароматического диффузора.  При регулярном переворачивании палочек объем будет работать до 3 месяцев. С наполнителем не забывайте покупать новые фибровые палочки, помните, что палочки имеют ограниченный срок службы, а их поры имеют свойство забиваться.  Всегда, заменяя аромат или доливая тот же аромат из наполнителя, - меняйте палочки на новые фибровые палочки, чтобы продолжать наслаждаться любимым ароматом.;Откройте наполнитель и налейте его в емкость, вставьте фибровые палочки. Можно использовать любую стеклянную и керамическую тару. Если у вас уже есть диффузор с этим ароматом, можете налить наполнитель в ту же емкость. Если вы хотите налить наполнитель в диффузор от другого аромата, то предварительно вымойте бутылочку с мылом под холодной водой.
19000118665;CHIARA FIRENZE TUSCIA;наполнитель для диффузора;;4490;4041;https://goldapple.ru/19000118665-tuscia;0.6;Chiara Firenze посвящает свои ароматы в особый регион: Тоскана. история совершенства, страсти и связи с территорией, а также диалога между знаниями и далекими культурами. парфюмерное искусство и выбор ценных эфирных масел, таким образом, встречает мастеров флорентийских ремесленных мастерских, чтобы возродить магию этой особой земли в ваших комнатах. Аромат носит название, данное Этрурии после окончания этрусского правления, территории, в которую также входила Тоскана. Благоухание ладана в сочетании с цветочными ароматами, сандаловым деревом и амброй, напоминает нам далекие времена, и отправляет нас  в волшебное путешествии в прошлое.;
19000213971;VAN&MUN Festive spruce;наполнитель для диффузора;Россия;510;459;https://goldapple.ru/19000213971-festive-spruce;0.6;Ароматический наполнитель для диффузора VAN&MUN Праздничная ель 50мл.    Описание аромата:  Атмосфера морозного хвойного леса, наполненная ароматами сандала, сосновой хвои и едва уловимой нотой ладана.     Наполнитель для диффузора - это ароматическая жидкость, которую можно использовать для ароматического диффузора. Объем бутылочки составляет 50 мл. При регулярном переворачивании палочек данным объем будет работать до 4 недель. С наполнителем не забывайте покупать новые палочки, помните, что палочки имеют ограниченный срок службы, а их поры имеют свойство забиваться. Всегда, заменяя аромат или доливая тот же аромат из наполнителя, меняйте палочки на новые, чтобы продолжать наслаждаться любимым ароматом.;Откройте наполнитель и перелейте жидкость в любую стеклянную или керамическую тару с узким горлом.  Вставьте фибровые палочки.   Если у вас уже есть диффузор с этим ароматом, можете перелить наполнитель в ту же емкость.   Если вы хотите налить наполнитель в диффузор от другого аромата, то предварительно вымойте бутылочку с мылом под холодной водой.
19000213954;VAN&MUN Green field;наполнитель для диффузора;Россия;520;468;https://goldapple.ru/19000213954-green-field;0.6;Ароматический наполнитель для диффузора VAN&MUN Зеленое поле 50мл.    Описание аромата:  Сладковатый аромат свежескошенной травы, оттененный горьковатой нотой полыни.      Наполнитель для диффузора - это ароматическая жидкость, которую можно использовать для ароматического диффузора. Объем бутылочки составляет 50 мл. При регулярном переворачивании палочек данным объем будет работать до 4 недель. С наполнителем не забывайте покупать новые палочки, помните, что палочки имеют ограниченный срок службы, а их поры имеют свойство забиваться. Всегда, заменяя аромат или доливая тот же аромат из наполнителя, меняйте палочки на новые, чтобы продолжать наслаждаться любимым ароматом.;Откройте наполнитель и перелейте жидкость в любую стеклянную или керамическую тару с узким горлом.  Вставьте фибровые палочки.   Если у вас уже есть диффузор с этим ароматом, можете перелить наполнитель в ту же емкость.   Если вы хотите налить наполнитель в диффузор от другого аромата, то предварительно вымойте бутылочку с мылом под холодной водой.
19000078055;OXYGEN HOME Base Tobacco & tonka;наполнитель для диффузора;;998;898;https://goldapple.ru/19000078055-base-tobacco-tonka;0.4;Тонкий аромат редкостных сигар с волнующими нотами дорогих специй.;Сменный наполнитель Oxygen Home для диффузора. Откройте крышку, перелейте жидкость в диффузор.
19000118667;CHIARA FIRENZE VELLUTO;наполнитель для диффузора;;4490;4041;https://goldapple.ru/19000118667-velluto;0.2;Chiara Firenze посвящает свои ароматы в особый регион: Тоскана. история совершенства, страсти и связи с территорией, а также диалога между знаниями и далекими культурами. парфюмерное искусство и выбор ценных эфирных масел, таким образом, встречает мастеров флорентийских ремесленных мастерских, чтобы возродить магию этой особой земли в ваших комнатах. Этот необычный аромат получил свое название в честь одноименной ткани - бархат, центром производства которого с 13 века стала Флоренция. Аромат дарит такое же теплое и обволакивающее ощущение мягкого бархата: карамель и ваниль встречаются с цитрусовыми, перцем и корицей в роскошной комбинации, которая наполняет пространство сладостью!;
19000038885;BAGO HOME Watermelon;наполнитель для диффузора;;2677;1338;https://goldapple.ru/19000038885-watermelon;0.2;"Освежающий взрыв арбузных, огуречных и грейпфрутовых нот открывает аромат зарядом бодрости. Средние ноты зеленого яблока и туберозы на основе сандалового дерева завершают композицию волнующим кокетливым послевкусием. С этим наполнителем нужно использовать фибровые палочки , помните, что палочки имеют ограниченный срок службы, а их поры имеют свойство забиваться. Всегда, заменяя аромат или доливая тот же аромат из наполнителя, - меняйте палочки на новые, чтобы продолжать наслаждаться любимым ароматом. Коллекция ароматов ""Ориджиналс"" ORIGINALS – это базовая коллекция бренда, основа основ. Естественно звучащие фруктовые и цветочные ароматы подойдут как тем, кто раньше не ароматизировал помещения, так и давним ценителям парфюмерии для дома. Изюминка коллекции – аромат плодов экзотического дерева марула, который до этого не использовался ни в домашней, ни в персональной парфюмерии как основной компонент. Ароматы ORIGINALS настолько натуральны, что возникает непроизвольное желание их «съесть»!";Откройте наполнитель и налейте его в емкость. Можно использовать любую стеклянную и керамическую тару с узким горлышком. Если у вас уже есть диффузор с этим ароматом, можете налить наполнитель в ту же емкость. Если вы хотите налить наполнитель в диффузор от другого аромата, то предварительно вымойте бутылочку с мылом под холодной водой. Очень важно всегда использовать новые палочки с новым наполнителем: независимо от того меняете вы аромат или нет.
19000213933;VAN&MUN Tobacco and black pepper.;наполнитель для диффузора;Россия;999;899;https://goldapple.ru/19000213933-tobacco-and-black-pepper;0.2;Ароматический наполнитель для диффузора VAN&MUN  Табак и черный перец 150мл.   Описание аромата: Пряный и терпкий аромат табака, смягченный легкой цветочной нотой цветков апельсина. Этот аромат практически лишен сладости, что делает его ещё более благородным.    Наполнитель для диффузора - это ароматическая жидкость, которую можно использовать для ароматического диффузора. Объем бутылочки составляет 150 мл. При регулярном переворачивании палочек данным объем будет работать до 12 недель. С наполнителем не забывайте покупать новые палочки, помните, что палочки имеют ограниченный срок службы, а их поры имеют свойство забиваться. Всегда, заменяя аромат или доливая тот же аромат из наполнителя, меняйте палочки на новые, чтобы продолжать наслаждаться любимым ароматом.;Откройте наполнитель и перелейте жидкость в любую стеклянную или керамическую тару с узким горлом.  Вставьте фибровые палочки.   Если у вас уже есть диффузор с этим ароматом, можете перелить наполнитель в ту же емкость.   Если вы хотите налить наполнитель в диффузор от другого аромата, то предварительно вымойте бутылочку с мылом под холодной водой.
19000194053;TONKA PERFUMES MOSCOW Oud;наполнитель для диффузора;Россия;6500;6175;https://goldapple.ru/19000194053-oud;0.2;АРОМАТ Тёплый гурманский аромат Oud Vanilla обладает глубоким восточным характером, который подчеркнут мягкой древесной сладостью ванили. Яркие пряные ноты кардамона, жгучего перца и терпкого шафрана раскрываются согревающим звучанием уда и сандала с дымным оттенком гваякового дерева.  ПАРФЮМЕР Calice Becker;Открыть крышку, перелить содержимое в хрустальный флакон для диффузора Tonka Perfumes Moscow с идентичным ароматом.
19000213949;VAN&MUN Leather and Sandalwood;наполнитель для диффузора;Россия;777;575;https://goldapple.ru/19000213949-leather-and-sandalwood;0.2;Ароматический наполнитель для диффузора VAN&MUN Кожа и Сандал 100мл.    Описание аромата:  Терпковатый, земл.истый и в то же время пряный аромат со сладковатыми нотами. Здесь Вы ощутите и сандал, с его смолистыми нотами, и кожу, с её горьковатым шлейфом.     Наполнитель для диффузора - это ароматическая жидкость, которую можно использовать для ароматического диффузора. Объем бутылочки составляет 100 мл. При регулярном переворачивании палочек данным объем будет работать до 8 недель. С наполнителем не забывайте покупать новые палочки, помните, что палочки имеют ограниченный срок службы, а их поры имеют свойство забиваться. Всегда, заменяя аромат или доливая тот же аромат из наполнителя, меняйте палочки на новые, чтобы продолжать наслаждаться любимым ароматом.;Откройте наполнитель и перелейте жидкость в любую стеклянную или керамическую тару с узким горлом.  Вставьте фибровые палочки.   Если у вас уже есть диффузор с этим ароматом, можете перелить наполнитель в ту же емкость.   Если вы хотите налить наполнитель в диффузор от другого аромата, то предварительно вымойте бутылочку с мылом под холодной водой.
99000107105;BY KAORI COPACABANA;наполнитель для диффузора;Испания;2290;2290;https://goldapple.ru/99000107105-copacabana;;Золотисто-белый песок, жаркое солнце и ласковый океан — что еще нужно для счастья? Самое популярное и красивое побережье в мире окутывает вас терпким и дурманящим звучанием мускуса — вы сами не заметили, как оказались в центре шумной танцующей толпы. Солоновато-сладкое послевкусие напоминает о недавно выпитом коктейле и напоминает о том, что вы находитесь на самом популярном пляже в мире, в центре жаркого Рио-де-Жанейро.  Аромат Copacabana — это страсть, желание, танец, теплый песок и золотые лучи закатного солнца — ваш вечер только начинается. Copacabana будет особенно красиво звучать в спальне и гостиной, оформленных в темных, пастельных тонах с декором из натуральных элементов.;Открутите крышку и вылейте часть аромажидкости в ваш флакон.  Поставьте палочки.   В случае попадания в глаза немедленно промыть их большим количеством воды, при необходимости обратиться к врачу.  Легко воспламеняется.  Не использовать по истечении срока годности.  Только для наружного применения! Использование в пищевых целях опасно для жизни!
99000107107;BY KAORI AMALFI;наполнитель для диффузора;Испания;2290;2290;https://goldapple.ru/99000107107-amalfi;;Солнечные лучи, как лимонный сок, стекают по каждому зданию. Кажется, что вы попали в мечту: с одной стороны вас окружает город, усеянный зелеными кипарисами, а в другой — лазурная вода, переливающаяся на свету.  Аромат Amalfi — это теплое утро в месте, сошедшем с картин, брызги лимонного сока и аромат морской соли на загорелой коже. Amalfi идеален для ванной комнаты или обеденной зоны кухни и гостиной.;Открутите крышку и вылейте часть аромажидкости в ваш флакон.  Поставьте палочки.   В случае попадания в глаза немедленно промыть их большим количеством воды, при необходимости обратиться к врачу.  Легко воспламеняется.  Не использовать по истечении срока годности.  Только для наружного применения! Использование в пищевых целях опасно для жизни!
19000213959;VAN&MUN Friendly company;наполнитель для диффузора;Россия;520;468;https://goldapple.ru/19000213959-friendly-company;;Ароматический наполнитель для диффузора VAN&MUN  Дружная компания 50мл.    Описание аромата: Зимний букет пряностей из корицы и гвоздики дополненный мягкой нотой сладкой ванили. Согревающий терпковатый аромат.      Наполнитель для диффузора - это ароматическая жидкость, которую можно использовать для ароматического диффузора. Объем бутылочки составляет 50 мл. При регулярном переворачивании палочек данным объем будет работать до 4 недель. С наполнителем не забывайте покупать новые палочки, помните, что палочки имеют ограниченный срок службы, а их поры имеют свойство забиваться. Всегда, заменяя аромат или доливая тот же аромат из наполнителя, меняйте палочки на новые, чтобы продолжать наслаждаться любимым ароматом.;Откройте наполнитель и перелейте жидкость в любую стеклянную или керамическую тару с узким горлом.  Вставьте фибровые палочки.   Если у вас уже есть диффузор с этим ароматом, можете перелить наполнитель в ту же емкость.   Если вы хотите налить наполнитель в диффузор от другого аромата, то предварительно вымойте бутылочку с мылом под холодной водой.
19000302305;GLOTOK Pure cotton;наполнитель для диффузора;Россия;1290;903;https://goldapple.ru/19000302305-pure-cotton;;"Рефилл ""Чистый хлопок"" это достаточно резкий и концентрированный аромат свежего и чистого белья после стирки. Аромат ассоциируется с чистотой и уютом. Поставляется без палочек! Рефилл из нашей эко-коллекции GLOTOK с натуральными маслами премиум качества и основой без содержания спирта. Дорогие по звучанию, лимитированные унисекс-ароматы, без лишних деталей в дизайне, станут отличным дополнением в каждом интерьере. Срок использования: 1-2 месяца. Ароматический рефилл с натуральными маслами без содержания спирта GLOTOK.";Откройте крышку бутылочки. Поставьте в рефилл палочки. Наслаждайтесь приятным ароматом.
19000213962;VAN&MUN Sweet gift;наполнитель для диффузора;Россия;510;439;https://goldapple.ru/19000213962-sweet-gift;;Ароматический наполнитель для диффузора VAN&MUN Сладкий подарок 50мл.    Описание аромата: Запах ароматной выпечки с нотами карамели, ванили и лимона. Сладкое дополнение к атмосфере семейного праздника.     Наполнитель для диффузора - это ароматическая жидкость, которую можно использовать для ароматического диффузора. Объем бутылочки составляет 50 мл. При регулярном переворачивании палочек данным объем будет работать до 4 недель. С наполнителем не забывайте покупать новые палочки, помните, что палочки имеют ограниченный срок службы, а их поры имеют свойство забиваться. Всегда, заменяя аромат или доливая тот же аромат из наполнителя, меняйте палочки на новые, чтобы продолжать наслаждаться любимым ароматом.;Откройте наполнитель и перелейте жидкость в любую стеклянную или керамическую тару с узким горлом.  Вставьте фибровые палочки.   Если у вас уже есть диффузор с этим ароматом, можете перелить наполнитель в ту же емкость.   Если вы хотите налить наполнитель в диффузор от другого аромата, то предварительно вымойте бутылочку с мылом под холодной водой.
19000155336;VAN&MUN Cinnamon and vanilla;наполнитель для диффузора;Россия;777;699;https://goldapple.ru/19000155336-cinnamon-and-vanilla;;Зимний букет пряностей из корицы и гвоздики дополненный мягкой нотой сладкой ванили. Согревающий терпковатый аромат. Наполнитель для диффузора - это ароматическая жидкость, которую можно использовать для ароматического диффузора. При регулярном переворачивании палочек данный объем будет работать до 12 недель.  С наполнителем не забывайте покупать новые фибровые палочки, помните, что палочки имеют ограниченный срок службы, а их поры имеют свойство забиваться. Всегда, заменяя аромат или доливая тот же аромат из нового наполнителя, меняйте палочки на новые, чтобы продолжать наслаждаться любимым ароматом.;
19000213932;VAN&MUN Gingerbread Christmas tree.;наполнитель для диффузора;Россия;999;769;https://goldapple.ru/19000213932-gingerbread-christmas-tree;;Ароматический наполнитель для диффузора VAN&MUN  Пряничная елка 150мл.   Описание аромата:  Песочные коржи с нежной сливочной ванилью и медовыми нотами.    Наполнитель для диффузора - это ароматическая жидкость, которую можно использовать для ароматического диффузора. Объем бутылочки составляет 150 мл. При регулярном переворачивании палочек данным объем будет работать до 12 недель. С наполнителем не забывайте покупать новые палочки, помните, что палочки имеют ограниченный срок службы, а их поры имеют свойство забиваться. Всегда, заменяя аромат или доливая тот же аромат из наполнителя, меняйте палочки на новые, чтобы продолжать наслаждаться любимым ароматом.;Откройте наполнитель и перелейте жидкость в любую стеклянную или керамическую тару с узким горлом.  Вставьте фибровые палочки.   Если у вас уже есть диффузор с этим ароматом, можете перелить наполнитель в ту же емкость.   Если вы хотите налить наполнитель в диффузор от другого аромата, то предварительно вымойте бутылочку с мылом под холодной водой.
19000155370;VAN&MUN Flower Shop;наполнитель для диффузора;Россия;999;899;https://goldapple.ru/19000155370-flower-shop;;Цветочный букет из нежной фрезии и пиона с легкими зелёными нотами и терпковатым оттенком листьев хризантемы. Наполнитель для диффузора - это ароматическая жидкость, которую можно использовать для ароматического диффузора. При регулярном переворачивании палочек данный объем будет работать до 12 недель.  С наполнителем не забывайте покупать новые палочки, помните, что палочки имеют ограниченный срок службы, а их поры имеют свойство забиваться. Всегда, заменяя аромат или доливая тот же аромат из наполнителя, - меняйте палочки на новые, чтобы продолжать наслаждаться любимым ароматом.;Откройте наполнитель и налейте его в емкость, вставьте фибровые палочки. Можно использовать любую стеклянную и керамическую тару. Если у вас уже есть диффузор с этим ароматом, можете налить наполнитель в ту же емкость. Если вы хотите налить наполнитель в диффузор от другого аромата, то предварительно вымойте бутылочку с мылом под холодной водой.
19000048695;CERERIA MOLLA  Moroccan Cedar;наполнитель для диффузора;;6100;4697;https://goldapple.ru/19000048695-moroccan-cedar;;Притягательный и чарующий аромат, сотканный из пряных нот, древесных и сладких сочетаний, которые делают его уникальным. Драгоценное звучание величественного кедра под крышей вашего дома!;Предназначен для ароматизации воздуха в помещениях. Вскрыть флакон с ароматом, наполнить аромадиффузор, вставить палочки, рекомендованные производителем. Для оптимального распространения аромата регулярно переворачивать палочки. Для регулирования интенсивности аромата допускается уменьшать/увеличивать количество палочек.
19000118657;DURANCE Precious Wood;наполнитель для диффузора;;3880;2677;https://goldapple.ru/19000118657-precious-wood;;Деликатный и простой способ украсить и ароматизировать Ваш интерьер. Ароматы Durance это прикосновение элегантности и благополучия. Найдите свой единственный, среди наших диффузоров и рефиллов, сладких, фруктовых или древесных нот и заполните каждую комнату в вашем доме.Альянс сочных плодов манго и кислой маракуйи - это настоящий фруктовый бум, который перенесет ваш дом на тропический остров!Идеально для: гостиной, кухни, офиса. Богатство и изысканность аккордов удового дерева  для теплой и элегантной атмосферы. Желание отправиться на далекую землю ... Приглашение в  путешествие в  уникальный, драгоценный , и  далекий лес , богатый различными древесными породами.;
99000038614;MAISON BERGER PARIS Heavenly Sun;наполнитель для диффузора;;3390;2543;https://goldapple.ru/99000038614-heavenly-sun;;Магнолия – это серое дерево с цветами розового, белого и кремового цвета в форме тюльпана или звезды, когда цветок распускается. Растет на Дальнем Востоке, в центральной Азии и Северной Америке. Этот загадочный цветок с легким ароматом используется в парфюмерии благодаря цитрусовой свежести и цветочному аромату, добавляя композиции ванильных акцентов и солнечной теплоты. Магнолия – это настоящее сокровище парфюмеров. Аромат элегантный и чувственный. Подобен легкому дуновению ветра в солнечный день.;Откройте флакон, наполните емкость для аромадиффузора содержимым флакона не более чем на 2/3. Храните вдали от детей и животных.
99000097975;TREPET home spa;наполнитель для диффузора;Россия;1190;1131;https://goldapple.ru/99000097975-home-spa;;Создайте по-настоящему расслабляющую и умиротворяющую атмосферу во время домашних spa-процедур. Нежный цветочный аромат с легкими нотами жасмина, оттененный сливочно-ванильным ароматом кокоса, без сомнений подарит невероятные эмоции и приятные ощущения.;Перелейте ароматическую жидкость в стеклянный флакон и установите фибровые палочки.
19000148540;VENEW манго и грейпфрут;наполнитель для диффузора;Россия;650;650;https://goldapple.ru/19000148540-mango-i-grejpfrut;;Рефил - это запасной блок с ароматической жидкостью, довольно выгодный способ продлить жизнь вашего текущего диффузора и аромата для дома. Вам не придётся докупать ароматизатор в полном комплекте за более высокую цену. Манго! Много манго! Большое сочное манго сразу же рисуется в голове, как только вы вдыхаете сладкий запах аромата Манго/грейпфрут (100 мл). Но через пару секунд, как только первое впечатление отступает, оказывается, что тут прекрасно слышно и чуть горьковатый грейпфрут, и кислинку бергамота. Перед глазами сразу же возникает солнце, пляж, горячий песок какого-нибудь тропического острова. Аромат раскрывается как цитрусовый, фруктовый, и тропический одновременно. Закрывают пирамиду ненавязчивые нежные древесно-мускусные ноты. Эта фантазийная композиция весьма нестандартная, но все же довольно гармоничная и лёгкая. Ароматизаторы VENEW - это 100% качественный eco-состав без капли спирта, собственное производство, стильный дизайн, сертифицированная продукция, разнообразие самых топовых запахов. Среди нашего ассортимента Вы найдёте знакомые ароматы, изготовленные по мотивам известных брендов, а также изысканные сочетания привычных нот, образующих невероятные букеты. Несомненно, наши товары для истинных ценителей качественного парфюма и подходят как для мужчин, так и для женщин. Такой парфюм для дома не стыдно преподнести в качестве подарка любимому, любимой, папе, маме, другу, сестре, да и просто без повода. Даже самый требовательный эстет найдёт тот аромат, который придётся ему по душе. Мы создаём гармонию, Вы дарите её близким.;Откройте бутылочку, перелейте наполнитель в имеющийся диффузор. Промойте флакон, если тот использовался с другой жидкостью, во избежание искажения аромата. Вставьте новые палочки, переверните через пару минут. Подождите, пока они пропитаются ароматом и начнут отдавать его в окружающее пространство. Интенсивность аромата зависит от выбранного наименования, количества палочек, температуры и циркуляции воздуха в помещении. Не ставьте флакон в угол, в маленькое закрытое помещение, слишком высоко. Идеально - в центре комнаты на уровне пояса. Рекомендуется переворачивать палочки каждые 5-7 дней (если насыщенности недостаточно, следует переворачивать их как можно чаще и/или добавить еще несколько штук). Аромат раскрывается в течение 12-48 часов. Допускается использование жидкости с исходной ёмкостью.
19000155356;VAN&MUN White jasmine;наполнитель для диффузора;Россия;777;699;https://goldapple.ru/19000155356-white-jasmine;;Наполните Ваш дом весной с нежным ароматом жасмина, дополненным нотами гардении и гиацинта. Аромат букета весенних цветов теперь может радовать Вас круглый год. Впустите этот аромат в свой дом и наслаждайтесь ним каждый день! Наполнитель для диффузора - это ароматическая жидкость, которую можно использовать для ароматического диффузора.   При регулярном переворачивании палочек данным объем будет работать до 8 недель. С наполнителем не забывайте покупать новые палочки, помните, что палочки имеют ограниченный срок службы, а их поры имеют свойство забиваться.  Всегда, заменяя аромат или доливая тот же аромат из наполнителя, - меняйте палочки на новые, чтобы продолжать наслаждаться любимым ароматом. К данным наполнителям рекомендуем приобретать фибровые палочки;Откройте наполнитель и налейте его в емкость, вставьте фибровые палочки. Можно использовать любую стеклянную и керамическую тару. Если у вас уже есть диффузор с этим ароматом, можете налить наполнитель в ту же емкость. Если вы хотите налить наполнитель в диффузор от другого аромата, то предварительно вымойте бутылочку с мылом под холодной водой.
19000394577;PRESS GURWITZ PERFUMERIE №2;наполнитель для диффузора;Россия;12710;5719;https://goldapple.ru/19000394577-no2;;Чувственная и волнующая композиция с нотами бобов Тонка, черного перца и пачули подарит Вам тепло, уют и незабываемую атмосферу в доме.;Использовать по Залейте жидкость в диффузор, вставьте новые палочки и вновь наслаждайтесь любимым ароматом.
19000148536;VENEW kashmir;наполнитель для диффузора;Россия;850;850;https://goldapple.ru/19000148536-kashmir;;Рефил - это запасной блок с ароматической жидкостью, довольно выгодный способ продлить жизнь вашего текущего диффузора и аромата для дома. Вам не придётся докупать ароматизатор в полном комплекте за более высокую цену. Kashmir (100 мл) - древесно-цветочное чудо, эксклюзивный восточный хит. Изысканный, но лёгкий, чувственный, чуть кисловатый, соблазнительный, сексуальный, окутывает нежным облаком, теплом, приятными ощущениями. Наслаждение в каждом вдохе. Ароматизаторы VENEW - это 100% качественный eco-состав без капли спирта, собственное производство, стильный дизайн, сертифицированная продукция, разнообразие самых топовых запахов. Среди нашего ассортимента Вы найдёте знакомые ароматы, изготовленные по мотивам известных брендов, а также изысканные сочетания привычных нот, образующих невероятные букеты. Несомненно, наши товары для истинных ценителей качественного парфюма и подходят как для мужчин, так и для женщин. Такой парфюм для дома не стыдно преподнести в качестве подарка любимому, любимой, папе, маме, другу, сестре, да и просто без повода. Даже самый требовательный эстет найдёт тот аромат, который придётся ему по душе. Мы создаём гармонию, Вы дарите её близким.;Откройте бутылочку, перелейте наполнитель в имеющийся диффузор. Промойте флакон, если тот использовался с другой жидкостью, во избежание искажения аромата. Вставьте новые палочки, переверните через пару минут. Подождите, пока они пропитаются ароматом и начнут отдавать его в окружающее пространство. Интенсивность аромата зависит от выбранного наименования, количества палочек, температуры и циркуляции воздуха в помещении. Не ставьте флакон в угол, в маленькое закрытое помещение, слишком высоко. Идеально - в центре комнаты на уровне пояса. Рекомендуется переворачивать палочки каждые 5-7 дней (если насыщенности недостаточно, следует переворачивать их как можно чаще и/или добавить еще несколько штук). Аромат раскрывается в течение 12-48 часов. Допускается использование жидкости с исходной ёмкостью.
19000156543;DIVINE AROMA Bologna;наполнитель для диффузора;Россия;13690;10952;https://goldapple.ru/19000156543-bologna;;Благородный аромат розы умиротворяет и располагает к отдыху. Фруктовые ноты с пудровым послевкусием дарят ощущение легкости и оберегают крепкий сон даже самых юных членов семьи.;Снимите защитную крышку с рефилла.   Перелейте парфюмерную композицию во флакон диффузора.   Добавьте необходимое количество палочек во флакон .  Чтобы улучшить диффузию аромата и обновить его звучание, периодически переворачивайте палочки.   При попадании парфюмерной композиции на поверхность мебели немедленно протрите насухо.
99000038126;MAISON BERGER PARIS Aroma Dream Delicate Ambre;наполнитель для диффузора;;3390;3390;https://goldapple.ru/99000038126-aroma-dream-delicate-ambre;;Содержит эфирные масла пачули и лаванды, которые расслабляют и снижают уровень стресса. Аромат успокаивает и улучшает качество сна, а также дыхание, благодаря содержанию эфирного масла эвкалипта.;Откройте флакон, наполните емкость для аромадиффузора содержимым флакона не более чем на 2/3. Храните вдали от детей и животных.
99000098673;MAISON BERGER PARIS oriental star;наполнитель для диффузора;Франция;3690;3321;https://goldapple.ru/99000098673-oriental-star;;"Откройте для себя изысканный ароматический наполнитель для лампы Берже ""Восточная звезда"" от бренда Maison Berger Paris. Аромат ""Восточная звезда"" создаст в вашем доме атмосферу уюта и тепла. Роскошный, насыщенный восточный аромат с тонкими ягодными нотами. Олицетворение стиля и утонченности. Жидкость для лампы Берже объемом 500 мл обеспечивает длительное и равномерное распространение аромата. Одного сменного ароматизатора для дома 0,5 л хватит на 20 часов использования лампы, а 20 минут работы лампы достаточно, чтобы обеспечить несколько часов свежести в небольшом помещении.";Наполните лампу Берже на 2/3 ароматом. Вставьте горелку и закройте лампу пламегасителем. Подождите 20 минут, чтобы фитиль пропитался ароматом. Зажгите горелку и подождите 2 минуты. Задуйте пламя. Оденьте защитную оправу. Ваша лампа работает, и аромат начинает распространяться по комнате. Чтобы погасить лампу, закройте горелку пламегасителем. Для смены аромата в лампе или снижения насыщенности ароматической композиции используйте Нейтральный наполнитель для лампы Берже.
19000213946;VAN&MUN Winter hearth;наполнитель для диффузора;Россия;777;699;https://goldapple.ru/19000213946-winter-hearth;;Ароматический наполнитель для диффузора VAN&MUN Зимний очаг 100мл.    Описание аромата: Бодрящий аромат апельсина и сливочной ванили сменяется горьковатыми дымными нотами.     Наполнитель для диффузора - это ароматическая жидкость, которую можно использовать для ароматического диффузора. Объем бутылочки составляет 100 мл. При регулярном переворачивании палочек данным объем будет работать до 8 недель. С наполнителем не забывайте покупать новые палочки, помните, что палочки имеют ограниченный срок службы, а их поры имеют свойство забиваться. Всегда, заменяя аромат или доливая тот же аромат из наполнителя, меняйте палочки на новые, чтобы продолжать наслаждаться любимым ароматом.;Откройте наполнитель и перелейте жидкость в любую стеклянную или керамическую тару с узким горлом.  Вставьте фибровые палочки.   Если у вас уже есть диффузор с этим ароматом, можете перелить наполнитель в ту же емкость.   Если вы хотите налить наполнитель в диффузор от другого аромата, то предварительно вымойте бутылочку с мылом под холодной водой.
19000213930;VAN&MUN By the fireplace;наполнитель для диффузора;Россия;999;899;https://goldapple.ru/19000213930-by-the-fireplace;;Ароматический наполнитель для диффузора VAN&MUN У камина 150мл.   Описание аромата:  Яркий аромат цукатов апельсина и лимона со сливочным шлейфом раскрывается глубокими дымными нотами.    Наполнитель для диффузора - это ароматическая жидкость, которую можно использовать для ароматического диффузора. Объем бутылочки составляет 150 мл. При регулярном переворачивании палочек данным объем будет работать до 12 недель. С наполнителем не забывайте покупать новые палочки, помните, что палочки имеют ограниченный срок службы, а их поры имеют свойство забиваться. Всегда, заменяя аромат или доливая тот же аромат из наполнителя, меняйте палочки на новые, чтобы продолжать наслаждаться любимым ароматом.;Откройте наполнитель и перелейте жидкость в любую стеклянную или керамическую тару с узким горлом.  Вставьте фибровые палочки.  Откройте наполнитель и перелейте жидкость в любую стеклянную или керамическую тару с узким горлом.  Вставьте фибровые палочки.   Если у вас уже есть диффузор с этим ароматом, можете перелить наполнитель в ту же емкость.   Если вы хотите налить наполнитель в диффузор от другого аромата, то предварительно вымойте бутылочку с мылом под холодной водой.
19000156544;DIVINE AROMA Verona;наполнитель для диффузора;Россия;14510;11608;https://goldapple.ru/19000156544-verona;;Чувственная восточно-древесная композиция с теплыми переливами нот янтаря раскрепощает, придает уверенности и настраивает на положительные эмоции. Свежее звучание листьев пачули и герани наполняет пространство гармонией и спокойствием.;Снимите защитную крышку с рефилла.   Перелейте парфюмерную композицию во флакон диффузора.   Добавьте необходимое количество палочек во флакон .  Чтобы улучшить диффузию аромата и обновить его звучание, периодически переворачивайте палочки.   При попадании парфюмерной композиции на поверхность мебели немедленно протрите насухо.
19000078052;OXYGEN HOME Base Irish whiskey;наполнитель для диффузора;;998;848;https://goldapple.ru/19000078052-base-irish-whiskey;;Ароматный виски с ликёрно-карамельными оттенками, древесными и дымными нотами.;Сменный наполнитель Oxygen Home для диффузора. Откройте крышку, перелейте жидкость в диффузор.
19000079574;OXYGEN HOME Nero precious wood;наполнитель для диффузора;;1402;1261;https://goldapple.ru/19000079574-nero-precious-wood;;Богатый и утонченный аромат, сплетенный из благородных древесных нот . Приправленный легкими пряно-специевыми акцентами, придающими аромату экзотичность, яркость и словно приглашающих отправиться  в сердце уникального реликтового  леса, в котором растут редкие виды деревьев.;Сменный наполнитель Oxygen Home для диффузора. Откройте крышку, перелейте жидкость в диффузор.
19000155326;VAN&MUN Leather and Sandalwood;наполнитель для диффузора;Россия;510;459;https://goldapple.ru/19000155326-leather-and-sandalwood;;Терпковатый, землистый и в то же время пряный аромат со сладковатыми нотами. Здесь Вы ощутите и сандал, с его смолистыми нотами, и кожу, с её горьковатым шлейфом. Впустите этот аромат в свой дом и наслаждайтесь ним каждый день!  Наполнитель для диффузора - это ароматическая жидкость, которую можно использовать для ароматического диффузора. Объем бутылочки составляет 50 мл. При регулярном переворачивании палочек данный объем будет работать до 4 недель.  С наполнителем не забывайте покупать новые палочки, помните, что палочки имеют ограниченный срок службы, а их поры имеют свойство забиваться. Всегда, заменяя аромат или доливая тот же аромат из наполнителя, - меняйте палочки на новые, чтобы продолжать наслаждаться любимым ароматом.;Откройте наполнитель и налейте его в емкость, вставьте фибровые палочки. Можно использовать любую стеклянную и керамическую тару. Если у вас уже есть диффузор с этим ароматом, можете налить наполнитель в ту же емкость. Если вы хотите налить наполнитель в диффузор от другого аромата, то предварительно вымойте бутылочку с мылом под холодной водой.
99000107249;MAISON BERGER PARIS Festive cinnamon;наполнитель для диффузора;Франция;3690;3321;https://goldapple.ru/99000107249-festive-cinnamon;;Откройте для себя изысканный ароматический наполнитель для лампы Берже «Праздничная корица» от бренда Maison Berger Paris.  «Праздничная корица» — идеальный пряный аромат для новогодних праздников, который навевает теплые воспоминания из детства.   Жидкость для лампы Берже объемом 500 мл обеспечивает длительное и равномерное распространение аромата. Одного сменного ароматизатора для дома 0,5 л хватит на 20 часов использования лампы, а 20 минут работы лампы достаточно, чтобы обеспечить несколько часов свежести в небольшом помещении.;Наполните лампу Берже на 2/3 ароматом. Вставьте горелку и закройте лампу пламегасителем. Подождите 20 минут, чтобы фитиль пропитался ароматом. Зажгите горелку и подождите 2 минуты. Задуйте пламя. Оденьте защитную оправу. Ваша лампа работает, и аромат начинает распространяться по комнате. Чтобы погасить лампу, закройте горелку пламегасителем. Для смены аромата в лампе или снижения насыщенности ароматической композиции используйте нейтральный наполнитель для лампы Берже.
99000110769;MAISON BERGER PARIS beneath the christmas tree;наполнитель для диффузора;Франция;3600;3420;https://goldapple.ru/99000110769-beneath-the-christmas-tree;;Аромат «Морозная хвоя» — идеальный хвойный аромат для новогодних праздников и Рождества: зеленые ноты и аккорд сосны открывают композицию, сердце аромата состоит из классического сочетания эвкалипта и пихты, а завершают композицию благородный кедр и сандал.;Откройте флакон, наполните ёмкость для аромадиффузора содержимым флакона не более чем на 2/3. Храните вдали от детей и животных.
19000432770;TEATRO FRAGRANZE UNICHE POMPELMO PEPE;наполнитель для диффузора;Италия;13000;11700;https://goldapple.ru/19000432770-pompelmo-pepe;;Грейпфрут & Перец раскрывается ярким цитрусовым аккордом, где свежесть грейпфрута, юдзу и лимона переплетается с пряной искрой розового и черного перца. Ароматическое путешествие, передающее свет и динамику жизни. Ода творческому началу Флоренции. Взрыв эмоций и утончённости, сочетающий силу и изысканный стиль. Прозрачный флакон подчеркивает гармонию и свежесть, превращая аромат в выразительную деталь интерьера. Неожиданный контраст, оживляет пространство и наполняет энергией. Аромат вдохновлен атмосферой Sun Club Veuve Clicquot, воплощает ощущение бесконечного лета, солнечного сияния и игривого настроения. Переливается свежими цитрусовыми нотами, искрится пряными акцентами и наполняет пространство радостью, энергией и элегантной непринужденностью. Идеально подходит для кухни, гостиной и столовой.;Рефил, или наполнитель – это парфюмерная эссенция любимого аромата, разлитая в пластиковый флакон. Рекомендуем поддерживать уровень эссенции во флаконе не менее 2/3 объема, что в свою очередь обеспечивает интенсивность и эстетическое восприятие аромата.
19000213956;VAN&MUN Mint rain;наполнитель для диффузора;Россия;510;367;https://goldapple.ru/19000213956-mint-rain;;Ароматический наполнитель для диффузора VAN&MUN  Мятный дождь 50мл.    Описание аромата: Свежесть мяты и эвкалипта, смягченная пудровыми нотами бобов тонка и ванили.      Наполнитель для диффузора - это ароматическая жидкость, которую можно использовать для ароматического диффузора. Объем бутылочки составляет 50 мл. При регулярном переворачивании палочек данным объем будет работать до 4 недель. С наполнителем не забывайте покупать новые палочки, помните, что палочки имеют ограниченный срок службы, а их поры имеют свойство забиваться. Всегда, заменяя аромат или доливая тот же аромат из наполнителя, меняйте палочки на новые, чтобы продолжать наслаждаться любимым ароматом.;Откройте наполнитель и перелейте жидкость в любую стеклянную или керамическую тару с узким горлом.  Вставьте фибровые палочки.   Если у вас уже есть диффузор с этим ароматом, можете перелить наполнитель в ту же емкость.   Если вы хотите налить наполнитель в диффузор от другого аромата, то предварительно вымойте бутылочку с мылом под холодной водой.
19000321499;TEATRO FRAGRANZE UNICHE FIORE;наполнитель для диффузора;Италия;9350;8415;https://goldapple.ru/19000321499-fiore-luxury-collection;;Элегантный аромат воспоминаний. Свежий и изысканный, привлекательный и соблазнительный, аромат, который раскрывает элегантность воспоминаний. Меланж белых цветов с мягким, но сильным характером, словно взрыв цветочных нот, которые пробуждают эмоции и воспоминания о чисто женской энергии.  Соблазнительный аромат роскоши и воспоминаний Fiore  — Цветок — словно прогулка в садах на флорентийской вилле в разгар весны. Сложная композиция Fiore создает особое настроение и элегантную атмосферу.;Рефилл, или наполнитель – это парфюмерная эссенция любимого аромата, разлитая в пластиковый флакон. Рекомендуем поддерживать уровень эссенции во флаконе не менее 2/3 объема, что в свою очередь обеспечивает интенсивность и эстетическое восприятие аромата.
19000213951;VAN&MUN Gingerbread tree;наполнитель для диффузора;Россия;777;699;https://goldapple.ru/19000213951-gingerbread-tree;;Ароматический наполнитель для диффузора VAN&MUN  Пряничная елка100мл.    Описание аромата:  Песочные коржи с нежной сливочной ванилью и медовыми нотами.     Наполнитель для диффузора - это ароматическая жидкость, которую можно использовать для ароматического диффузора. Объем бутылочки составляет 100 мл. При регулярном переворачивании палочек данным объем будет работать до 8 недель. С наполнителем не забывайте покупать новые палочки, помните, что палочки имеют ограниченный срок службы, а их поры имеют свойство забиваться. Всегда, заменяя аромат или доливая тот же аромат из наполнителя, меняйте палочки на новые, чтобы продолжать наслаждаться любимым ароматом.;Откройте наполнитель и перелейте жидкость в любую стеклянную или керамическую тару с узким горлом.  Вставьте фибровые палочки.   Если у вас уже есть диффузор с этим ароматом, можете перелить наполнитель в ту же емкость.   Если вы хотите налить наполнитель в диффузор от другого аромата, то предварительно вымойте бутылочку с мылом под холодной водой.
99000038139;MAISON BERGER PARIS Precious Jasmine;наполнитель для диффузора;;3390;2543;https://goldapple.ru/99000038139-precious-jasmine;;Жасмин - царственный цветок, воплощение красоты и элегантности. Всё богатство его аромата представлено в этой утончённой цветочной композиции. Удивительное сочетание тёплых нот жасмина и тонких аккордов иланг-иланга предвосхищают сердце аромата, заключающее в себе яркие цветочные ноты и свежие фруктовые аккорды.;Откройте флакон, наполните емкость для аромадиффузора содержимым флакона не более чем на 2/3. Храните вдали от детей и животных.
99000098655;MAISON BERGER PARIS aroma relax;наполнитель для диффузора;Франция;3690;3321;https://goldapple.ru/99000098655-aroma-relax;;"Откройте для себя изысканный ароматический наполнитель для лампы Берже ""Арома Релакс"" от бренда Maison Berger Paris.  Аромат ""Арома Релакс"" создаст в вашем доме атмосферу спокойствия и умиротворения. Уже с первых нот композиция настраивает на расслабление. Уютные аккорды аниса и бобов тонка успокаивают, унося все тревоги. Цветочное сердце аромата деликатно раскрывается нежным ландышем и розой, сменяясь согревающей ванилью. Аромат, который поможет снять стресс и напряжение, достигнув внутренней гармонии. Содержит эфирные масла пачули и гваякового дерева, которые оказывают стимулирующее и антидепрессивное воздействие. Жидкость для лампы Берже объемом 500 мл обеспечивает длительное и равномерное распространение аромата. Одного сменного ароматизатора для дома 0,5 л хватит на 20 часов использования лампы, а 20 минут работы лампы достаточно, чтобы обеспечить несколько часов свежести в небольшом помещении.";Наполните лампу Берже на 2/3 ароматом. Вставьте горелку и закройте лампу пламегасителем. Подождите 20 минут, чтобы фитиль пропитался ароматом. Зажгите горелку и подождите 2 минуты. Задуйте пламя. Оденьте защитную оправу. Ваша лампа работает, и аромат начинает распространяться по комнате. Чтобы погасить лампу, закройте горелку пламегасителем. Для смены аромата в лампе или снижения насыщенности ароматической композиции используйте Нейтральный наполнитель для лампы Берже.
19000394576;PRESS GURWITZ PERFUMERIE №15;наполнитель для диффузора;Россия;12710;5719;https://goldapple.ru/19000394576-no15;;Яркая композиция №15 передает чувственность через дымные древесные аккорды сандала и кедра, пряные кожаные оттенки и яркие ноты ириса, инжира и кардамона.;Залейте жидкость в диффузор, вставьте новые палочки и вновь наслаждайтесь любимым ароматом.
99000038155;MAISON BERGER PARIS Goji Berries;наполнитель для диффузора;;3390;3390;https://goldapple.ru/99000038155-goji-berries;;Радостный и освежающий аромат. Яркость композиции придают начальные ноты апельсина, мандарина и лимона. Нежная жимолость наполняет сердце аромата деликатностью и мягкостью, сменяясь томным звучанием пудрового мускуса.;Откройте флакон, наполните емкость для аромадиффузора содержимым флакона не более чем на 2/3. Храните вдали от детей и животных.
19000118642;CHIARA FIRENZE LEVANTE;наполнитель для диффузора;;4490;4041;https://goldapple.ru/19000118642-levante;;Chiara Firenze посвящает свои ароматы в особый регион: Тоскана. история совершенства, страсти и связи с территорией, а также диалога между знаниями и далекими культурами. парфюмерное искусство и выбор ценных эфирных масел, таким образом, встречает мастеров флорентийских ремесленных мастерских, чтобы возродить магию этой особой земли в ваших комнатах. Аромат получил свое название от легкого свежего и влажного ветра Леванта, дующего с Востока, где рождается Солнце.  Согрейте обстановку вашего дома ароматическими нотами листьев апельсина и мандарина, кульминацией которых станет цветочная сердцевина.;
19000078049;OXYGEN HOME Base Red berries;наполнитель для диффузора;;998;898;https://goldapple.ru/19000078049-base-red-berries;;Аромат сочных красных ягод с нотами арганы.;Сменный наполнитель Oxygen Home для диффузора. Откройте крышку, перелейте жидкость в диффузор.
99000064269;BOCA AROMA Sandalwood;наполнитель для диффузора;;900;900;https://goldapple.ru/99000064269-sandalwood;;Рефил для диффузора- это удобное решение для тех, кто хочет заменять ароматическое масло исходя от своего настроения или сезона. Жидкость для диффузора ароматическая Sandalwood имеет основные ноты: инжир, фиалка, сандаловое дерево, амбра, ирис. Древесный глубокий аромат, идеален в качестве базового аромата для дома, дорогой, ненавязчивый, располагающий.;Аромамасло для диффузора достаточно капнуть несколько капель на камни, и аромат постепенно распространится по комнате. Сохраняется от 3 до 5 месяцев, в зависимости от площади помещения и интенсивности использования. Вы сами можете регулировать насыщенность благоухания при использовании масла для диффузора.
99000097987;TREPET chocolate musk;наполнитель для диффузора;Россия;1990;1891;https://goldapple.ru/99000097987-chocolate-musk;;Утонченная нежность молочного шоколада переплетается с аппетитными нотами ванили, образуя настоящее шоколадное наслаждение. Этот изящный дуэт мягко дополняется легким звучанием белого мускуса, корицы, пряностей, сандала и амбры. Поистине гурманский аромат точно не оставит никого равнодушным.;Перелейте ароматическую жидкость в стеклянный флакон и установите фибровые палочки.
19000213965;VAN&MUN Winter hearth;наполнитель для диффузора;Россия;510;439;https://goldapple.ru/19000213965-winter-hearth;;Ароматический наполнитель для диффузора VAN&MUN Зимний очаг 50мл.    Описание аромата: Бодрящий аромат апельсина и сливочной ванили сменяется горьковатыми дымными нотами.     Наполнитель для диффузора - это ароматическая жидкость, которую можно использовать для ароматического диффузора. Объем бутылочки составляет 50 мл. При регулярном переворачивании палочек данным объем будет работать до 4 недель. С наполнителем не забывайте покупать новые палочки, помните, что палочки имеют ограниченный срок службы, а их поры имеют свойство забиваться. Всегда, заменяя аромат или доливая тот же аромат из наполнителя, меняйте палочки на новые, чтобы продолжать наслаждаться любимым ароматом.;Откройте наполнитель и перелейте жидкость в любую стеклянную или керамическую тару с узким горлом.  Вставьте фибровые палочки.   Если у вас уже есть диффузор с этим ароматом, можете перелить наполнитель в ту же емкость.   Если вы хотите налить наполнитель в диффузор от другого аромата, то предварительно вымойте бутылочку с мылом под холодной водой.
99000037123;MAISON BERGER PARIS Black Angelica;наполнитель для диффузора;;3390;2712;https://goldapple.ru/99000037123-black-angelica;;Чувственный аромат, созданный на игре контрастов восточной мелодии и чувственных цветочных аккордов. Благородные ноты редкой черной ангелики пленят своим восточным звучанием, унося в сладкий омут ванили и пьянящего сочетания амбры и сандала.;Откройте флакон, наполните емкость для аромадиффузора содержимым флакона не более чем на 2/3. Храните вдали от детей и животных.
19000196093;LOGEVY FIRENZE 1965 Fico e Pera;наполнитель для диффузора;Италия;12650;11385;https://goldapple.ru/19000196093-fico-e-pera;;Два фрукта – груша и персик – создают аромат с взрывающиеся страстью и гармонией. Свежий нетривиальный дуэт, рождающий деликатный, элегантный и обволакивающий аромат. Здесь настолько гармонично сбалансирована сладость, горчинка и свежесть, в итоге получился идеальный аромат, который подойдёт и понравится абсолютно всем.;Ароматы лучше расположить в центральной части дома так, чтобы любой входящий или выходящий из дома мог уловить аромат и перенести его в остальные комнаты. Для поддержания аромата переворачивайте палочки через день. Регулировать аромат можно уменьшая или увеличивая число палочек. Палочки играют основную роль в ароматизации помещения, чем больше палочек, тем аромат насыщеннее. Для достижения лучших результатов, эссенцию не стоит никогда выставлять на прямой солнечный свет или ставить рядом с источниками тепла, так как под его воздействием происходит испарение аромата.
99000064268;BOCA AROMA Sparkling fruit;наполнитель для диффузора;;900;900;https://goldapple.ru/99000064268-sparkling-fruit;;Рефил для диффузора - это удобное решение для тех, кто хочет заменять ароматическое масло исходя от своего настроения или сезона. Наполнитель для диффузора внесет разнообразие в повседневность, наполнит квартиру свежестью и легкостью. У аромата Sparkling fruit основные ноты грейпфрут, лимон и персик. Игристый и леденящий фруктовый.;Аромамасло для диффузора. Достаточно капнуть несколько капель на камни — и аромат постепенно распространится по комнате.Сохраняется от 3 до 5 месяцев, в зависимости от площади помещения и интенсивности использования. Вы сами можете регулировать насыщенность благоухания при использовании масла для диффузора.
19000234955;BY KAORI Eden;наполнитель для диффузора;Россия;2090;2090;https://goldapple.ru/19000234955-eden;;Бутылочка с дополнительной ароматической жидкостью. Флакон с аромакомпозицией, который входит в комплект аромадиффузора. Также доступен для отдельного заказа - по окончании аромажидкости из вашего комплекта вам не придётся снова покупать аромадиффузор, достаточно просто приобрести дополнительный рефилл;Открутите крышку и вылейте часть аромажидкости в ваш флакон. Поставьте палочки. Меры предосторожности: в случае попадания в глаза, немедленно промыть их большим количеством воды, при необходимости обратиться к врачу. Легко воспламеняется. Не использовать по истечении срока годности. Только для наружного применения! Использование в пищевых целях опасно для жизни!
19000234975;BY KAORI Wood and Leather;наполнитель для диффузора;Россия;2090;2090;https://goldapple.ru/19000234975-wood-and-leather;;Бутылочка с дополнительной ароматической жидкостью. Флакон с аромакомпозицией, который входит в комплект аромадиффузора. Также доступен для отдельного заказа - по окончании аромажидкости из вашего комплекта вам не придётся снова покупать аромадиффузор, достаточно просто приобрести дополнительный рефилл;Открутите крышку и вылейте часть аромажидкости в ваш флакон. Поставьте палочки. Меры предосторожности: в случае попадания в глаза, немедленно промыть их большим количеством воды, при необходимости обратиться к врачу. Легко воспламеняется. Не использовать по истечении срока годности. Только для наружного применения! Использование в пищевых целях опасно для жизни!
99000097998;TREPET sweet dream;наполнитель для диффузора;Россия;1990;1891;https://goldapple.ru/99000097998-sweet-dream;;Нежное, изысканное прикосновение пудры, деликатная сладость и теплота домашнего очага создают атмосферу полного равновесия. Аромат, в котором можно утопать словно в пушистом облаке и наслаждаться мягкими, волшебными нотами ванили и какао.;Перелейте ароматическую жидкость в стеклянный флакон и установите фибровые палочки.
19000156546;DIVINE AROMA Napoli;наполнитель для диффузора;Россия;13690;10952;https://goldapple.ru/19000156546-napoli;;Cочная фруктовая композиция наполняет дом беззаботной радостью и напоминает о бесценности каждого дня. Яркие кокосовые ноты заряжают творческой энергией и азартом, а цветочные аккорды и сладкое послевкусие мяты настраивают на активный отдых.;Снимите защитную крышку с рефилла.   Перелейте парфюмерную композицию во флакон диффузора.   Добавьте необходимое количество палочек во флакон .  Чтобы улучшить диффузию аромата и обновить его звучание, периодически переворачивайте палочки.   При попадании парфюмерной композиции на поверхность мебели немедленно протрите насухо.
99000097991;TREPET desert island;наполнитель для диффузора;Россия;1990;1891;https://goldapple.ru/99000097991-desert-island;;Роскошный тропический отдых наедине с собой. Представьте - теплый солнечный пляж, нежный шёпот волн и полное уединение. Это побег к себе, возможность услышать себя и свои мысли, остановиться, замедлиться. Аромат основан на древесных нотах сандалового дерева, кедра и амириса, помогающих окунуться в полное умиротворение и обрести спокойствие.;Перелейте ароматическую жидкость в стеклянный флакон и установите фибровые палочки.
19000155352;VAN&MUN Sweet Fig;наполнитель для диффузора;Россия;777;575;https://goldapple.ru/19000155352-sweet-fig;;Легкая кислинка инжира в сочетании с едва ощутимой медовой дыней дополнена букетом из фрезии и фиалки. Легкий аромат для вашего дома. Наполнитель для диффузора - это ароматическая жидкость, которую можно использовать для ароматического диффузора.   При регулярном переворачивании палочек данный объем будет работать до 8 недель. С наполнителем не забывайте покупать новые палочки, помните, что палочки имеют ограниченный срок службы, а их поры имеют свойство забиваться.  Всегда, заменяя аромат или доливая тот же аромат из наполнителя, - меняйте палочки на новые, чтобы продолжать наслаждаться любимым ароматом.;Откройте наполнитель и налейте его в емкость, вставьте фибровые палочки. Можно использовать любую стеклянную и керамическую тару. Если у вас уже есть диффузор с этим ароматом, можете налить наполнитель в ту же емкость. Если вы хотите налить наполнитель в диффузор от другого аромата, то предварительно вымойте бутылочку с мылом под холодной водой.
99000038146;MAISON BERGER PARIS Ocean Breeze;наполнитель для диффузора;;3390;3390;https://goldapple.ru/99000038146-ocean-breeze;;Освежающий коктейль фруктовых нот и аромат соленых брызг теплого побережья. Цветочные аккорды перенесут вас в райские сады южных стран, а морские нотки позволят почувствовать себя на отдыхе вблизи океана.;Откройте флакон, наполните емкость для аромадиффузора содержимым флакона не более чем на 2/3. Храните вдали от детей и животных.
99000038611;MAISON BERGER PARIS Under the fig tree;наполнитель для диффузора;;3390;2712;https://goldapple.ru/99000038611-under-the-fig-tree;;Сладкие плоды инжира и душистые травы: эта композиция - само воплощение безмятежности летнего дня.;Откройте флакон, наполните емкость для аромадиффузора содержимым флакона не более чем на 2/3. Храните вдали от детей и животных.
19000156535;DIVINE AROMA Corleone;наполнитель для диффузора;Россия;13690;10952;https://goldapple.ru/19000156535-corleone;;Утонченная ягодно-фруктовая композиция с игривыми оттенками просекко вдохновляет на творческие свершения. Сладкие цветочные аккорды дарят чувство гармонии и безмятежности, отвлекая от суеты внешнего мира.;Снимите защитную крышку с рефилла.   Перелейте парфюмерную композицию во флакон диффузора.   Добавьте необходимое количество палочек во флакон .  Чтобы улучшить диффузию аромата и обновить его звучание, периодически переворачивайте палочки.   При попадании парфюмерной композиции на поверхность мебели немедленно протрите насухо.
19000395972;DR. VRANJES FIRENZE Velvet Saffron;наполнитель для диффузора;Италия;12300;12300;https://goldapple.ru/19000395972-velvet-saffron;;Среди атмосферных улиц Флоренции, где каждый камень повествует о экстраординарных личностях, творивших историю на протяжении веков, и невероятных произведениях искусства, был создан аромат, полный контрастов, как и сам город, объединяющий различные культуры и эмоции.  Терпкие ноты шафрана переплетаются с фиалкой, ветивером и бобами тонка, придавая композиции глубину и неординарность. Пряный кардамон и пачули в базе переплетаются в идеальной гармонии, создавая теплую и элегантную атмосферу.  Многогранный самодостаточный аромат, наполненный очарованием и таинственностью, позволяет расслабиться и раствориться в волшебной, чувственной симфонии. Стеклянный флакон, напоминающий купол легендарного собора Санта Мария дель Фьоре, изготовлен во Флоренции.;"Необходимо поддерживать уровень жидкости в диффузоре выше середины флакона, это позволит сохранить аутентичное звучание аромата. Для этого идеально подходят рефилы Dr. Vranjes Firenze с вашими любимыми ароматами. Яркость аромата легко регулируется с помощью натуральных бамбуковых палочек. Перелейте необходимое количество ароматической жидкости в стеклянную вазу диффузора и поместите в вазу необходимое количество палочек – таким образом аромат не будет испаряться через открытое горлышко флакона.  Для того, чтобы отрегулировать интенсивность аромата, переворачивайте необходимое количество палочек ежедневно (1-2 для деликатного, еле заметного звучания; все палочки – для более яркого).  Для оптимального распространения аромата диффузор следует разместить в центре комнаты, чтобы воздух циркулировал при прохождении людей.  В больших помещениях рекомендуется разместить два диффузора на противоположных концах комнаты. Выбирайте объем флакона в зависимости от помещения."
99000038110;MAISON BERGER PARIS Aroma Energy Sparkling Zest;наполнитель для диффузора;;3390;3390;https://goldapple.ru/99000038110-aroma-energy-sparkling-zest;;Современная композиция, придающая энергии и сил, содержит эфирное масло грейпфрута, которое облает тонизирующими свойствами.;Откройте флакон, наполните емкость для аромадиффузора содержимым флакона не более чем на 2/3. Храните вдали от детей и животных.
99000093096;STENOVA HOME №66 Ferrara;наполнитель для диффузора;Россия;1375;1375;https://goldapple.ru/99000093096-no66-ferrara;;Аромадиффузор №66 Ferrara - это аромат сладкой жизни! На фоне многих ароматов он, однозначно, выделяется и обращает на себя внимание. Это уверенная, обволакивающая, с дорогим парфюмным шлейфом композиция, которая не оставляет равнодушных. Раскрывается оттенками лепестков жасмина, шафрана и амбры, подчеркнутыми элегантной древесной нотой.;Не устанавливать вблизи вентиляции. Интенсивность аромата регулировать количеством палочек. Рекомендуется избегать попадания ароматической жидкости на ткани и мебель. Достаточно для ароматизации помещения до 20 м2.
19000252418;ОВСЯННИКОВ Тайный советник;наполнитель для диффузора;Россия;2080;1372;https://goldapple.ru/19000252418-lajt-tajnyj-sovetnik;;Диффузор для дома версии лайт от бренда Овсянников привнесет в любое помещение гармонию и вдохновение благодаря своему уникальному чарующему аромату.  Рефил имеет благородный и запоминающийся аромат, который оставит вам только приятные впечатления. На первом вдохе расцветает таитянская ваниль, создавая ноты исключительной элегантности. Она плавно переплетается с богатыми аккордами табачного листа, придавая аромату глубину и харизму.  Верхние ноты окутывают вас свежестью желтой груши и нежностью раскрывающихся бутонов гвоздики.  Мускус подчеркивает индивидуальность аромата, а кокосовое дерево придает завершающий штрих. Благодаря запахам мы можем путешествовать во времени, переносясь в самые теплые воспоминания — свяжите с ароматом «Тайный советник» лучшие мгновения жизни!;Перелейте жидкость из рефила в основной стеклянный флакон. Опустите минимум 3-4 палочки в жидкость. Подождите 45-60мин., пока палочки пропитаются. Переверните палочки. Для большей ароматизации добавляйте по одной палочке. Переворачивайте палочки каждые 2-3 дня, чтобы ароматизация была ярче. Каждые 1-2 мес. промывайте палочки от пыли проточной водой с жидким мылом, высушивайте и обратно погружайте во флакон с жидкостью. Чистые палочки лучше ароматизируют пространство.
19000234949;BY KAORI Carolina;наполнитель для диффузора;Россия;2090;2090;https://goldapple.ru/19000234949-carolina;;Бутылочка с дополнительной ароматической жидкостью. Флакон с аромакомпозицией, который входит в комплект аромадиффузора. Также доступен для отдельного заказа - по окончании аромажидкости из вашего комплекта вам не придётся снова покупать аромадиффузор, достаточно просто приобрести дополнительный рефилл.;Открутите крышку и вылейте часть аромажидкости в ваш флакон. Поставьте палочки. Меры предосторожности: в случае попадания в глаза, немедленно промыть их большим количеством воды, при необходимости обратиться к врачу. Легко воспламеняется. Не использовать по истечении срока годности. Только для наружного применения! Использование в пищевых целях опасно для жизни!
99000107117;BY KAORI PINK SAND;наполнитель для диффузора;Испания;2290;2290;https://goldapple.ru/99000107117-pink-sand;;Локация из ваших снов или сошедшая со страниц фантастической книги — мягкий, воздушный, «сахарный» пляж с нежно-розовым песком. Вы чувствуете аромат ванильной, тягучей карамели, оттеняющей морскую соль и жгучие пряные ноты. Красный перец и кардамон тонко переплетаются между собой и напоминают вам о безмятежных днях, проведенных на жарком солнце наедине с собой и шумом волн.  Аромат Pink sand — это мягкое пробуждение от дуновения нежного морского ветра и сладкие розовые мечты, которые вот-вот станут реальностью. Pink sand — лучшее решение для просторной спальни и обеденной комнаты, также этот аромат украсит собой гостиную в бежевых тонах.;Открутите крышку и вылейте часть аромажидкости в ваш флакон.  Поставьте палочки.   В случае попадания в глаза немедленно промыть их большим количеством воды, при необходимости обратиться к врачу.  Легко воспламеняется.  Не использовать по истечении срока годности.  Только для наружного применения! Использование в пищевых целях опасно для жизни!
99000107250;MAISON BERGER PARIS Under the olive tree;наполнитель для диффузора;Франция;3690;3321;https://goldapple.ru/99000107250-under-the-olive-tree;;Откройте для себя изысканный ароматический наполнитель для лампы Берже  «Оливковый венок» от бренда Maison Berger Paris.  Аромат «Оливковый венок» создаст в вашем доме атмосферу уюта и роскоши. Неустаревающее сочетание древесного аромата с аккордами кожи. Таинственная композиция, обволакивающая чарующими нотами Востока. Терпкие кожаные ноты сокрыты в благоухании цветочного жасмина, уверенного звучания уда и мирры. Сердце аромата сокрыто в тени пачули. Необыкновенный вихрь ванили и мускуса соблазнительно завершает аромат.   Жидкость для лампы Берже объемом 500 мл обеспечивает длительное и равномерное распространение аромата. Одного сменного ароматизатора для дома 0,5 л хватит на 20 часов использования лампы, а 20 минут работы лампы достаточно, чтобы обеспечить несколько часов свежести в небольшом помещении.;Наполните лампу Берже на 2/3 ароматом. Вставьте горелку и закройте лампу пламегасителем. Подождите 20 минут, чтобы фитиль пропитался ароматом. Зажгите горелку и подождите 2 минуты. Задуйте пламя. Оденьте защитную оправу. Ваша лампа работает, и аромат начинает распространяться по комнате. Чтобы погасить лампу, закройте горелку пламегасителем. Для смены аромата в лампе или снижения насыщенности ароматической композиции используйте нейтральный наполнитель для лампы Берже.
19000155373;VAN&MUN Tropical vanilla;наполнитель для диффузора;Россия;999;719;https://goldapple.ru/19000155373-tropical-vanilla;;Нота кокоса, тонкий аромат цветов апельсина, едва уловимые ноты экзотических фруктов – все они прекрасно дополняют сладкую ваниль. Аромат Тропическая ваниль поможет Вам создать райский уголок у Вас дома. Впустите этот аромат в свой дом и наслаждайтесь ним каждый день!  Наполнитель для диффузора - это ароматическая жидкость, которую можно использовать для ароматического диффузора. При регулярном переворачивании палочек данным объем будет работать до 12 недель. С наполнителем не забывайте покупать новые палочки, помните, что палочки имеют ограниченный срок службы, а их поры имеют свойство забиваться.  Всегда, заменяя аромат или доливая тот же аромат из наполнителя, - меняйте палочки на новые, чтобы продолжать наслаждаться любимым ароматом.;Откройте наполнитель и налейте его в емкость, вставьте фибровые палочки. Можно использовать любую стеклянную и керамическую тару. Если у вас уже есть диффузор с этим ароматом, можете налить наполнитель в ту же емкость. Если вы хотите налить наполнитель в диффузор от другого аромата, то предварительно вымойте бутылочку с мылом под холодной водой.
19000155374;VAN&MUN Fresh linen;наполнитель для диффузора;Россия;999;899;https://goldapple.ru/19000155374-fresh-linen;;Аромат чистого, свежего белья, сладковатый, пудровый с цветочными нотами лилии и льна. Наполнитель для диффузора - это ароматическая жидкость, которую можно использовать для ароматического диффузора. При регулярном переворачивании палочек данный объем будет работать до 12 недель.  С наполнителем не забывайте покупать новые палочки, помните, что палочки имеют ограниченный срок службы, а их поры имеют свойство забиваться. Всегда, заменяя аромат или доливая тот же аромат из наполнителя, - меняйте палочки на новые, чтобы продолжать наслаждаться любимым ароматом.;Откройте наполнитель и налейте его в емкость, вставьте фибровые палочки. Можно использовать любую стеклянную и керамическую тару. Если у вас уже есть диффузор с этим ароматом, можете налить наполнитель в ту же емкость. Если вы хотите налить наполнитель в диффузор от другого аромата, то предварительно вымойте бутылочку с мылом под холодной водой.
19000148531;VENEW хлопок;наполнитель для диффузора;Россия;650;650;https://goldapple.ru/19000148531-hlopok;;Рефил - это запасной блок с ароматической жидкостью, довольно выгодный способ продлить жизнь вашего текущего диффузора и аромата для дома. Вам не придётся докупать ароматизатор в полном комплекте за более высокую цену. Ранее свежее утро… Первые лучи солнца лениво проникают в комнату сквозь лёгкие полупрозрачные занавески, и повсюду витает ни с чем не сравнимый запах чистого белья. Представили? Да, именно так должен пахнуть Дом. Хлопок (100 мл) - тот самый тонкий, нежный, ненавязчивый аромат идеальной чистоты и безграничной свежести. Ароматизаторы VENEW - это 100% качественный eco-состав без капли спирта, собственное производство, стильный дизайн, сертифицированная продукция, разнообразие самых топовых запахов.;Откройте бутылочку, перелейте наполнитель в имеющийся диффузор. Промойте флакон, если тот использовался с другой жидкостью, во избежание искажения аромата. Вставьте новые палочки, переверните через пару минут. Подождите, пока они пропитаются ароматом и начнут отдавать его в окружающее пространство. Интенсивность аромата зависит от выбранного наименования, количества палочек, температуры и циркуляции воздуха в помещении. Не ставьте флакон в угол, в маленькое закрытое помещение, слишком высоко. Идеально - в центре комнаты на уровне пояса. Рекомендуется переворачивать палочки каждые 5-7 дней (если насыщенности недостаточно, следует переворачивать их как можно чаще и/или добавить еще несколько штук). Аромат раскрывается в течение 12-48 часов. Допускается использование жидкости с исходной ёмкостью.
19000321509;TEATRO FRAGRANZE UNICHE Diamante;наполнитель для диффузора;Италия;9350;8415;https://goldapple.ru/19000321509-diamante;;Teatro Fragranze Uniche, флорентийская лаборатория ароматов и Симоне Андреоли - талантливый итальянский парфюмер-новатор с ярко выраженной индивидуальностью, объединились, чтобы создать концептуальный интерьерный аромат, совершенно уникальный: “DIAMANTE - Scent of Art”. Цель заключалась в создании уникального аромата, подобного камню, которым вдохновились создатели. Его структура определила ароматические аккорды – янтарные, древесные, сладкие и смолистые. Атмосферный аромат наполняет пространство особым благоуханием и располагает к продолжительному и приятному общению. Идеален для ароматизации гостиной и кабинета.;Рефилл, или наполнитель – это парфюмерная эссенция любимого аромата, разлитая в пластиковый флакон.  Рекомендуем поддерживать уровень эссенции во флаконе не менее 2/3 объема, что в свою очередь обеспечивает интенсивность и эстетическое восприятие аромата.
19000394580;PRESS GURWITZ PERFUMERIE №5;наполнитель для диффузора;Россия;12710;5719;https://goldapple.ru/19000394580-no5;;Легкий аромат с миксом из яркого имбиря и свежей вербены, смягченный нотами сладкой ванили.;Залейте жидкость в диффузор, вставьте новые палочки и вновь наслаждайтесь любимым ароматом.
19000118668;CHIARA FIRENZE VENERE;наполнитель для диффузора;;4490;4041;https://goldapple.ru/19000118668-venere;;Chiara Firenze посвящает свои ароматы в особый регион: Тоскана. история совершенства, страсти и связи с территорией, а также диалога между знаниями и далекими культурами. парфюмерное искусство и выбор ценных эфирных масел, таким образом, встречает мастеров флорентийских ремесленных мастерских, чтобы возродить магию этой особой земли в ваших комнатах. Лаванда - незаменимый символ греческой Богини Венеры в ее заклинаниях любви и очищения, а цветы лотоса с теплыми и мягкими нотами, - символы ее красоты и чистоты. Этот союз обогащен нотами бергамота, который своим свежим и чистым ароматом дарит ощущение радости и безмятежности. Уникальный аромат, который ведет к благополучию и счастью!;
19000118626;CHIARA FIRENZE ARBOREA;наполнитель для диффузора;;4490;4041;https://goldapple.ru/19000118626-arborea;;"Chiara Firenze посвящает свои ароматы в особый регион: Тоскана. история совершенства, страсти и связи с территорией, а также диалога между знаниями и далекими культурами. парфюмерное искусство и выбор ценных эфирных масел, таким образом, встречает мастеров флорентийских ремесленных мастерских, чтобы возродить магию этой особой земли в ваших комнатах. Аромат получил свое название  в честь силы кедрового дерева, которое всегда было символом долголетия и величия. В сочетании с морскими нотами, ""вода"" и ""земля"" объединяются, давая жизнь свежему живому  аромату ,благодаря нотам березы и смолы.";
19000213974;VAN&MUN Holiday fragrance;наполнитель для диффузора;Россия;510;377;https://goldapple.ru/19000213974-holiday-fragrance;;Ароматический наполнитель для диффузора VAN&MUN  Аромат праздника 50мл.    Описание аромата:  Терпкий аромат с ликерным шлейфом и древесными нотами на базе ванили и карамели прекрасно подойдет для создания атмосферы праздника.     Наполнитель для диффузора - это ароматическая жидкость, которую можно использовать для ароматического диффузора. Объем бутылочки составляет 50 мл. При регулярном переворачивании палочек данным объем будет работать до 4 недель. С наполнителем не забывайте покупать новые палочки, помните, что палочки имеют ограниченный срок службы, а их поры имеют свойство забиваться. Всегда, заменяя аромат или доливая тот же аромат из наполнителя, меняйте палочки на новые, чтобы продолжать наслаждаться любимым ароматом.;Откройте наполнитель и перелейте жидкость в любую стеклянную или керамическую тару с узким горлом.  Вставьте фибровые палочки.   Если у вас уже есть диффузор с этим ароматом, можете перелить наполнитель в ту же емкость.   Если вы хотите налить наполнитель в диффузор от другого аромата, то предварительно вымойте бутылочку с мылом под холодной водой.
99000107114;BY KAORI L.A.;наполнитель для диффузора;Испания;2290;2290;https://goldapple.ru/99000107114-l-a;;Ночной город, подсвеченный тысячами огней, — место шумных вечеринок, пряных коктейлей и долгожданных встреч с друзьями. Вы окружены обволакивающим ароматом дорогих выдержанных напитков, густой ванили и воздушных сладких десертов. Томные древесные аккорды дубовой мебели переплетаются с этим шлейфом, рождая симфонию того самого места, где исполняются все мечты, — «Города ангелов».  Аромат L.A. — это шумная, взрывная вечеринка, перетекающая в теплую звездную ночь и танцы под открытым небом. L.A. — лучшая композиция для спальни и гостиной, оформленных в пастельных тонах.;Открутите крышку и вылейте часть аромажидкости в ваш флакон.  Поставьте палочки.   В случае попадания в глаза немедленно промыть их большим количеством воды, при необходимости обратиться к врачу.  Легко воспламеняется.  Не использовать по истечении срока годности.  Только для наружного применения! Использование в пищевых целях опасно для жизни!
19000213975;VAN&MUN Aromatic spices 5oml;наполнитель для диффузора;Россия;510;434;https://goldapple.ru/19000213975-aromatic-spices-5oml;;Ароматический наполнитель для диффузора VAN&MUN  Ароматные специи 50мл.    Описание аромата:  Пряный букет из корицы и гвоздики  раскрывается сладкой ванилью с тонкой освежающей нотой аниса.     Наполнитель для диффузора - это ароматическая жидкость, которую можно использовать для ароматического диффузора. Объем бутылочки составляет 50 мл. При регулярном переворачивании палочек данным объем будет работать до 4 недель. С наполнителем не забывайте покупать новые палочки, помните, что палочки имеют ограниченный срок службы, а их поры имеют свойство забиваться. Всегда, заменяя аромат или доливая тот же аромат из наполнителя, меняйте палочки на новые, чтобы продолжать наслаждаться любимым ароматом.;Откройте наполнитель и перелейте жидкость в любую стеклянную или керамическую тару с узким горлом.  Вставьте фибровые палочки.   Если у вас уже есть диффузор с этим ароматом, можете перелить наполнитель в ту же емкость.   Если вы хотите налить наполнитель в диффузор от другого аромата, то предварительно вымойте бутылочку с мылом под холодной водой.
99000038159;MAISON BERGER PARIS Rhubarbe Radiance;наполнитель для диффузора;;3390;2712;https://goldapple.ru/99000038159-rhubarbe-radiance;;Сочная композиция, потрясающая своей новизной и необычностью. Цитрусовые ноты пробуждают чувства и наполняют все вокруг жизненной энергией. Кислинка ревеня раскрывается хрустящими фруктовыми аккордами, смешанными с бархатистой нежностью кедра и белого мускуса.;Откройте флакон, наполните емкость для аромадиффузора содержимым флакона не более чем на 2/3. Храните вдали от детей и животных.
99000038122;MAISON BERGER PARIS Aloe Vera Water;наполнитель для диффузора;;3390;2543;https://goldapple.ru/99000038122-aloe-vera-water;;Симфония свежести и легкости с акватическими акцентами, напоминающая прогулку по морскому побережью. Алоэ Вера и листья бамбука искрятся чистотой, цитрусовые добавляют игривые нотки, прозрачные аккорды невинного лотоса и нежного ландыша звучат женственно и деликатно. Приятной теплоты добавляет сандаловый шлейф, смягченный белым мускусом и бобами тонка.;Откройте флакон, наполните емкость для аромадиффузора содержимым флакона не более чем на 2/3. Храните вдали от детей и животных.
19000048704;CERERIA MOLLA  Tea and Lemongrass;наполнитель для диффузора;;9100;6370;https://goldapple.ru/19000048704-tea-and-lemongrass;;Аромат с зеленым бодрящим характером. Лемонграсс, также известный как «лимонная трава» из Вест-Индии, создает яркую атмосферу. А ноты теплого чая добавляют в парфюмерную композицию ощущение безмятежности.;Предназначен для ароматизации воздуха в помещениях. Вскрыть флакон с ароматом, наполнить аромадиффузор, вставить палочки, рекомендованные производителем. Для оптимального распространения аромата регулярно переворачивать палочки. Для регулирования интенсивности аромата допускается уменьшать/увеличивать количество палочек.
99000097995;TREPET self-made;наполнитель для диффузора;Россия;1990;1891;https://goldapple.ru/99000097995-self-made;;Чувственный, дерзкий, и в то же время удивительно элегантный древесно-землистый аромат, оттененный сладкой карамелью.;Перелейте ароматическую жидкость в стеклянный флакон и установите фибровые палочки.
19000118629;CHIARA FIRENZE BIANCO DI BACCO;наполнитель для диффузора;;4490;4041;https://goldapple.ru/19000118629-bianco-di-bacco;;Chiara Firenze посвящает свои ароматы в особый регион: Тоскана. история совершенства, страсти и связи с территорией, а также диалога между знаниями и далекими культурами. парфюмерное искусство и выбор ценных эфирных масел, таким образом, встречает мастеров флорентийских ремесленных мастерских, чтобы возродить магию этой особой земли в ваших комнатах. Колючие нотки винограда Треббьяно и Мальвазия сочетаются со сладостью белого персика и смолы в соблазнительном аромате, посвященном богу вина!;
99000093098;STENOVA HOME №88 Garden;наполнитель для диффузора;Россия;1265;1265;https://goldapple.ru/99000093098-no88-garden;;Аромадиффузор №88 Garden - это ароматная зарисовка южного тропического сада с яркой свежестью экзотических цветов, спелых фруктов, ароматами игристых вин и благородного дерева.;Не устанавливать вблизи вентиляции. Интенсивность аромата регулировать количеством палочек. Рекомендуется избегать попадания ароматической жидкости на ткани и мебель. Достаточно для ароматизации помещения до 20 м2.
99000098680;MAISON BERGER PARIS hibiscus love;наполнитель для диффузора;Франция;3690;3321;https://goldapple.ru/99000098680-hibiscus-love;;"Откройте для себя изысканный ароматический наполнитель для лампы Берже ""Гибискус и яблоко"" от бренда Maison Berger Paris. Аромат ""Гибискус и яблоко"" создаст в вашем доме атмосферу уюта и тепла. Цветы гибискуса – один из самых ценных ингредиентов нишевой парфюмерии. Уникальный ингредиент со стойким ароматом и чувственным шлейфом. Гибискус и яблоко – это нежная парфюмерная композиция, с кристально чистыми нотами цветов и легкими пудровыми аккордами. Многогранный аромат, сочетающий в себе культуры разных стран.  Жидкость для лампы Берже объемом 500 мл обеспечивает длительное и равномерное распространение аромата. Одного сменного ароматизатора для дома 0,5 л хватит на 20 часов использования лампы, а 20 минут работы лампы достаточно, чтобы обеспечить несколько часов свежести в небольшом помещении.";Наполните лампу Берже на 2/3 ароматом. Вставьте горелку и закройте лампу пламегасителем. Подождите 20 минут, чтобы фитиль пропитался ароматом. Зажгите горелку и подождите 2 минуты. Задуйте пламя. Оденьте защитную оправу. Ваша лампа работает, и аромат начинает распространяться по комнате. Чтобы погасить лампу, закройте горелку пламегасителем. Для смены аромата в лампе или снижения насыщенности ароматической композиции используйте Нейтральный наполнитель для лампы Берже.
99000038154;MAISON BERGER PARIS My Home Free from Tobacco Odour;наполнитель для диффузора;;3390;3390;https://goldapple.ru/99000038154-my-home-free-from-tobacco-odour;;Запах табака отличается особой устойчивостью: оказавшись в доме, он пропитывает поверхности и от него трудно избавиться. Продукция новой специальной коллекции для нейтрализации запахов идеально подойдет для быстрого избавления от табачного дыма! Особые запатентованные молекулы блокируют восприятие табачного запаха обонятельными рецепторами, оставляя в воздухе приятный древесный аромат.  Зеленые и смолистые ноты кедра сливаются с абсолютом соснового бальзама, теплая амбра мягко наполняет теплом. Древесные ноты прекрасно нейтрализуют запах табака, повышают настроение и улучшают самочувствие.;Откройте флакон, наполните емкость для аромадиффузора содержимым флакона не более чем на 2/3. Храните вдали от детей и животных.
19000155314;VAN&MUN Dutch Lavender;наполнитель для диффузора;Россия;510;434;https://goldapple.ru/19000155314-dutch-lavender;;Ощутите всю мягкость и сладость лавандовых полей у Вас дома. А чтобы немного разбавить этот плотный аромат, мы добавили освежающую верхнюю ноту эвкалипта. Впустите этот аромат в свой дом и наслаждайтесь ним каждый день! Наполнитель для диффузора - это ароматическая жидкость, которую можно использовать для ароматического диффузора.  При регулярном переворачивании палочек данным объем будет работать до 4 недель. С наполнителем не забывайте покупать новые палочки, помните, что палочки имеют ограниченный срок службы, а их поры имеют свойство забиваться. Всегда, заменяя аромат или доливая тот же аромат из наполнителя, - меняйте палочки на новые, чтобы продолжать наслаждаться любимым ароматом.;Откройте наполнитель и налейте его в емкость, вставьте фибровые палочки. Можно использовать любую стеклянную и керамическую тару. Если у вас уже есть диффузор с этим ароматом, можете налить наполнитель в ту же емкость. Если вы хотите налить наполнитель в диффузор от другого аромата, то предварительно вымойте бутылочку с мылом под холодной водой.
99000038144;MAISON BERGER PARIS Hibiscus Love;наполнитель для диффузора;;3390;3390;https://goldapple.ru/99000038144-hibiscus-love;;Цветы гибискуса – один из самых ценных ингредиентов нишевой парфюмерии. Страной происхождения этого растения является Ангола, однако сегодня его выращивают во многих тропических странах. Во Францию гибискус завезли в XIX веке во время колониальных завоеваний. Одна из разновидностей гибискуса, выращиваемого в Индии, дает плоды в форме фасоли, из которых выделяют сладковатый мускусный аромат, используемый в качестве базовых нот. Аромат гибискуса очень многогранен, поэтому он отлично вписывается в любую ольфактивную группу. Уникальный ингредиент со стойким ароматом и чувственным шлейфом. Гибискус и яблоко – это нежная парфюмерная композиция, с кристально чистыми нотами цветов и легкими пудровыми аккордами.;Откройте флакон, наполните емкость для аромадиффузора содержимым флакона не более чем на 2/3. Храните вдали от детей и животных.
19000213938;VAN&MUN New Year's sweets;наполнитель для диффузора;Россия;999;899;https://goldapple.ru/19000213938-new-year-s-sweets;;Ароматический наполнитель для диффузора VAN&MUN  Новогодние сладости 150мл.   Описание аромата: Сладкая терпковатая ваниль с цветочным шлейфом жасмина, амбра и лёгкие ноты сандала.    Наполнитель для диффузора - это ароматическая жидкость, которую можно использовать для ароматического диффузора. Объем бутылочки составляет 150 мл. При регулярном переворачивании палочек данным объем будет работать до 12 недель. С наполнителем не забывайте покупать новые палочки, помните, что палочки имеют ограниченный срок службы, а их поры имеют свойство забиваться. Всегда, заменяя аромат или доливая тот же аромат из наполнителя, меняйте палочки на новые, чтобы продолжать наслаждаться любимым ароматом.;Откройте наполнитель и перелейте жидкость в любую стеклянную или керамическую тару с узким горлом.  Вставьте фибровые палочки.   Если у вас уже есть диффузор с этим ароматом, можете перелить наполнитель в ту же емкость.   Если вы хотите налить наполнитель в диффузор от другого аромата, то предварительно вымойте бутылочку с мылом под холодной водой.
99000037114;MAISON BERGER PARIS Winter Joy;наполнитель для диффузора;;3390;2882;https://goldapple.ru/99000037114-winter-joy;;Фруктово-пряная композиция, которая идеально подходит для зимних праздников. Сочное красное яблоко, приправленное душистой корицей и гвоздикой, скрывают волнующие нотки гиацинта. Молочная ваниль и уютное звучание бобов тонка красиво завершают композицию, оставляя тонкий шлейф.;Откройте флакон, наполните емкость для аромадиффузора содержимым флакона не более чем на 2/3. Храните вдали от детей и животных.
19000213947;VAN&MUN New Year's sweets;наполнитель для диффузора;Россия;777;567;https://goldapple.ru/19000213947-new-year-s-sweets;;Ароматический наполнитель для диффузора VAN&MUN Новогодние сладости 100мл.    Описание аромата: Сладкая терпковатая ваниль с цветочным шлейфом жасмина, амбра и лёгкие ноты сандала.    Наполнитель для диффузора - это ароматическая жидкость, которую можно использовать для ароматического диффузора. Объем бутылочки составляет 100 мл. При регулярном переворачивании палочек данным объем будет работать до 8 недель. С наполнителем не забывайте покупать новые палочки, помните, что палочки имеют ограниченный срок службы, а их поры имеют свойство забиваться. Всегда, заменяя аромат или доливая тот же аромат из наполнителя, меняйте палочки на новые, чтобы продолжать наслаждаться любимым ароматом.;Откройте наполнитель и перелейте жидкость в любую стеклянную или керамическую тару с узким горлом.  Вставьте фибровые палочки.   Если у вас уже есть диффузор с этим ароматом, можете перелить наполнитель в ту же емкость.   Если вы хотите налить наполнитель в диффузор от другого аромата, то предварительно вымойте бутылочку с мылом под холодной водой.
19000152220;DR. VRANJES FIRENZE Acqua;наполнитель для диффузора;;10200;10200;https://goldapple.ru/19000152220-voda;;Расслабляющая свежая композиция с верхними нотами мирта и листьев базилика, за которыми следует морской аккорд, а затем - базовые ноты белого мускуса и кедрового дерева.  Многогранный и нетривиальный аромат обволакивает невесомыми, полупрозрачными акватическими нотами, позволяет восстановить ощущение гармонии и баланса, а добавляющее глубину и индивидуальность древесно-мускусное звучание дарит невероятное спокойствие, словно перенося вас в запечатленное мгновение утренней прогулки по пустынному побережью в окружении легкого бриза и шепчущих волн.;"Необходимо поддерживать уровень жидкости в диффузоре выше середины флакона, это позволит сохранить аутентичное звучание аромата. Для этого идеально подходят рефилы Dr. Vranjes Firenze с вашими любимыми ароматами. Яркость аромата легко регулируется с помощью натуральных бамбуковых палочек. Перелейте необходимое количество ароматической жидкости в стеклянную вазу диффузора и поместите в вазу необходимое количество палочек – таким образом аромат не будет испаряться через открытое горлышко флакона. Для того, чтобы отрегулировать интенсивность аромата, переворачивайте необходимое количество палочек ежедневно (1-2 для деликатного, еле заметного звучания; все палочки – для более яркого).  Для оптимального распространения аромата диффузор следует разместить в центре комнаты, чтобы воздух циркулировал при прохождении людей. В больших помещениях рекомендуется разместить два диффузора на противоположных концах комнаты. Выбирайте объем флакона в зависимости от помещения."
19000118615;CHIARA FIRENZE TUSCIA;наполнитель для диффузора;;3990;3591;https://goldapple.ru/19000118615-tuscia;;Chiara Firenze посвящает свои ароматы в особый регион: Тоскана. история совершенства, страсти и связи с территорией, а также диалога между знаниями и далекими культурами. парфюмерное искусство и выбор ценных эфирных масел, таким образом, встречает мастеров флорентийских ремесленных мастерских, чтобы возродить магию этой особой земли в ваших комнатах. Аромат носит название, данное Этрурии после окончания этрусского правления, территории, в которую также входила Тоскана. Благоухание ладана в сочетании с цветочными ароматами, сандаловым деревом и амброй, напоминает нам далекие времена, и отправляет нас  в волшебное путешествии в прошлое.;
19000234965;BY KAORI Provence;наполнитель для диффузора;Россия;2090;2090;https://goldapple.ru/19000234965-provence;;Бутылочка с дополнительной ароматической жидкостью. Флакон с аромакомпозицией, который входит в комплект аромадиффузора. Также доступен для отдельного заказа - по окончании аромажидкости из вашего комплекта вам не придётся снова покупать аромадиффузор, достаточно просто приобрести дополнительный рефилл;Открутите крышку и вылейте часть аромажидкости в ваш флакон. Поставьте палочки. Меры предосторожности: в случае попадания в глаза, немедленно промыть их большим количеством воды, при необходимости обратиться к врачу. Легко воспламеняется. Не использовать по истечении срока годности. Только для наружного применения! Использование в пищевых целях опасно для жизни!
19000283462;TANJEREE Dubai;наполнитель для диффузора;Россия;780;546;https://goldapple.ru/19000283462-dubai;;Наполнитель для диффузора ароматический (аромамасло для диффузора) позволит восполнить запас жидкости в диффузоре для дома. Рефил для диффузора избавит вас от покупки нового диффузора после того, как в нем закончится ароматическая жидкость, также наполнитель для аромадиффузора позволит вам изменять ароматы для дома в зависимости от настроения и ваших предпочтений. В набор входит жидкость для диффузора и палочки для аромодиффузора фибра - 5 шт. Помните, палочки для диффузора имеют ограниченный срок службы. Заменяя рефил-ароматический или доливая тот же аромат меняйте фиброиновые палочки. В линейке жидкостей для ароматического диффузора с палочками представлено несколько ароматов: Марокко, Дубаи, Сандал, Нероли. Парфюм для дома, легко впишется в интерьер и станет украшением дома. Удобный рефил - наполнитель для диффузора может быть использован как аромадиффузор. Ароматизированная жидкость наполнит комнаты сладким ароматом инжира и миндаля или терпким - белого чая. Парфюмерная композиция нейтрализует неприятные запахи, может использоваться на даче, в квартире, в офисе. Сменный флакон с домашним парфюмом наполнит кухню или шкаф ароматной свежестью. Оригинальный парфюмированный аксессуар украсит интерьер, создаст романтическую обстановку. Прозрачный жидкий наполнитель - универсальный для любой емкости и набора. Фибра на палочках надолго удержит аромат, который будет вас радовать день и ночь.;Откройте бутылочку и с наполнителем и перелейте в диффузор. Если диффузор ранее использовался с другим ароматом, предварительно тщательно промойте его, во избежание смешивания и искажения аромата. С этим наполнителем нужно использовать фибровые палочки. Помните, что палочки имеют ограниченный срок службы, а их поры имеют свойство забиваться. Всегда, заменяя аромат или доливая тот же аромат из наполнителя, меняйте палочки на новые, чтобы продолжать наслаждаться любимым ароматом.
19000155353;VAN&MUN Sakura flower;наполнитель для диффузора;Россия;777;575;https://goldapple.ru/19000155353-sakura-flower;;Цветочно-фруктовые ноты на фоне листа черной смородины с ванили. Наполнитель для диффузора - это ароматическая жидкость, которую можно использовать для ароматического диффузора.   При регулярном переворачивании палочек данный объем будет работать до 8 недель. С наполнителем не забывайте покупать новые палочки, помните, что палочки имеют ограниченный срок службы, а их поры имеют свойство забиваться.  Всегда, заменяя аромат или доливая тот же аромат из наполнителя, - меняйте палочки на новые, чтобы продолжать наслаждаться любимым ароматом.;Откройте наполнитель и налейте его в емкость, вставьте фибровые палочки. Можно использовать любую стеклянную и керамическую тару. Если у вас уже есть диффузор с этим ароматом, можете налить наполнитель в ту же емкость. Если вы хотите налить наполнитель в диффузор от другого аромата, то предварительно вымойте бутылочку с мылом под холодной водой.
99000037110;MAISON BERGER PARIS Oriental Star;наполнитель для диффузора;;3390;2543;https://goldapple.ru/99000037110-oriental-star;;Роскошный, насыщенный восточный аромат с тонкими ягодными нотами. Олицетворение роскоши и утонченности.;Откройте флакон, наполните емкость для аромадиффузора содержимым флакона не более чем на 2/3. Храните вдали от детей и животных.
99000097994;TREPET paradise coast;наполнитель для диффузора;Россия;1990;1891;https://goldapple.ru/99000097994-paradise-coast;;Свежий воздух, могучие скалы и морские волны. Обволакивающий, но не навязчивый аромат морской соли в сочетании с теплой, пряной нотой шалфея. Перенеситесь на дикое побережье, чтобы еще раз насладиться солеными брызгами, наполняющими воздух свежестью.;Перелейте ароматическую жидкость в стеклянный флакон и установите фибровые палочки.
99000098666;MAISON BERGER PARIS peau de soie;наполнитель для диффузора;Франция;3890;3501;https://goldapple.ru/99000098666-peau-de-soie;;"Откройте для себя изысканный ароматический наполнитель для лампы Берже ""Peau de Soie"" от бренда Maison Berger Paris. Аромат ""Peau de Soie""- эта композиция расскажет о самом сокровенном, о том, что скрыто за поверхностью чувств, что таится в глубине сердца, где рождается тайна. Соблазнительная игра женственных нот вишни и фиалки и современных аккордов, гармонично сливающихся в шипрово-древесную базу.  Жидкость для лампы Берже объемом 500 мл обеспечивает длительное и равномерное распространение аромата. Одного сменного ароматизатора для дома 0,5 л хватит на 20 часов использования лампы, а 20 минут работы лампы достаточно, чтобы обеспечить несколько часов свежести в небольшом помещении.";Наполните лампу Берже на 2/3 ароматом. Вставьте горелку и закройте лампу пламегасителем. Подождите 20 минут, чтобы фитиль пропитался ароматом. Зажгите горелку и подождите 2 минуты. Задуйте пламя. Оденьте защитную оправу. Ваша лампа работает, и аромат начинает распространяться по комнате. Чтобы погасить лампу, закройте горелку пламегасителем. Для смены аромата в лампе или снижения насыщенности ароматической композиции используйте Нейтральный наполнитель для лампы Берже.
99000023072;VAN&MUN Клюква в сахаре;наполнитель для диффузора;;890;801;https://goldapple.ru/99000023072-klukva-v-sahare;;Ароматический наполнитель для диффузора VAN&MUN Клюква в сахаре. Аромат знакомого десерта из ягод клюквы с характерной кислинкой и нотами сахарной пудры.  Наполнитель для диффузора - это ароматическая жидкость, которую можно использовать для ароматического диффузора. Объем бутылочки составляет 150 мл. При регулярном переворачивании палочек данным объем будет работать до 12 недель. С наполнителем не забывайте покупать новые палочки, помните, что палочки имеют ограниченный срок службы, а их поры имеют свойство забиваться. Всегда, заменяя аромат или доливая тот же аромат из наполнителя, меняйте палочки на новые, чтобы продолжать наслаждаться любимым ароматом.;Если у вас уже есть диффузор с этим ароматом, можете перелить наполнитель в ту же емкость. Если вы хотите налить наполнитель в диффузор от другого аромата, то предварительно вымойте бутылочку с мылом под холодной водой.
19000155369;VAN&MUN Aromatic melon;наполнитель для диффузора;Россия;999;899;https://goldapple.ru/19000155369-aromatic-melon;;Душистый аромат медовой дыни с легкой коньячной нотой на базе цветочного букета из цикламена, ландыша и фиалки. Впустите этот аромат в свой дом и наслаждайтесь ним каждый день! Наполнитель для диффузора - это ароматическая жидкость, которую можно использовать для ароматического диффузора.  При регулярном переворачивании палочек данным объем будет работать до 12 недель. С наполнителем не забывайте покупать новые палочки, помните, что палочки имеют ограниченный срок службы, а их поры имеют свойство забиваться.  Всегда, заменяя аромат или доливая тот же аромат из наполнителя, - меняйте палочки на новые, чтобы продолжать наслаждаться любимым ароматом.;Откройте наполнитель и налейте его в емкость, вставьте фибровые палочки. Можно использовать любую стеклянную и керамическую тару. Если у вас уже есть диффузор с этим ароматом, можете налить наполнитель в ту же емкость. Если вы хотите налить наполнитель в диффузор от другого аромата, то предварительно вымойте бутылочку с мылом под холодной водой.
19000118648;CHIARA FIRENZE MORO;наполнитель для диффузора;;4490;4041;https://goldapple.ru/19000118648-moro;;Chiara Firenze посвящает свои ароматы в особый регион: Тоскана. история совершенства, страсти и связи с территорией, а также диалога между знаниями и далекими культурами. парфюмерное искусство и выбор ценных эфирных масел, таким образом, встречает мастеров флорентийских ремесленных мастерских, чтобы возродить магию этой особой земли в ваших комнатах. Это путешествие во времени в салоны Флоренции, где табачные и древесные ноты сочетаются в уникальном аромате, приправленном корицей и подслащенном карамелью и цветами персика.;
99000073195;TOGAS Английская груша и фрезия;наполнитель для диффузора;;4990;4990;https://goldapple.ru/99000073195-anglijskaa-grusa-i-frezia;;Цветочно-фруктовый аромат «Английская груша и фрезия» притягивает своей особенной нежностью. Цветочный, нектарный, немного цитрусовый запах фрезии дополнен свежими цитрусовыми: лимоном и бергамотом. Дополнительные цветочные нотки – душистая роза и жасмин. Сладкий медовый аромат груши усиливает нежную цветочную композицию.;Рефил, или наполнитель – это парфюмерная эссенция любимого аромата, разлитая в пластиковый флакон. Рекомендуем поддерживать уровень эссенции во флаконе не менее 2/3 объема, что в свою очередь обеспечивает интенсивность и эстетическое восприятие аромата.
19000099024;CASA LEGGERA Consolata;наполнитель для диффузора;;2760;2346;https://goldapple.ru/19000099024-consolata;;Рефил-самый простой способ подарить вашему диффузору вторую жизнь. Наполнитель для ароматического диффузора Consolata от Casa leggera наполнит ваш дом свежим, но при этом сладким древесным ароматом.  Композиция Consolata выстраивается из верхних нот освежающего бергамота, личи и бархатистого персика переплетаясь с сердечными нотами головокружительного жасмина, душистого пиона и цветов апельсинового дерева. Завершают ансамбль древесные оттенки, гармонично дополненные нотами горького дубового мха и соблазнительного мускуса. Действие рефила объемом 200 миллилитров от 5 до 6 месяцев с 5 ротанговыми палочками. С этим наполнителем нужно использовать ротанговые палочки от Casa leggera, которые входят в комплект диффузора или приобретаются отдельно. Помните, что палочки имеют ограниченный срок службы, а их поры имеют свойство забиваться. Всегда, заменяя аромат или доливая тот же аромат из рефила, меняйте палочки на новые, чтобы продолжать наслаждаться любимым ароматом.;Просто залейте жидкость из рефила в диффузор, вставьте новые ротаноовые палочки Casa leggera и наслаждайтесь любимым и уже привычным ароматом!
99000038112;MAISON BERGER PARIS Mistic Leather;наполнитель для диффузора;;3390;3390;https://goldapple.ru/99000038112-mistic-leather;;Ольфактивная композиция, запечатлевшая пьянящую чувственность и безупречную элегантность. Ароматы с нотками кожи всегда вне времени, уверенные животные аккорды подчеркивают их поэтичную нежность. Кардамон и ладан привносят ощущение свежести, сменяясь цветочным сердцем. Теплое пряное звучание стиракса, напоминающего кожу, окутывает индонезийские пачули, оставляя незабываемый шлейф.;Откройте флакон, наполните емкость для аромадиффузора содержимым флакона не более чем на 2/3.  Храните вдали от детей и животных.
99000098682;MAISON BERGER PARIS zest of green orange;наполнитель для диффузора;Франция;3690;3321;https://goldapple.ru/99000098682-zest-of-green-orange;;"Откройте для себя изысканный ароматический наполнитель для лампы Берже ""Зеленый апельсин"" от бренда Maison Berger Paris. Аромат ""Зеленый апельсин"" создаст в вашем доме позитивную атмосферу. Подобно сочным апельсиновым долькам эта композиция привносит солнечный свет и энергию. Аромат свежести ледяных коктейлей под летним солнцем Тосканы. Цитрусовый блеск зеленого апельсина и нежная сладость малины открывают пирамиду, уступая зеленым ноткам петитгрейна и флердоранжа. В шлейфе деликатная амбра и тонкий мускус, которые ненавязчиво завершают этот яркий микс. Жидкость для лампы Берже объемом 500 мл обеспечивает длительное и равномерное распространение аромата. Одного сменного ароматизатора для дома 0,5 л хватит на 20 часов использования лампы, а 20 минут работы лампы достаточно, чтобы обеспечить несколько часов свежести в небольшом помещении.";Наполните лампу Берже на 2/3 ароматом. Вставьте горелку и закройте лампу пламегасителем. Подождите 20 минут, чтобы фитиль пропитался ароматом. Зажгите горелку и подождите 2 минуты. Задуйте пламя. Оденьте защитную оправу. Ваша лампа работает, и аромат начинает распространяться по комнате. Чтобы погасить лампу, закройте горелку пламегасителем. Для смены аромата в лампе или снижения насыщенности ароматической композиции используйте Нейтральный наполнитель для лампы Берже.
19000196090;LOGEVY FIRENZE 1965 Albicocca e Basilico;наполнитель для диффузора;Италия;12650;11385;https://goldapple.ru/19000196090-albicocca-e-basilico;;Свежий и легкий аромат. Сладкие ноты абрикоса идеально сочетаются с нотами базилика, создавая праздничную атмосферу цветущей весны.;Ароматы лучше расположить в центральной части дома так, чтобы любой входящий или выходящий из дома мог уловить аромат и перенести его в остальные комнаты. Для поддержания аромата переворачивайте палочки через день. Регулировать аромат можно уменьшая или увеличивая число палочек. Палочки играют основную роль в ароматизации помещения, чем больше палочек, тем аромат насыщеннее. Для достижения лучших результатов, эссенцию не стоит никогда выставлять на прямой солнечный свет или ставить рядом с источниками тепла, так как под его воздействием происходит испарение аромата.
19000155324;VAN&MUN Whiskey bar;наполнитель для диффузора;Россия;510;367;https://goldapple.ru/19000155324-whiskey-bar;;Терпкий аромат с ликерным шлейфом и древесными нотами на базе ванили и карамели. Впустите этот аромат в свой дом и наслаждайтесь ним каждый день! Наполнитель для диффузора - это ароматическая жидкость, которую можно использовать для ароматического диффузора. Объем бутылочки составляет 50 мл.  При регулярном переворачивании палочек данный объем будет работать до 4 недель. С наполнителем не забывайте покупать новые палочки, помните, что палочки имеют ограниченный срок службы, а их поры имеют свойство забиваться.  Всегда, заменяя аромат или доливая тот же аромат из наполнителя, - меняйте палочки на новые, чтобы продолжать наслаждаться любимым ароматом.;Откройте наполнитель и налейте его в емкость, вставьте фибровые палочки. Можно использовать любую стеклянную и керамическую тару. Если у вас уже есть диффузор с этим ароматом, можете налить наполнитель в ту же емкость. Если вы хотите налить наполнитель в диффузор от другого аромата, то предварительно вымойте бутылочку с мылом под холодной водой.
19000201939;CERERIA MOLLA  Tobacco & Amber;наполнитель для диффузора;Испания;11480;10332;https://goldapple.ru/19000201939-tobacco-amber;;Восточная экзотика вдохновила бренд Cereria Molla на создание аромата «Амбра и табак». Звенящие цитрусовые ноты приглашают к знакомству с чувственным сердцем. Обволакивающие глубокие ноты амбры переплетены с благородством индийского терпкого табака в сердце парфюмерной композиции. Аккорды бархатистой лаванды в шлейфе лишь подчеркивают обвораживающие восточное звучание аромата.;Предназначен для ароматизации воздуха в помещениях. Вскрыть флакон с ароматом, наполнить аромадиффузор, вставить палочки, рекомендованные производителем. Для оптимального распространения аромата регулярно переворачивать палочки. Для регулирования интенсивности аромата допускается уменьшать/увеличивать количество палочек.
19000321503;TEATRO FRAGRANZE UNICHE Oro;наполнитель для диффузора;Италия;9350;8415;https://goldapple.ru/19000321503-oro-luxury-collection;;Драгоценный аромат черного золота. Аромат вобрал в себя всю ароматную силу Черного мадагаскарского перца. Мягкие цветочные ноты Франжипани в сочетании с древесно-травяным звучанием пачули образуют очаровательную таинственную композицию. Наслаждение в каждом вдохе. Роскошные флаконы украсят ваше пространство шармом и элегантностью. Идеально подходит для учебы и работы, а также для гостиной и прихожей.;Рефилл, или наполнитель – это парфюмерная эссенция любимого аромата, разлитая в пластиковый флакон.  Рекомендуем поддерживать уровень эссенции во флаконе не менее 2/3 объема, что в свою очередь обеспечивает интенсивность и эстетическое восприятие аромата.
