article;name;product_type;country;price_actual;price_loyalty;url;popularity_coefficient;description;application
19000094654;DEXCLUSIVE Morning Sandalwood Jasmine;гель для душа;;419;377;https://goldapple.ru/19000094654-morning;817.92;Подарите себе приятный ритуал ухода в сопровождении чарующих ароматов вместе с DEXCLUSIVE. Гель для душа Morning – настоящий взрыв. Аромат яркий, приятный. Остается на теле еще в течение нескольких часов, но не перебивает аромат парфюма. Гель для душа отлично расслабляет после тяжелого дня. Гель для душа очень приятный, не липкий, хорошо распределяется по телу, как с помощью мочалки, так и рук. Консистенция геля достаточно жидкая, расход продукта экономичный. После использования кожа нежная, мягкая, обновленная. Это настоящая находка для любителей глубокого очищения кожи. Избегайте попадания в глаза. В случае попадания в глаза, промыть большим количеством воды.;Вспеньте средство с водой и нанесите на тело с помощью мочалки или губки. Хорошо помассируйте тело, затем хорошо смойте.
19000154038;TESORI D’ORIENTE White musk;гель для душа;Италия;598;388;https://goldapple.ru/19000154038-white-musk;789.6;Tesori d'Oriente. Для физического и душевного равновесия. Уход за телом с Tesori d'Oriente — это возможность освободиться от стресса и повседневной рутины, испытать глубокое внутреннее чувство удовольствия и релаксации. Линия ритуалов красоты Tesori d'Oriente, которую высоко ценят за качество продукции, произведённой в Италии, и её уникальные парфюмерные композиции, оставляет чувственный аромат. Натуральные компоненты на основе оливкового масла нежно очищают кожу. Данный вид поверхностно-активных веществ используется в детской косметике и средствах для интимной гигиены. Нежный, мягкий, гармоничный аромат кристальной чистоты с бархатной цветочной нотой. Неповторимое звучание белого мускуса в композиции Tesori d'Oriente оставляет на теле и одежде обволакивающий кремовый запах чистоты и спокойствия. Классические альдегиды на старте плавно переходят в нежную россыпь ирисовой пудры. По мере раскрытия белый мускус смягчается, становится пушистым, лаская кожу и пробуждая тайные желания.;Нанесите небольшое количество геля на влажную кожу. Нежно помассируйте до образования пены. Тщательно смойте водой.
19000154036;TESORI D’ORIENTE Vanilla&Gingert;гель для душа;Италия;598;376;https://goldapple.ru/19000154036-vanilla-gingert;625.92;Tesori d’Oriente Ароматический гель для душа «мадагаскарская ваниль и имбирь» приглашает Вас окунуться в мир эстетики и великолепия. Уникальная разработка итальянских парфюмеров создает гель для душа с ярким ароматом, обладающим хорошей стойкостью до 3 часов и уходовыми свойствами лосьона для тела. Гель для душа обеспечит бережное увлажнение и питание для вашей кожи, сделает тело гладким и шелковистым. Ритуал, обогащенный драгоценным маслом макадамии, обладающим увлажняющими и успокаивающими свойствами, делает кожу удивительно мягкой и благоухающей. Мадагаскарский сорт ванили является одним из лучших и наиболее желанных в косметике благодаря своему интенсивному, мягкому, укутывающему аромату. Произведенный и выращенный аутентичным способом, он используется в косметике благодаря своим восстанавливающим и увлажняющим свойствам. Также известен как мощный афродизиак. Мадагаскарский имбирь — травянистое растение родом с Дальнего Востока, в основном культивируемое в тропических и субтропических регионах. Широко известно как специя и косметический ингредиент благодаря своим стимулирующим и антиоксидантным свойствам, а также характерному согревающему аромату. Натуральные масла в составе геля для душа, производство в Италии, формулы без парабенов, силиконов, синтетических красителей. Благодаря такому составу гели для душа не только очищают кожу, но и эффективно ухаживают за ней. Ароматические композиции разработаны ведущими мировыми парфюмерными компаниями и подойдут для подарка самым близким людям, потому что привлекательная и удобная упаковка имеет премиальный вид. Верхние ноты: бергамот. Ноты сердца: розовое дерево, орхидея, иланг-иланг. База: ваниль, сандаловое дерево, мускус, янтарь, кедр.;Нанесите небольшое количество геля на влажную кожу. Нежно помассируйте до образования пены. Тщательно смойте водой.
19000312022;FOR ME BY GOLD APPLE 06. Vanilla spark;гель для душа;;510;459;https://goldapple.ru/19000312022-06-vanilla-spark;486.92;Парфюмированный гель для душа с нотами ванили, белого мускуса и амбры бережно и эффективно очищает кожу, оставляя на теле приятный ненавязчивый аромат. Это атмосфера свидания в луна-парке, полного беззаботной радости: ваниль напоминает сладость крем-соды и сахарной ваты, а бархатный шлейф амбры и белого мускуса мысленно переносит в теплый романтический вечер. Легко пенится, быстро смывается и не образует пленку. Мягкие ПАВ не сушат кожу и берегут ее от повреждений, а натуральные масла жожоба и инжира мягко питают, ускоряя обновление клеток. В состав входит природный антиоксидант — экстракт ламинарии, а также успокаивающий кожу экстракт алоэ вера. Гидролизованный эластин предупреждает старение кожи и делает ее более упругой. Гель подходит для ежедневного использования. При курьерской доставке и самовывозе из супермаркета «‎Золотое Яблоко» у некоторых товаров могут отсутствовать стопперы — это специальная деталь, которая фиксирует дозатор в одном положении.;Небольшое количество геля нанесите на влажную кожу тела массирующими движениями до образования пены.  Смойте теплой водой.
90150100002;ZIELINSKI & ROZEN Black Pepper, Vetiver, Neroli, Amber;гель для душа;;2390;2390;https://goldapple.ru/90150100002-black-pepper-amber-neroli;394.56;Уход, ароматерапия и признание в любви в одном флаконе. Бодрящий аромат способствует пробуждению, натуральные масла увлажняют кожу и питают, а мягкая пена позволяет по-настоящему насладиться редкими минутами наедине с собой. Ароматы продукции Zielinski&Rozen изменили свое наименование без изменения состава.;Используйте гель для душа для очищения кожи всего тела.  Нанесите небольшое количество геля на влажную кожу, вспеньте руками или с помощью мочалки, избегая попадания в глаза. После вспенивания тщательно смойте гель водой. Гель совместим с другими средствами ухода, подходит для всех типов кожи и увлажняет кожу благодаря натуральным маслам в составе.
19000094653;DEXCLUSIVE Night Patchouli Vanilla;гель для душа;;419;377;https://goldapple.ru/19000094653-night;320.64;Подарите себе приятный ритуал ухода в сопровождении чарующих ароматов вместе с DEXCLUSIVE. Гель для душа Night – настоящий взрыв. Аромат яркий, приятный. Остается на теле еще в течение нескольких часов, но не перебивает аромат парфюма. Гель для душа отлично расслабляет после тяжелого дня. Гель для душа очень приятный, не липкий, хорошо распределяется по телу, как с помощью мочалки, так и рук. Консистенция геля достаточно жидкая, расход продукта экономичный. После использования кожа нежная, мягкая, обновленная. Это настоящая находка для любителей глубокого очищения кожи. Избегайте попадания в глаза. В случае попадания в глаза, промыть большим количеством воды.;Вспеньте средство с водой и нанесите на тело с помощью мочалки или губки. Хорошо помассируйте тело, затем хорошо смойте.
19000144348;DEXCLUSIVE Men Black Amber Vetiver;гель для душа;Турция;419;377;https://goldapple.ru/19000144348-perfumed-shower-gel-men;290.88;Подарите себе приятный ритуал ухода в сопровождении чарующих ароматов вместе с DEXCLUSIVE. Гель для душа Men – настоящий взрыв. Аромат яркий, приятный. Остается на теле еще в течение нескольких часов, но не перебивает аромат парфюма. Гель для душа отлично расслабляет после тяжелого дня. Гель для душа очень приятный, не липкий, хорошо распределяется по телу, как с помощью мочалки, так и рук. Консистенция геля достаточно жидкая, расход продукта экономичный. После использования кожа нежная, мягкая, обновленная. Это настоящая находка для любителей глубокого очищения кожи. Избегайте попадания в глаза. В случае попадания в глаза, промыть большим количеством воды.;Вспеньте средство с водой и нанесите на тело с помощью мочалки или губки. Хорошо помассируйте тело, затем хорошо смойте.
19000094655;DEXCLUSIVE Amore Rose Iris;гель для душа;;419;377;https://goldapple.ru/19000094655-amore;216.0;Подарите себе приятный ритуал ухода в сопровождении чарующих ароматов вместе с DEXCLUSIVE. Гель для душа Amore – настоящий взрыв. Аромат яркий, приятный. Остается на теле еще в течение нескольких часов, но не перебивает аромат парфюма. Гель для душа отлично расслабляет после тяжелого дня. Гель для душа очень приятный, не липкий, хорошо распределяется по телу, как с помощью мочалки, так и рук. Консистенция геля достаточно жидкая, расход продукта экономичный. После использования кожа нежная, мягкая, обновленная. Это настоящая находка для любителей глубокого очищения кожи. Избегайте попадания в глаза. В случае попадания в глаза, промыть большим количеством воды.;Вспеньте средство с водой и нанесите на тело с помощью мочалки или губки. Хорошо помассируйте тело, затем хорошо смойте.
19000311739;TOUCH&RELAX Черный перец, нероли и амбра;гель для душа;Россия;770;431;https://goldapple.ru/19000311739-cernyj-perec-neroli-i-ambra;206.4;Парфюмированный гель для душа Черный перец, нероли и амбра. Эксклюзивная формула с ароматом селективного парфюма. Гель для душа с непревзойденным ароматом черного перца, нероли и амбры превратит банальную процедуру в истинное наслаждение! Его нежная воздушная пена бережно очищает, не нарушая pH кожи, и предотвращает ее сухость. Насыщенная формула геля содержит все необходимые ингредиенты для молодости, красоты и сияния кожи.  После душа Ваша кожа гладкая и нежная, с загадочным стойким шлейфом эксклюзивного парфюма. -Гиалуроновая кислота глубоко увлажняет и разглаживает кожу. -Аминокислотный комплекс обновляет, восстанавливает и улучшает тургор кожи, стимулирует выработку коллагена и эластина. -Комплекс натуральных масел глубоко питает, дарит гладкость и эластичность. -Д-пантенол и витамин Е защищают липидный барьер, смягчают и омолаживают кожу.;Небольшое количество геля нанесите на влажную кожу или спонж, помассируйте до образования пены, смойте водой.
19000312025;FOR ME BY GOLD APPLE 07. Salty salt;гель для душа;;510;459;https://goldapple.ru/19000312025-07-salty-salt;181.24;Парфюмированный гель для душа с нотами морской соли, кипариса и лимона бережно и эффективно очищает кожу, оставляя на теле приятный ненавязчивый аромат. Брызги морской воды переливаются на солнце и оставляют на коже блестящие кристаллы соли. Одновременно прозрачный и глубокий, как океан, который бодрит и манит приключениями. Легко пенится, быстро смывается и не образует пленку. Мягкие ПАВ не сушат кожу и берегут ее от повреждений, а натуральные масла жожоба и инжира мягко питают, ускоряя обновление клеток. В состав входит природный антиоксидант — экстракт ламинарии, а также успокаивающий кожу экстракт алоэ вера. Гидролизованный эластин предупреждает старение кожи и делает ее более упругой. Гель подходит для ежедневного использования. При курьерской доставке и самовывозе из супермаркета «‎Золотое Яблоко» у некоторых товаров могут отсутствовать стопперы — это специальная деталь, которая фиксирует дозатор в одном положении.;Небольшое количество геля нанесите на влажную кожу тела массирующими движениями до образования пены.  Смойте теплой водой.
19000210130;ZIELINSKI & ROZEN Pink Pepper, Elemi, Cinnamon, Leather;гель для душа;Израиль;2390;2390;https://goldapple.ru/19000210130-pink-pepper-elemi-cinnamon-leather;107.16;Эффективно очищает кожу, обогащает её витаминами, нормализует гидробаланс, восстанавливает тонус и жизненные силы. Подходит для ухода за кожей любого типа.;Небольшое количество геля нанести на влажную кожу, вспенить и тщательно смыть водой. Хранить в сухом, защищенном от света и недоступном для детей месте при температуре от +5 °С до +25 °С.
99000015605;LAMONNET black pepper & amber;гель для душа;;1128;790;https://goldapple.ru/99000015605-black-pepper-amber;98.88;"Парфюмированный гель для душа от LAMONNET.  Профессиональный уход и забота о вашей коже.  Нежная кремовая пена и активный увлажняющий комплекс восстанавливают гидробаланс кожи, повышая её мягкость, тонус и упругость. Сбалансированная формула с высокой концентрацией натуральных природных компонентов бережно и в то же время глубоко очищает кожу от загрязнений. Густая текстура геля обеспечит маленький и экономный расход. Большой объем 750 мл станет идеальным выбором для всей семьи. Гармония и расслабление.  Парфюмированная отдушка из Франции подарит легкий и ненавязчивый шлейф на протяжении нескольких часов. Роскошный дизайн флакона с удобным дозатором будет украшением любой ванной комнаты. Парфюмерная композиция: ""Черный перец, амбра, нероли"". Роскошный, манящий, дерзкий. Взрывной микс из дразнящего черного перца, чувственного нероли, удового дерева, выделанной кожи, приглушенный аккордами амбры и ветивера.  Универсальный шлейфовый аромат подойдёт как для женщин, так и для мужчин на каждый день.";Нанесите небольшое количество геля на влажную кожу, тщательно вспеньте и распределите по телу, смойте теплой водой.
19000295736;4FRESH BEAUTY Розовое дерево и кашемир, Sensual;гель для душа;Россия;1217;778;https://goldapple.ru/19000295736-rosewood-and-cashmere;92.7;"Парфюмированный гель для душа «Розовое дерево и кашемир» с уникальным селективным ароматом Scentease деликатно очищает и увлажняет кожу, настраивает на романтичный лад и пробуждает чувственность.  Формула с пантенолом ускоряет регенерацию клеток, препятствует трансэпидермальной потере влаги и успокаивает кожу. Экстракт ягод асаи благодаря высокому содержанию антиоксидантов, повышает тонус и эластичность кожи, а масло сладкого миндаля делает её невероятно мягкой и бархатистой. Верхние ноты: сладкий апельсин, груша;  Ноты сердца: жасмин, розовое дерево; Нижние ноты: мускус, кедр, ваниль, кашемир. Сложный многогранный аромат Scentease Sensual с соблазнительным сладковатым шлейфом усиливает ваш природный магнетизм и улучшает эмоциональный фон. Эффективность доказана научными исследованиями.";Нанесите небольшое количество геля на влажную кожу и распределите нежными массажными движениями. Затем смойте теплой водой.
19000232571;ONLY BIO Масло персика и спелая груша;гель для душа;Россия;481;293;https://goldapple.ru/19000232571-pitatel-nyj-maslo-persika-i-spelaa-grusa;85.54;"Теплый фактурный аромат геля для душа раскрывается нотами спелой груши, персика и медового апельсина. Гель деликатно очищает и питает кожу, возвращая ей свежесть и сияние. Верхние ноты: пудровый ирис, мускус, медовый апельсин; Ноты сердца: персик, груша, ваниль; Базовые ноты: пачули, иланг-иланг, сливочное пралине.";Небольшое количество геля нанесите на влажную кожу, вспеньте и смойте водой.
41100500002;DUFT & DOFT PINK BREEZE;гель для душа;Республика Корея;1386;1011;https://goldapple.ru/41100500002-pink-breeze;76.8;Обращаем Ваше внимание, что дизайн упаковки может отличатся. С парфюмированным гелем для душа DUFT&DOFT очищение кожи становится особенно приятным и мягким. Нежная пена окутывает тело, удаляя загрязнения, а тонкий аромат превращает уход за собой в удовольствие. Гель для душа не только очищает кожу, среди его основных ингредиентов – агава, которая глубоко увлажняет, и ягоды можжевельника, успокаивающие раздраженную кожу.;
19000344114;BOHEMIA Tobacco&Vanilla;гель для душа;Россия;528;396;https://goldapple.ru/19000344114-tobacco-vanilla;66.74;"Парфюмированный гель для душа табак, ваниль и древесные ноты. Эксклюзивная формула с ароматом селективного парфюма. Гель для душа с роскошным ароматом табака, ванили и древесных нот подарит истинное удовольствие для души и тела! Его нежная воздушная пена бережно очищает, не нарушая pH кожи, и предотвращает ее сухость.  Насыщенная формула геля содержит все необходимые ингредиенты для молодости, красоты и сияния кожи. После душа Ваша кожа гладкая и нежная, окутанная стойким ароматом дорогого парфюма.  Гиалуроновая кислота глубоко увлажняет и разглаживает кожу; Аминокислотный комплекс обновляет, восстанавливает и улучшает тургор кожи, стимулирует выработку коллагена и эластина; Комплекс натуральных масел глубоко питает, дарит гладкость и эластичность; Д-пантенол и витамин Е защищают липидный барьер, смягчают и омолаживают кожу.";Небольшое количество геля нанесите на влажное тело или на мокрую губку и массажными движениями распределите по всему телу, затем тщательно смойте водой. Действие геля обусловлено действием компонентов.
19000194506;POÈMES DE PROVENCE Orange & Oakmoss;гель для душа;Беларусь;1091;730;https://goldapple.ru/19000194506-orange-oakmoss;64.86;Парфюмированный гель для душа с ярким свежим ароматом подходит как мужчинам, так и женщинам. Бережно очищает и смягчает кожу, а входящий в его состав комплекс ароматических эфирных масел лимона и папайи наполняет жизненной энергией и оставляет на коже легкий и свежий аромат.;Необходимое количество нанести на руки и равномерно распределить по коже. Смыть теплой водой.
19000295740;4FRESH BEAUTY Сандал и сычуаньский перец, Relaxing;гель для душа;Россия;1217;778;https://goldapple.ru/19000295740-sandalwood-and-sichuan-pepper;62.48;"Парфюмированный гель для душа «Сандал и сычуаньский перец» с уникальным селективным ароматом Scentease деликатно очищает и увлажняет кожу, расслабляет и дарит чувство спокойствия и равновесия.  Формула с пантенолом ускоряет регенерацию клеток, препятствует трансэпидермальной потере влаги и успокаивает кожу. Экстракты кофе и ламинарии улучшают микроциркуляцию и тонизируют.   Верхние ноты: бергамот, артемизия, шафран; Ноты сердца: сычуаньский перец, ваниль, малина; Нижние ноты: сандал, мускус, амбра, кедр.  Сложный многогранный аромат Scentease Relaxing с восточными древесными нотами и пряным аккордом окунает в атмосферу умиротворения и улучшает эмоциональный фон. Эффективность доказана научными исследованиями.";Нанесите небольшое количество геля на влажную кожу и распределите нежными массажными движениями. Затем смойте теплой водой.
19000319127;INNATURE La Niche Tobacco Сherry;гель для душа;Россия;648;583;https://goldapple.ru/19000319127-tobacco-cherry;62.04;"Натуральный гель для душа Tobacco Сherry эффективно и деликатно очищает кожу, оставляя на ней легкий аромат с нотами вишни и цветов табака. Верхние ноты: Вишня, жженая древесина; Средние ноты: Лист табака, бобы тонка; Базовые ноты: Цветы вишни, цветы табака.";Массирующими движениями нанести гель на влажную кожу, тщательно смыть теплой водой. Рекомендуется использовать с кремом для тела и рук Innature La Niche Tobacco Cherry.
19000084089;ZIELINSKI & ROZEN oakmoss, amber;гель для душа;;2390;2390;https://goldapple.ru/19000084089-oakmoss-amber;61.44;Уход, ароматерапия и признание в любви в одном флаконе. Бодрящий аромат способствует пробуждению, натуральные масла увлажняют кожу и питают, а мягкая пена позволяет по-настоящему насладиться редкими минутами наедине с собой.;Нанесите небольшое количество геля на влажную кожу, вспеньте руками или с помощью мочалки, а затем смойте.
19760314264;ZIELINSKI & ROZEN Tobacco, Cedarwood, Pepper;гель для душа;;2390;2390;https://goldapple.ru/19760314264-fiction;55.0;Уход, ароматерапия и признание в любви в одном флаконе. Бодрящий аромат способствует пробуждению, натуральные масла увлажняют кожу и питают, а мягкая пена позволяет по-настоящему насладиться редкими минутами наедине с собой.  Ароматы продукции Zielinski&Rozen изменили свое наименование без изменения состава.;Нанесите небольшое количество геля на влажную кожу, вспеньте руками или с помощью мочалки, а затем смойте.
19000269136;PAYOT Douche parfumée NEROLI DeTe;гель для душа;;2419;1088;https://goldapple.ru/19000269136-douche-parfumee-neroli-dete;54.52;Гель для душа PAYOT мягко очищает кожу, оставляя нежный аромат нероли, петитгрейна, белого кедра и мускуса.  Мицеллы натурального происхождения убирают загрязнения. Эфирное масло петитгрейна дарит успокаивающий и расслабляющий эффект.;Нанесите гель на влажную кожу, вспеньте и помассируйте, затем тщательно смойте водой.
19000420969;CLOZ Ambra, pepper;гель для душа;Россия;799;719;https://goldapple.ru/19000420969-ambra-pepper;53.9;Откройте для себя атмосферу чувственного наслаждения с натуральным парфюмированным гелем для душа CLOZ. Погрузитесь в чувственный аромат, который останется с Вами на протяжении всего дня, даря ощущение свежести и комфорта. Изысканное сочетание пряного черного перца и теплой, бархатистой амбры рождает роскошный дуэт, который создает неповторимую ароматическую симфонию, пробуждает чувства и заряжает энергией на весь день. Уникальная формула с натуральными компонентами обеспечивает интенсивное питание и длительное увлажнение, деликатно очищают кожу, не оставляя чувство сухости и стянутости. Нежная кремовая текстура обеспечивает обильную пену и дарит коже мягкость и шелковистость после каждого применения. Подарите себе моменты истинного удовольствия с CLOZ – где натуральность встречается с роскошью!;Нанесите небольшое количество геля на влажную кожу, вспеньте, скажите себе слова любви и благодарности, затем смойте водой.
90150100010;ZIELINSKI & ROZEN Orange & Jasmine;гель для душа;;2390;2390;https://goldapple.ru/90150100010-orange-jasmine-vanilla;52.8;Уход, ароматерапия и признание в любви в одном флаконе. Бодрящий аромат способствует пробуждению, натуральные масла увлажняют кожу и питают, а мягкая пена позволяет по-настоящему насладиться редкими минутами наедине с собой.  Ароматы продукции Zielinski&Rozen изменили свое наименование без изменения состава.;Нанесите небольшое количество геля на влажную кожу, вспеньте руками или с помощью мочалки, а затем смойте.
19000311740;TOUCH&RELAX Розовый перец, ветивер и пачули;гель для душа;Россия;770;431;https://goldapple.ru/19000311740-rozovyj-perec-vetiver-i-paculi;47.88;Парфюмированный гель для душа Розовый перец, ветивер и пачули. Эксклюзивная формула с ароматом селективного парфюма. Гель для душа с волнующим ароматом розового перца, ветивера и пачули окунет вас в роскошь эксклюзивной парфюмерии. Его нежная воздушная пена бережно очищает, не нарушая pH кожи, и предотвращает ее сухость. Насыщенная формула геля содержит все необходимые ингредиенты для молодости, красоты и сияния кожи.  После душа Ваша кожа гладкая и нежная, окутанная шлейфом изысканного парфюма. -Гиалуроновая кислота глубоко увлажняет и разглаживает кожу. -Аминокислотный комплекс обновляет, восстанавливает и улучшает тургор кожи, стимулирует выработку коллагена и эластина. -Комплекс натуральных масел глубоко питает, дарит гладкость и эластичность. -Д-пантенол и витамин Е защищают липидный барьер, смягчают и омолаживают кожу.;Небольшое количество геля нанесите на влажную кожу или спонж, помассируйте до образования пены, смойте водой.
19000360721;KONDOR Sandalwood;гель для душа;Россия;715;643;https://goldapple.ru/19000360721-sandalwood;46.06;Гель для душа обеспечивает бережное очищение и увлажнение без чувства стянутости и сухости. Насыщенный древесно-восточный аромат с нотами удовой древесины, кожи и крепкого кофе помогает избавиться от стресса, погрузив в атмосферу настоящего спа.  Эфирное масло сандала в составе успокаивает и увлажняет кожу, делает ее мягкой и гладкой. Экстракты ягод брусники, ежевики, клюквы и черники насыщают витаминами и антиоксидантами, улучшают тонус кожи и защищают от негативного воздействия окружающей среды.  Экстракты листьев земляники и малины освежают и тонизируют, поддерживая естественный гидробаланс.  Подходит для ежедневного ухода.;Небольшое количество геля массирующими движениями нанесите на влажную кожу, избегая попадания в глаза. Вспеньте. Смойте водой.
26730600003;BYREDO Bal d'Afrique;гель для душа;Франция;8710;5226;https://goldapple.ru/26730600003-bal-d-afrique;45.08;В качестве дополнения к аромату BAL D`AFRIQUE , выпущена коллекция продуктов по уходу за телом. Мягкий гель для душа окутает тело нежнейшей аурой Вашего любимого аромата. Флакон снабжен удобной крышкой, позволяющей брать его с собой в дорогу. Вся продукция BYREDO не содержит парабенов и включает только натуральные масла.;
26730700004;BYREDO Blanche;гель для душа;Франция;8710;5226;https://goldapple.ru/26730700004-blanche;45.08;В качестве дополнения к аромату BLANCHE, выпущена коллекция продуктов по уходу за телом. Мягкий гель для душа окутает тело нежнейшей аурой Вашего любимого аромата. Флакон снабжен удобной крышкой, позволяющей брать его с собой в дорогу. Вся продукция BYREDO не содержит парабенов и включает только натуральные масла.;
19000395786;CAMAY DÉSIR Пион и ягоды;гель для душа;Россия;398;238;https://goldapple.ru/19000395786-desir-pion-i-agody;43.2;Гель для душа женский парфюмированный Camay Désir с ароматом пиона и красных ягод — идеальный выбор для женщин и девушек, которые ценят истинное наслаждение и бережный уход. Это косметическое средство личной гигиены предназначено для обладательниц любого типа кожи. Уходовая формула геля помогает сохранить естественное увлажнение кожи и предотвратить возникновение чувства сухости и стянутости после использования. Купаж цветочных масел и эфирные масла лаванды, иланг-иланга и душицы создают неповторимую симфонию ароматов, даря коже роскошный уход. Благодаря насыщенной гелеобразной текстуре средство легко превращается в нежную пену и полностью смывается водой, позволяя коже дышать. Верхние ноты аромата представлены пионом, османтусом и фрезией, которые плавно переходят в сердце композиции — сочные красные ягоды, вишню и клубнику. Завершающие акценты обволакивающего кашемира и белого кедра создают шлейф аромата, который сохраняется на коже до 8 часов согласно тесту оценки интенсивности на основе ольфакторного анализа экспертами лаборатории изготовителя.;Нанесите на влажную кожу или ладонь. Вспеньте. Распределите по всему телу. Смойте водой.
19000344116;BOHEMIA Amber&Musk;гель для душа;Россия;528;396;https://goldapple.ru/19000344116-amber-musk;43.12;"Парфюмированный гель для душа амбра и мускус. Эксклюзивная формула с ароматом селективного парфюма. Гель для душа с изысканным ароматом ванили, амбры и бобов тонка подарит незабываемые эмоции и великолепный уход за вашей кожей. Его нежная воздушная пена бережно очищает, не нарушая рН кожи, и предотвращает ее сухость. Насыщенная формула геля содержит все необходимые ингредиенты для молодости, красоты и сияния кожи.  Ваша кожа гладкая и нежная, окутанная роскошным шлейфом селективной парфюмерии на целый день.  Комплекс натуральных масел глубоко питает, дарит гладкость и эластичность; Д-пантенол и витамин Е защищают липидный барьер, смягчают и омолаживают кожу; Натуральные экстракты предотвращают обезвоживание кожи, тонизируют, дарят свежий и сияющий вид; Инулин – натуральный пребиотик поддерживает гармоничный баланс микробиома кожи.";Небольшое количество геля нанесите на влажное тело или на мокрую губку и массажными движениями распределите по всему телу, затем тщательно смойте водой. Действие геля обусловлено действием компонентов.
19000021495;ZIELINSKI & ROZEN Tobacco, Vetiver & Amber;гель для душа;;2390;2390;https://goldapple.ru/19000021495-tobacco-vetiver-amber;39.48;Уход, ароматерапия и признание в любви в одном флаконе. Бодрящий аромат способствует пробуждению, натуральные масла увлажняют кожу и питают, а мягкая пена позволяет по-настоящему насладиться редкими минутами наедине с собой.;Нанесите небольшое количество геля на влажную кожу, вспеньте руками или с помощью мочалки, а затем смойте.
83320700003;JO MALONE LONDON Blackberry & Bay;гель для душа;Великобритания;4800;3360;https://goldapple.ru/83320700003-blackberry-bay;38.4;Освежающий гель для душа с семенами пенника лугового мягко очищает кожу и дарит ей сочный аромат одеколона Blackberry & Bay. Терпкие и сочные аккорды ежевики переплетаются со свежестью лаврового листа и древесными акцентами. Усовершенствованная формула смягчает кожу рук и тела, обеспечивая бережный уход. Прозрачный гель превращается в нежную пену и окутывает Вас легким бодрящим ароматом.;
19000225253;ZIELINSKI & ROZEN Black Vanilla;гель для душа;Израиль;1790;1790;https://goldapple.ru/19000225253-black-vanilla;38.4;Эффективно очищает кожу, обогащает её витаминами, нормализует гидробаланс, восстанавливает тонус и жизненные силы. Подходит для ухода за кожей любого типа.;Небольшое количество геля нанести на влажную кожу, вспенить и тщательно смыть водой. Хранить в сухом, защищенном от света и недоступном для детей месте при температуре от +5 °С до +25 °С.
19000322297;ZIELINSKI & ROZEN Apple, Lotus;гель для душа;Израиль;2390;2390;https://goldapple.ru/19000322297-apple-lotus;37.24;Эффективно очищает кожу, обогащает её витаминами, нормализует гидробаланс, восстанавливает тонус и жизненные силы. Подходит для ухода за кожей любого типа.;Небольшое количество геля нанести на влажную кожу, вспенить и тщательно смыть водой. Хранить в сухом, защищенном от света и недоступном для детей месте при температуре от +5 °С до +25 °С.
19000388644;OLEA Драгоценная амбра;гель для душа;Россия;411;369;https://goldapple.ru/19000388644-dragocennaa-ambra;37.24;Обволакивающий аромат: Верхняя нота: шафран, жасмин Нота сердца: древесный янтарь, амбра Базовая нота: драгоценные породы древесины;Небольшое количество геля нанесите на тело, массирующими движениями равномерно распределите до образования пены и смойте водой.
19000144151;GIVENCHY  Gentleman Society SHOWER GEL;гель для душа;Франция;5250;5250;https://goldapple.ru/19000144151-gentleman-society-shower-gel;36.26;Гель для душа Gentleman Society от Givenchy мягко очищает кожу, увлажняет и обеспечивает бодрящее ощущение свежести.   Ноты ветивера и шалфея в сочетании с цветами дикого нарцисса усиливают шлейф древесно-цветочного аромата Gentleman Society.  Флакон на 50% состоит из переработанного пластика, что соответствует принципам ответственного потребления.  В линию Gentleman от Givenchy также входит парфюмерная вода и дезодорант.;Наносить на влажную кожу, распределить по телу, смыть достаточным количеством воды. При необходимости повторить.
19000180337;ZIELINSKI & ROZEN Grapefruit, Basil, Petitgrain;гель для душа;Израиль;2390;2390;https://goldapple.ru/19000180337-grapefruit-basil-petitgrain;30.38;Уход, ароматерапия и признание в любви в одном флаконе. Бодрящий аромат способствует пробуждению, натуральные масла увлажняют кожу и питают, а мягкая пена позволяет по-настоящему насладиться редкими минутами наедине с собой.;Нанесите небольшое количество геля на влажную кожу, вспеньте руками или с помощью мочалки, а затем смойте.
19000437813;THE ACT 25th Hour;гель для душа;Россия;1060;699;https://goldapple.ru/19000437813-25th-hour;28.8;Осознанная пауза для времени на себя. 25-й час — это больше, чем гель для душа. Это символическая пауза, которую мы дарим себе. Мгновения вне расписания, вне дел, вне хаоса. Вдох — и вы уже в своём личном пространстве заботы, где можно просто быть, просто дышать. Чувственный аромат вырывает из повседневности, позволяя сосредоточиться на моменте. Свежесть груши и ягодная кислинка чёрной смородины раскрываются первыми. Нежный арабский жасмин в сердце композиции обнимает сладкое пралине, даря ощущение спокойствия и умиротворения. Тёплая ваниль, насыщенный пачули и бобы тонка в базовых нотах создают уютное облако чувственности, приглашая вас остановиться и уделить время только себе. Cерия создана совместно с Cosmoscow, главной в России ярмаркой современного искусства. Идея заключается в дополнительном времени для себя: символическом «25-м часе», который позволяет людям вырваться из суеты повседневной жизни, расслабиться и посвятить время личным ритуалам заботы и восстановления.;Нанесите на влажную кожу тела, вспеньте и тщательно смойте теплой водой.
19000388645;OLEA Чарующая вишня;гель для душа;Россия;411;299;https://goldapple.ru/19000388645-caruusaa-visna;28.2;Обволакивающий аромат: Верхняя нота: вишневый ликер, горький миндаль Нота сердца: арабский жасмин, турецкая роза Базовая нота: мускус, бобы тонка, амбра;Небольшое количество геля нанесите на тело, массирующими движениями равномерно распределите до образования пены и смойте водой.
19000295742;4FRESH BEAUTY Вечерняя магнолия и нероли, Dreamy;гель для душа;Россия;1217;730;https://goldapple.ru/19000295742-evening-magnolia-and-neroli;26.4;"Парфюмированный гель для душа «Вечерняя магнолия и нероли» с уникальным селективным ароматом Scentease деликатно очищает и увлажняет кожу, окунает в мир сладких грез и фантазий. Формула с пантенолом ускоряет регенерацию клеток, препятствует трансэпидермальной потере влаги и успокаивает кожу. Экстракт дамасской розы придает ей гладкость, а масло арганы обеспечивает питание, глубокое увлажнение и восстановление. Верхние ноты: нероли, мандарин, яблоневый цвет;  Ноты сердца: магнолия, тубероза, гардения; Нижние ноты: ваниль, кашемир, бензойная смола. Сложный многогранный аромат Scentease Dreamy, где лепестки белых цветов дополнены легкими пудровыми нотами, погружает в состояние безмятежности и улучшает эмоциональный фон. Эффективность доказана научными исследованиями.";Нанесите небольшое количество геля на влажную кожу и распределите нежными массажными движениями. Затем смойте теплой водой.
99000015588;LAMONNET black cherry & sandal wood;гель для душа;;1128;790;https://goldapple.ru/99000015588-black-cherry-sandal-wood;25.92;"Парфюмированный гель для душа от LAMONNET.  Профессиональный уход и забота о вашей коже.  Нежная кремовая пена и активный увлажняющий комплекс восстанавливают гидробаланс кожи, повышая её мягкость, тонус и упругость. Сбалансированная формула с высокой концентрацией натуральных природных компонентов бережно и в то же время глубоко очищает кожу от загрязнений. Густая текстура геля обеспечит маленький и экономный расход. Большой объем 750 мл станет идеальным выбором для всей семьи. Гармония и расслабление.  Парфюмированная отдушка из Франции подарит легкий и ненавязчивый шлейф на протяжении нескольких часов. Роскошный дизайн флакона с удобным дозатором будет украшением любой ванной комнаты. Парфюмерная композиция: ""Черная вишня и сандаловое дерево"". Спелая вишня с горчинкой, пропитанная терпким ликером и древесными нотами сандала, присыпана ванильной пудрой. Густой вишневый поток дополнен ароматами растертых бобов тонка и миндаля, которые еще больше повышают градус коктейля. Отдушка из Франции. Универсальный шлейфовый аромат подойдёт как для женщин, так и для мужчин на каждый день.";Нанесите небольшое количество геля на влажную кожу, тщательно вспеньте и распределите по телу, смойте теплой водой.
19760330289;ZIELINSKI & ROZEN Grapefruit, Patchouli, White Rose;гель для душа;;2390;2390;https://goldapple.ru/19760330289-grapefruit-rose-patchouli;24.64;Уход, ароматерапия и признание в любви в одном флаконе. Бодрящий аромат способствует пробуждению, натуральные масла увлажняют кожу и питают, а мягкая пена позволяет по-настоящему насладиться редкими минутами наедине с собой.  Ароматы продукции Zielinski&Rozen изменили свое наименование без изменения состава.;Нанесите небольшое количество геля на влажную кожу, вспеньте руками или с помощью мочалки, а затем смойте.
19000322298;ZIELINSKI & ROZEN Pink Pepper, Elemi, Cinnamon, Leather;гель для душа;Израиль;1790;1790;https://goldapple.ru/19000322298-pink-pepper-elemi-cinnamon-leather;24.5;Эффективно очищает кожу, обогащает её витаминами, нормализует гидробаланс, восстанавливает тонус и жизненные силы. Подходит для ухода за кожей любого типа.;Небольшое количество геля нанести на влажную кожу, вспенить и тщательно смыть водой. Хранить в сухом, защищенном от света и недоступном для детей месте при температуре от +5 °С до +25 °С.
19000225254;ZIELINSKI & ROZEN Orange & Jasmine;гель для душа;Израиль;1790;1790;https://goldapple.ru/19000225254-orange-jasmine;24.0;Эффективно очищает кожу, обогащает её витаминами, нормализует гидробаланс, восстанавливает тонус и жизненные силы. Подходит для ухода за кожей любого типа. У данного продукта меняется название аромата. Актуальное название : Orange & Jasmine.;Небольшое количество геля нанести на влажную кожу, вспенить и тщательно смыть водой. Хранить в сухом, защищенном от света и недоступном для детей месте при температуре от +5 °С до +25 °С.
19000388646;OLEA Роскошный мох;гель для душа;Россия;411;308;https://goldapple.ru/19000388646-roskosnyj-moh;23.5;Чарующий аромат: Верхняя нота: черный перец, бергамот, горький апельсин Нота сердца: ветивер, иланг-иланг, жасмин Базовая нота: амбра, мускус, пачули, ваниль;Небольшое количество геля нанесите на тело, массирующими движениями равномерно распределите до образования пены и смойте водой.
7192300026;DIOR Dior Homme;гель для душа;Франция;5100;5100;https://goldapple.ru/7192300026-dior-homme;23.0;Средства для ванны и душа из линии Dior Homme имеют легкий древесный аромат новой туалетной воды. Они дарят коже приятное ощущение полного комфорта, оставляя чувственный шлейф Dior Homme. Освежающий гель для душа Dior Homme оставляет на коже легкий цитрусовый аромат. Его обильная пена делает момент принятие душа или ванны особенным.;
19000194505;POÈMES DE PROVENCE Bergamote & Lemon Flower;гель для душа;Беларусь;1091;730;https://goldapple.ru/19000194505-bergamote-lemon-flower;22.5;Парфюмированный гель для душа с ярким свежим ароматом подходит как мужчинам, так и женщинам. Бережно очищает и смягчает кожу, а входящий в его состав комплекс ароматических эфирных масел лимона и папайи наполняет жизненной энергией и оставляет на коже легкий и свежий аромат.;Необходимое количество нанести на руки и равномерно распределить по коже. Смыть теплой водой.
19000324262;КРАСНОПОЛЯНСКАЯ КОСМЕТИКА Цитрусовый сад;гель для душа;Россия;690;621;https://goldapple.ru/19000324262-citrusovyj-sad;21.5;Гель для душа «Цитрус» - невероятно ароматное решение для ежедневного бережного очищения кожи и повышения ее тонуса и упругости.  С первых секунд нанесения гель обволакивает бодрящим и искрящимся ароматом цитрусовых, унося усталость и повышая уровень энергии благодаря своему ароматерапевтическому эффекту.   Миндальное масло в сочетании с экстрактами мать-и-мачехи, череды и аира питает и тонизирует кожу, выравнивает ее рельеф и способствует нормализации ее водного – липидного баланса. Эфирные масла лимона, апельсина и вербены стимулируют повышение упругости и тонуса кожи, активизируют процессы регенерации клеток и оказывают выраженный ароматерапевтический эффект, улучшая самочувствие и настроение.;Нанесите на влажную кожу, слегка помассируйте при помощи мягкой губки в течение 1–2 минут. Тщательно смойте водой.  Не допускайте попадания в глаза!
90150100003;ZIELINSKI & ROZEN Rosemary & Lemon;гель для душа;;2390;2390;https://goldapple.ru/90150100003-rosemary-lemon-neroli;21.16;Уход, ароматерапия и признание в любви в одном флаконе. Бодрящий аромат способствует пробуждению, натуральные масла увлажняют кожу и питают, а мягкая пена позволяет по-настоящему насладиться редкими минутами наедине с собой.  Ароматы продукции Zielinski&Rozen изменили свое наименование без изменения состава.;Нанесите небольшое количество геля на влажную кожу, вспеньте руками или с помощью мочалки, а затем смойте.
19000021501;ZIELINSKI & ROZEN Red grapefruit, Bergamot, Amber;гель для душа;;2390;2390;https://goldapple.ru/19000021501-patchouli-jasmine-lemon;20.24;Уход, ароматерапия и признание в любви в одном флаконе. Бодрящий аромат способствует пробуждению, натуральные масла увлажняют кожу и питают, а мягкая пена позволяет по-настоящему насладиться редкими минутами наедине с собой.   Бренд  Zielinski & Rozen изменил название аромата. Новое наименование геля для душа Patchouli & Jasmine, Lemon — Red Ggrapefruit, Bergamot, Amber. Если вам пришел аромат с прежним названием, не переживайте, мы уже обновляем товары на складах, скоро во всех заказах этот товар будет с новым наименованием.;Нанесите небольшое количество геля на влажную кожу, вспеньте руками или с помощью мочалки, а затем смойте.
19000084094;ZIELINSKI & ROZEN Cedarwood, Neroli, Amber;гель для душа;;2390;2390;https://goldapple.ru/19000084094-cedar-sandalwood-amber-patchouli;18.9;Уход, ароматерапия и признание в любви в одном флаконе. Бодрящий аромат способствует пробуждению, натуральные масла увлажняют кожу и питают, а мягкая пена позволяет по-настоящему насладиться редкими минутами наедине с собой.  Ароматы продукции Zielinski&Rozen изменили свое наименование без изменения состава.;Нанесите небольшое количество геля на влажную кожу, вспеньте руками или с помощью мочалки, а затем смойте.
19000324264;КРАСНОПОЛЯНСКАЯ КОСМЕТИКА Ароматный Глинтвейн;гель для душа;Россия;690;621;https://goldapple.ru/19000324264-aromatnyj-glintvejn;18.06;Гель для душа «Глинтвейн» - невероятно ароматное решение для ежедневного бережного очищения кожи и восстановления ее мягкости и комфорта.  С первых секунд нанесения гель обволакивает согревающим и слегка терпким ароматом, унося усталость и повышая уровень энергии благодаря своему ароматерапевтическому эффекту.   Миндальное масло в сочетании с экстрактами ромашки, мяты и шалфея питает и восстанавливает кожу, способствует нормализации ее водного – липидного баланса, устраняет чувство дискомфорта. Эфирные масла гвоздики, апельсина, лимона и корицы улучшают микроциркуляцию, согревают тело после воздействия холода, снимают усталость и повышают настроение.;Нанесите на влажную кожу, слегка помассируйте при помощи мягкой губки в течение 1–2 минут. Тщательно смойте водой. Не допускайте попадания в глаза!
19000347896;LAB FRAGRANCE Ambroxan;гель для душа;Россия;1090;697;https://goldapple.ru/19000347896-ambroxan;17.6;Контрастный аромат, в котором каждый услышит что-то свое. Чистота и прохлада свежевыстиранных накрахмаленных белых рубашек и морозного воздуха – с одной стороны.  Глубокие, насыщенные акценты дерева, мускуса, амбры и смол — с другой.  Какой будет ваша история с этим ароматом — знаете только вы.;Нанесите небольшое количество геля на влажную кожу, вспеньте, смойте проточной водой. Подходит для ежедневного использования.
19760301687;ZIELINSKI & ROZEN Vetiver, Musk;гель для душа;;2390;2390;https://goldapple.ru/19760301687-lemongrass-vetiver-amber;16.32;Уход, ароматерапия и признание в любви в одном флаконе. Бодрящий аромат способствует пробуждению, натуральные масла увлажняют кожу и питают, а мягкая пена позволяет по-настоящему насладиться редкими минутами наедине с собой.  Ароматы продукции Zielinski&Rozen изменили свое наименование без изменения состава.;Нанесите небольшое количество геля на влажную кожу, вспеньте руками или с помощью мочалки, а затем смойте.
19000424325;4FRESH BEAUTY White jasmine and amber;гель для душа;Россия;777;543;https://goldapple.ru/19000424325-belyj-zasmin-i-ambra;16.32;Парфюмированный гель для душа «Белый жасмин и амбра» с уникальным селективным ароматом Scentease® деликатно очищает и увлажняет кожу, дарит чувство спокойствия и внутренней гармонии. Формула с пантенолом ускоряет регенерацию клеток, препятствует трансэпидермальной потере влаги и успокаивает кожу.  Экстракт жасмина помогает устранить раздражение, а экстракт сандала делает ее мягкой, упругой и шелковистой. Верхние ноты: бергамот, черная смородина. Ноты сердца: белый жасмин, флердоранж. Базовые ноты: амбра, ваниль, кедр, бальзам. Сложный многогранный аромат Scentease® с изысканным цветочным шлейфом помогает восстановить внутреннее равновесие и улучшает эмоциональный фон. Эффективность доказана научными исследованиями.;Нанесите небольшое количество геля на влажную кожу и распределите нежными массажными движениями. Затем смойте теплой водой.
83320700018;JO MALONE LONDON Poppy & Barley;гель для душа;Великобритания;4800;3840;https://goldapple.ru/83320700018-poppy-barley;15.68;Освежающий гель для душа с маслом семян лугового пенника бережно очищает кожу и придает ей аромат Poppy&Barley. Яркий цветочный аромат с букетом из розы и фиалки и сочными нотами черной смородины. Ноты мака, собранного на плодородных полях, где смешиваются злаки и цветы, оттенены звучанием отрубей и мягкого как хлопок ячменя. Эффективная формула смягчает кожу рук и тела, ухаживая за ней. Прозрачный гель образует густую пену, наполняя воздух бодрящим ароматом.;
99000065432;SUKHORUKOV BATH & BODYWORKS Spicy Amber Bliss;гель для душа;;920;368;https://goldapple.ru/99000065432-spicy-amber-bliss;15.36;Погрузитесь в мир изысканных ароматов и нежного ухода с нашим парфюмированным гелем для душа. Этот уникальный продукт станет настоящим украшением вашей косметики и подарит вам незабываемые моменты релаксации. Гель для душа создан для того, чтобы сделать каждый ваш день особенным, наполняя его свежестью и уютом. Парфюмированный гель для душа Spicy Amber Bliss не только очищает, но и ухаживает за кожей, делая ее мягкой и гладкой. Формула, обогащенная коллагеном, помогает поддерживать упругость и эластичность кожи, а также защищает от негативного воздействия окружающей среды. Вы забудете о сухости и стянутости, ведь после использования этого средства ваша кожа станет бархатистой и увлажненной.;Используйте гель для душа, нанося его на влажную кожу, массируйте до появления пены, затем смойте теплой водой.
19000348247;NIMASKIN Cherry & Ambergris;гель для душа;Россия;512;276;https://goldapple.ru/19000348247-cherry-ambergris;15.12;Парфюмированный гель для душа Cherry & Ambergris. Деликатное очищение и интенсивное питание. Для ежедневного ухода. Это та самая вишенка на торте, которая добавит яркий акцент вашему уходу за кожей. Позвольте себе насладиться моментом. Гель для душа не снимет для вас звезду с неба, но снимет вашу усталость. Как работает гель? Бережно очищает кожу благодаря растительным ПАВ. Смягчает и отшелушивает, нормализует работу сальных желез. Формула, обогащённая комплексом натуральных масел, питает кожу витаминами и кислотами. Аромат геля раскрывается на коже сочетанием сладких, пряных и древесных нот. Активные компоненты: Комплекс ПАВ на растительной основе – очищает кожу, не создаёт сухости и стянутости. Аллантоин – смягчает, устраняет раздражения, помогает отшелушиванию ороговевших клеток. Масло макадамии – питает кожу витаминами и кислотами, нормализует работу сальных желез. Масло вишнёвых косточек – задерживает процесс испарения влаги. Результаты применения: •    Деликатное очищение без вреда для кожи. •    Интенсивное питание за счёт комплекса масел. •    Устранение раздражения – аллантоин обновляет и успокаивает кожу. •    Легендарный аромат усиливает удовольствие от принятия душа. Почему стоит выбрать этот гель? •    Безопасный состав с растительными ПАВ. •    Формула, обогащённая натуральными компонентами. •    Экономичная упаковка – большого объема хватит надолго. •    Подходит для ежедневного использования. Отличный выбор для тех, кто хочет: •    Продлить ощущение чистоты и комфорта. •    Смягчить и увлажнить кожу. •    Насладиться приятным ароматом. Пирамида аромата: Верхние ноты: вишня, ликёр, миндаль. Средние ноты: роза, анис, гелиотроп. Ноты шлейфа: бобы тонка, сандал, мускус, амбра, ваниль.;Нанесите на влажную кожу, вспеньте, затем смойте.
99000015582;LAMONNET blackberry & vetiver;гель для душа;;1128;790;https://goldapple.ru/99000015582-blackberry-vetiver;14.4;Парфюмированный гель для душа от LAMONNET.  Профессиональный уход и забота о вашей коже.  Нежная кремовая пена и активный увлажняющий комплекс восстанавливают гидробаланс кожи, повышая её мягкость, тонус и упругость. Сбалансированная формула с высокой концентрацией натуральных природных компонентов бережно и в то же время глубоко очищает кожу от загрязнений. Густая текстура геля обеспечит маленький и экономный расход. Большой объем 750 мл станет идеальным выбором для всей семьи. Гармония и расслабление.  Парфюмированная отдушка из Франции подарит легкий и ненавязчивый шлейф на протяжении нескольких часов. Роскошный дизайн флакона с удобным дозатором будет украшением любой ванной комнаты. Парфюмерная композиция: “Лист смородины и ветивер”. Завораживающий, романтичный, свежий. Драгоценные воспоминания из детства. Только что сорванный лист черной смородины, терпкая сладость ежевики и глубокие оттенки ветивера. Универсальный шлейфовый аромат подойдёт как для женщин, так и для мужчин на каждый день.;Нанесите небольшое количество геля на влажную кожу, тщательно вспеньте и распределите по телу, смойте теплой водой.
99000045888;MOYORY Peach, Patchouli, Maracuja;гель для душа;;3000;795;https://goldapple.ru/99000045888-peach-patchouli-maracuja;11.52;Представляем вам наш эксклюзивный гель для душа с дозатором, который превратит каждый прием душа в незабываемое удовольствие. Гель для душа с ароматом Peach, Patchouli, Maracuja – это воплощение роскоши и элегантности. Его насыщенный и изысканный аромат раскрывается сладкими фрукто-ягодными нотами, плавно переходящими в пикантные оттенки пачули. Эта гармоничная композиция оставляет на коже нежный и чувственный шлейф, который будет сопровождать вас в течение всего дня.;Нанесите гель на влажное тело, вспеньте, тщательно смойте теплой водой.
19000239337;HFC Devil`s Intrigue;гель для душа;Франция;6500;5200;https://goldapple.ru/19000239337-devil-s-intrigue;10.8;Культовые ароматы HFC Paris доступны в форме средств по уходу за кожей. Интригующий Дерзкий Волнующий Devil`s Intrigue. Гель для душа. Освежающий гель для душа мягко очищает кожу, делая ее гладкой и бархатистой, и оставляет на теле нежную вуаль любимого аромата. Каждое средство прекрасно сочетается как с оригинальной композицией, так и с другими парфюмами HFC Paris.;Небольшое количество геля равномерно распределите по всей поверхности кожи, затем смойте теплой водой.
19000472807;CAMAY DYNAMIQUE;гель для душа;Россия;816;603;https://goldapple.ru/19000472807-dynamique;9.2;Парфюмированный гель для душа Camay Dynamique с нежным ароматом розового грейпфрута — идеальный выбор для женщин и девушек, которые ценят наслаждение и бережный уход. Это средство подходит для обладательниц любого типа кожи. Уходовая формула геля помогает сохранить естественное увлажнение кожи и предотвратить возникновение чувства сухости и стянутости после использования. Купаж цветочных масел создает неповторимую симфонию ароматов и дарит коже роскошный увлажняющий уход. Благодаря насыщенной гелеобразной текстуре средство легко превращается в нежную пену и полностью смывается водой, позволяя коже дышать. Стойкий пробуждающий аромат розового грейпфрута дарит бодрящий цитрусовый заряд и свежесть, а цветочные нотки добавляют ощущение женственности и мягкости. — Верхние ноты насыщены бодростью спелого розового грейпфрута. — В середине нежные цветы ландыша придают искреннюю женственность. — Базовые ноты оставляют ощущение умиротворения и спокойствия благодаря аромату мускуса.;Нанесите на влажную кожу или ладонь. Вспеньте. Распределите по всему телу. Смойте водой.
19000215429;SEATHERA Bergamot & White Lily;гель для душа;Греция;1739;782;https://goldapple.ru/19000215429-bergamot-white-lily;8.6;Гель для душа мягко очищает и успокаивает кожу, оставляя на коже приятный аромат. Органические масла арганы и оливы, богатые витаминами, увлажняют, питают и дарят антиоксидантный эффект.  Экстракты бергамота и белой лилии смягчают.  Кожа остается напитанной и увлажненной.;Нанесите гель на влажную кожу, помассируйте, а затем смойте тщательно водой.
19000420966;CLOZ Pink pepper, jasmine, sandalwood;гель для душа;Россия;799;719;https://goldapple.ru/19000420966-pink-pepper-jasmine-sandalwood;8.0;Откройте для себя атмосферу чувственного наслаждения с натуральным парфюмированным гелем для душа CLOZ. Погрузитесь в чувственный аромат, который останется с Вами на протяжении всего дня, даря ощущение свежести и комфорта. Благородное сочетание искрящегося розового перца, цветочного жасмина и древесного сандала создает роскошный ароматический букет, который пробуждает чувства и наполняет энергией. Уникальная формула с натуральными компонентами обеспечивает интенсивное питание и длительное увлажнение, деликатно очищают кожу, не оставляя чувство сухости и стянутости. Нежная кремовая текстура обеспечивает обильную пену и дарит коже мягкость и шелковистость после каждого применения. Подарите себе моменты истинного удовольствия с CLOZ – где натуральность встречается с роскошью!;Нанесите небольшое количество геля на влажную кожу, вспеньте, скажите себе слова любви и благодарности, затем смойте водой.
99000078385;BURLEY Oud Wood;гель для душа;;1600;738;https://goldapple.ru/99000078385-oud-wood;7.68;"Парфюмированный гель для душа бренда ""Burley"" с притягательным ароматом деликатно очищает кожу, не стягивая ее. Комплекс ПАВ на растительной основе не нарушает баланс кожи и поддерживает ее защитные свойства.";Повернуть дозатор против часовой стрелки. Нанести небольшое количество геля для душа на тело или мочалку, помассировать кожу и смыть пену теплой водой. При необходимости повторить процедуру.
19000455126;ZIELINSKI & ROZEN Blackcurrant, Geranium, Amber, Leather;гель для душа;Израиль;2390;2390;https://goldapple.ru/19000455126-blackcurrant-geranium-amber-leather;7.0;Эффективно очищает кожу, нормализует гидробаланс, не сушит кожу, помогает ей сохранять естественную влажность. Подходит для всех типов кожи.;Нанесите небольшое количество геля на влажную кожу, вспеньте, затем смойте водой.
99000016355;CONTENTLY Aromatic Body Wash 5LACTO;гель для душа;;5200;3640;https://goldapple.ru/99000016355-aromatic-body-wash-5lacto;7.0;"Aromatic Body Wash 5LACTO Contently – это нежное средство для мытья тела со сбалансированным pH, богатое растительными экстрактами и AHA-кислотами. Содержит запатентованный комплекс GREENOL, который бережно удаляет омертвевшие клетки и пробуждает в коже новую энергию. 5LACTO способствует укреплению и повышению эластичности тканей, оказывает противовоспалительное действие, восстанавливает функции эпидермиса.  Окуните свое тело и разум сочетанием натурального и растительного древесно-мускусного аромата. Гипоаллергенное средство, не содержит сульфатов и парабенов. Для всех типов кожи. Здоровое тело - обещание от CONTENTLY. Ключевые свойства:  укрепляет и повышает эластичность тканей; глубокое увлажнение и питание; противовоспалительный и заживляющий эффект; выравнивает тон кожи и придает сияние; восстанавливает защитный барьер кожи; быстро впитывается, не оставляя следов и липкости.  Основные ингредиенты: Экстракт бергамота, комплекс 5LACTO, экстракт коптиса японского, экстракт розмарина, экстракт корня куркумы, экстракт белой фрезии, экстракт цветков матрикарии, экстракт мяты перечной, экстракт лаванды.";Возьмите необходимое количество геля на ладонь или губку. Массажными движениями нанесите на все тело, тщательно смойте водой.
19000358597;BURBERRY Goddess;гель для душа;Монако;6100;3965;https://goldapple.ru/19000358597-goddess;6.86;Burberry Goddess - это история самопознания, обретения уверенности в себе, силы и доброты. Этот гель для душа обладает уникальным гурманским ароматом, возглавляемым мощным трио ванильных нот, обогащенных сияющей лавандой.  Гель для душа Burberry Goddess изготовлен по веганской формуле.;Нанесите гель для душа на влажную кожу массирующими движениями, затем смойте.
19000328377;YVES ROCHER Bain De Nature Vanilla;гель для душа;Франция;612;526;https://goldapple.ru/19000328377-bain-de-nature-vanilla;6.86;Экоформат помогает сократить потребление воды, пластика и углеродный след, что способствует бережному отношению к окружающей среде.  Благодаря моющей основе без сульфатов пышная обволакивающая пена очищает кожу, не пересушивая ее, и дарит нежный аромат.  Продукт позволяет принять душ столько же раз, сколько и флакон объемом 400 мл. При этом для его производства используется в 2 раза меньше пластика.;Выдавите каплю размером с горошину, нанесите на влажную кожу, массируя до образования пены. Тщательно смойте.
19000347897;LAB FRAGRANCE Crystal Amber;гель для душа;Россия;1090;697;https://goldapple.ru/19000347897-crystal-amber;6.02;Чувственный и яркий аромат, выстроенный на контрастных нотах бодрящего апельсина, ароматного жасмина, пряных бархатцев и шафрана в окружении карамели и дубового мха.  Аромат для тех, кто не боится оказаться в центре всеобщего внимания.;Нанесите небольшое количество геля на влажную кожу, вспеньте, смойте проточной водой. Подходит для ежедневного использования.
83320700014;JO MALONE LONDON Wild Bluebell;гель для душа;Великобритания;4800;3312;https://goldapple.ru/83320700014-wild-bluebell;6.0;Гель для душа с нежным ароматом Wild Bluebell бережно очищает и смягчает кожу, оставляя на ней деликатный шлейф. Сладость росистых колокольчиков в сочетании с ландышем, шиповником и сочным нюансом хурмы. Формула, обогащенная кофеином и экстрактом пенника лугового, превращается в атласную пену при контакте с водой.    Философия сочетания ароматов:  Все ароматы и текстуры Jo Malone London можно использовать самостоятельно и в сочетании с другими, создавая уникальные композиции. Чтобы придать аромату свежих акцентов и создать более яркий образ сочетайте Wild Bluebell с изысканным ароматом букета алых роз - Red Roses.  Чтобы придать аромату теплых оттенков и создать более чувственный образ сочетайте Wild Bluebell с сочным ароматом ягод ежевики - Blackberry & Bay.;Нанесите небольшое количество геля массирующими движениями на влажную кожу и тщательно смойте водой.
19000420963;CLOZ Ambra, jasmine, saffron;гель для душа;Россия;799;719;https://goldapple.ru/19000420963-ambra-jasmine-saffron;6.0;Откройте для себя атмосферу чувственного наслаждения с натуральным парфюмированным гелем для душа CLOZ. Погрузитесь в чувственный аромат, который останется с Вами на протяжении всего дня, даря ощущение свежести и комфорта. Благородное сочетание амбры, царственного жасмина и пряного шафрана создает роскошный ароматический букет, который пробуждает чувства и наполняет энергией. Уникальная формула с натуральными компонентами обеспечивает интенсивное питание и длительное увлажнение, деликатно очищают кожу, не оставляя чувство сухости и стянутости. Нежная кремовая текстура обеспечивает обильную пену и дарит коже мягкость и шелковистость после каждого применения. Подарите себе моменты истинного удовольствия с CLOZ – где натуральность встречается с роскошью!;Нанесите небольшое количество геля на влажную кожу, вспеньте, скажите себе слова любви и благодарности, затем смойте водой.
19000160521;HFC Indian Venus;гель для душа;Франция;6510;5208;https://goldapple.ru/19000160521-indian-venus;5.76;Насладитесь настоящим восточным вояжем вместе с этим волнующим цветочно-древесным ароматом. Сладкий дуэт мускуса и сандала наполнит вас мечтательным настроением на весь день, а гель, во мгновение трансформирующийся в приятную пену, подарит коже бережный уход, нежность и длительное увлажнение.;
19000032749;HFC OR NOIR;гель для душа;;6510;5208;https://goldapple.ru/19000032749-or-noir;5.64;Энергичный, надежный и свободный. Его внутренняя сила и волнующая красота не знает границ и не признает стереотипов.;Небольшое количество геля равномерно распределите по всей поверхности кожи, затем смойте теплой водой
19000337975;OSTWINT 03 BOOST;гель для душа;Турция;414;248;https://goldapple.ru/19000337975-03-active-energy;5.18;Парфюмированный гель для душа Ostwint очищает и освежает кожу благодаря своей формуле. Содержит компоненты, помогающие удалить мёртвые клетки кожи, обеспечивая увлажнения и поддерживая здоровый вид кожи. Успокаивает сухую и стянутую кожу.   Обладает приятным и стойким ароматом, который останется на коже долгое время.  03 сладковатый ягодный аромат с нотами амбры.;Нанесите необходимое количество геля душа на мокрые ладони или мочалку, вспеньте с добавлением тёплой воды. Массажными движениями нанесите на тело. Смойте водой.
19000337974;OSTWINT 02 Extra Fresh;гель для душа;Турция;414;289;https://goldapple.ru/19000337974-02-extra-fresh;5.16;Парфюмированный гель для душа Ostwint очищает и освежает кожу благодаря своей формуле. Содержит компоненты, помогающие удалить мёртвые клетки кожи, обеспечивая увлажнения и поддерживая здоровый вид кожи. Успокаивает сухую и стянутую кожу.   Обладает приятным и стойким ароматом, который останется на коже долгое время.  02 освежающий аромат ментола.;Нанесите необходимое количество геля душа на мокрые ладони или мочалку, вспеньте с добавлением тёплой воды. Массажными движениями нанесите на тело. Смойте водой.
99000051463;L’COSMETICS Sincerity;гель для душа;;719;503;https://goldapple.ru/99000051463-sincerity;5.0;Создайте атмосферу праздника с парфюмированным гелем для душа The Art of Beauty Sincerity.Изысканный аромат цветков вишни символизирует чувственность, женственность и радость, окутав вас невидимым облаком нежности. Этот гель для душа подчеркнёт вашу индивидуальность, помогая выразить искренние эмоции. Комплекс растительных экстрактов, включая экстракты клевера и липы, обеспечивает успокаивающее и противовоспалительное действие, снимая раздражение кожи и оставляя её мягкой и увлажнённой. Sincerity – это не просто уход, это настоящий ритуал наслаждения и заботы о коже.;Небольшое количество геля нанести на влажную кожу тела или на губку, вспенить, смыть теплой водой.
19000330836;GIARDINO MAGICO CASHMERE WOOD, TOBACCO, LEATHER;гель для душа;Россия;1750;1750;https://goldapple.ru/19000330836-cashmere-wood-tobacco-leather;4.6;Лёгкая пенящаяся текстура, богата увлажняющими и питательными компонентами бережно очищает, делая поверхность кожи мягкой и нежной.  В составе содержится гель алоэ-вера, содержащий витамины и минералы, которые так необходимы в ежедневном уходе. Экстракт овса сужает поры и создает эффект бархатистости.  Добавленная молочная кислота стабилизирует уровень Ph и прекрасно подходит для чувствительной кожи.  Увлажняющий гель для душа с ароматом Cashmere wood, tobacco, leather из парфюмерной коллекции бренда.;Массирующими движениями нанести необходимое количество геля на влажное тело до образования пены. Смыть тёплой водой.
99000014053;KAÁMO Amber & Vetiver;гель для душа;;1200;480;https://goldapple.ru/99000014053-amber-vetiver;4.4;Мягкий гель для душа наполнит тело заботой и любовью. Запах Amber&Vetiver окутает вас нежнейшей аурой. Вся продукция Kaamo не содержит парабенов и включает в состав натуральные масла.;На влажную кожу нанести небольшое количество геля, распределить плавными движениями до образования пены. Для массажного эффекта использовать мочалку или губку.
99000005698;ROSLIN Миндальное увлажнение;гель для душа;;666;500;https://goldapple.ru/99000005698-mindal-noe-uvlaznenie;4.0;Внимание! Мы обновили дизайн флакона, гель для душа доставляется в 2-х вариантах, на рецептуру и свойства это не влияет. Подари своей коже бережное очищение с женским гелем для душа «Миндальное увлажнение» для неё. Мы создали сбалансированный состав для глубокого очищения и питания твоей кожи. Бережный состав с натуральными компонентами - пантенолом и миндальным маслом сохранит естественную нежность и увлажнение кожи, а утонченный и теплый древесный аромат сандалового дерева с пудровыми, цветочными и зелеными нотами поможет расслабиться и останется с тобой на весь день. Густая и нежная текстура легко вспенивается и полностью смывается водой, не оставляя ощущения стянутости после душа. Благодаря мягким, натуральным компонентам и нейтральному pH (5,5) гель для душа защищает естественный микробиом от пересушивания (профилактика шелушения и зуда), сохраняя влагу внутри клеток. Отлично подходит для ежедневного применения и всех типов кожи: для жирной и сухой, для нормальной и проблемной, для чувствительной, склонной к раздражению и комбинированной кожи, ведь очищающий гель для тела не содержит жестких ПАВ (без SLS), парабенов, силиконов и минеральных масел. Мы позаботились об удобстве использования продукта, поэтому доставляем товар в комплекте с дозатором (помпа), и положили его в индивидуальную упаковку для сохранения целостности товара в пути. Большой объем флакона 1000 мл (1 литр) позволит экономично использовать гель для душа несколько месяцев, а минималистичный дизайн отлично подойдет для любого интерьера, снижая визуальный шум в ванной комнате. Почувствуй заботу о себе и природе, ведь уходовая косметика Рослин не тестируется на животных, а наша эко упаковка готова к переработке.;Нанести на влажную кожу, вспенить и смыть водой.
99000085241;RITE 3 IN 1 For Men Perfumed Essence;гель для душа;;999;689;https://goldapple.ru/99000085241-3-in-1-for-men-perfumed-essence;4.0;Универсальный мужской гель для душа Rite с парфюмированным ароматом. Базовые ноты: лаванда, герань. Ноты сердца: гвоздика, кардамон. Верхние ноты: бергамот, мандарин. Благодаря мягкой формуле с натуральными компонентами он не сушит кожу, а эффективно очищает и увлажняет. Бережно очищает волосы, придавая им здоровый блеск. Подходит для ежедневного ухода.;Нанесите небольшое количество геля на влажную кожу, вспеньте, распределите по телу массирующими движениями и после этого смойте теплой водой.
99000051461;L’COSMETICS Jealousy;гель для душа;;719;510;https://goldapple.ru/99000051461-jealousy;4.0;Окунитесь в атмосферу интриги и загадочности с парфюмированным гелем для душа The Art of Beauty Jealousy.Изысканный аромат дерева и ванили погружает в чувственные и насыщенные ощущения, превращая каждое использование в уникальный ритуал. Комплекс растительных экстрактов, включая экстракты льна и василька, питает кожу, улучшает её тонус и придаёт упругость. Гель для душа Jealousy подарит вашей коже глубокое увлажнение и мягкость, благодаря своим натуральным компонентам, а аромат добавит загадочности вашему образу.;Небольшое количество геля нанести на влажную кожу тела или на губку, вспенить, смыть теплой водой.
19000399448;HI,DEAR Ylang-ylang & patchouli;гель для душа;Россия;1700;1530;https://goldapple.ru/19000399448-ylang-ylang-patchouli;3.6;Чарующий и гипнотический аромат Ylang-Ylang & Patchouli. Он вскружит голову, перенесет под покров тропического леса, окутает влажным теплым воздухом с нотами цветов, меда и пряностей. Экзотический пачули расслабляет, глубокий и богатый запах иланг-иланга пробуждает аппетит к жизни. Это приключение, в финале которого ты найдешь себя.  Парфюмированный гель для душа превращает ежедневный уход в утончённый ритуал. Его формула создана для мягкого очищения и заботы, чтобы кожа оставалась увлажнённой, упругой и комфортной каждый день. Деликатное очищение: компоненты подходят для всех типов кожи, бережно удаляя загрязнения и сохраняя естественный баланс. Увлажнение и защита: алоэ вера и глицерин насыщают кожу влагой, предотвращая сухость и создавая ощущение комфорта. Уход и восстановление: пантенол успокаивает кожу, повышает её эластичность и помогает поддерживать здоровый вид. Лёгкая текстура: мягкая пена легко смывается, оставляя кожу чистой и свежей, без ощущения стянутости. Гель оставляет на коже яркий, запоминающийся аромат, превращая каждое использование в особенный момент ухода.;Нанести немного геля на влажные руки, вспенить и массажными движениями распределить по телу, смыть водой.
19000163454;BESO BEACH Gel beso;гель для душа;Испания;7150;2145;https://goldapple.ru/19000163454-gel-beso;3.6;Перенеситесь в лето на Средиземноморье с BESO BEACH.  Парфюмированный гель для мытья рук и тела увлажняет, защищает кожу и придает ей аромат.  Красивый стеклянный флакон дополнит любой интерьер.  Верхние ноты: благовония, грейпфрут, имбирь.  Ноты сердца: гваяковое дерево, кедр, инжир.  Базовые ноты: дубовый мох, ветивер и пудра.;Нанесите на влажную кожу и аккуратно вспеньте, а затем смойте теплой водой.
19000310382;ETERIA COSMO Озон и роза;гель для душа;Россия;591;531;https://goldapple.ru/19000310382-ozon-i-roza;3.0;"Создайте атмосферу свежести и прибрежной романтики с ароматом ""Озон роза и морская соль"". Свежесть озона наполнит ваш дом энергией и дыханием свободы, а нежные ноты розовых лепестков добавят нотку романтики и женственности. Морская соль подчеркнет атмосферу свежести и вдохновит вас на приятные морские прогулки. Позвольте этому аромату перенести вас к побережью и окутать вашу жизнь волной приятных ощущений. Парфюмированный гель для душа: 1. Натуральные экстракты и активные компоненты. 2. Без парабенов, сульфатов и продуктов нефтепереработки.                                                                                                                                                                                                                                                                                                                                        Экологично. Безопасно. Не тестируется на животных.";Нанести небольшое количество продукта на влажную кожу, вспенить, смыть водой.
19000467301;ZIELINSKI & ROZEN Amberwood, Vanilla, Davana;гель для душа;Израиль;2390;2390;https://goldapple.ru/19000467301-amberwood-vanilla-davana;3.0;Эффективно очищает кожу, нормализует гидробаланс, не сушит кожу, помогает ей сохранять естественную влажность. Подходит для всех типов кожи.;Нанесите небольшое количество геля на влажную кожу, вспеньте, затем смойте водой.
19000432373;MALIZIA IMPERIAL OUD;гель для душа;Италия;756;362;https://goldapple.ru/19000432373-imperial-oud;3.0;Крем для душа с интенсивным и ярким ароматом пробуждает мечты о далеких мирах. Позвольте себе покориться бархатной ласке Императорского Уда (oud). Крем для душа очищает кожу, наполняя ее свежими и цитрусовыми нотами в сочетании с мощными нотами Уда и Ветивера.;Нанести крем массажными движениями на увлажненную водой кожу тела. Смыть теплой водой.
19000399447;HI,DEAR Basil&vetiver;гель для душа;Россия;1700;1530;https://goldapple.ru/19000399447-basil-vetiver;3.0;Тонизирующий и мягкий аромат Basil&Vetiver. Он дарит вдохновение, легкость и энергию. Представь бодрящий, чуть терпкий лимонад из свежего базилика и фруктов. Запахи инжира, питахайи, трав, теплой земли сплетаются, создавая ощущение комфорта и неги. Почувствуй беззаботность и чистую радость летнего утра.  Парфюмированный гель для душа превращает ежедневный уход в утончённый ритуал. Его формула создана для мягкого очищения и заботы, чтобы кожа оставалась увлажнённой, упругой и комфортной каждый день. Деликатное очищение: компоненты подходят для всех типов кожи, бережно удаляя загрязнения и сохраняя естественный баланс. Увлажнение и защита: алоэ вера и глицерин насыщают кожу влагой, предотвращая сухость и создавая ощущение комфорта. Уход и восстановление: пантенол успокаивает кожу, повышает её эластичность и помогает поддерживать здоровый вид. Лёгкая текстура: мягкая пена легко смывается, оставляя кожу чистой и свежей, без ощущения стянутости. Гель оставляет на коже яркий, запоминающийся аромат, превращая каждое использование в особенный момент ухода.;Нанести немного геля на влажные руки, вспенить и массажными движениями распределить по телу, смыть водой.
19000328382;YVES ROCHER Bain De Nature Olive;гель для душа;Франция;612;550;https://goldapple.ru/19000328382-bain-de-nature-olive;3.0;Экоформат помогает сократить потребление воды, пластика и углеродный след, что способствует бережному отношению к окружающей среде.  Благодаря моющей основе без сульфатов пышная обволакивающая пена очищает кожу, не пересушивая ее, и дарит нежный аромат.  Продукт позволяет принять душ столько же раз, сколько и флакон объемом 400 мл. При этом для его производства используется в 2 раза меньше пластика.;Выдавите каплю размером с горошину, нанесите на влажную кожу, массируя до образования пены. Тщательно смойте.
19000274094;GIARDINO MAGICO Bouquet di gelsomino;гель для душа;Россия;1750;1750;https://goldapple.ru/19000274094-bouquet-di-gelsomino;3.0;Лёгкая пенящаяся текстура, богата увлажняющими и питательными компонентами бережно очищает, делая поверхность кожи мягкой и нежной. В составе содержится гель алоэ-вера, содержащий витамины и минералы, которые так необходимы в ежедневном уходе.  Экстракт овса сужает поры и создает эффект бархатистости.  Добавленная молочная кислота стабилизирует уровень Ph и прекрасно подходит для чувствительной кожи.   Увлажняющий гель для душа с ароматом Musk, mandarin, santal из парфюмерной коллекции бренда.;Массирующими движениями нанести необходимое количество геля на влажное тело до образования пены. Смыть тёплой водой.
19000310379;ETERIA COSMO Апельсин и гардения;гель для душа;Россия;591;531;https://goldapple.ru/19000310379-apel-sin-i-gardenia;3.0;Сладкий апельсин Сицилии раскроет свою сочность и свежесть, наполняя воздух теплым и ярким ароматом. Гардения добавляет ноты благоухания и элегантности, а аромат душистого горошка придает композиции легкую сладость. Результатом является аромат, который подарит вам чувство летней радости и умиротворения в любое время года.                                                                                                                                                                                                                                                                                                                        Парфюмированный гель для душа: 1. Натуральные экстракты и активные компоненты. 2. Без парабенов, сульфатов и продуктов нефтепереработки.                                                                                                                                                                                                                                                                                                                                                                                   Экологично. Безопасно. Не тестируется на животных.;Нанести небольшое количество продукта на влажную кожу, вспенить, смыть водой.
19000262678;PENHALIGON'S Halfeti;гель для душа;Испания;7100;7100;https://goldapple.ru/19000262678-halfeti;3.0;Познакомьтесь с гелем для душа с чарующим ароматом Halfeti от британского парфюмерного дома Penhaligon’s. Средство оставляет после себя теплый древесный аромат, который позволяет продлить звучание парфюмерной воды. Невозможно не влюбиться в таинственный пряный аромат розы и грейпфрута.;Нанести на кожу, избегая попадания в глаза.
19000398307;PARFUMS CONSTANTINE BOHEMIA Magnificence;гель для душа;Россия;799;463;https://goldapple.ru/19000398307-magnificence;2.82;Погрузитесь в магию аромата с парфюмированным гелем для душа Bohemia Magnificence, который окутывает кожу манящим и притягательным шлейфом. Яркие ноты спелого персика, сверкающего бергамота, экзотического личи и сочного апельсина создают завораживающую композицию, пробуждающую чувства и оставляющую ощущение таинственного притяжения.  Нежная текстура превращает обычный душ в волшебный ритуал ухода, оставляя на теле стойкий, чарующий аромат.  Пирамида аромата: Начальные ноты: персик, бергамот, личи Ноты сердца: апельсин, жасмин, пион Ноты шлейфа: древесные ноты, мускус, мох;Налейте небольшое количество в ладонь или на влажную губку. Помассируйте кожу круговыми движениями, затем смойте. Избегайте контакта с глазами.
99000003336;I'M shower gel;гель для душа;;1990;1990;https://goldapple.ru/99000003336-shower-gel;2.82;Увлажняющий парфюмированный гель для душа с шелковистой пеной превращает ежедневный уход за телом в незабываемую спа-процедуру. Пока вы наслаждаетесь тонким ароматом дорогого парфюма, гель бережно очищает и увлажняет кожу. Его нежная текстура дарит бархатистую гладкость, возвращает эластичность и оставляет после душа долгое ощущение свежести. А соблазнительный, пьянящий шлейф аромата сохраняет стойкость в течение всего дня. Позаботьтесь о своей красоте - подарите телу роскошный уход от I’M.;Нанести на влажное тело небольшое количество геля, равномерно распределить легкими движениями до образования пены. Смыть теплой водой. Подходит для ежедневного применения.
99000036870;HUMAN BEAUTY EVOLUTION VERBENA;гель для душа;;450;288;https://goldapple.ru/99000036870-verbena;2.4;Гель для душа, который нежно очищает кожу, увлажняет ее и дарит ощущение комфорта и чистоты. Главные активные компоненты – экстракт оливы, который борется с обезвоживанием и экстракт зеленого чая, активно замедляющий процесс старения и обладающий антиоксидантным действием.  Искристый и освежающий аромат вербены с лимонной кислинкой смело соединяются с тонкими цветочно-фруктовыми аккордами и терпким и солнечным звучанием бергамота.;Нанесите немного геля на влажную кожу с помощью мочалки или ладоней, деликатно помассируйте, затем смойте тёплой водой.
19000361922;ORGANELL Зеленое манго;гель для душа;Россия;245;220;https://goldapple.ru/19000361922-zelenoe-mango;2.0;Нежный парфюмированный крем-гель для душа с ярким экзотическим ароматом сочного манго прекрасно пенится, бережно очищает и увлажняет кожу, обеспечивает питание. Аромат геля полностью раскрывается на теле во время применения, снимает усталость и стресс, дарит позитивное настроение. Нежная текстура легко наносится и быстро вспенивается, обеспечивая комфортное и эффективное очищение. Подарите своей коже beauty-ритуал с крем-гелями из серии Organell SPA. Состав бережно относится к микробиому кожи и содержит очищающие компоненты из природного сырья. Гель для душа имеет плотную текстуру, отлично пенится и бережно очищает кожу.  Средство содержит натуральные эфирные масла, не содержит мыла, pH-сбалансировано и протестировано под дерматологическим контролем. Подходит для всех типов кожи, для ежедневного применения.;Небольшое количество геля нанести на влажную кожу или мочалку, вспенить и тщательно смыть водой. Подходит для ежедневного использования.
99000065418;SUKHORUKOV BATH & BODYWORKS Essence Of Paradise;гель для душа;;920;368;https://goldapple.ru/99000065418-essence-of-paradise;2.0;Погрузитесь в мир изысканных ароматов и нежного ухода с нашим парфюмированным гелем для душа. Этот уникальный продукт станет настоящим украшением вашей косметики и подарит вам незабываемые моменты релаксации. Гель для душа создан для того, чтобы сделать каждый ваш день особенным, наполняя его свежестью и уютом. Парфюмированный гель для душа Essence of Paradise не только очищает, но и ухаживает за кожей, делая ее мягкой и гладкой. Формула, обогащенная коллагеном, помогает поддерживать упругость и эластичность кожи, а также защищает от негативного воздействия окружающей среды. Вы забудете о сухости и стянутости, ведь после использования этого средства ваша кожа станет бархатистой и увлажненной.;Используйте гель для душа, нанося его на влажную кожу, массируйте до появления пены, затем смойте теплой водой.
99000040221;KULTA KORI Sweet Orange;гель для душа;;425;349;https://goldapple.ru/99000040221-sweet-orange;2.0;Смузи-гель для душа со сладким апельсином - это взрыв цитрусового аромата и энергии, который подарит Вашей коже свежесть и бодрость на весь день. Обогащенный Витаминами и натуральными экстрактами апельсина, этот гель деликатно очищает кожу, увлажняя и тонизируя её. Подходит для всех типов кожи и идеально для утреннего пробуждения.;На влажную кожу тела или мочалку нанести достаточное количество геля, вспенить и распределить по всему телу. Смыть теплой водой. Рекомендован для ежедневного использования.
19000398303;PARFUMS CONSTANTINE BOHEMIA Excelsior;гель для душа;Россия;799;479;https://goldapple.ru/19000398303-excelsior;2.0;Погрузитесь в атмосферу роскоши и утонченности с парфюмированным гелем для душа Bohemia Excelsior. Этот ароматный ритуал очищения создан по мотивам одноименной парфюмерной воды, воплощая гармонию свежести, элегантности и глубины. Искрящийся лимон и прохладный водяной гиацинт дарят бодрящую свежесть, которая плавно раскрывается утонченным сочетанием жасмина, ириса и благородного белого кедра. Мягкая формула геля бережно очищает, не пересушивая кожу, а его увлажняющие компоненты делают ее гладкой и ухоженной. Легкий, но стойкий парфюмированный аромат остается на коже, продлевая ощущение свежести и комфорта.  Пирамида аромата: Начальные ноты: лимон, белый кедр  Ноты сердца: розовый перец, водяной гиацинт, жасмин  Ноты шлейфа: тиковое дерево, ирис, амбра, пачули;Налейте небольшое количество в ладонь или на влажную губку. Помассируйте кожу круговыми движениями, затем смойте. Избегайте контакта с глазами.
19000328381;YVES ROCHER Bain De Nature Wild Algae;гель для душа;Франция;612;550;https://goldapple.ru/19000328381-bain-de-nature-wild-algae;2.0;Экоформат помогает сократить потребление воды, пластика и углеродный след, что способствует бережному отношению к окружающей среде.  Благодаря моющей основе без сульфатов пышная обволакивающая пена очищает кожу, не пересушивая ее, и дарит нежный аромат.  Продукт позволяет принять душ столько же раз, сколько и флакон объемом 400 мл. При этом для его производства используется в 2 раза меньше пластика.;Выдавите каплю размером с горошину, нанесите на влажную кожу, массируя до образования пены. Тщательно смойте.
99000046813;ANYDAY Ветивер и сандаловое дерево;гель для душа;;900;450;https://goldapple.ru/99000046813-vetiver-i-sandalovoe-derevo;2.0;"Парфюмированный гель для душа с обогащённым составом на основе натуральных масел ши и жожоба, центеллы азиатской, алоэ вера, пантенола и витамина Е способствует мягкому очищению, дарит чувство чистоты и оставляет на коже тёплый аромат ветивера и сандалового дерева.  Безопасная формула не содержит парабенов, сульфатов и SLS. Отсутствуют компоненты животного происхождения и красители.  Гель имеет нейтральный pH, подходит для ежедневного применения и всех типов кожи, мягко очищает её и не сушит после мытья. Основные действующие вещества: • Аллантоин является ценным увлажняющим средством для чувствительной и проблемной кожи. Активно защищает кожу от воздействия окружающей среды. Смягчает, эффективно успокаивает раздраженную кожу. Ускоряет регенерацию тканей, устраняет шелушение и сухость. • Сорбитол смягчает и увлажняет кожу, обладает успокаивающим действием, снижает раздражающее действие ПАВ. • Пантенол - эффективный увлажняющий и влагоудерживающий компонент. Смягчает кожу, успокаивает и помогает предотвратить раздражения. Стимулирует восстановление тканей. • Масло ши входит в список ценнейших косметических масел, которые обладают, прежде всего, смягчающими, увлажняющими, сильными защитными и восстанавливающими способностями. Оно глубоко увлажняет и питает кожу, делая её мягкой и шелковистой. Кожа насыщается полезными микроэлементами, а входящие в состав витамины позаботятся, чтобы кожные покровы не получали раздражений.  • Масло жожоба является одним из наиболее ценных масел, применяемых в косметике. Оно обладает хорошей антиоксидантной активностью, увлажняющим, солнцезащитным, ранозаживляющим действием и предотвращает преждевременные признаки старения. Очень быстро впитывается в кожу, смягчает её и способствует всасыванию активных веществ. • Гель алоэ вера глубоко увлажняет, питает, восстанавливает и защищает кожу. Устраняет покраснения и раздражения кожи. • Гиалуроновая кислота - высокоэффективный увлажнитель пролонгированного действия, образующий многослойную увлажняющую сетку на поверхности кожи и препятствующий потере влаги. • Экстракт центеллы азиатской обладает противовоспалительным и ранозаживляющим действием, способствует восстановлению барьерных свойств кожи и удержанию влаги, снижает чувствительность кожи, уменьшает отеки, оказывает сосудоукрепляющее действие и уменьшает купероз. • Витамин Е - мощный антиоксидант, который оберегает липидную мантию кожи и обладает способностью снижать вредное воздействие УФ-лучей на кожу, ""витамин молодости"". Предотвращает пигментацию, регенерирует, замедляет проявление возрастной дряблости. • Бетаин снижает раздражающее воздействие на кожу ПАВ, увлажняет кожу. • Эфирное масло сандала обладает антисептическими свойствами, очищает и тонизируют кожу, увлажняет её, защищает от вредного действия ультрафиолета. Его можно использовать при массаже, так как оно обладает успокоительным действием. Современные медицинские исследования подтвердили способность сандалового масла подавлять воспалительные реакции и дезактивировать свободные радикалы.";Небольшое количество геля нанесите на влажную кожу тела, равномерно распределите лёгкими массажными движениями до образования пены.  Тщательно смойте тёплой водой.
99000065419;SUKHORUKOV BATH & BODYWORKS Baccarat Bliss;гель для душа;;920;368;https://goldapple.ru/99000065419-baccarat-bliss;2.0;Погрузитесь в мир изысканных ароматов и нежного ухода с нашим парфюмированным гелем для душа. Этот уникальный продукт станет настоящим украшением вашей косметики и подарит вам незабываемые моменты релаксации. Гель для душа создан для того, чтобы сделать каждый ваш день особенным, наполняя его свежестью и уютом. Парфюмированный гель для душа Baccarat Bliss не только очищает, но и ухаживает за кожей, делая ее мягкой и гладкой. Формула, обогащенная коллагеном, помогает поддерживать упругость и эластичность кожи, а также защищает от негативного воздействия окружающей среды. Вы забудете о сухости и стянутости, ведь после использования этого средства ваша кожа станет бархатистой и увлажненной.;Используйте гель для душа, нанося его на влажную кожу, массируйте до появления пены, затем смойте теплой водой.
19000421274;BIELITA Белый жасмин & Соленая ваниль;гель для душа;Беларусь;469;328;https://goldapple.ru/19000421274-belyj-zasmin-solenaa-vanil;2.0;Позвольте себе окунуться в атмосферу расслабления с гелем-парфюмом для душа «Белый жасмин & Соленая ваниль». Восточно-цветочная композиция сочетает свежие ноты спелого мандарина и водяного жасмина, гармонично переходящие в теплый аккорд соленой ванили, белого кашемира и амбры. Экстракт ванили питает кожу, увлажняет ее и придает ей мягкость, повышая упругость. Этот гель деликатно очищает, дарит ощущение свежести и тонкий аромат, остающийся на коже после использования.;Нанесите на влажную кожу, вспеньте, смойте водой.
99000065417;SUKHORUKOV BATH & BODYWORKS Fleur Mystique;гель для душа;;920;368;https://goldapple.ru/99000065417-fleur-mystique;2.0;Погрузитесь в мир изысканных ароматов и нежного ухода с нашим парфюмированным гелем для душа. Этот уникальный продукт станет настоящим украшением вашей косметики и подарит вам незабываемые моменты релаксации. Гель для душа создан для того, чтобы сделать каждый ваш день особенным, наполняя его свежестью и уютом. Парфюмированный гель для душа Fleur Mystique не только очищает, но и ухаживает за кожей, делая ее мягкой и гладкой. Формула, обогащенная коллагеном, помогает поддерживать упругость и эластичность кожи, а также защищает от негативного воздействия окружающей среды. Вы забудете о сухости и стянутости, ведь после использования этого средства ваша кожа станет бархатистой и увлажненной.;Используйте гель для душа, нанося его на влажную кожу, массируйте до появления пены, затем смойте теплой водой.
99000065415;SUKHORUKOV BATH & BODYWORKS Noir Afgano;гель для душа;;920;368;https://goldapple.ru/99000065415-noir-afgano;2.0;Погрузитесь в мир изысканных ароматов и нежного ухода с нашим парфюмированным гелем для душа. Этот уникальный продукт станет настоящим украшением вашей косметики и подарит вам незабываемые моменты релаксации. Гель для душа создан для того, чтобы сделать каждый ваш день особенным, наполняя его свежестью и уютом. Парфюмированный гель для душа Noir Afgano не только очищает, но и ухаживает за кожей, делая ее мягкой и гладкой. Формула, обогащенная коллагеном, помогает поддерживать упругость и эластичность кожи, а также защищает от негативного воздействия окружающей среды. Вы забудете о сухости и стянутости, ведь после использования этого средства ваша кожа станет бархатистой и увлажненной.;Используйте гель для душа, нанося его на влажную кожу, массируйте до появления пены, затем смойте теплой водой.
19000274093;GIARDINO MAGICO Ciliegia Intenso;гель для душа;Россия;1750;1750;https://goldapple.ru/19000274093-ciliegia-intenso;2.0;Лёгкая пенящаяся текстура, богата увлажняющими и питательными компонентами бережно очищает, делая поверхность кожи мягкой и нежной. В составе содержится гель алоэ-вера, содержащий витамины и минералы, которые так необходимы в ежедневном уходе.  Экстракт овса сужает поры и создает эффект бархатистости.  Добавленная молочная кислота стабилизирует уровень Ph и прекрасно подходит для чувствительной кожи.   Увлажняющий гель для душа с ароматом Tonka, vanilla, white musk из парфюмерной коллекции бренда.;Массирующими движениями нанести необходимое количество геля на влажное тело до образования пены. Смыть тёплой водой.
19000408311;NICE BY SEPTIVIT Formula Amber Neroli;гель для душа;Россия;629;339;https://goldapple.ru/19000408311-formula-amber-neroli;2.0;Парфюмированный гель для душа NICE окутывает вас пряным ароматом Amber Neroli, где богатое и глубокое сочетание амбры и нероли открывается насыщенными мускусными нотами, которые переплетаются с тонким оттенком морской соли. Питательная формула глубоко увлажняет кожу, даря ощущение свежести и комфорта на весь день.;Нанесите небольшое количество геля на губку/мочалку, вспеньте и распределите по телу, смойте водой.
19000204410;GIARDINO MAGICO Ciliegia Intenso;гель для душа;Россия;2550;2550;https://goldapple.ru/19000204410-ciliegia-intenso;1.8;Лёгкая пенящаяся текстура без сульфатов, богатая увлажняющими и питательными компонентами, бережно очищает, делая поверхность кожи мягкой и нежной. В составе содержится гель алоэ-вера, содержащий витамины и минералы, которые так необходимы в ежедневном уходе.  Экстракт овса сужает поры и создает эффект бархатистости.  Добавленная молочная кислота стабилизирует уровень Ph и прекрасно подходит для чувствительной кожи.   Бессульфатный гель для душа со сладким фруктово-пудровым ароматом Vanilla, Patchouli, Figue.;Массирующими движениями нанести необходимое количество геля на влажное тело до образования пены. Смыть тёплой водой.
19000432375;MALIZIA ROYAL IRIS;гель для душа;Италия;756;362;https://goldapple.ru/19000432375-royal-iris;1.8;Крем для душа с интенсивным и ярким ароматом воплощает в себе могущественную грацию. Позвольте себе покориться шелковистой ласке Королевского Ириса. Крем для душа очищает кожу, наполняя ее нежным ароматом букета белых цветов в сочетании с пьянящими нотами фруктов, янтаря и пачули.;Нанести крем массажными движениями на увлажненную водой кожу тела. Смыть теплой водой.
19000421279;BIELITA Роскошная магнолия & Королевская амбра;гель для душа;Беларусь;469;328;https://goldapple.ru/19000421279-roskosnaa-magnolia-korolevskaa-ambra;1.6;Погрузитесь в атмосферу роскоши с гелем-парфюмом для душа «Роскошная магнолия & Королевская амбра». Насыщенный аромат сочетает свежие фруктовые ноты с изысканным звучанием цветущей магнолии, белых цветов, восточной амбры и сандала.  Экстракт магнолии увлажняет, разглаживает кожу и способствует замедлению процессов старения, возвращая ей упругость и эластичность. Это не просто средство для очищения, а ритуал красоты, который подарит вашей коже мягкость и восхитительный ароматный шлейф.;Нанесите на влажную кожу, вспеньте, смойте водой.
19000408314;NICE BY SEPTIVIT Formula Cherry Love;гель для душа;Россия;629;314;https://goldapple.ru/19000408314-formula-cherry-love;1.6;Парфюмированный гель для душа NICE окутывает вас богатым и глубоким ароматом Cherry Love с оттенками спелой вишни и сладкого вишневого ликера, которые сочетаются с теплым ореховым нюансом горького миндаля. Питательная формула глубоко увлажняет кожу, даря ощущение свежести и комфорта на весь день.;Нанесите небольшое количество геля на губку/мочалку, вспеньте и распределите по телу, смойте водой.
19000312166;AROMAGEN wildflowers tea;гель для душа;Россия;770;616;https://goldapple.ru/19000312166-wildflowers-tea;1.6;Гель для душа бережно очистит и увлажнит кожу, укутывая вас приятным и освежающим ароматом.   Мягкая плотная пена бережно заботится о коже, не оставляя ощущения стянутости и сухости. Плотная текстура позволяет расходовать средство экономичнее. Гармоничное сочетание мягких ингредиентов позволяет сохранить естественный баланс кожи, придать ей тонус и здоровый свежий вид. Аромат идеально подходит, когда хочется быть в гармонии с собой и природой, совершенно не навязчивый и не обязывающий, очень оптимистичный, воздушный, аромат чистоты. Мята, ревень, фенхель благоухают легко и тонко. Терпкие ноты бергамота и сладкого лимона сочные и свежие веют прохладой. С этим ароматом невозможно грустить, очень поднимает настроение. Он простой и незатейливый, но всегда уместный. Легкий аромат о летних мечтах. О чае на веранде и теплых летних вечерах. Верхние ноты: бергамот, мята, ревень. Средние ноты: лимон, жасмин. Базовые ноты: зеленый чай, фенхель.;Небольшое количество геля нанести на влажную кожу тела или на губку, вспенить, смыть теплой водой.
19000328379;YVES ROCHER Bain De Nature Raspberry;гель для душа;Франция;612;550;https://goldapple.ru/19000328379-bain-de-nature-raspberry;1.0;Экоформат помогает сократить потребление воды, пластика и углеродный след, что способствует бережному отношению к окружающей среде.  Благодаря моющей основе без сульфатов* пышная обволакивающая пена очищает кожу, не пересушивая ее, и дарит нежный аромат.  Продукт позволяет принять душ столько же раз, сколько и флакон объемом 400 мл. При этом для его производства используется в 2 раза меньше пластика.;Выдавите каплю размером с горошину, нанесите на влажную кожу, массируя до образования пены. Тщательно смойте.
19000398310;PARFUMS CONSTANTINE BOHEMIA Night dreams;гель для душа;Россия;799;479;https://goldapple.ru/19000398310-night-dreams;1.0;Парфюмированный гель для душа Bohemia Night Dreams оставляет ощущение загадочной восточной ночи, где тепло пряных аккордов сочетается с многогранной глубиной аромата.  Бархатистые табачные ноты переплетаются с насыщенным какао, создавая чувственный и согревающий шлейф, а древесные оттенки и сладкие бобы тонка придают композиции изысканность и стойкость.  Пирамида аромата: Начальные ноты: лист табака, пряности Ноты сердца: ваниль, какао, бобы тонка, цветок табака  Ноты шлейфа: сухофрукты и древесные ноты;Налейте небольшое количество в ладонь или на влажную губку. Помассируйте кожу круговыми движениями, затем смойте. Избегайте контакта с глазами.
19000459394;МАСТЕРСКАЯ ОЛЕСИ МУСТАЕВОЙ Аромат молний;гель для душа;Россия;852;681;https://goldapple.ru/19000459394-aromat-molnij;1.0;"Нежный парфюмированный бессульфатный гель для душа бережно очищает, не пересушивает и деликатно очищает кожу. Легко удаляет загрязнения и мягко пенится, давая шелковистую пену и не нарушая гидролипидный баланс кожи. После смывания оставляет на коже элегантный интимный шлейф. Можно использовать как ароматную пену для ванн. Гель идеально подходит для ежедневного использования: он легко смывается водой и оставляет ощущение свежести и чистоты на весь день. Аромат «Дом Молний» вдохновлен одним из главных героев фэнтези-сериала «Этерна» — повелителем Дома Молний Робером Эпинэ. Этот аромат не кричит о себе, но остаться незамеченным не может. Он глубокий, сдержанный. Как и сам Робер, кто первым умеет отделить главное от шелухи, даже когда остальные ещё не осознали перемен. Аромат начинается с искристого разряда специй — пряные, будоражащие ноты, словно молния, рассекают воздух, смешиваясь с терпкой вишней. У Эпинэ есть свои внутренние противоречия и уязвимость. Вишня в аромате — его скрытая сердечность и страсть; и это не слабость, а глубокая, почти болезненная эмоциональность. Кожа — его личная история, опыт, шрамы: часть прошлого, что не стесняется быть видимой, но и не выставляет напоказ. Кожа здесь не резкая: она, наоборот, словно обложка любимой книги или переплёт старого дневника — сдержанная, прочная, много повидавшая. Ваниль не дрожит сладостью, а примиряет ноты между собой, окутывает их, как мягкий плед, служит фоном — и для людей, и для их разговоров. Поразительный тёплый мягкий кожаный эликсир, скруглённый сдержанной ванилью и уютной вишней!";Вспенить небольшое количество геля в ладонях или на мочалке, массажными движениями распределить по коже.  Тщательно смыть водой.   При возникновении реакции на продукт снизить частоту применения или отменить.
19000459392;МАСТЕРСКАЯ ОЛЕСИ МУСТАЕВОЙ Аромат ветров;гель для душа;Россия;852;766;https://goldapple.ru/19000459392-aromat-vetrov;1.0;Нежный парфюмированный бессульфатный гель для душа бережно очищает, не пересушивает и деликатно очищает кожу. Легко удаляет загрязнения и мягко пенится, давая шелковистую пену и не нарушая гидролипидный баланс кожи. После смывания оставляет на коже элегантный интимный шлейф. Можно использовать как ароматную пену для ванн. Гель идеально подходит для ежедневного использования: он легко смывается водой и оставляет ощущение свежести и чистоты на весь день. Аромат «Дом Ветра» вдохновлен одним из главных героев фэнтези-сериала «Этерна» – первым маршалом Рокэ Алва. Этот аромат подобен самому Рокэ — целеустремленному, многогранному, внешне холодному, но таящему в себе подлинную страсть и ураган противоречий. Легкая фруктовая кислинка открывает этот аромат стремительным, почти искрящимся вихрем: свежий, дерзкий, с той самой жгучей яркостью южного солнца, что не смолкает даже в сильный ветер. Ноты вспыхивают острой радостью и беззаботностью — словно первая фраза в остроумном диалоге Рокэ, где за внешней лёгкостью всегда скрывается тонкая игра. Мускусные ноты и амбра создают округлый неповторимый шлейф, словно послевкусие хорошего вина, — в нём есть и терпкость, и сдержанная страсть, и благородство, которое не требует доказательств. Пачули завершает композицию землистым, тёмным оттенком, напоминая, что за лёгкой улыбкой и южной щедростью скрыта сила духа, умение хранить верность себе и своим друзьям. Каждый найдет в аромате свой свежий, яркий и темпераментный ветер!;Вспенить небольшое количество геля в ладонях или на мочалке, массажными движениями распределить по коже.  Тщательно смыть водой.   При возникновении реакции на продукт снизить частоту применения или отменить.
19000330834;GIARDINO MAGICO CASHMERE WOOD, TOBACCO, LEATHER;гель для душа;Россия;1750;1750;https://goldapple.ru/19000330834-cashmere-wood-tobacco-leather;1.0;Лёгкая пенящаяся текстура без сульфатов, богатая увлажняющими и питательными компонентами, бережно очищает, делая поверхность кожи мягкой и нежной.  В составе содержится гель алоэ-вера, содержащий витамины и минералы, которые так необходимы в ежедневном уходе. Экстракт овса сужает поры и создает эффект бархатистости. Добавленная молочная кислота стабилизирует уровень Ph и прекрасно подходит для чувствительной кожи.  Бессульфатный гель для душа с сладко-бальзамическим насыщенным ароматом Cherry & Oud.;Массирующими движениями нанести необходимое количество геля на влажное тело до образования пены. Смыть тёплой водой.
19000408313;NICE BY SEPTIVIT Formula Tobacco Vanilla;гель для душа;Россия;629;503;https://goldapple.ru/19000408313-formula-tobacco-vanilla;1.0;Парфюмированный гель для душа NICE окутывает вас теплым ароматом Tobacco Vanilla, где восточная пряная парфюмерная композиция сочетает в себе ноты терпкого листа табака, нежной ванили и какао бобов, которые переплетаются с тонкими аккордами пачули. Питательная формула глубоко увлажняет кожу, даря ощущение свежести и комфорта на весь день.;Нанесите небольшое количество геля на губку/мочалку, вспеньте и распределите по телу, смойте водой.
99000048320;LIBÉ Tabacco Vanilla;гель для душа;;1150;966;https://goldapple.ru/99000048320-tabacco-vanilla;1.0;Гель для душа Tabacco Vanilla – это сочетание роскоши, заботы и утонченного аромата, которое превратит обычный душ в ритуал удовольствия. Его формула создана для тех, кто ищет комплексный уход: очищение, увлажнение и ароматерапия в одном флаконе. Гель для душа мужской или гель для душа женский - не важно, ведь он универсальный. Аромат табак ваниль, который покоряет. Глубокие, насыщенные нотки табака в дуэте с нежной сладостью ванили создают изысканную композицию, которая оставляет на коже тонкий шлейф. Идеальная формула для кожи: мягкая, шелковистая пенка деликатно очищает, придавая коже бархатистость. Благодаря мочевине и аллантоину, гель для душа активно увлажняет и успокаивает кожу, предотвращая ощущение сухости даже при ежедневном использовании. Натуральные компоненты: комплекс активных веществ бережно ухаживает за кожей, сохраняя её здоровье и естественное сияние. Мочевина способствует глубокому увлажнению, а аллантоин смягчает и ускоряет регенерацию клеток.;Небольшое количество геля нанести на влажную кожу, вспенить, смыть водой.
19000432374;MALIZIA LUXURY AMBER;гель для душа;Италия;756;355;https://goldapple.ru/19000432374-luxury-amber;1.0;Обладает ярким ароматом, который подтверждает его уникальность. Позвольте себе быть покоренным теплотой и лаской роскошного янтаря. Крем для душа очищает кожу, наполняя ее пряным ароматом, в котором чувственная нота туберозы сочетается с нотами Tonka Bean и янтаря.;Нанести крем массажными движениями на увлажненную водой кожу тела. Смыть теплой водой.
80620100016;SISLEY Eau de Campagne Bath and Shower Gel;гель для душа;;9350;7480;https://goldapple.ru/80620100016-eau-de-campagne-bath-and-shower-gel;1.0;Гель для душа Sisley Eau de Campagne Bath and Shower Gel — насыщенный, пенообразующий, в котором основой являются растительные экстракты ромашки, моркови и красного винограда. Гель Eau de Campagne Bath and Shower Gel насыщен ароматическими маслами базилика, лимона и бергамота. Превосходное очищение кожи этим гелем для душа подарит незабываемые ощущения. С данным гелем Sisley будто сама природа ухаживает за телом и обогащает его всеми своими витаминно-минеральными комплексами. Превосходно очищает, не пересушивает, дарит мягкость и аромат с нотами превосходного жасмина, сочной сливы и благоухающего ландыша. Гель для душа завершен нотами сливы и герани. Кожа после использования геля для душа: мягкая, шелковистая и приятно пахнет.;Использовать в душе, для очищения кожи тела, также можно использовать как парфюмированный шампунь или как средство для принятия пенных ванн.  2-3  нажатия на дозатор достаточно как для душа, так и для ванны.
19000312168;AROMAGEN Cherry Black;гель для душа;Россия;770;770;https://goldapple.ru/19000312168-cherry-black;1.0;Гель для душа Cherry Black бережно очистит и увлажнит кожу, укутывая Вас теплым ароматом с нотами черешни, миндаля, сантала и бобов тонка. Мягкая плотная пена бережно заботится о коже, не оставляя ощущения стянутости и сухости. Плотная текстура позволяет расходовать средство экономичнее. Гармоничное сочетание мягких ингредиентов позволяет сохранить естественный баланс кожи, придать ей тонус и здоровый свежий вид. Верхняя нота: миндаль, черешня, вишневый ликер. Средние ноты: жасмин, турецкая роза. Базовые ноты: бобы тонка, сандал, ветивер, кедр.;Небольшое количество геля нанести на влажную кожу тела или на губку, вспенить, смыть теплой водой.
19000263817;MAISON FRANCIS KURKDJIAN 724;гель для душа;Франция;9500;9500;https://goldapple.ru/19000263817-724;1.0;Парфюмированный гель для рук и тела 724 с кремовой текстурой мусса бережно очищает кожу, оставляя нежный аромат. Кожа ощущает комфорт, увлажненная и бархатистая.  Элегантный, современный и притягательный аромат 724 приглашает вас почувствовать ритм города. Под аккорды бергамота, белых цветов и чувственного мускуса, 724 передает то, что объединяет все мегаполисы: вибрирующую энергию, резонирующую в унисон, как пульсация с частотой 724-удара-в-минуту.             Нежная текстура геля, заключенная в элегантный флакон с иконическим синим цветом 724, дарит коже моментальное ощущение защиты. Чтобы насладиться моментом ухода за собой и продлить звучание вашего аромата 724,  попробуйте также парфюмированный лосьон для тела  724.;Нанести на влажную кожу, избегая попадания в глаза, распределить по телу, смыть достаточным количеством воды. При необходимости повторить.
19000412765;YVES ROCHER Comme Une Evidence;гель для душа;Франция;1052;946;https://goldapple.ru/19000412765-comme-une-evidence;1.0;Откройте для себя всю гармонию композиции Comme une Evidence в геле для душа, который бережно очищает кожу и оставляет на ней деликатный аромат. Идеальный продукт, чтобы продлить звучание нашего культового цветочного шипра, неподвластного времени. Аромат: Бергамот - Дамасская Роза - Пачули. Текстура: нежная гелевая.  Преимущество: очищает кожу и дарит легкий ароматComme une Evidence, или Как Явность. Сортируя отходы, вы каждый раз помогаете дать им вторую жизнь.;Нанесите на влажную кожу, помассируйте, тщательно смойте. Избегайте попадания в глаза.
19000407719;DILIS #4 GIN&TONIC;гель для душа;Беларусь;767;690;https://goldapple.ru/19000407719-4-gin-tonic;1.0;Уход, который вдохновляет и радует! Позвольте себе насладиться мгновениями абсолютной гармонии и красоты с dilis mono collection! Гель бережно очищает, увлажняет и смягчает. Парфюмированные гели для душа dilis mono collection деликатно очищают и увлажняют кожу, помогая ей оставаться здоровой и увлажненной. Алоэ вера поддерживает оптимальный уровень увлажненности кожи, успокаивает раздражения и покраснения, мочевина интенсивно увлажняет кожу, отшелушивает ороговевшие клетки, способствуя обновлению кожи. Ароматы парфюмерной коллекции dilis mono collection наполняют кожу нежным шлейфом, оставляя ощущение свежести и ухоженности. Семейство - фруктовые цветочные. Начальные ноты - ягоды можжевельника, акватические ноты. Сердечные ноты - джин, лайм. Шлефовые ноты - дубовых мох, амбра.;Нанесите гель для душа на влажные ладони или губку, вспеньте до создания густой пены, равномерно распределите массирующими движениями по телу и смойте теплой водой. Для усиления стойкости аромата и создания обволакивающего шлейфа дополните образ духами коллекции Dilis Mono Collection.
99000111286;AMAL DE MAR VANILLA, AMBER, PATCHOULI;гель для душа;Россия;1490;983;https://goldapple.ru/99000111286-vanilla-amber-patchouli;1.0;Парфюмированный гель для душа — это настоящий ритуал ухода за кожей, который подарит вам ощущение роскоши и комфорта. Его богатая формула, обогащенная амброй, ванилью и пачули, окутает вас изысканным ароматом, а нежные очищающие компоненты бережно удалят загрязнения, не нарушая естественный баланс кожи. Гель идеально подходит для всех типов кожи и особенной для сухой, оставляя ее мягкой, увлажненной и шелковистой. Большого объема геля с минимальным расходом и густой пеной хватит на 5-6 месяцев использования, что делает его идеальным выбором для ежедневного ухода.;Нанести гель на влажную кожу или мочалку, вспенить и распределить по телу, смыть теплой водой.
19000410783;OXYGEN HOME Кашемир;гель для душа;Россия;696;626;https://goldapple.ru/19000410783-kasemir;1.0;Изысканный и элегантный аромат. Аромат начинается нежным всплеском апельсиновых цветов с нежным цитрусовым оттенком, к ним присоединяется жасмин самбак. Далее идет теплое и душистое миндальное молоко совместно со сладко-свежим ирисом и древесными нотами. Финальный аккорд дымный пачули с нотами идеально выделанной кожи и бархатистой замши и кашемира.;Небольшое количество крем-геля нанесите на влажную кожу тела массирующими движениями.Смойте теплой водой.
99000046811;ANYDAY можжевельник и кедр;гель для душа;;1100;550;https://goldapple.ru/99000046811-juniper-cedarwood;1.0;"Парфюмированный гель для душа с обогащённым составом на основе натуральных масел ши и жожоба, центеллы азиатской, алоэ вера, пантенола и витамина Е способствует мягкому очищению, дарит чувство чистоты и оставляет на коже хвойно-древесный аромат можжевельника и кедра. Безопасная формула не содержит парабенов, сульфатов и SLS. Отсутствуют компоненты животного происхождения и красители. Гель имеет нейтральный pH, подходит для ежедневного применения и всех типов кожи, мягко очищает её и не сушит после мытья. Парфюмированный гель с эфирным маслом кедра в составе, поэтому имеет насыщенный и яркий запах. Основные действующие вещества: • Аллантоин является ценным увлажняющим средством для чувствительной и проблемной кожи. Активно защищает кожу от воздействия окружающей среды. Смягчает, эффективно успокаивает раздраженную кожу. Ускоряет регенерацию тканей, устраняет шелушение и сухость; • Сорбитол смягчает и увлажняет кожу, обладает успокаивающим действием, снижает раздражающее действие ПАВ; • Пантенол - эффективный увлажняющий и влагоудерживающий компонент. Смягчает кожу, успокаивает и помогает предотвратить раздражения. Стимулирует восстановление тканей; • Масло ши входит в список ценнейших косметических масел, которые обладают, прежде всего, смягчающими, увлажняющими, сильными защитными и восстанавливающими способностями. Оно глубоко увлажняет и питает кожу, делая её мягкой и шелковистой. Кожа насыщается полезными микроэлементами, а входящие в состав витамины позаботятся, чтобы кожные покровы не получали раздражений; • Масло жожоба является одним из наиболее ценных масел, применяемых в косметике. Оно обладает хорошей антиоксидантной активностью, увлажняющим, солнцезащитным, ранозаживляющим действием и предотвращает преждевременные признаки старения. Очень быстро впитывается в кожу, смягчает её и способствует всасыванию активных веществ; • Гель алоэ вера глубоко увлажняет, питает, восстанавливает и защищает кожу. Устраняет покраснения и раздражения кожи; • Гиалуроновая кислота - высокоэффективный увлажнитель пролонгированного действия, образующий многослойную увлажняющую сетку на поверхности кожи и препятствующий потере влаги; • Экстракт центеллы азиатской обладает противовоспалительным и ранозаживляющим действием, способствует восстановлению барьерных свойств кожи и удержанию влаги, снижает чувствительность кожи, уменьшает отеки, оказывает сосудоукрепляющее действие и уменьшает купероз; • Витамин Е - мощный антиоксидант, который оберегает липидную мантию кожи и обладает способностью снижать вредное воздействие УФ-лучей на кожу, ""витамин молодости"". Предотвращает пигментацию, регенерирует, замедляет проявление возрастной дряблости; • Бетаин снижает раздражающее воздействие на кожу ПАВ, увлажняет кожу; • Эфирное масло кедра обладает сильными противомикробными, антисептическими, иммуномодулирующими свойствами, помогает бороться с простудными заболеваниями. Прекрасное средство для проблемной кожи, снимает воспаления и раздражения, ускоряет регенерацию кожи. Успокаивает кожу, обеспечивая лифтинг и повышение упругости. Гель для душа парфюмированный подходит мужчинам и женщинам, упакован в компактный флакон софт-тач с удобной откидной крышкой, который приятно держать в руке и удобно брать с собой в поездки и путешествия.";Небольшое количество геля нанесите на влажную кожу тела, равномерно распределите лёгкими массажными движениями до образования пены. Тщательно смойте тёплой водой.
19000348249;ZOLLIDER Premium;гель для душа;Россия;353;300;https://goldapple.ru/19000348249-premium;1.0;Гель для душа Zollider Premium – парфюмированное средство, объединяющее в себе свойства шампуня для волос и геля для душа. Создан специально для мужчин, которые ценят комплексный уход, свежесть и притягательные ароматы. Превосходно увлажняет, питает, восстанавливает, очищает и освежает кожу тела, головы и волосы. Натуральный экстракт гуараны и активный комплекс Energy Boost тонизируют и заряжают энергией на весь день. А формула, обогащённая таурином способствует обновлению и восстановлению кожи, смягчает её и напитывает влагой.  Обильное пенообразование превратят привычную процедуру принятия душа в настоящее удовольствие. Компактный флакон объёмом 250 мл и экономичный расход делают использование Zollider Premium удобным и выгодным.  Аромат Zollider Premium — настоящая парфюмерная симфония. Сначала радостная серия ярких и искрящихся нот: свежесть грейпфрута, мяты и красного мандарина. За ними следуют насыщенные сердечные ноты: экстракт розы, корицы и пряностей и заключительный бархатистый аккорд из ароматов кожи, белой древесины, стиракса (смолы амбрового дерева) и индонезийских пачулей.  Zollider Premium – выбор мужчин, которые предпочитают качество, универсальность и эффективность в уходе за собой. Zollider – мужской порядок и ничего лишнего!;Нанесите небольшое количество геля-шампуня на тело и волосы, помассируйте и смойте пену теплой водой. При необходимости повторите.
19000408356;MIKO Виноград и розовый перец;гель для душа;Россия;963;645;https://goldapple.ru/19000408356-vinograd-i-rozovyj-perec;1.0;Порадуй себя ярким ароматным гелем для душа Виноград и розовый перец!  Нежная натуральная пена не сушит кожу, а экстракт винограда будет обновляет и увлажняет кожу день за днём.  Аромат геля для душа Виноград и розовый перец — это утончённое сочетание сладости и пикантности.  Насыщенный, сочный запах спелого винограда наполняет атмосферу фруктовыми нотами, вызывая ассоциации с теплыми солнечными днями.  Розовый перец привносит лёгкую горчинку и освежающую пряность, добавляя загадочности и яркости. Вместе они создают гармоничную композицию, которая тонизирует и вдохновляет, даря ощущение изысканности и свежести.;Нанести небольшое количество геля на мочалку или ладонь, распределить по всему телу, смыть водой. Избегать попадания в глаза, при попадании в глаза - промыть водой.
19000361917;ORGANELL Абрикосовый пунш;гель для душа;Россия;245;220;https://goldapple.ru/19000361917-abrikosovyj-puns;1.0;Парфюмированный крем-гель для душа Абрикосовый пунш обеспечивает нежное очищение и роскошный аромат спелого абрикоса для эффективного ухода за кожей. Густая формула мгновенно образует обильную пену, бережно очищает кожу. Гель легко и полностью смывается водой, не оставляет плёнку на коже. Подарите своей коже beauty-ритуал с крем-гелями из серии Organell SPA. Состав бережно относится к микробиому кожи и содержит очищающие компоненты из природного сырья. Гель для душа имеет плотную текстуру, отлично пенится и бережно очищает кожу. Средство содержит натуральные эфирные масла, не содержит мыла, pH-сбалансировано и протестировано под дерматологическим контролем. Подходит для всех типов кожи, для ежедневного применения.;Небольшое количество геля нанести на влажную кожу или мочалку, вспенить и тщательно смыть водой. Подходит для ежедневного использования.
99000111889;AMAL DE MAR BLACK PEPPER, AMBER, NEROLI;гель для душа;Россия;1490;983;https://goldapple.ru/99000111889-black-pepper-amber-neroli;1.0;Гель создан только из экологически чистых и высококачественных ингредиентов, включая французские отдушки, и имеет аромат Black Pepper, Amber & Neroli. Насыщенный яркий аромат амбры и черного перца создают уникальный и запоминающийся шлейф, который окутает Вас с первых секунд использования. В результате ежедневного ухода происходит глубокое и бережное очищение от загрязнений с сохранением естественного баланса кожи, повышение её тонуса и упругости. Помимо очищения и увлажнения, гель обладает выраженным смягчающим действием.м.;Нанести гель на влажную кожу или мочалку, вспенить и распределить по телу, смыть теплой водой.  Также можно использовать в качестве пены для ванн: добавьте немного геля в воду, и аромат распространится по всему помещению, а Вы почувствуете себя в спа-салоне.
19000399455;HI,DEAR Basil&vetiver;гель для душа;Россия;400;360;https://goldapple.ru/19000399455-basil-vetiver;0.8;Тонизирующий и мягкий аромат Basil&Vetiver. Он дарит вдохновение, легкость и энергию. Представь бодрящий, чуть терпкий лимонад из свежего базилика и фруктов. Запахи инжира, питахайи, трав, теплой земли сплетаются, создавая ощущение комфорта и неги. Почувствуй беззаботность и чистую радость летнего утра.  Парфюмированный гель для душа в тревел-формате — удобный способ познакомиться с изысканным уходом бренда и всегда иметь под рукой средство для заботы о себе. Деликатное очищение: компоненты подходят для всех типов кожи, бережно удаляя загрязнения и сохраняя естественный баланс. Увлажнение и защита: алоэ вера и глицерин насыщают кожу влагой, предотвращая сухость и даря комфорт. Уход и восстановление: пантенол успокаивает кожу, повышает её эластичность и помогает сохранить здоровый вид. Лёгкость в использовании: мягкая пена легко смывается, оставляя кожу чистой и свежей, без ощущения стянутости. Практичный формат для путешествий, насыщенного дня или первого знакомства с ароматами;Нанести немного геля на влажные руки, вспенить и массажными движениями распределить по телу, смыть водой.
99000055148;APEX MAX Bergamot and Thyme;гель для душа;;309;294;https://goldapple.ru/99000055148-bergamot-and-thyme;0.8;Бережно и эффективно очищает, нейтрализует запахи. Мыло помогает устранить бактерии с кожи рук. Густая пена мягко удаляет загрязнения, поддерживая естественный pH кожи. Легко смывается. Подходит для частого использования. Имеет легкий аромат.;Нанести небольшое количество геля на влажную кожу, тщательно распределить руками или мочалкой, смыть проточной водой.
99000036885;HUMAN BEAUTY EVOLUTION MANGO;гель для душа;;450;288;https://goldapple.ru/99000036885-mango;0.8;Женский гель для душа, который нежно очищает кожу, увлажняет ее и дарит ощущение комфорта и чистоты.  Главные активные компоненты – экстракт оливы, который борется с обезвоживанием и экстракт зеленого чая, активно замедляющий процесс старения и обладающий антиоксидантным действием.  Аромат спелого солнечного манго заполняет собой всё пространство, сменяясь бодрящими аккордами мякоти сочного персика, кокоса и экзотических фруктов.  В интернет-магазине представлен актуальный дизайн продукта. Обращаем внимание, возможно поступление товара в старом дизайне.;Нанесите немного геля на влажную кожу с помощью мочалки или ладоней, деликатно помассируйте, затем смойте тёплой водой.
19000345822;FAMILY FOREVER FACTORY Sensitive;гель для душа;Беларусь;530;397;https://goldapple.ru/19000345822-sensitive;0.8;Нежная пенка и уютный аромат для деликатного ухода!  Гель-масло при контакте с водой превращается в мягкую пенку и бережно очищает даже самую чувствительную кожу.  Обеспечивает длительное увлажнение и комфорт коже без чувства сухости и стянутости.  Д-пантенол предотвращает обезвоженность кожи.  Снимает стресс кожи. Масло зародышей пшеницы - улучшает состояние кожи, смягчает и питает ее, избавляет от сухости и шелушения. Голубая матча природный антиоксидант, тонизирует, защищает от негативного воздействия внешних факторов. Пирамида аромата: фрезия, зеленый чай, цветы вишни, сладкая амбра, мускус.;Мягкими массирующими движениями нанесите гель-масло на кожу. Смойте водой.
19000431138;PENHALIGON'S Endymion;гель для душа;Испания;7100;7100;https://goldapple.ru/19000431138-endymion;0.8;Гель для душа с культовым ароматом Endymion, вдохновленным легендой о самом красивом сыне Зевса. Сочетание нот кофе, насыщенного мускатного ореха и свежего мандарина для роскошного ритуала принятия ванны. Средство позволяет продлить звучание таинственного и чувственного аромата Endymion.;Нанести на кожу, избегая попадания в глаза.
19000361927;ORGANELL Сладкий бергамот;гель для душа;Россия;245;220;https://goldapple.ru/19000361927-sladkij-bergamot;0.6;Парфюмированный крем-гель для душа деликатно очищает кожу и придаёт ей сочный и многогранный аромат сладкого бергамота. Средство тонизирует и освежает кожу. Яркий, освежающий аромат бергамота с лёгкой горчинкой и неизменной терпкостью придаст спокойной уверенности и решительности. Подарите своей коже beauty-ритуал с крем-гелями из серии Organell SPA. Состав бережно относится к микробиому кожи и содержит очищающие компоненты из природного сырья. Гель для душа имеет плотную текстуру, отлично пенится и бережно очищает кожу. Средство содержит натуральные эфирные масла, не содержит мыла, pH-сбалансировано и протестировано под дерматологическим контролем. Подходит для всех типов кожи, для ежедневного применения.;Небольшое количество геля нанести на влажную кожу или мочалку, вспенить и тщательно смыть водой. Подходит для ежедневного использования.
19000307873;MATIERE PREMIERE Vanilla Powder;гель для душа;Франция;7850;7065;https://goldapple.ru/19000307873-vanilla-powder;0.6;Гель для душа и рук VANILLA POWDER образует густую пену, легко смывается.  Оно сделает вашу кожу чистой, мягкой и наполнит ее ароматом шелковистых древесно-ванильных нот аромата VANILLA POWDER.;Нанести небольшое количество геля на влажную кожу, вспенить, смыть водой, избегая попадания в глаза.
99000053919;JARDIN DE ROSAS Rose & Sandal;гель для душа;;999;749;https://goldapple.ru/99000053919-rose-sandal;0.4;Парфюмированный гель для душа с эффектом увлажнения и тонизирования бережно заботится о коже благодаря гидролату жасмина и пантенолу в составе. Он дарит ощущение свежести и комфорта, оставляя кожу мягкой и сияющей.;Нанести необходимое количество на влажную кожу, помассировать и смыть водой. При необходимости повторить.
19000398305;PARFUMS CONSTANTINE BOHEMIA Illusion;гель для душа;Россия;799;479;https://goldapple.ru/19000398305-illusion;0.4;Погрузитесь в многогранную цветочную феерию с парфюмированным гелем для душа Bohemia Illusion. Яркие ягоды малины переплетаются с искристой свежестью нероли, раскрываясь в сердце композиции роскошными нотами жасмина. Теплая ваниль придает аромату мягкость и соблазнительность, оставляя на коже тонкий, обволакивающий шлейф.  Пирамида аромата: Начальные ноты: красная малина, мандарин, нероли  Ноты сердца: жасмин, апельсиновый цвет  Ноты шлейфа: сандал, гелиотроп, сладкая ваниль;Налейте небольшое количество в ладонь или на влажную губку. Помассируйте кожу круговыми движениями, затем смойте. Избегайте контакта с глазами.
19000406041;APOLLONIA Purity;гель для душа;Россия;819;737;https://goldapple.ru/19000406041-purity;0.2;Парфюмированный гель для душа с ароматом свежих нот розового перца, пиона, фиалки и древесно-мускусных аккордов. Деликатно очищает кожу, оставляя ее увлажненной и насыщенной приятным ароматом.;Вспеньте гель в ладонях или при помощи мочалки, нанесите массажными движениями на влажную кожу. Тщательно смойте водой.
19000459395;МАСТЕРСКАЯ ОЛЕСИ МУСТАЕВОЙ Аромат скал;гель для душа;Россия;852;766;https://goldapple.ru/19000459395-aromat-skal;;Нежный парфюмированный бессульфатный гель для душа бережно очищает, не пересушивает и деликатно очищает кожу. Легко удаляет загрязнения и мягко пенится, давая шелковистую пену и не нарушая гидролипидный баланс кожи. После смывания оставляет на коже элегантный интимный шлейф. Можно использовать как ароматную пену для ванн. Гель идеально подходит для ежедневного использования: он легко смывается водой и оставляет ощущение свежести и чистоты на весь день. Аромат вдохновлён «Домом Скал» и одним из ключевых героев фэнтези-сериала «Этерна» — Ричардом Окделлом, вечно стоящим на границе выбора, между страхом и дерзостью, нежностью и мужеством, чувством и долгом. Начало его — резкое и звонкое, словно утренний ветер, проносящийся меж каменных выступов. Базилик и розмарин звучат здесь свежо и пронзительно, как терпкий зелёный налёт на мокрых скалах, как пряный шёпот дикой травы, цепляющейся за расщелины. Затем в аромат проникает лаванда — она приносит прохладу, каплю меланхолии, словно слабая тень у подножия скал. Её аромат не умиротворяет, а, напротив, подчёркивает тревожность начала, словно внутренний спор героической и ранимой природы. В сердце неожиданно вспыхивает яблоко — яркое, сочное, свежее. Эта нота придаёт оттенок тоски неразделённой любви и в то же время порыв внезапной надежды. Финальный штрих — тёплый древесный сандал и мускус. Это уже сами недра скал, глубина, фундамент. Сандал придаёт аромату мягкость, словно порода, хранящая тепло старого солнца. Мускус перебрасывает еле уловимый мост между природной грубостью скал и тёплой кожей того, кто к ним прикасается. Живой аромат свежести и надежды как напоминание о том, что и среди суровых скал бывают неожиданные радости!;Вспенить небольшое количество геля в ладонях или на мочалке, массажными движениями распределить по коже.  Тщательно смыть водой.   При возникновении реакции на продукт снизить частоту применения или отменить.
19000398309;PARFUMS CONSTANTINE BOHEMIA Moonstone;гель для душа;Россия;799;479;https://goldapple.ru/19000398309-moonstone;;Парфюмированный гель для душа Bohemia Moonstone – воплощение вечерней роскоши и притягательной яркости. Аромат открывается сочной грушей, переплетающейся с гурманскими нотами пралине и карамели, создавая соблазнительное и теплое звучание. Черная роза добавляет композиции глубины и мистической элегантности, окутывая кожу утонченным, стойким шлейфом.  Bohemia Moonstone оставляет на коже манящую вуаль аромата, подчеркивая ваше очарование.  Пирамида аромата: Начальные ноты: груша, анжерин, бергамот  Ноты сердца: чёрная роза, орхидея, клубника, маракуйя Ноты шлейфа: пралине, карамель, личи, ваниль, пачули, кофе, лакричник;Налейте небольшое количество в ладонь или на влажную губку. Помассируйте кожу круговыми движениями, затем смойте. Избегайте контакта с глазами.
99000110196;BIOTHAL Cherry;гель для душа;Россия;1895;728;https://goldapple.ru/99000110196-cherry;;Парфюмированный гель для душа Спелая Вишня — это не просто средство для очищения кожи, а настоящее ритуальное удовольствие. Лёгкая текстура превращается в воздушную пену, мягко удаляя загрязнения и придавая ощущение свежести. Бережно очищает кожу, сохраняя её естественный баланс, дарит шелковистую мягкость и увлажнение. Оставляет на коже тонкий шлейф любимого аромата, продлевая звучание парфюма. Превращает ежедневный уход в ароматную SPA-процедуру. Уже при первом прикосновении гель раскрывается благоухающей композицией — свежие верхние ноты плавно переходят в нежное «сердце» и мягкую, обволакивающую базу. Аромат остаётся на коже деликатным и ненавязчивым, создавая ощущение уюта и роскоши.;Нанесите средство на влажную кожу тела. Смойте водой.
19000220661;DUFT & DOFT Baby soapy;гель для душа;Республика Корея;1313;525;https://goldapple.ru/19000220661-baby-soapy-perfumed-body-wash;;С парфюмированным гелем для душа DUFT&DOFT очищение кожи становится особенно приятным и мягким.  Нежная пена окутывает тело, удаляя загрязнения, а тонкий аромат превращает уход за кожей в удовольствие. Гель для душа бережно, но эффективно очищает кожу тела, оставляя изысканный и нежный аромат с мыльным аккордом и нотами розы и персика.  Средство содержит множество натуральных масел и экстрактом, поэтому кожа становится не только чистой, но также мягкой и увлажненной.;Нанесите на мочалку или сразу на кожу.  Вспеньте гель и распределите по коже, затем смойте водой.
19000472589;LOVE TEA ART Mystic black tea & Cardamom;гель для душа;Россия;2390;1673;https://goldapple.ru/19000472589-mystic-black-tea-cardamom;;Погрузитесь в атмосферу загадочности с гелем для душа и рук Черный чай & Мистический кардамон — оазис роскоши и гармонии. Его насыщенный аромат сочетает глубокие ноты черного чая и пряный кардамон, создавая тепло и уют.  Гель мягко очищает кожу, сохраняя баланс увлажнения, наполняя ощущением свежести и спокойствия. Идеально для тех, кто ценит изысканность и ищет роскошные моменты в повседневной жизни.  Побалуйте себя этим уникальным средством — начните или завершите день с теплом, загадочностью и гармонией.;Нанесите небольшое количество геля на влажную кожу, помассируйте, смойте водой. Подходит для ежедневного использования.
19000472588;LOVE TEA ART Black tea & The Pearl of the Andes;гель для душа;Россия;2390;1673;https://goldapple.ru/19000472588-black-tea-the-pearl-of-the-andes;;Погрузитесь в атмосферу утреннего рассвета в горах Анд с гелем для душа и рук «Черный чай & Жемчужина Анд». Гель мягко очищает кожу, а деликатная пенящаяся текстура оставляет ощущение свежести и комфорта.  Аромат сочетает свежесть природы с теплом солнечных лучей, вдохновляя на незабываемое путешествие. В его основе — экзотическая сладость черимойи и благородство черного чая.  Идеально подходит для ежедневных ритуалов красоты, добавляя загадочности и элегантности.;Нанесите небольшое количество геля на влажную кожу, помассируйте, смойте водой. Подходит для ежедневного использования.
99000007705;TOUCHY juniper, pepper, olibanum;гель для душа;;1071;969;https://goldapple.ru/99000007705-juniper-pepper-olibanum;;Наслаждайтесь роскошно пышной и плотной пеной парфюмированного геля для душа Touchy. Тающим облачком он окутает ваше тело и создаст приятное ощущение чистоты и комфорта, превращая вашу рутину в настоящий SPA-ритуал прямо у вас дома.  С заботой о вас мы создали бессульфатную формулу мягкого, но эффективного очищения. Важным компонентом является экстракт гинкго билоба, который обладает антиоксидантными свойствами и поможет защищать кожу от негативных воздействий внешней среды. А богатые драгоценными свойствами масла аргании и макадамии в составе способствуют регенерации эпидермиса, делая кожу невероятно мягкой и шелковистой.  Вы почувствуете очищение и обновление, а парфюмированный аромат не ограничится лишь ванной комнатой. Наша парфюмерная композиция ляжет на вашу кожу невидимой вуалью, окружая вас нежными нотками, которые подчеркнут вашу неповторимую индивидуальность.;Нанесите гель на влажную кожу массирующими движениями. Окутайте вашу кожу мягкой плотной пеной с утонченным ароматом. Проведите пенный арома-СПА ритуал и смойте теплой водой.
19000420968;CLOZ Black cherry;гель для душа;Россия;799;719;https://goldapple.ru/19000420968-black-cherry;;Откройте для себя атмосферу чувственного наслаждения с натуральным парфюмированным гелем для душа CLOZ. Погрузитесь в чувственный аромат, который останется с Вами на протяжении всего дня, даря ощущение свежести и комфорта. Гармоничный дуэт сочной вишни и нежного миндаля создает неповторимый шлейф, который остается на коже легким воспоминанием о моменте наслаждения. Уникальная формула с натуральными компонентами обеспечивает интенсивное питание и длительное увлажнение, деликатно очищают кожу, не оставляя чувство сухости и стянутости. Нежная кремовая текстура обеспечивает обильную пену и дарит коже мягкость и шелковистость после каждого применения. Подарите себе моменты истинного удовольствия с CLOZ – где натуральность встречается с роскошью!;Нанесите небольшое количество геля на влажную кожу, вспеньте, скажите себе слова любви и благодарности, затем смойте водой.
99000040222;KULTA KORI Ежевика;гель для душа;;425;349;https://goldapple.ru/99000040222-ezevika;;Смузи-гель для душа ежевикой - это сочное наслаждение летними ягодами, которое подарит вашей коже глубокое увлажнение и сладкий аромат. Обогащенный витаминами и натуральными экстрактами ежевики, этот гель мягко очищает кожу, делая её мягкой и гладкой. Подходит для всех типов кожи, особенно рекомендуется для сухой и чувствительной.;На влажную кожу тела или мочалку нанести достаточное количество геля, вспенить и распределить по всему телу. Смыть теплой водой. Рекомендован для ежедневного использования.
99000110076;OJO Мужские ценности;гель для душа;Россия;2750;1430;https://goldapple.ru/99000110076-muzskie-cennosti;;Гель для душа OJO мягко очищает и увлажняет кожу, а провитамин B5 снижает чувствительность к внешним воздействиям. Сбалансированный состав обеспечивает чистоту кожи, создавая густую пену, которая не нарушает защитный барьер. Дециленгликоль - регулирует работу сальных желез, уменьшая дискомфорт, а эритритол надолго сохраняет увлажнение. Д-пантенол и провитамин B5 - успокаивают и поддерживают липидный барьер.  Парфюмированный аромат сочетает древесные и фужерные ноты. Верхние ноты — розовый перец, бергамот, лимон, лаванда, можжевельник. Ноты сердца — папоротник, гвоздика, роза, ирис. База — ветивер, амбра, древесные ноты, бобы тонка, мох и кожа. Содержит эфирные масла лавандина и перечной мяты.;Нанесите небольшое количество геля для душа на ладонь или губку, распределите его легкими массажными движениями по всему телу, тщательно смойте водой.
80620300008;SISLEY Soir de Lune Perfumed Bath and Shower Gel;гель для душа;;9810;7848;https://goldapple.ru/80620300008-soir-de-lune-perfumed-bath-and-shower-gel;;"Гель для душа Sisley Soir de Lune Perfumed Bath and Shower Gel  позволит окунуться тебе в мир ласки, заботы и любви. Sisley вобрали всё лучшее от взрывного красного винограда, царицы релакса ромашки добавив кладезь полезных свойств шиповника. Soir de Lune Perfumed Bath and Shower Gel  преобразовывается в воздушную пену, смягчая, тонизируя и очищая Ваше тело, окутывая его цепляющим ароматом ""Суар Де Люн"". Водный баланс остаётся неизменным, и кожа не нуждается в дополнительном увлажнении, после применения геля для душа, поскольку чуткое очищение не способствует пересушиванию кожи.";Использовать по необходимости часто для душа или ванны (4-5 нажатий на дозатор).
19000459393;МАСТЕРСКАЯ ОЛЕСИ МУСТАЕВОЙ Аромат волн;гель для душа;Россия;852;766;https://goldapple.ru/19000459393-aromat-voln;;Нежный парфюмированный бессульфатный гель для душа бережно очищает, не пересушивает и деликатно очищает кожу. Легко удаляет загрязнения и мягко пенится, давая шелковистую пену и не нарушая гидролипидный баланс кожи. После смывания оставляет на коже элегантный интимный шлейф. Можно использовать как ароматную пену для ванн. Гель идеально подходит для ежедневного использования: он легко смывается водой и оставляет ощущение свежести и чистоты на весь день. Аромат «Дом Волн» посвящен герою фэнтези-сериала «Этерна» Валентину Придду, наследнику почетного рода и Дома Волн. Этот аромат — как Валентин: чужим он кажется холодным и отстранённым, но стоит подойти ближе, как начинаешь различать в этой морозной свежести готовность бросаться в самые бурные воды. Он создан для тех, кто не боится смотреть в глубину и кто способен разглядеть пылающий огонь в самом сердце ледяной воды. На старте это свежее дыхание бергамота и лимона в оправе сладкой сливы — как ледяной океанский бриз на рассвете. Прозрачная нота дубового мха, придающая композиции сдержанную глубину, как тень исчезающей волны — едва уловимая, но наполняющая аромат уравновешенностью и спокойствием. Постепенно свежесть уступает место тёплым, выверенно спокойным древесным аккордам. Дерево, окутанное нежной, не приторной ванилью, раскрывается деликатно.  Это тепло в обрамлении древесных нот — намёк на внутреннюю силу и страсть, скрытые под непреступной оболочкой Валентина. Здесь проявляется его продуманный риск, стойкость и невидимая энергия: вяжущее, чуть сладковатое, стойкое и спокойное, как море перед штормом. Затихает аромат кедром и ветивером. Они продолжают ту же историю — силу под сдержанностью, верность под непроницаемой маской, глубину за внешним равнодушием. Ни малейшей избыточности — только четкие грани характера. Свежесть бергамота и лимона под тенью сливы и щепотки дубового мха, закрываемые сухими и пыльными деревяшками — стойкая классика для сильных характером!;Вспенить небольшое количество геля в ладонях или на мочалке, массажными движениями распределить по коже.  Тщательно смыть водой.   При возникновении реакции на продукт снизить частоту применения или отменить.
99000042688;HERBOLICA Mandarin;гель для душа;;780;780;https://goldapple.ru/99000042688-mandarin;;Натуральный гель для душа с эфирным маслом мандарина – отличный выбор для тех, кто любит свежие цитрусовые ароматы. Мандарин обладает освежающим и тонизирующим эффектом, помогает улучшить настроение и освежить кожу. Наш мандариновый гель для душа содержит натуральные масла и экстракты, которые бережно очищают кожу, предотвращают ее сухость и делают ее более мягкой и увлажненной.;Нанесите гель на влажное тело легкими массирующими движениями до образования пены. Смойте большим количеством теплой воды.
99000120019;AUIOIA Amber, Vanilla, Patchouli;гель для душа;Россия;1490;894;https://goldapple.ru/99000120019-amber-vanilla-patchouli;;Погрузитесь в мир чувственных удовольствий с нашим парфюмированным гелем для душа «Амбра, Ваниль, Пачули». Этот изысканный гель сочетает в себе теплые и сладкие ноты, создавая уникальную атмосферу уюта и расслабления. Наш гель обогащен увлажняющими компонентами, оставляя ее мягкой и гладкой после каждого использования. Идеален для ежедневного применения.;Нанести на предварительно увлажненную область, сделать мягкую пену, затем тщательно смыть водой.
19000404485;TO MY SKIN Baccarat muse;гель для душа;Россия;750;555;https://goldapple.ru/19000404485-baccarat-muse;;Гель для душа To My Skin — почувствуй роскошь от прикосновения с кожей. Парфюмированный гель создан на основе натуральных активных компонентов, которые не только бережно и тщательно очищают кожу тела, но и ухаживают за ней, делая тело более мягким и нежным. Мягкий гель для душа Baccarat Muse окутает тело нежнейшей аурой блаженного аромата.   В состав увлажняющего геля для душа входят: экстракт риса, витамин E и витамин B5.  Экстракт риса — мощный антиоксидант, который выравнивает рельеф и тон кожи, питает и смягчает кожный покров.  Витамин Е и витамин В5 — делают кожу упругой и эластичной, устраняют шелушения и защищают.  To My Skin — профессиональная уходовая косметика у Вас дома!;Нанесите необходимое количество на влажную кожу, легкими массажными движениями руками или мочалкой вспеньте гель. Тщательно смойте пену теплой водой.   Наслаждайтесь бархатистой кожей и ароматом.
19000453181;LAB FRAGRANCE Mystique;гель для душа;Россия;1890;1323;https://goldapple.ru/19000453181-mystique;;Этот гель для душа — идеальное продолжение парфюма Mystique. Он раскрывается искрящимися нотами липового цвета, сочной сладостью личи и прохладной свежестью бергамота, словно загадочный свет, пробивающийся сквозь туман, будоража и чаруя мир. В его сердце бархатистый пион в обрамлении жасмина и легкая горечь травянистого дрока переплетаются с воздушной петалией, создавая образ, полный секретов и недосказанных историй. Шлейф звучит мягко и глубоко, как тень, скрывающая тайну — теплая ваниль, нежный пудровый гелиотроп и благородный ветивер наполняют пространство неуловимой гармонией, оставляя за собой след, который тает в воздухе, как забытое заклинание. Мягкая, но эффективная формула бережно очищает кожу, придавая ей свежесть и природное сияние, подчеркивая вашу естественную красоту с каждым применением.;Нанесите небольшое количество геля на влажную кожу, смойте проточной водой. Подходит для ежедневного использования.
19000472587;LOVE TEA ART Green tea & Magnolia;гель для душа;Россия;2390;1673;https://goldapple.ru/19000472587-green-tea-magnolia;;Погрузитесь в атмосферу свежести и гармонии с гелем для душа и рук Зеленый чай & Магнолия. Его аромат переносит в тихий сад, где нежные ноты зеленого чая и магнолии создают ощущение умиротворения.  Гель мягко очищает кожу, оставляя ее мягкой, увлажненной и наполненной свежестью. Нежная пенящаяся текстура дарит заряд бодрости и вдохновения, помогая начать день с хорошим настроением или расслабиться вечером.  Идеально для тех, кто ценит природную красоту и баланс между энергией и спокойствием.;Нанесите небольшое количество геля на влажную кожу, помассируйте, смойте водой. Подходит для ежедневного использования.
99000122998;WASHRITE FIGHT;гель для душа;Россия;890;534;https://goldapple.ru/99000122998-fight;;Парфюмированный гель для душа Fight станет незаменимым элементом ухода для мужчин, которые выбирают активный образ жизни, спорт и стремятся к внутренней силе. Его бодрящий аромат кофе в сочетании с теплыми нотками табака и древесными аккордами дарит не только уверенность, но и заряд энергии, необходимый для любого активного дня. Мужской гель для душа с ароматом парфюма идеально подойдёт тем, кто ценит энергичные тренировки и стремится поддерживать стиль в каждом моменте жизни. Формула на основе натуральных компонентов бережно очищает кожу, ухаживает и увлажняет, оставляя ощущение свежести и комфорта. После интенсивных тренировок или активного дня парфюмированный гель для душа подарит приятное чувство чистоты и бодрости. Уникальный аромат сохраняется на теле, придавая уверенности в каждом движении. Гель для душа 3 в 1 можно использовать как универсальное уходовое средство для тела, что делает его практичным и функциональным. Гипоаллергенный состав подходит даже для чувствительной кожи.;Возьмите небольшое количество геля, нанесите на влажную кожу, хорошо вспеньте. Тщательно смойте тёплой водой.
99000054808;ALISERA Professional nutrition and care;гель для душа;;438;438;https://goldapple.ru/99000054808-professional-nutrition-and-care;;Побалуйте свою кожу и ощутите истинное удовольствие от использования парфюмированного геля для душа с уникальной питательной формулой от Alisera. Этот гель создан для тех, кто ценит высокое качество и заботится о своем теле, вне зависимости от пола. Гель для душа Alisera содержит три ценных компонента, которые эффективно ухаживают за кожей.  Масло макадамии глубоко питает и восстанавливает кожу, делая ее мягкой и эластичной. Масло миндаля увлажняет и защищает кожу от пересыхания, обеспечивая ощущение свежести и комфорта на весь день. Экстракты василька и липового цвета оказывают успокаивающее действие и освежают кожу, придавая ей здоровый и ухоженный вид.  Парфюмированный гель для душа подходит как для женщин, так и для мужчин. Его изысканный аромат оставляет приятное впечатление и долгий эффект свежести. Благодаря насыщенной формуле, гель легко пенится и отлично очищает кожу, не пересушивая её. Побалуйте себя или своих близких этим роскошным гелем для душа от Alisera, который сочетает в себе питательные свойства и изысканный аромат. Подходит для всех типов кожи, включая чувствительную. Гель для душа представлен в удобной бутылке объемом 500 мл, что обеспечивает его экономичный расход и длительное использование. Этот продукт станет идеальным дополнением к любым уходовым процедурам и принесет вам настоящее удовольствие от каждого душа. Не упустите возможность испытать все преимущества парфюмированного геля для душа с маслами макадамии и миндаля, а также экстрактами василька и липового цвета от Alisera.;Небольшое количество геля нанесите на влажное тело или мочалку, вспеньте и смойте водой. Подходит для ежедневного применения.
99000055147;APEX MAX Tabacco and Vanilla;гель для душа;;309;294;https://goldapple.ru/99000055147-tabacco-and-vanilla;;Бережно и эффективно очищает, нейтрализует запахи. Мыло помогает устранить бактерии с кожи рук. Густая пена мягко удаляет загрязнения, поддерживая естественный pH кожи. Легко смывается. Подходит для частого использования. Имеет легкий аромат.;Нанести небольшое количество геля на влажную кожу, тщательно распределить руками или мочалкой, смыть проточной водой.
19000436054;GRASS Lamia Golden Symphony;гель для душа;Россия;538;290;https://goldapple.ru/19000436054-lamia-golden-symphony;;Гель для душа Lamia Golden Symphony отлично подойдет для ухода за кожей, обеспечивает бережное очищение, не пересушивая и не раздражая кожу. Подходит для ежедневного использования, мягко очищая кожу и не нарушая её естественный pH-баланс. Гель для душа Lamia Golden Symphony имеет легкую, но насыщенную формулу, которая превращает каждый прием душа в настоящую спа-процедуру, оставляя ощущение чистоты и комфорта. Подарит вашей коже свежесть и увлажнение, а приятный аромат подарит вам бодрость и хорошее настроение каждый день. Верхние ноты: бергамот, цветы яблони, персик. Средние ноты: ирис, фрезия, цветок апельсина, гелииотроп. Базовые ноты: кедр, пачули, сандал, мускус. Состав геля для душа подобран таким образом, чтобы обеспечить максимальную заботу о вашей коже. Мы разработали сбалансированный состав, который подойдет любому типу кожи.;Нанесите небольшое количество геля на губку или непосредственно на кожу. Вспеньте и помассируйте легкими круговыми движениями. Смойте теплой водой.
7190100031;DIOR Fahrenheit;гель для душа;Франция;5100;5100;https://goldapple.ru/7190100031-fahrenheit;;Формула освежающего геля для душа с легким ароматом Fahrenheit разработана с учетом поддержания естественного баланса кожи. Идеально подходит для ежедневного использования.;
19000459015;GIARDINO MAGICO After dark;гель для душа;Россия;1750;1750;https://goldapple.ru/19000459015-after-dark;;Лёгкая пенящаяся текстура богата увлажняющими и питательными компонентами, бережно очищает, делая поверхность кожи мягкой и нежной. В составе содержится гель алоэ-вера, содержащий витамины и минералы, которые так необходимы в ежедневном уходе. Экстракт овса сужает поры и создает эффект бархатистости.  Добавленная молочная кислота стабилизирует уровень Ph и прекрасно подходит для чувствительной кожи. Увлажняющий гель для душа с ароматом after dark из парфюмерной коллекции бренда.;Массирующими движениями нанести необходимое количество геля на влажное тело до образования пены.  Смыть тёплой водой.
99000045906;DEEP SENSE LAVENDER;гель для душа;;525;394;https://goldapple.ru/99000045906-lavender;;"Гель для душа Lavender DeepSense подходит для всех типов кожи, немыльное моющее средство обладает смягчающими и заживляющими свойствами, предотвращает сухость и воспаления, одновременно увлажняя кожу. Мягкий аромат лаванды этого продукта приносит ощущение расслабления. • Подходит для всех типов кожи; • Моющее средство без мыла; • Смягчающие и заживляющие свойства; • Очищает кожу без ощущения сухости; • Придает ощущение расслабления благодаря нежному успокаивающему аромату лаванды. Основные ингредиенты: • Экстракт лаванды; • Ромашка; • Масло амлы; • Декспантенол; • Гиалуроновая кислота. Косметика Deep Sense соответствует стандартам Халяль!";Нанести небольшое количество геля на кожу массирующими движениями, а затем смыть водой.
99000031200;LEYLIT Искушающий Цитрус;гель для душа;;660;660;https://goldapple.ru/99000031200-iskusausij-citrus;;Гель для душа «Искушающий Цитрус» отлично освежает и тонизирует, и при этом не раздражает кожу. Эфирные масла Грейпфрута и Розового Дерева в качестве ароматерапии гармонизируют эмоциональное состояние.;На влажную кожу тела нанести гель для душа, помассировать, создавая обильную пену, смыть водой.
19000406042;APOLLONIA Pleasure;гель для душа;Россия;819;737;https://goldapple.ru/19000406042-pleasure;;Парфюмированный гель для душа с ароматом чувственных нот бобов тонка, кожи и табака. Деликатно очищает кожу, оставляя ее увлажненной и насыщенной приятным ароматом.;Вспеньте гель в ладонях или при помощи мочалки, нанесите массажными движениями на влажную кожу. Тщательно смойте водой.
19000398306;PARFUMS CONSTANTINE BOHEMIA In black;гель для душа;Россия;799;479;https://goldapple.ru/19000398306-in-black;;Парфюмированный гель для душа Bohemia In Black переносит в мир таинственной ночи, окутывая кожу глубоким восточным ароматом с яркими нотами лимона и бергамота, которые плавно переходят в элегантную розу и теплые акценты пачули.  Этот аромат создает атмосферу изысканности и страсти, добавляя чувственности каждому моменту ухода. Текстура геля мягко очищает кожу, оставляя ее нежной, увлажненной и ароматной, а стойкий шлейф продолжает дарить ощущение загадочности и утонченной элегантности. Пирамида аромата: Начальные ноты: лимон, бергамот, яблоко  Ноты сердца: пачули, роза, жасмин  Ноты шлейфа: пудровые ноты, амбра, белый мускус;Налейте небольшое количество в ладонь или на влажную губку. Помассируйте кожу круговыми движениями, затем смойте. Избегайте контакта с глазами.
99000107112;BY KAORI CAROLINA;гель для душа;Россия;690;690;https://goldapple.ru/99000107112-carolina;;Ароматный и питательный гель для душа — лучшее, что вы можете выбрать для вашей кожи! В составе средства бережно подобранные ингредиенты: экстракт личи восстанавливает эластичность и упругость кожи, бетаин и экстракт манго стимулируют клеточное обновление, а инулин активизирует выработку коллагена.  Мы используем высококачественное премиальное сырье из Италии, Бельгии, Германии и Южной Кореи. Гель для душа оставляет на коже ароматный шлейф и быстро вспенивается в мягкую пену.;Небольшое количество геля нанести на влажную кожу, взбить пену и смыть её водой.  В случае попадания в глаза промыть их большим количеством воды.
99000090766;EGOMIA Mimosa & Cardamon;гель для душа;Россия;2150;2150;https://goldapple.ru/99000090766-mimosa-cardamon;;Парфюмированный деликатный гель-уход для душа с густой пеной. Гель-уход для душа Egomia содержит «пенящийся рис» – натуральный ингредиент, производное протеинов риса в комбинации с жирными кислотами. Рис содержит сапонины – природные компоненты, отвечающие за естественное пенообразование. «Пенящийся рис» – это деликатное активное вещество, позволяющий достигать сбалансированного очищения без сухости и раздражений. Кроме того, он делает пену более приятной и густой.;Достаточное количество геля нанести на влажную кожу тела или губку, равномерно распределяя гель мягкими массирующими движениями по всей поверхности тела. Образовавшуюся пену смыть теплой водой.
19000464074;F FORMULA Дубайский шоколад;гель для душа;Россия;528;264;https://goldapple.ru/19000464074-dubajskij-sokolad;;"Добро пожаловать в мир роскоши и сладких наслаждений с гелем для душа ""Дубайский шоколад"". Этот удивительный продукт превратит вашу ежедневную рутину в настоящий праздник для кожи и души. Погрузитесь в атмосферу роскоши востока с невероятным ароматом шоколада, который окутает вас нежностью и сладкими нотками. Этот гель для душа не только бережно очищает кожу, но и увлажняет ее, делая бархатистой и сияющей. Густая кремовая формула на основе натурального глицерина, пантенола и протеинов хлопка глубоко питает, увлажняет и защищает кожу, восстанавливая её естественный липидный барьер. Подходит для ежедневного использования — оставляет ощущение нежности, комфорта и ухоженности без стянутости. Аромат «Дубайский шоколад» — это магия восточных десертов: насыщенный молочный шоколад в дуэте с бархатистой фисташкой. Аромат, который манит, вдохновляет и создаёт атмосферу путешествия — как будто вы находитесь в роскошном спа-отеле на берегу Персидского залива.";Небольшое количество геля нанесите на влажную кожу тела массирующими движениями до образования пены. Смойте теплой водой.
19000295737;4FRESH BEAUTY Сливочная ваниль и бобы тонка, Attractive;гель для душа;Россия;777;567;https://goldapple.ru/19000295737-creamy-vanilla-and-tonka-beans;;Парфюмированный гель для душа «Сливочная ваниль и бобы тонка»  уникальным селективным ароматом Scentease деликатно очищает и увлажняет кожу, повышает уверенность в себе и очаровывает. Формула с пантенолом ускоряет регенерацию клеток, препятствует трансэпидермальной потере влаги и успокаивает кожу. Экстракт хлопка улучшает защитные функции эпидермиса, а масло ши глубоко питает и смягчает.  Верхние ноты: карамельное яблоко  Ноты сердца: сладкая ваниль, жасмин  Нижние ноты: сандал, бобы тонка Сложный многогранный аромат Scentease Attractive со сливочно-ванильным послевкусием раскрывает внутреннюю привлекательность и улучшает эмоциональный фон. Эффективность доказана научными исследованиями.;Нанесите небольшое количество геля на влажную кожу и распределите нежными массажными движениями. Затем смойте теплой водой.
19000459046;GIARDINO MAGICO Musk, mandarin, santal;гель для душа;Россия;1750;1750;https://goldapple.ru/19000459046-musk-mandarin-santal;;Лёгкая пенящаяся текстура без сульфатов, богатая увлажняющими и питательными компонентами, бережно очищает, делая поверхность кожи мягкой и нежной. В составе содержится гель алоэ-вера, содержащий витамины и минералы, которые так необходимы в ежедневном уходе. Экстракт овса сужает поры и создает эффект бархатистости.  Добавленная молочная кислота стабилизирует уровень Ph и прекрасно подходит для чувствительной кожи. Бессульфатный гель для душа с ароматом musk, mandarin, santal из парфюмерной коллекции бренда.;Массирующими движениями нанести необходимое количество геля на влажное тело до образования пены.  Смыть тёплой водой.
99000015585;LAMONNET vanilla & amber;гель для душа;;1128;790;https://goldapple.ru/99000015585-vanilla-amber;;"Парфюмированный гель для душа от LAMONNET. Профессиональный уход и забота о вашей коже.  Нежная кремовая пена и активный увлажняющий комплекс восстанавливают гидробаланс кожи, повышая её мягкость, тонус и упругость. Сбалансированная формула с высокой концентрацией натуральных природных компонентов бережно и в то же время глубоко очищает кожу от загрязнений. Густая текстура геля обеспечит маленький и экономный расход. Большой объем 750 мл станет идеальным выбором для всей семьи. Гармония и расслабление.  Парфюмированная отдушка из Франции подарит легкий и ненавязчивый шлейф на протяжении нескольких часов. Роскошный дизайн флакона с удобным дозатором будет украшением любой ванной комнаты. Парфюмерная композиция: ""Ваниль и амбра"". Чувственный, нежный, интригующий. Завораживающая и теплая ваниль переплетается с глубокими оттенками минеральной амбры и нотами табака.  Универсальный шлейфовый аромат подойдёт как для женщин, так и для мужчин на каждый день.";Нанесите небольшое количество геля на влажную кожу, тщательно вспеньте и распределите по телу, смойте теплой водой.
19000410831;OXYGEN HOME Балийский лимонад;гель для душа;Россия;696;591;https://goldapple.ru/19000410831-balijskij-limonad;;Яркие ноты красного апельсина и горькие ноты грейпфрута открывают аромат, далее включаются ноты шампанского и холодной воды, а завершается аромат нотами ревеня, коры хинного дерева и пряностями.;Небольшое количество крем-геля нанесите на влажную кожу тела массирующими движениями. Смойте теплой водой.
19000464076;F FORMULA Кедр и мускус;гель для душа;Россия;528;396;https://goldapple.ru/19000464076-kedr-i-muskus;;Гель для душа «Кедр и мускус» — это свежесть леса и сила древесных аккордов в одном флаконе. Унисекс-аромат, созданный для тех, кто ценит натуральную элегантность, уверенность и баланс между природой и современным ритмом жизни. Увлажняющая формула на основе натурального глицерина и экстракта бергамота мягко очищает кожу, не пересушивая её, а наоборот — интенсивно увлажняет, тонизирует и способствует обновлению эпидермиса. Подходит для ежедневного использования и всех типов кожи. Оставляет ощущение свежести, комфорта и лёгкой упругости. Аромат «Кедр и мускус» — это сочетание прохладной древесной свежести кедра и тёплой, бархатистой глубины мускуса. Бодрящий, но не агрессивный — он раскрывается постепенно, создавая лёгкий парфюмерный шлейф на коже. Идеален для тех, кто ищет универсальный, стильный аромат, подходящий и мужчинам, и женщинам.;Небольшое количество геля нанесите на влажную кожу тела массирующими движениями до образования пены. Смойте теплой водой.
19000421278;BIELITA Пудровая фиалка & Теплый сандал;гель для душа;Беларусь;469;328;https://goldapple.ru/19000421278-pudrovaa-fialka-teplyj-sandal;;Гель-парфюм для душа «Пудровая фиалка & Теплый сандал» — это утонченное сочетание аромата и ухода за кожей. Композиция начинается с нот лимона и яблока, которые переплетаются с нежной фиалкой, ландышем и фрезией, завершаясь теплой базой из сандала, карамели и мускуса. Благодаря розовой воде в составе, гель интенсивно увлажняет, успокаивает и восстанавливает кожу, возвращая ей гладкость и бархатистость. Наслаждайтесь утонченным ароматом и заботой о коже каждый день.;Нанесите на влажную кожу, вспеньте, смойте водой.
19000423709;EDEN Psychotrope;гель для душа;Россия;587;275;https://goldapple.ru/19000423709-psychotrope;;Парфюмированный гель для душа бережно очищает и тонизирует вашу кожу, оставляя на ней невероятный шлейф аромата белых цветов, окруженных карамельными и тропическими оттенками. Экстракт зелёного чая способствует сохранению влаги в коже, обладает антиоксидантной активностью. Входящий в состав провитамин В5 увлажняет и разглаживает кожу. Ощутите настоящий уход и неповторимый аромат с парфюмированным гелем для душа «Psychotrope».;Нанести небольшое количество геля на тело или губку, вспенить и смыть водой.
99000046812;ANYDAY пина колада и амбра;гель для душа;;1100;550;https://goldapple.ru/99000046812-pina-colada-amber;;"Парфюмированный гель для душа с обогащённым составом на основе натуральных масел ши и жожоба, центеллы азиатской, алоэ вера, пантенола и витамина Е способствует мягкому очищению, дарит чувство чистоты и оставляет на коже десертный аромат пина колады и сладковатой амбры. Безопасная формула не содержит парабенов, сульфатов и SLS. Отсутствуют компоненты животного происхождения и красители. Гель имеет нейтральный pH, подходит для ежедневного применения и всех типов кожи, мягко очищает её и не сушит после мытья. Парфюмированный гель с амброксаном в составе, поэтому имеет насыщенный и яркий запах. Основные действующие вещества: • Аллантоин является ценным увлажняющим средством для чувствительной и проблемной кожи. Активно защищает кожу от воздействия окружающей среды. Смягчает, эффективно успокаивает раздраженную кожу. Ускоряет регенерацию тканей, устраняет шелушение и сухость; • Сорбитол смягчает и увлажняет кожу, обладает успокаивающим действием, снижает раздражающее действие ПАВ; • Пантенол - эффективный увлажняющий и влагоудерживающий компонент. Смягчает кожу, успокаивает и помогает предотвратить раздражения. Стимулирует восстановление тканей; • Масло ши входит в список ценнейших косметических масел, которые обладают, прежде всего, смягчающими, увлажняющими, сильными защитными и восстанавливающими способностями. Оно глубоко увлажняет и питает кожу, делая её мягкой и шелковистой. Кожа насыщается полезными микроэлементами, а входящие в состав витамины позаботятся, чтобы кожные покровы не получали раздражений; • Масло жожоба является одним из наиболее ценных масел, применяемых в косметике. Оно обладает хорошей антиоксидантной активностью, увлажняющим, солнцезащитным, ранозаживляющим действием и предотвращает преждевременные признаки старения. Очень быстро впитывается в кожу, смягчает её и способствует всасыванию активных веществ; • Гель алоэ вера глубоко увлажняет, питает, восстанавливает и защищает кожу. Устраняет покраснения и раздражения кожи; • Гиалуроновая кислота - высокоэффективный увлажнитель пролонгированного действия, образующий многослойную увлажняющую сетку на поверхности кожи и препятствующий потере влаги; • Экстракт центеллы азиатской обладает противовоспалительным и ранозаживляющим действием, способствует восстановлению барьерных свойств кожи и удержанию влаги, снижает чувствительность кожи, уменьшает отеки, оказывает сосудоукрепляющее действие и уменьшает купероз; • Витамин Е - мощный антиоксидант, который оберегает липидную мантию кожи и обладает способностью снижать вредное воздействие УФ-лучей на кожу, ""витамин молодости"". Предотвращает пигментацию, регенерирует, замедляет проявление возрастной дряблости; • Бетаин снижает снижает раздражающее воздействие на кожу ПАВ, увлажняет кожу; • Амброксан это компонент, повторяющий аромат натуральной амбры, который служит дополнением, усиливающим другие базовые ноты и продлевающим стойкость композиции. Является афродизиаком и при соприкосновении с кожей подчеркивает собственный аромат тела и парфюмерной композиции. Гель для душа парфюмированный подходит мужчинам и женщинам, упакован в компактный флакон софт-тач с удобной откидной крышкой, который приятно держать в руке и удобно брать с собой в поездки и путешествия.";Небольшое количество геля нанесите на влажную кожу тела, равномерно распределите лёгкими массажными движениями до образования пены. Тщательно смойте тёплой водой.
19000033770;DIOR Sauvage Shower Gel;гель для душа;Франция;6100;6100;https://goldapple.ru/19000033770-sauvage-shower-gel;;Гель Для Душа Sauvage с натуральным экстрактом Кактуса на 84% состоит из ингредиентов натурального происхождения. Его прозрачная гелевая текстура при контакте с водой превращается в пышную кремовую пену. Гель для душа Sauvage оставляет на коже бодрящее ощущение свежести. Он очищает кожу, не пересушивая её, и оставляет на ней свежие древесные ноты аромата Sauvage. Это первый шаг в парфюмерном ритуале ухода для мужчин Sauvage. Флакон геля для душа Sauvage насыщенного синего цвета на 100% состоит из переработанного пластика.;
19000398308;PARFUMS CONSTANTINE BOHEMIA Midnight;гель для душа;Россия;799;479;https://goldapple.ru/19000398308-midnight;;Парфюмированный гель для душа Bohemia Midnight – минималистичный аромат с выразительным звучанием роскошной красной розы. Яркие аккорды дополняются пряным оттенком розового перца, а нежный малиновый цвет придает композиции легкую фруктовую свежесть. Чистый и утонченный аромат окутывает кожу элегантным шлейфом, создавая атмосферу таинственности.  Пирамида аромата: Начальные ноты: турецкая роза, розовый перец Ноты сердца: турецкая роза, малиновый цвет  Ноты шлейфа: папирус, серая амбра;Налейте небольшое количество в ладонь или на влажную губку. Помассируйте кожу круговыми движениями, затем смойте. Избегайте контакта с глазами.
99000113158;LEKANA BRAND AMBER, VANILLA, PATCHOULI;гель для душа;Россия;550;385;https://goldapple.ru/99000113158-amber-vanilla-patchouli;;Парфюмированный гель для душа “Amber, Vanilla, Patchouli” мягко и бережно очищает кожу, создавая нежную пену. Благодаря деликатной формуле он не пересушивает кожу и идеально подходит для ежедневного использования утром и вечером. Аромат дымной амбры, ванили и пачули мгновенно наполняет ванную комнату, создавая уютную атмосферу.;Нанесите гель на влажную кожу или губку. Вспеньте массажными движениями и смойте теплой водой.
99000015596;LAMONNET orchid & mango;гель для душа;;1128;790;https://goldapple.ru/99000015596-orchid-mango;;Парфюмированный гель для душа от LAMONNET.  Профессиональный уход и забота о вашей коже. Нежная кремовая пена и активный увлажняющий комплекс восстанавливают гидробаланс кожи, повышая её мягкость, тонус и упругость. Сбалансированная формула с высокой концентрацией натуральных природных компонентов бережно и в то же время глубоко очищает кожу от загрязнений. Густая текстура геля обеспечит маленький и экономный расход. Большой объем 750 мл станет идеальным выбором для всей семьи. Гармония и расслабление.  Парфюмированная отдушка из Франции подарит легкий и ненавязчивый шлейф на протяжении нескольких часов. Роскошный дизайн флакона с удобным дозатором будет украшением любой ванной комнаты. Парфюмерная композиция: “Орхидея и манго”. Очаровывающий, аппетитный, солнечный. Воздушный летний пудинг. Цветущая орхидея переливается с ароматом сочного манго, под теплыми тропическими лучами.  Универсальный шлейфовый аромат подойдёт как для женщин, так и для мужчин на каждый день.;Нанесите небольшое количество геля на влажную кожу, тщательно вспеньте и распределите по телу, смойте теплой водой.
19000384405;CASA LEGGERA Albero Bianco;гель для душа;Россия;1650;1402;https://goldapple.ru/19000384405-albero-bianco;;Парфюмированный гель для душа Albero Bianco – с ароматом пачули, цветов, бергамота, кедра, розовых ягод и морских нот. Мягкий гель для душа с особым трепетом окутывает своим ароматом кожу, деликатно очищает, за счёт натуральных органических ПАВ. Нежно питает и увлажняет. Содержит в себе органические соки и экстракт банана.  Сок из плодов лимона и апельсина – содержит большое количество антиоксидантов, в том числе витамина С, который воздействует на стимуляцию коллагена и гиалуроновой кислоты, защищает ДНК, укрепляет кожный барьер.  Сок из имбиря - способствует уменьшению объемов, за счёт воздействия на процессы липолиза, обладает антицеллюлитным свойством.  Экстракт из банана – насыщает полезными микроэлементами и успокаивает раздраженную кожу. За счёт содержания витаминов A, C, E, группы В, обладает тонизирующим и антиоксидантным эффектом.;Нанесите небольшое количество геля на влажную кожу, нежно помассируйте до образования пены, затем тщательно смойте водой.
19000461606;WONDER LAB space atom;гель для душа;Россия;836;585;https://goldapple.ru/19000461606-space-atom;;Парфюмированный гель для душа Wonder Lab имеет экологичную формулу с инновационным компонентом Biomicrogel 400 S6.  Гель обеспечивает мягкое, но глубокое очищение, не вызывая ощущения стянутости, сухости или раздражения. Благодаря составу без SLES, SLS, силиконов, парабенов и красителей средство не нарушает гидролипидный барьер кожи и подходит для базового ухода. Гель подходит для всех типов кожи, включая чувствительную, склонную к сухости или раздражениям. Средство хорошо смывается, не оставляет плёнки или чувства липкости, поддерживает естественный pH-баланс и сохраняет кожу увлажнённой и гладкой. Гель для душа обладает утончённым ароматом, сочетающим амбровые, цветочные и древесные ноты. Аромат универсален и подходит для тех, кто ценит парфюмерную глубину в уходовых средствах. Wonder Lab — это российский эко-бренд, который заботится об окружающей среде и здоровье людей. Экологичность косметики основана на технологии Biomicrogel®, разработанной на основе растительных компонентов: крахмала, пектина и целлюлозы, которые получают из натуральных фруктов и овощей. Biomicrogel® разлагается в окружающей среде на 98% за 24 часа, поэтому безопасен для всех членов семьи и природы.;Небольшое количество геля WONDER LAB нанесите на губку или ладонь. Вспеньте и равномерно распределите, затем смойте водой.
19000399458;HI,DEAR Black tea & lumi;гель для душа;Россия;400;360;https://goldapple.ru/19000399458-black-tea-lumi;;Универсальный аромат Black tea & Loomi — одновременно дерзкий и расслабляющий. Заряжает на все 100% яркими брызгами лимона, лайма и солнечного света, и тут же погружает в атмосферу чувственного и романтичного вечера у камина — нотами черного чая, дыма, теплого дерева. С ним ярко и тепло. И так будет всегда.  Парфюмированный гель для душа в тревел-формате — удобный способ познакомиться с изысканным уходом бренда и всегда иметь под рукой средство для заботы о себе. Деликатное очищение: компоненты подходят для всех типов кожи, бережно удаляя загрязнения и сохраняя естественный баланс. Увлажнение и защита: алоэ вера и глицерин насыщают кожу влагой, предотвращая сухость и даря комфорт. Уход и восстановление: пантенол успокаивает кожу, повышает её эластичность и помогает сохранить здоровый вид. Лёгкость в использовании: мягкая пена легко смывается, оставляя кожу чистой и свежей, без ощущения стянутости. Практичный формат для путешествий, насыщенного дня или первого знакомства с ароматами;Нанести немного геля на влажные руки, вспенить и массажными движениями распределить по телу, смыть водой.
99000078384;BURLEY Sultana;гель для душа;;1600;738;https://goldapple.ru/99000078384-sultana;;"Парфюмированный гель для душа бренда ""Burley"" с притягательным ароматом деликатно очищает кожу, не стягивая ее. Комплекс ПАВ на растительной основе не нарушает баланс кожи и поддерживает ее защитные свойства.";Повернуть дозатор против часовой стрелки. Нанести небольшое количество геля для душа на тело или мочалку, помассировать кожу и смыть пену теплой водой. При необходимости повторить процедуру.
19000438923;SYNERGETIC табак-ваниль;гель для душа;Россия;798;718;https://goldapple.ru/19000438923-tabak-vanil;;Парфюмированный гель для душа SYNERGETIC tobacco-vanille/табак-ваниль на основе натуральных компонентов мягко очищает, освежает и заботится о коже, оставляя на ней пряный амбровый аромат.  Масло макадамии питает и увлажняет, делая кожу нежной и бархатистой, сохраняя при этом её естественный гидролипидный баланс. Экстракт розмарина тонизирует кожу, возвращает ей природную эластичность и упругость, а экстракт ванили успокаивает и смягчает.  Физиологичный уровень pH 5,5 гарантирует мягкость кожи и безопасность при частом использовании даже для чувствительной кожи. Средство не содержит SLES, силиконов, красителей и минеральных масел. Парфюмерная композиция наполнена восхитительными сочетаниями сладких восточных, древесно-пряных и пьянящих табачных нот.  Загадочный характер аромата открывается дымными и терпкими оттенками специй и табачных листьев, которые плавно перетекают в сладость ванили, какао и обжаренных бобов тонка. Завершается симфония аккордами многогранных древесных акцентов с нотами сухофруктов. Аромат наполнен тёплым вечерним настроением, он восхищает своей многогранной красотой и смелым темпераментом.;Нанести гель на влажную кожу, вспенить и тщательно смыть водой. Перед применением рекомендуется взболтать. Возможно незначительное изменение цвета средства, не влияющее на его качество и свойства.
19000423710;EDEN Whispers of Paris;гель для душа;Россия;587;293;https://goldapple.ru/19000423710-whispers-of-paris;;Парфюмированный гель для душа бережно очищает и тонизирует вашу кожу, оставляя на ней невероятный шлейф аромата свежести цитрусовых, изысканных цветов и белого мускуса. Экстракт зелёного чая способствует сохранению влаги в коже, обладает антиоксидантной активностью. Входящий в состав провитамин В5 увлажняет и разглаживает кожу. Ощутите настоящий уход и неповторимый аромат с парфюмированным гелем для душа «Whispers of Paris».;Нанести небольшое количество геля на тело или губку, вспенить и смыть водой.
19000337973;OSTWINT 01 Active Energy;гель для душа;Турция;414;289;https://goldapple.ru/19000337973-01-active-energy;;Парфюмированный гель для душа Ostwint очищает и освежает кожу благодаря своей формуле. Содержит компоненты, помогающие удалить мёртвые клетки кожи, обеспечивая увлажнение и поддерживая здоровый вид кожи. Успокаивает сухую и стянутую кожу.   Обладает приятным и стойким ароматом, который останется на коже долгое время.  01 морской аромат с нотами шипра и озоновыми оттенками.;Нанесите необходимое количество геля душа на мокрые ладони или мочалку, вспеньте с добавлением тёплой воды. Массажными движениями нанесите на тело. Смойте водой.
19000459014;GIARDINO MAGICO Peach, flowers, bergamot;гель для душа;Россия;2550;2550;https://goldapple.ru/19000459014-peach-flowers-bergamot;;Лёгкая пенящаяся текстура богата увлажняющими и питательными компонентами, бережно очищает, делая поверхность кожи мягкой и нежной. В составе содержится гель алоэ-вера, содержащий витамины и минералы, которые так необходимы в ежедневном уходе. Экстракт овса сужает поры и создает эффект бархатистости.  Добавленная молочная кислота стабилизирует уровень Ph и прекрасно подходит для чувствительной кожи. Увлажняющий гель для душа с ароматом Peach, flowers, bergamot из парфюмерной коллекции бренда.;Массирующими движениями нанести необходимое количество геля на влажное тело до образования пены.  Смыть тёплой водой.
19000388643;OLEA Пьянящая ваниль;гель для душа;Россия;411;369;https://goldapple.ru/19000388643-p-anasaa-vanil;;Чарующий аромат: Верхняя нота: табачный лист, пряности Нота сердца: ваниль, какао, бобы тонка, цветок табака Базовая нота: сухофрукты, древесные ноты;Небольшое количество геля нанесите на тело, массирующими движениями равномерно распределите до образования пены и смойте водой.
19000084097;ZIELINSKI & ROZEN Black Pepper, Vetiver, Neroli, Amber;гель для душа;;1790;1790;https://goldapple.ru/19000084097-black-pepper-vetiver-neroli-amber;;Уход, ароматерапия и признание в любви в одном флаконе. Бодрящий аромат способствует пробуждению, натуральные масла увлажняют кожу и питают, а мягкая пена позволяет по-настоящему насладиться редкими минутами наедине с собой.  Ароматы продукции Zielinski&Rozen изменили свое наименование без изменения состава.;Нанесите небольшое количество геля на влажную кожу, вспеньте руками или с помощью мочалки, а затем смойте.
19000204408;GIARDINO MAGICO Vanilla, patchouli, figue;гель для душа;Россия;2550;2550;https://goldapple.ru/19000204408-vanilla-patchouli-figue;;Лёгкая пенящаяся текстура без сульфатов, богатая увлажняющими и питательными компонентами, бережно очищает, делая поверхность кожи мягкой и нежной. В составе содержится гель алоэ-вера, содержащий витамины и минералы, которые так необходимы в ежедневном уходе.  Экстракт овса сужает поры и создает эффект бархатистости.  Добавленная молочная кислота стабилизирует уровень Ph и прекрасно подходит для чувствительной кожи.   Бессульфатный гель для душа со сладким фруктово-пудровым ароматом Vanilla, Patchouli, Figue.;Массирующими движениями нанести необходимое количество геля на влажное тело до образования пены. Смыть тёплой водой.
19000457150;LERBOLARIO Cornflower;гель для душа;Италия;1957;1761;https://goldapple.ru/19000457150-cornflower;;Освежающий гель для душа Cornflower деликатно очищает кожу, не нарушая ее естественный pH-баланс, и оставляет на теле стойкий приятный аромат. Гель для душа со свежим ароматом, созданный для бережного очищения тела, благодаря аминокислотам ячменя и смягчающему действию экстракта василька и дистиллированной воды, полученной из его лепестков, обладает легкой и приятной гелевой текстурой, которая идеально подходит для расслабляющего момента в душе. Аромат геля для душа раскрывается чарующим тандемом сочного мандарина и пряной черной смородины, гармонично дополняемым утонченными цветочными нотами василька и лепестков розы. В этой композиции чувственная ваниль сплетается с янтарным теплом, создавая обволакивающую и уютную атмосферу, которая дарит ощущение комфорта и изысканного наслаждения. 97% натуральные ингредиенты. Без силикона. Без парабенов и вазелина. Дерматологически протестировано. Не тестируется на животных. Не содержит ингредиентов животного происхождения. Не содержит тяжелых металлов. Экологичная упаковка FSC® / R-PET.;Нанесите небольшое количество геля на влажную кожу тела массирующими движениями до образования пены.  Смойте теплой водой.   Можно использовать как пену для ванной.
19000464033;NEO MINT Зеленая ваниль;гель для душа;Россия;825;660;https://goldapple.ru/19000464033-zelenaa-vanil;;Мягкий деликатный гель для душа бережно очищает, увлажняет и тонизирует кожу. Оставляет на теле тонкий стойкий шлейф легендарных премиальных парфюмов.  Соблазнительный и волнующий аромат с нотками зеленой ванили дарит комфорт, ощущение роскоши и улучшает настроение. Идеально подходит для ежедневного ритуала ухода за телом мужчин и женщин.;Нанесите небольшое количество геля на влажную кожу, массируя легкими движениями до образования пены.  После применения тщательно смойте водой.  При необходимости повторите.
19000454033;ETERIA COSMO Чабрец, китайская мята, зеленый лист;гель для душа;Россия;591;531;https://goldapple.ru/19000454033-cabrec-kitajskaa-mata-zelenyj-list;;Натуральные экстракты и активные компоненты. Без парабенов, сульфатов и продуктов нефтепереработки. В составе косметических средств Eteria cosmo ухаживающий комплекс натуральных экстрактов календулы, ромашки и шалфея, который придает коже особую нежность и заботу. Календула обладает противовоспалительными свойствами, ромашка успокаивает и смягчает кожу, а шалфей тонизирует и оживляет. Парфюмированное мыло для рук и гель для душа Eteria cosmo обогащены активными компонентами — глицерином, мочевиной и пантенолом — для мягкого и эффективного увлажнения кожи.;Нанести небольшое количество продукта на влажную кожу, вспенить, смыть водой.
99000065416;SUKHORUKOV BATH & BODYWORKS Midnight Cherries;гель для душа;;920;368;https://goldapple.ru/99000065416-midnight-cherries;;Погрузитесь в мир изысканных ароматов и нежного ухода с нашим парфюмированным гелем для душа. Этот уникальный продукт станет настоящим украшением вашей косметики и подарит вам незабываемые моменты релаксации. Гель для душа создан для того, чтобы сделать каждый ваш день особенным, наполняя его свежестью и уютом. Гель для душа Midnight Cherries не только очищает, но и ухаживает за кожей, делая ее мягкой и гладкой. Формула, обогащенная коллагеном, помогает поддерживать упругость и эластичность кожи, а также защищает от негативного воздействия окружающей среды. Вы забудете о сухости и стянутости, ведь после использования этого средства ваша кожа станет бархатистой и увлажненной. Гель для душа отлично подойдет для ежедневного использования. Его легкая текстура и приятный аромат создадут атмосферу уюта и расслабления в вашей ванной комнате.;Используйте гель для душа, нанося его на влажную кожу, массируйте до появления пены, затем смойте теплой водой.
19000337976;OSTWINT 04 ACTIVE ENERGY;гель для душа;Турция;414;248;https://goldapple.ru/19000337976-04-boost;;Парфюмированный гель для душа Ostwint очищает и освежает кожу благодаря своей формуле. Содержит компоненты, помогающие удалить мёртвые клетки кожи, обеспечивая увлажнения и поддерживая здоровый вид кожи. Успокаивает сухую и стянутую кожу.   Обладает приятным и стойким ароматом, который останется на коже долгое время.  04 заряжающий энергией аромат дыни.;Нанесите необходимое количество геля душа на мокрые ладони или мочалку, вспеньте с добавлением тёплой воды. Массажными движениями нанесите на тело. Смойте водой.
99000037187;BEAUTY VIRUS #1;гель для душа;;920;690;https://goldapple.ru/99000037187-1;;Эксклюзивный уход и благородные ароматы нишевой парфюмерии. Каждый из восхитительных гелей для душа разработан с учетом потребностей кожи и имеет неповторимый парфюмированный аромат. Нежный гель для душа бережно очищает, смягчает и увлажняет кожу, придавая ей восхитительный аромат. Парфюмированный гель для душа beauty Virus № 1 подходит для всех типов кожи.;Небольшое количество геля нанести на влажную кожу, вспенить, смыть водой. В случае попадания в глаза промойте большим количеством воды, при необходимости обратитесь к врачу.
82400800004;FREDERIC MALLE French Lover;гель для душа;;7900;7900;https://goldapple.ru/82400800004-bois-d-orage;;Пьер Бурдон воплотил квинтэссенцию всех качеств классического мужского аромата в новом прочтении ангелики. Исследовав все аспекты требовательного ингредиента, ему удалось создать необычное звучание растительной анималистичности. Аромат пачули, ладана, древесного мха и кедра сливается с кожей и становится ее естественным продолжением. Благородная база композиции уравновешивает щедрую дозировку ангелики, гальбанума и перца пименто. Утонченный, словно музыкальная драма Вагнера, French Lover подчеркивает всю мужскую элегантность.  Очищающий гель для душа при контакте с водой превращается в ароматное облако из тысячи пузырьков. Формула глубоко очищает и смягчает кожу, наполняя ее энергией и деликатным шлейфом любимого аромата.  Верхние ноты: перец пименто, ангелика, можжевельник Базовые ноты: пачули, ветивер, ладан.;
99000074826;MONO BEAUTY Naked Vanilla;гель для душа;;3180;449;https://goldapple.ru/99000074826-naked-vanilla;;"Гель для душа Обнаженная Ваниль — это идеальный старт для вашего утра и завершение дня, которое наполняет каждое ваше утреннее или вечернее умывание волшебством и нежностью. Созданный на основе уникальной формулы, этот гель очищает и ухаживает за кожей, даря ей здоровое сияние и невероятный аромат. Эта мягкая, шелковистая текстура геля обеспечивает легкое и приятное нанесение, а его богатая пена создает ощущение роскоши. Благодаря тщательно подобранным ингредиентам, гель нравится даже самой чувствительной коже, не пересушивая ее, а оставляя лёгкое увлажняющее покрытие. Входящие в состав натуральные экстракты и масло помогают мягко очищать, не повреждая защитный барьер кожи. С каждой каплей гель наполняет вашу ванную комнату теплым, приглашающим ароматом, который не только поднимает настроение, но и создает атмосферу спокойствия. Этот удивительный запах остается на коже, словно легкий шлейф, радующий вас в течение всего дня. Гель для душа ""Обнаженная Ваниль"" также насыщен витаминами и антиоксидантами, которые заботятся о вашей коже. Он помогает восстановить её водный баланс, делает кожу более упругой и гладкой. Регулярное использование продукта способствует улучшению состояния кожи и её защитных функций, что особенно важно в условиях городской жизни и изменений погодных условий. Как приятно начать день с душа, который дарит не только чистоту, но и настоящее удовольствие для тела и души! Гель ""Обнаженная Ваниль"" станет вашим незаменимым помощником в уходе за кожей, позволяя наслаждаться каждым моментом. Позвольте себе расслабиться и погрузиться в мир сладостного аромата и нежного ухода, который позаботится о вашей коже каждый день!";Нанесите небольшое количество геля на влажную кожу, массажными движениями создайте обильную пенку, а затем смойте теплой водой.
19000434155;INNATURE La Niche Fleur Symphony;гель для душа;Россия;648;362;https://goldapple.ru/19000434155-la-niche-fleur-symphony;;Натуральный гель для душа La Niche Fleur Symphony эффективно и деликатно очищает кожу, оставляя на ней цветочный аромат с фруктовыми нотами. Верхние ноты: личи, персик, бергамот Средние ноты: жасмин, цветы апельсина, пион Базовые ноты: дерево, мускус, мох;Массирующими движениями нанести гель на влажную кожу, тщательно смыть теплой водой. Рекомендуется использовать с кремом для тела и рук Innature La Niche  Fleur Symphony.
19000410790;OXYGEN HOME Цветы полинезии;гель для душа;Россия;696;626;https://goldapple.ru/19000410790-cvety-polinezii;;Легкий аромат сладких полинезийских цветов.;Небольшое количество крем-геля нанесите на влажную кожу тела массирующими движениями. Смойте теплой водой.
99000042687;HERBOLICA Thai Herbs;гель для душа;;780;780;https://goldapple.ru/99000042687-thai-herbs;;Гель для душа с тайскими травами - это прекрасное средство для ухода за кожей, которое обогащено уникальными эфирными маслами из Таиланда такими как Литсея Кубеба, Шалфей, Розмарин, Плаи и Черный перец. Этот гель обладает приятным ароматом и нежной текстурой, которая бережно очищает и увлажняет вашу кожу. Тайские травы известны своими омолаживающими и тонизирующими свойствами, поэтому гель для душа с их содержанием поможет сделать вашу кожу более гладкой, упругой и здоровой. Попробуйте этот продукт и погрузитесь в мир тайского ухода за собой!;Нанесите гель на влажное тело легкими массирующими движениями до образования пены. Смойте большим количеством теплой воды.
99000113160;LEKANA BRAND BLACK PEPPER, AMBER, NEROLI;гель для душа;Россия;550;385;https://goldapple.ru/99000113160-black-pepper-amber-neroli;;Парфюмированный гель для душа “Black Pepper, Amber, Neroli” мягко и бережно очищает кожу, создавая густую и нежную пену. Благодаря деликатной формуле он не пересушивает кожу и идеально подходит для ежедневного использования утром и вечером. Аромат благородного чёрного перца и дымной амбры наполняет ванную комнату. Гель оставляет невидимую вуаль дорогой амбровой композиции на теле после применения.;Нанесите гель на влажную кожу или губку. Вспеньте массажными движениями и смойте теплой водой.
19000455002;ASENSE Sea salt & Wood;гель для душа;Россия;3484;3100;https://goldapple.ru/19000455002-sea-salt-wood;;Гель для душа с ароматом морской соли и хвойного дерева бережно очищает кожу, сохраняя ее липидный баланс. После использования геля на теле остается приятный парфюмерный аромат. Французский парфюм Sea salt & Wood. Аромат побережья. Акватические и древесные аккорды. Свежая морская пена с глубоким хвойным обрамлением из можжевельника, сандала и мха. Дыхание морского берега. Интенсивность: средняя. Топ: морская соль, дубовый мох. Сердце: можжевельник.;Нанести на влажную кожу тела и рук, смыть теплой водой. Рекомендуется использовать вместе с лосьоном для тела и рук Asense.
99000073094;TOGAS Gingerbread sparkles;гель для душа;;2650;2650;https://goldapple.ru/99000073094-gingerbread-sparkles;;Гель для душа «Пряничные блестки» наполнен теплым и очень вкусным ароматом имбирных пряников с корицей. Сладкий прянично-имбирный аромат, дополненный душистыми корицей и ванилью, нотками кофе и миндаля, мгновенно поднимает настроение, напоминая о душевных семейных праздниках. Только что приготовленные сладости к домашнему чаепитию, имбирное печенье и кофе с корицей – что может быть уютнее? Блестки в геле также вызывают воспоминания о ярких праздниках, карнавалах или сиянии огней новогодней ночи. Особенность коллекции гелей для душа от Togas – высокая степень увлажнения кожи. Густые, тягучие как мед гели образуют пышную и мягкую мелкодисперсную пену, которая приятно обволакивает тело и напоминает воздушную и нежную, смягчающую кожу пену восточного хаммама. Парфюмированные гели долго сохраняют свой аромат: он будет ощущаться в течение нескольких часов после использования.;Открыть и налить на руки.
19000232570;ONLY BIO Ароматные цветы Живерни;гель для душа;Россия;481;293;https://goldapple.ru/19000232570-osvezausij-aromatnye-cvety-ziverni;;"Освежающий гель для душа со звонким летним ароматом раскрывается, как симфония природы: переливами ландыша, нежностью жасмина и нотами бергамота. Теплота и игривость цветочных нот подчеркиваются цитрусовыми аккордами. Гель ухаживает за кожей и переносит вас в волшебный мир благоухающих лугов Живерни.  Верхние ноты: жасмин, бергамот, глициния; Ноты сердца: ландыш, ирисы, ваниль; Базовые ноты: ваниль, мускус, гальбанум.";Небольшое количество геля нанесите на влажную кожу, вспеньте и смойте водой.
19000408357;MIKO Грейпфрут и табак;гель для душа;Россия;963;645;https://goldapple.ru/19000408357-grejpfrut-i-tabak;;Оживите свои утренние ритуалы с нашим тонизирующим гелем для душа! Насыщенный аромат свежего грейпфрута в сочетании с глубокими нотами табака придаст энергии на весь день. Формула не сушит кожу, делая её мягкой и увлажнённой. Натуральные экстракты помогут сохранить баланс, обеспечивая комфорт и свежесть.;Нанести небольшое количество геля на мочалку или ладонь, распределить по всему телу, смыть водой. Избегать попадания в глаза, при попадании в глаза - промыть водой.
99000119387;AUIOIA Bergamot, Rose, Sandalwood;гель для душа;Россия;1490;983;https://goldapple.ru/99000119387-bergamot-rose-sandalwood;;Погрузитесь в мир чувственных удовольствий с нашим парфюмированным гелем для душа «Бергамот, Роза, Сандал». Этот изысканный гель сочетает в себе теплые и сладкие ноты, создавая уникальную атмосферу уюта и расслабления. Парфюмированный гель обогащен увлажняющими компонентами, оставляя ее мягкой и гладкой после каждого использования. Идеален для ежедневного применения.;Нанести на предварительно увлажненную область, сделать мягкую пену, затем тщательно смыть водой.
19000319126;INNATURE La Niche Tobacco Vanille;гель для душа;Россия;648;388;https://goldapple.ru/19000319126-tobacco-vanille;;"Натуральный гель для душа Tobacco Vanille эффективно и деликатно очищает кожу, оставляя на ней легкий аромат с нотами ванили и цветов табака. Верхние ноты: Ваниль, древесные ноты; Средние ноты: Листья табака, бобы тонка; Базовые ноты: Цветок табака, пряности. В интернет-магазине представлен актуальный дизайн продукта. Обращаем внимание, возможно поступление товара в старом дизайне.";Массирующими движениями нанести гель на влажную кожу, тщательно смыть теплой водой. Рекомендуется использовать с кремом для тела и рук Innature La Niche Tobacco Vanille.
19000421277;BIELITA Нежный ирис & Цветок апельсина;гель для душа;Беларусь;469;328;https://goldapple.ru/19000421277-neznyj-iris-cvetok-apel-sina;;Создайте для себя момент утонченного ухода с гелем-парфюмом для душа «Нежный ирис & Цветок апельсина». Его аромат очаровывает сочетанием благородного ириса, сочного бергамота и сладкого цветка апельсина, дополненного гурманскими нотами пралине и чувственного пачули. Экстракт ириса флорентийского питает и смягчает кожу, устраняет сухость и шелушения, делая ее невероятно нежной и шелковистой. Гель бережно очищает, придавая вашей коже ощущение роскоши и свежести.;Нанесите на влажную кожу, вспеньте, смойте водой.
19000322299;ZIELINSKI & ROZEN Vetiver, Lemon;гель для душа;Израиль;1790;1790;https://goldapple.ru/19000322299-vetiver-lemon;;Эффективно очищает кожу, обогащает её витаминами, нормализует гидробаланс, восстанавливает тонус и жизненные силы. Подходит для ухода за кожей любого типа.;Небольшое количество геля нанести на влажную кожу, вспенить и тщательно смыть водой. Хранить в сухом, защищенном от света и недоступном для детей месте при температуре от +5 °С до +25 °С.
19000399456;HI,DEAR Ylang-ylang & patchouli;гель для душа;Россия;400;360;https://goldapple.ru/19000399456-ylang-ylang-patchouli;;Чарующий и гипнотический аромат Ylang-Ylang & Patchouli. Он вскружит голову, перенесет под покров тропического леса, окутает влажным теплым воздухом с нотами цветов, меда и пряностей. Экзотический пачули расслабляет, глубокий и богатый запах иланг-иланга пробуждает аппетит к жизни. Это приключение, в финале которого ты найдешь себя. Парфюмированный гель для душа в тревел-формате — удобный способ познакомиться с изысканным уходом бренда и всегда иметь под рукой средство для заботы о себе. Деликатное очищение: компоненты подходят для всех типов кожи, бережно удаляя загрязнения и сохраняя естественный баланс. Увлажнение и защита: алоэ вера и глицерин насыщают кожу влагой, предотвращая сухость и даря комфорт. Уход и восстановление: пантенол успокаивает кожу, повышает её эластичность и помогает сохранить здоровый вид. Лёгкость в использовании: мягкая пена легко смывается, оставляя кожу чистой и свежей, без ощущения стянутости. Практичный формат для путешествий, насыщенного дня или первого знакомства с ароматами;Нанести немного геля на влажные руки, вспенить и массажными движениями распределить по телу, смыть водой.
19000459013;GIARDINO MAGICO Tonka, vanilla, white musk;гель для душа;Россия;2550;2550;https://goldapple.ru/19000459013-tonka-vanilla-white-musk;;Лёгкая пенящаяся текстура богата увлажняющими и питательными компонентами, бережно очищает, делая поверхность кожи мягкой и нежной. В составе содержится гель алоэ-вера, содержащий витамины и минералы, которые так необходимы в ежедневном уходе. Экстракт овса сужает поры и создает эффект бархатистости.  Добавленная молочная кислота стабилизирует уровень Ph и прекрасно подходит для чувствительной кожи. Увлажняющий гель для душа с ароматом Tonka, vanilla, white musk из парфюмерной коллекции бренда.;Массирующими движениями нанести необходимое количество геля на влажное тело до образования пены.  Смыть тёплой водой.
99000119388;AUIOIA French Vanilla;гель для душа;Россия;1490;894;https://goldapple.ru/99000119388-french-vanilla;;Погрузитесь в мир чувственных удовольствий с нашим парфюмированным гелем для душа «Французская ваниль». Этот изысканный гель сочетает в себе теплые и сладкие ноты, создавая уникальную атмосферу уюта и расслабления. Наш гель обогащен увлажняющими компонентами, оставляя ее мягкой и гладкой после каждого использования. Идеален для ежедневного применения.;Нанести на предварительно увлажненную область, сделать мягкую пену, затем тщательно смыть водой.
99000110197;BIOTHAL Rouge;гель для душа;Россия;1895;728;https://goldapple.ru/99000110197-rouge;;Парфюмированный гель для душа — это не просто средство для очищения кожи, а настоящее ритуальное удовольствие. Лёгкая текстура превращается в воздушную пену, мягко удаляя загрязнения и придавая ощущение свежести.  Бережно очищает кожу, сохраняя её естественный баланс. Дарит шелковистую мягкость и увлажнение. Оставляет на коже тонкий шлейф любимого аромата, продлевая звучание парфюма. Превращает ежедневный уход в ароматную SPA-процедуру.  Уже при первом прикосновении гель раскрывается благоухающей композицией Шафрана и Кедра — свежие верхние ноты плавно переходят в нежное «сердце» и мягкую, обволакивающую базу. Аромат остаётся на коже деликатным и ненавязчивым, создавая ощущение уюта и роскоши.;Нанесите средство на влажную кожу тела. Смойте водой.
26800800004;MAISON FRANCIS KURKDJIAN A la Rose;гель для душа;Франция;9500;9500;https://goldapple.ru/26800800004-a-la-rose;;Парфюмированный гель для рук и тела A la Rose с кремовой текстурой мусса бережно очищает кожу, оставляя нежный аромат.  Кожа ощущает комфорт, увлажненная и бархатистая.                                                                                               Легкий и чувственный аромат - отражение двух исключительных сортов роз: Дамасская Роза и Роза Сентифолия. Дополняя друг друга, они создают мускусно-цветочный аромат, тонкий и искрящийся одновременно.   A la Rose смело сочетает элегантность истинной женственности с безграничной свободой стиля.  Нежная текстура геля, заключенная в элегантный флакон с иконическим розовым цветом A la Rose, дарит коже моментальное ощущение защиты.           Чтобы насладиться моментом ухода за собой и продлить звучание вашего аромата  A la Rose, попробуйте также парфюмированный лосьон для тела À  la rose.;Нанести на влажную кожу, избегая попадания в глаза, распределить по телу, смыть достаточным количеством воды. При необходимости повторить.
19000459020;GIARDINO MAGICO Oud & black pepper;гель для душа;Россия;1750;1750;https://goldapple.ru/19000459020-oud-black-pepper;;Лёгкая пенящаяся текстура богата увлажняющими и питательными компонентами, бережно очищает, делая поверхность кожи мягкой и нежной. В составе содержится гель алоэ-вера, содержащий витамины и минералы, которые так необходимы в ежедневном уходе. Экстракт овса сужает поры и создает эффект бархатистости.  Добавленная молочная кислота стабилизирует уровень Ph и прекрасно подходит для чувствительной кожи. Увлажняющий гель для душа с ароматом oud & black pepper из парфюмерной коллекции бренда.;Массирующими движениями нанести необходимое количество геля на влажное тело до образования пены.  Смыть тёплой водой.
19000407717;DILIS #3 CEDAR&FIG;гель для душа;Беларусь;767;690;https://goldapple.ru/19000407717-3-cedar-fig;;Уход, который вдохновляет и радует! Позвольте себе насладиться мгновениями абсолютной гармонии и красоты с dilis mono collection! Гель бережно очищает, увлажняет и смягчает. Парфюмированные гели для душа dilis mono collection деликатно очищают и увлажняют кожу, помогая ей оставаться здоровой и увлажненной. Алоэ вера поддерживает оптимальный уровень увлажненности кожи, успокаивает раздражения и покраснения, мочевина интенсивно увлажняет кожу, отшелушивает ороговевшие клетки, способствуя обновлению кожи. Ароматы парфюмерной коллекции dilis mono collection наполняют кожу нежным шлейфом, оставляя ощущение свежести и ухоженности. Семейство - восточные. Начальные ноты - инжир, бергамот. Сердечнве ноты - кашемировое дерево, кедр. Шлейфовые ноты - амбра, бензоин.;Нанесите гель для душа на влажные ладони или губку, вспеньте до создания густой пены, равномерно распределите массирующими движениями по телу и смойте теплой водой. Для усиления стойкости аромата и создания обволакивающего шлейфа дополните образ духами коллекции Dilis Mono Collection.
19000311738;TOUCH&RELAX Флердоранж, мускус и мох;гель для душа;Россия;770;431;https://goldapple.ru/19000311738-flerdoranz-muskus-i-moh;;Парфюмированный гель для душа Флердоранж, мускус и мох. Эксклюзивная формула с ароматом селективного парфюма. Гель для душа с чувственным ароматом флердоранжа,  мускуса  и мха создан для ценителей эксклюзивных ароматов! Его нежная воздушная пена бережно очищает, не нарушая pH кожи, и предотвращает ее сухость.  Насыщенная формула геля содержит все необходимые ингредиенты для молодости, красоты и сияния кожи.  После душа Ваша кожа гладкая и нежная, окутанная стойким ароматом красивого парфюма. -Гиалуроновая кислота глубоко увлажняет и разглаживает кожу. -Аминокислотный комплекс обновляет, восстанавливает и улучшает тургор кожи, стимулирует выработку коллагена и эластина. -Комплекс натуральных масел глубоко питает, дарят гладкость и эластичность. -Д-пантенол и витамин Е защищают липидный барьер, смягчают и омолаживают кожу.;Небольшое количество геля нанесите на влажную кожу или спонж, помассируйте до образования пены, смойте водой.
19000042576;ZIELINSKI & ROZEN peach, passion fruit, musk;гель для душа;;2390;2390;https://goldapple.ru/19000042576-peach-passion-fruit-musk;;Уход, ароматерапия и признание в любви в одном флаконе. Бодрящий аромат способствует пробуждению, натуральные масла увлажняют кожу и питают, а мягкая пена позволяет по-настоящему насладиться редкими минутами наедине с собой.;Нанесите небольшое количество геля на влажную кожу, вспеньте руками или с помощью мочалки, а затем смойте.
19000447597;AMOUAGE Guidance;гель для душа;Оман;20150;16120;https://goldapple.ru/19000447597-guidance;;Бодрящая, нежная, глубоко очищающая, восстанавливающая формула геля для ванны и душа Guidance Bath & Shower Gel создает густую пену, увлажняя кожу и делая ее мягкой и эластичной.  Добавление деликатно очищающего масла оманского ладана выявляет более освежающие элементы парфюмированной воды Guidance, оставляя на теле завораживающий след аромата.;Наносите средство на влажную кожу массажными движениями, а затем тщательно смойте водой.
19000455000;ASENSE Pure Cannabis;гель для душа;Россия;3228;2905;https://goldapple.ru/19000455000-pure-cannabis;;Гель для душа с ароматом каннабиса бережно очищает кожу, сохраняя ее липидный баланс. После использования геля на теле остается приятный парфюмерный аромат. Французский парфюм Pure Cannabis: манящий и игривый фужерный аромат. Яркий, свежий, слегка дымный и сладковатый, чистый аромат каннабиса. Он остаётся уникальным и необычным до последней молекулы. Интенсивность: средняя+. Топ: цитрус, грейпфрут с черным перцем. Сердце: каннабис.;Нанести на влажную кожу тела и рук, смыть теплой водой. Рекомендуется использовать вместе с лосьоном для тела и рук Asense.
19000410784;OXYGEN HOME Кристальная вишня;гель для душа;Россия;696;591;https://goldapple.ru/19000410784-kristal-naa-visna;;Насыщенный и контрастный аромат. Аромат открывается блеском спелой черной вишни и сладкого вишневого ликера в сочетание с теплыми ореховыми нотами горького миндаля. Дополняется турецкой розой, пряностями, белым жасмином и завершается насыщенными нотами перуанского бальзама, обжаренных бобов тонка, сандалового дерева, ветивера и кедра.;Небольшое количество крем-геля нанесите на влажную кожу тела массирующими движениями. Смойте теплой водой.
19000304468;LOGEVY FIRENZE 1965 MACADAMIA;гель для душа;Италия;4290;3861;https://goldapple.ru/19000304468-macadamia;;Чувственный экзотический аромат макадамии – нежная ванильно-ореховая вуаль дарит особую и привлекательность и шарм, обладает бодрящим освежающим эффектом. Гель для душа взбивается в нежную пену, которая бережно очищает кожу, оставляя ее мягкой и увлажненной. Ощущение свежести и абсолютного комфорта дарит парфюмированная формула на основе натуральных ингредиентов.;Нанесите гель на предварительно увлажненное тело, вспеньте и смойте водой.
7150200010;CLINIQUE Happy For Men;гель для душа;Бельгия;5100;3060;https://goldapple.ru/7150200010-happy-for-men-body-and-hair-wash;;Гель для мытья волос и тела с ароматом Happy For Men Body And Hair Wash способствует пробуждению, усиливает интенсивность цитрусовых нот одноименного одеколона. Натуральные ингредиенты увлажняют кожу и питают, а мягкая и густая пена очищает, легко смывается и не сушит кожу. Средство подходит для использования в качестве шампуня для волос.  Группа ароматов - цирусовые.;Нанесите на смоченную водой кожу и вспените.
19000466061;JOVELLE black pepper&amber;гель для душа;Россия;636;572;https://goldapple.ru/19000466061-black-pepper-amber;;Премиальная коллекция парфюмированных гелей для душа Jovelle создана для тех, кто ценит роскошь в повседневном уходе. Деликатные текстуры и утончённые парфюмерные композиции — идеальный выбор для утреннего пробуждения или вечернего расслабления. Jovelle — когда уход становится наслаждением. Пробуждающий чёрный перец в верхних нотах переходит в насыщенную амбру в сердце композиции. Завершает аромат нежная горчинка цветущего нероли — тонкий, стойкий акцент, который звучит на коже уверенно и чисто. Формула с пантенолом, аллантоином и глицерином увлажняет, смягчает и поддерживает естественный pH-баланс кожи. Мягкие ПАВы деликатно очищают, не пересушивая, а кондиционирующие добавки дарят ощущение гладкости и комфорта после душа.;Нанесите небольшое количество геля на влажную кожу или мочалку. Позвольте аромату раскрыться. Вспеньте гель, наслаждаясь каждым моментом. Смойте остатки геля водой.
19000311736;TOUCH&RELAX Ваниль, амбра и бобы тонка;гель для душа;Россия;770;431;https://goldapple.ru/19000311736-vanil-ambra-i-boby-tonka;;Парфюмированный гель для душа Ваниль, амбра и бобы тонка. Эксклюзивная формула с ароматом селективного парфюма. Гель для душа с изысканным ароматом ванили, амбры и бобов тонка подарит незабываемые эмоции и великолепный уход за вашей кожей. Его нежная воздушная пена бережно очищает, не нарушая pH кожи, и предотвращает ее сухость. Насыщенная формула геля содержит все необходимые ингредиенты для молодости, красоты и сияния кожи.  После душа Ваша кожа гладкая и нежная, окутанная роскошным шлейфом селективной парфюмерии на целый день. -Гиалуроновая кислота глубоко увлажняет и разглаживает кожу. -Аминокислотный комплекс обновляет, восстанавливает и улучшает тургор кожи, стимулирует выработку коллагена и эластина. -Комплекс натуральных масел глубоко питает, дарит гладкость и эластичность. -Д-пантенол и витамин Е защищают липидный барьер, смягчают и омолаживают кожу.;Небольшое количество геля нанесите на влажную кожу или спонж, помассируйте до образования пены, смойте водой.
19000215430;SEATHERA Jasmine & Orange Blossom;гель для душа;Греция;1739;782;https://goldapple.ru/19000215430-jasmine-orange-blossom;;Гель для душа деликатно очищает и питает кожу, оставляя на коже приятный аромат.  Органические масла арганы и оливы, богатые витаминами, увлажняют, питают и дарят антиоксидантный эффект.  Экстракты жасмина и цветка апельсина смягчают. Кожа остается напитанной и увлажненной.;Нанесите гель на влажную кожу, помассируйте, а затем смойте тщательно водой.
19000408315;NICE BY SEPTIVIT Formula Black Pepper;гель для душа;Россия;629;434;https://goldapple.ru/19000408315-formula-black-pepper;;Парфюмированный гель для душа NICE окутывает вас богатым ароматом Black Pepper, где черный перец подчеркивается насыщенными мускусными нотами и тонкими аккордами пачули. Питательная формула глубоко увлажняет кожу, даря ощущение свежести и комфорта на весь день.;Нанесите небольшое количество геля на губку/мочалку, вспеньте и распределите по телу, смойте водой.
19000410791;OXYGEN HOME Чистый хлопок;гель для душа;Россия;696;591;https://goldapple.ru/19000410791-cistyj-hlopok;;Свежий аромат хлопка со сладкими цветочными нотами.;Небольшое количество крем-геля нанесите на влажную кожу тела массирующими движениями. Смойте теплой водой.
19000434154;INNATURE La Niche Amber Osmanthus;гель для душа;Россия;648;362;https://goldapple.ru/19000434154-la-niche-amber-osmanthus;;Натуральный гель для душа La Niche Amber Osmanthus эффективно и деликатно очищает кожу, оставляя на ней фруктово-цветочный аромат с лёгкими древесными нотами. Верхние ноты: цветок апельсина Сердце аромата: мускус, османтус Базовые ноты: древесно-амбровый аккорд;Массирующими движениями нанести гель на влажную кожу, тщательно смыть теплой водой. Рекомендуется использовать с кремом для тела и рук Innature La Niche Amber Osmanthus.
