article;name;product_type;country;price_actual;price_loyalty;url;popularity_coefficient;description;application
19000287581;ALAN BRAY Extrait Tobacco&Vanille;экстракт;Россия;2874;1724;https://goldapple.ru/19000287581-tobacco-vanille;436.16;Композиция построена на притягательном дуэте благородного табака и изысканной бурбонской ванили.  Чувственные и глубокие аккорды ключевых компонентов звучат многогранно и невероятно красиво за счет роскошного обрамления. Здесь пряность корицы и какао, сливочность бобов тонка, сок древесины с нотами кленового сиропа и нежность белого мускуса. Аромат придает своему обладателю аристократичность, подчеркивает его безупречный вкус и природную притягательность.  Там, где звучат ноты Tobacco &Vanille, даже воздух становится особенно манящим и бесконечно элегантным.;Нанести на шею, запястье, локтевые сгибы.
19000006030;MAISON FRANCIS KURKDJIAN BACCARAT ROUGE 540;экстракт;Франция;27000;27000;https://goldapple.ru/19000006030-baccarat-rouge-540;282.94;Парфюмерный экстракт Baccarat Rouge 540 усиливает сияние трех компонентов парфюмерной воды, не изменяя оригинального звучания. Отточенное мастерство парфюмера и мудрость, приобретенная со временем, привели к рождению этого древесного парфюмерного экстракта, ставшего истинным шедевром Франсиса Кюркджяна. Верхняя нота жасмина Грандифлорум мягко подчеркивает замысел мастера. Оттенок огня усиливается пудровыми гранями горького миндаля. Наконец, минеральная нота, построенная вокруг амбры, укрощена мускусным и древесным аккордом. Флакон, играя со светом, добавляет экстракту интенсивности. Он облачен в блестящую красную мантию, намекающую на красный цвет знаменитого хрусталя Baccarat. Парфюмерный экстракт Baccarat Rouge 540 Maison Francis Kurkdjian  воплощает собой изобилие и слияние компонентов, которые можно укротить только с помощью искусства парфюмера и мудрости, обретенной со временем.;Нанести аромат на запястья, шею и точки пульса.
19000287580;ALAN BRAY Extrait Tobacco&Cherry;экстракт;Россия;2874;2212;https://goldapple.ru/19000287580-tobacco-cherry;253.44;Аромат посвящен спелой и сочной вишне, звучание которой проявляется с первых аккордов. Вступление дополняют искрящиеся ноты розовых ягод и пряность мускатного ореха. А в сердце композиции вишневое звучание обрамляется великолепием сандала и нежностью жасмина самбак.  Шлейф представляет собой богатую симфонию, в которой ощущается роскошная бурбонская ваниль,  тягучий ладанник и благородство кожи. Красота и лаконичность флакона сочетаются с роскошью звучания самого аромата, одинаково эффектно раскрывающемся как на мужчинах, так и на женщинах. Tobacco&Cherry открывает дверь в мир притяжения и природного магнетизма.;Нанести на шею, запястье, локтевые сгибы.
19000342979;ESSENTIAL PARFUMS PARIS BOIS IMPERIAL by Quentin Bisch;экстракт;Франция;16310;8155;https://goldapple.ru/19000342979-bois-imperial-by-quentin-bisch;240.64;Парфюмер – Quentin Bisch. «В этой концентрированной версии BOIS IMPÉRIAL я усилил контрасты для абсолютного обольщения».  Черный перец делает композицию ESSENTIAL PARFUMS более взрывной, а атласский кедр и абсолют розы — насыщенной и глубокой. Древесный шлейф дополнен яркими нотами лабданума и пихтового бальзама, которые придают аромату новое ощущение зависимости и силы. В составе парфюмерного экстракта – 87% натуральных ингредиентов.  Создатели ароматов ESSENTIAL PARFUMS выбирают натуральные, экологически чистые материалы и стремятся снизить воздействие на окружающую среду.;Только для наружного применения.
19000161479;FREESHAPE EYWA Blessings from Nature;экстракт;Италия;21780;10890;https://goldapple.ru/19000161479-eywa-blessings-from-nature;198.72;EYWA — благословение природы и гимн уникальности в смелой, чувственной композиции. Восточно-древесный аромат прославляет силу природы, её позитивную энергию и тех, кто поддерживает равновесие в мире. Горький апельсин, нероли, плюмерия раскрываются в верхних нотах.  В нотах сердца проявляются магнолия, абсолют жасмина, петитгрейн. Завершающими аккордами звучат амбра и древесные ноты.  Крышка и подставка для флакона сделаны из розового мрамора Эйджин, натурального камня, который идеально подходит аромату. FreeShape — освободите душу и примерьте новый облик.;
19000166818;MIND GAMES Blockade;экстракт;США;28292;25462;https://goldapple.ru/19000166818-blockade;183.3;Лицом к лицу с противником — в блокаде на шахматном поле слабости работают на вас. Меняется восприятие, уходят мысли о сомнении и нерешительности. Динамичный и контрастный аромат вдохновляет на действие. Теплые ноты кожи, уда и амбры встречаются с бодрящей свежестью манго, острого перца и томатного листа. Исследуйте разум, чувства, силу духа с MIND GAMES и погрузитесь в стратегически идеальные композиции.;Распылите на кожу с расстояния 20-30 см.
19000166825;MIND GAMES J'Adoube;экстракт;США;28292;25462;https://goldapple.ru/19000166825-j-adoube;115.64;J’ADOUBE — я двигаюсь, но остаюсь прежним. Интригующие гранат, роза и мандарин устремляются в сладость. Аромат эволюционирует в глубокую базу из кожи, пачули и амбростара и фокусируется на хаосе, но сохраняет свою спонтанность и свободу. Исследуйте разум, чувства, силу духа с MIND GAMES и погрузитесь в стратегически идеальные композиции.;Распылите на кожу с расстояния 20-30 см.
19000220509;MIND GAMES QUEENING;экстракт;США;28292;25462;https://goldapple.ru/19000220509-queening;97.76;Коллекция soulmate воплощает силу и единство пешек, коллективную уверенность и стремление поддерживать друг друга. По характеру пешка — решительная, амбициозная и бесстрашная фигура.  Каждый аромат продуман, чтобы вы могли носить его самостоятельно или наслаивать с другими, создавая неповторимую композицию. Дизайн флаконов изящен, современен и сдержан — тонкие детали намекают на защитный слой брони. Разожгите страсть и откройте в себе лучшее с soulmate. Queening — празднование достижения своих целей. Эта изысканная композиция сочетает в себе королевский аромат ириса со сладостью ванили, создавая бодрящее начало, за которым следуют выдержанный ром и шафран.  Этот пленительный аромат наделяет силой всех нынешних и амбициозных королев.;Распылите на кожу с расстояния 20-30 см.
19000000388;INITIO PARFUMS PRIVES MUSK THERAPY;экстракт;;54000;45900;https://goldapple.ru/19000000388-musk-therapy;92.12;Великолепные натуральные ингредиенты, и их идеальная гармония.  Чистое наслаждение … Белый сандал дарит ощущение наполненности.  Он успокаивает и придает чувство уверенности в себе.  Магнолия, объединенная с гедионом, обладающим свойствами феромона, активирует участки головного мозга, отвечающие за удовольствие.;
83690100017;NISHANE Hacivat;экстракт;;25500;21675;https://goldapple.ru/83690100017-hacivat;89.18;Аромат, как дань элегантности, доброте, благородству и любви к искусству. Вдохновленный традиционным персонажем театра теней, этот шипровый аромат поможет вам жить в ваших лучших мечтах благодаря вечным сверкающим мотивам своей позитивной структуры, состоящей из бодрящих нот ананаса и бергамота, усиленных глубиной древесных нот. Наслаждайтесь любовью!;Наносить на неповрежденные участки кожи, волос и одежду.
19000340602;AMOUAGE Guidance 46;экстракт;Оман;101790;61074;https://goldapple.ru/19000340602-guidance-46;86.48;Увлекательный и завораживающий Guidance 46 Exceptional Extrait — это исследование света и тени, хрупкости и силы, утонченности и яркой выразительности — парадоксы, объединенные с непосредственностью, которая может быть достигнута только с помощью парфюмерного искусства.;Нанести на пульсирующие точки.
19000334152;BANANA REPUBLIC ORRIS VANILLE;экстракт;США;7652;6886;https://goldapple.ru/19000334152-orris-vanille;85.14;Изысканный аромат BANANA REPUBLIC, созданный для современной женщины, представляет симфонию нот, которые пленяют и остаются в памяти. Он воплощает суть роскоши, женственности и неизменной красоты, путешествие сквозь время и эмоции. Верхние ноты композиции дарят волнующее звучание, подобное первым лучам золотого восхода солнца. Цитрусовая искра бергамота переплетается со свежестью лимонного перца, а можжевельник усиливает бодрящий характер аромата.   Дымчатые и смолистые грани ладана, гармонично подчеркнутые утонченным ирисом, создают ощущение мистики.  По мере раскрытия нежные, сладкие оттенки яблоневого цвета дополняют элегантность композиции. Насыщенная амбра окутывает чувственным теплом, дополняя сливочную сладость ванили. Бархатистое сандаловое дерево придает аромату глубину и оставляет долгий, неотразимый шлейф. Классификация аромата: древесный, цветочный, амбровый.  Парфюмер – Catherine Selig;Только для наружного применения.
19000222198;ANTINOMIE DANSE PASSIVE;экстракт;Франция;14951;11213;https://goldapple.ru/19000222198-danse-passive;68.62;Музыка напевает свою фруктовую мелодию — кислые ноты малины и апельсина перемежаются нотами персика. Мы закрываем глаза: мгновение убаюкивает, а воздух укачивает.  Свежесть издалека выражена в иланг-иланге, жасмине, кедре. Позволяем себе увлечься заключительной нотой мускуса. Искрящийся и свежий DANSE PASSIVE — аромат медленного танца.;Только для наружного применения.
19000013016;NISHANE ANI;экстракт;;23600;20060;https://goldapple.ru/19000013016-ani;61.74;Древний мегаполис, Ани и его многочисленные разрушенные церкви теперь являются памятником величия империи и неизбежности времени. В честь этого мистического места ANI, древнего мегаполиса, теперь разрушенного , Nishane создал аромат, сочетающий яркую свежесть, огненную пряность, грубый лес и уютное тепло - настоящее путешествие сквозь века. Ani открывается ярким, бодрящим свежим и зеленым бергамотом, переполненным сочными цитрусовыми нотами и аккордом свежей растительности, пробуждающимися зарослями, которые вновь покрыли разрушенные стены. Сверкающая смесь пряностей имбиря наводит на мысль о том, что жизнь еще осталась, в то время как из-под древних камней выглядывает великолепная фруктовая роза. Теперь мы чувствуем силу истории, как богатую, сливочную, смолистую ваниль и богатое землистое древесное эхо, которое разносится множеством голосов, оставленных историей. Сложный, сильный и яркий, Ani - это аромат с истинным наследием. Этот парфюм предназначен для того, чтобы разрушить любую границу между людьми и дать возможность владельцу построить свою собственную;Наносить на неповрежденные участки кожи. Не распылять вблизи открытого огня. Не допускать попадания в глаза или на поврежденную кожу. Употребление в пищу опасно для здоровья! Хранить в темном месте при комнатной температуре!
19000220508;MIND GAMES LIONORA;экстракт;США;28292;25462;https://goldapple.ru/19000220508-lionora;61.64;Коллекция soulmate воплощает силу и единство пешек, коллективную уверенность и стремление поддерживать друг друга. По характеру пешка — решительная, амбициозная и бесстрашная фигура.  Каждый аромат продуман, чтобы вы могли носить его самостоятельно или наслаивать с другими, создавая неповторимую композицию. Дизайн флаконов изящен, современен и сдержан — тонкие детали намекают на защитный слой брони. Разожгите страсть и откройте в себе лучшее с soulmate. Lionora прославляет соблазнительное очарование грации, красоты и мудрости. Сочные ноты фруктов и цветов утопают в медовых, животных нотах османтуса, прежде чем раствориться в мягких и сливочных нотах сандалового дерева.  Композиция запечатляет страсть и романтику влюбленности, а также неоспоримую силу настоящей любви.;Распылите на кожу с расстояния 20-30 см.
19000215477;TUMI Awaken distilled 08:00 gmt;экстракт;США;13791;12411;https://goldapple.ru/19000215477;56.84;Насыщенный парфюмерный экстракт TUMI – идеальный выбор для гражданина мира, чья динамичная жизнь связана с точностью среднего времени по Гринвичу. Это более мощная и интенсивная версия классического аромата AWAKEN [08:00 GMT], дополненная выразительными древесно-амбровыми нотами и мягкой свежестью лаванды. Притягательный древесный аккорд делает сочетание фужерных и цитрусовых нот более контрастным, глубоким и ярким. Этот тонизирующий, бодрящий и стойкий аромат способен зарядить энергией надолго.;Только для наружного применения.
83690100001;NISHANE Wulong Cha;экстракт;;20900;15884;https://goldapple.ru/83690100001-wulong-cha;54.72;Раскрывается цитрусовыми нотами  бергамота, апельсина и мандарина. В то время как средиземноморский инжир и  мускус являются базой аромата,  китайский чай улун медленно  завораживает.;
19000334150;BANANA REPUBLIC MONDAY ROSE;экстракт;США;7652;5892;https://goldapple.ru/19000334150-monday-rose;53.58;С первого вдоха аромат BANANA REPUBLIC раскрывается ярким фруктовым шлейфом бергамота и грейпфрута, переливающихся на фоне сладости личи. В сердце композиции звучит нежная нота розы в современном прочтении, окутанная карамелью, бархатистой амброй и мускусом.  Парфюмер – Christelle Laprade.;Только для наружного применения.
19000220500;MIND GAMES THE FORWARD;экстракт;США;28292;25462;https://goldapple.ru/19000220500-the-forward;46.0;Коллекция soulmate воплощает силу и единство пешек, коллективную уверенность и стремление поддерживать друг друга. По характеру пешка — решительная, амбициозная и бесстрашная фигура.  Каждый аромат продуман, чтобы вы могли носить его самостоятельно или наслаивать с другими, создавая неповторимую композицию. Дизайн флаконов изящен, современен и сдержан — тонкие детали намекают на защитный слой брони. Разожгите страсть и откройте в себе лучшее с soulmate. The forward выступает вперед со смесью ярких, искрящихся цитрусов в смелом и незабываемом старте аромата. С каждым движением он становится более захватывающим, раскрывая глубину благодаря многогранным оттенкам соли, жасмина и ванили.  Царственный и дерзкий, но в то же время мягкий и утонченный, the forward превосходит ожидания.;Распылите на кожу с расстояния 20-30 см.
19000175281;MARC-ANTOINE BARROIS Ganymede Extrait;экстракт;Франция;31900;30305;https://goldapple.ru/19000175281-ganymede-extrait;41.28;Огромный спутник Юпитера является вдохновением для названия парфюма, но также он известен тем, что полон кратеров и имеет подземный океан, который больше, чем все океаны Земли, вместе взятые.  Создатели аромата, Марк-Антуан Барруа и Квентин Биш, представили его в этом мире с атмосферой, наполненной ароматическим сырьем, которое воспламеняется: небо сияет кислым всплеском мандарина и священными фумаролами ладана и мирры. Это планета, покрытая теплыми бархатными дюнами, где царствуют специи и карамелизированный бессмертник.  Огненное сердце аромата напоминает о том, что боги дали Ганимеду вечную жизнь, чтобы его красота никогда не увядала. Это ли тлеющая кожа, скрытая под дикой кожей? Драгоценный парфюмерный экстракт, настолько же утонченный, насколько чувственный.  Ganymede EXTRAIT раскрывает в своем головокружительном шлейфе очарование великой Классики.;
19000220504;MIND GAMES GAMBIT;экстракт;США;28292;25462;https://goldapple.ru/19000220504-gambit;37.72;Коллекция SOULMATE воплощает силу и единство пешек, коллективную уверенность и стремление поддерживать друг друга. По характеру пешка — решительная, амбициозная и бесстрашная фигура.  Каждый аромат продуман, чтобы вы могли носить его самостоятельно или наслаивать с другими, создавая неповторимую композицию. Дизайн флаконов изящен, современен и сдержан — тонкие детали намекают на защитный слой брони. Разожгите страсть и откройте в себе лучшее с SOULMATE.  GAMBIT создан для современного игрока, смелого и вдохновляющего. Уверенный и беззастенчиво страстный аромат с отличительными нотами специй, перемешанных с небольшой фруктовой сладостью и окутанных в успокаивающую теплоту.  Взрывы свежей герани задерживаются в глубокой дымке лаванды, прежде чем раствориться в сияющих нотах сандалового дерева и амбры.  GAMBIT не только знает своё предназначение, но и уверенно прокладывает к нему путь.;Распылите на кожу с расстояния 20-30 см.
19000220505;MIND GAMES EN PRISE;экстракт;США;28292;25462;https://goldapple.ru/19000220505-en-prise;36.8;Коллекция soulmate воплощает силу и единство пешек, коллективную уверенность и стремление поддерживать друг друга. По характеру пешка — решительная, амбициозная и бесстрашная фигура. Каждый аромат продуман, чтобы вы могли носить его самостоятельно или наслаивать с другими, создавая неповторимую композицию. Дизайн флаконов изящен, современен и сдержан — тонкие детали намекают на защитный слой брони. Разожгите страсть и откройте в себе лучшее с soulmate. En prise — многогранный аромат, который приглашает вас исследовать соблазнительную сторону уязвимости. Чарующее начало хрустящего, шипучего бергамота с отголоском грейпфрута сменяется чувственной сладостью кристаллического сахара и интимностью шафрана в сердце композиции. По мере того, как разворачивается это динамичное взаимодействие, землистые слои аромата ветивера и мха завершают En prise.;Распылите на кожу с расстояния 20-30 см.
19000287578;ALAN BRAY Gourmet Délice Floral;экстракт;Россия;2874;1839;https://goldapple.ru/19000287578-delice-floral;36.12;Волнующий и незабываемый аромат Delice Floral мгновенно покорит вас нежным звучанием абсолюта флердоранжа. Вступлению аромата   корица и кардамон дарят пряность,  а  мандарин и бергамот - цитрусовые нотки. В сердце композиции свежий жасмин обрамляет величественную розу. Теплые ноты амбры в сочетании с соблазнительной ванилью придают композиции чувственный характер. Аромат  Delice Floral вдохновлен элегантностью и очарованием десертов, покрытых лепестками цветов. Он - тончайшее произведение искусства, как те самые сладкие цветочные лепестки, неотличимые от живых цветов.;Нанести на шею, запястье, локтевые сгибы.
19000166822;MIND GAMES Double Attack;экстракт;США;28292;21219;https://goldapple.ru/19000166822-double-attack;35.72;Чемпионы создают судьбу сами и готовы рискнуть всем ради триумфа, когда шансы в их пользу. Аккорд шоколада создает смесь многогранных горьковато-сладких и древесных нот, которые определяют характер аромата. Специи и цветы разрушают преграды, а затем уступают место чарующим бурбону и ванили. Исследуйте разум, чувства, силу духа с MIND GAMES и погрузитесь в стратегически идеальные композиции.;Распылите на кожу с расстояния 20-30 см.
19000220506;MIND GAMES SANS VOIR;экстракт;США;28292;21219;https://goldapple.ru/19000220506-sans-voir;35.28;Коллекция soulmate воплощает силу и единство пешек, коллективную уверенность и стремление поддерживать друг друга. По характеру пешка — решительная, амбициозная и бесстрашная фигура.  Каждый аромат продуман, чтобы вы могли носить его самостоятельно или наслаивать с другими, создавая неповторимую композицию. Дизайн флаконов изящен, современен и сдержан — тонкие детали намекают на защитный слой брони. Разожгите страсть и откройте в себе лучшее с soulmate. В симфонии контрастов sans voir ведет вас по прибрежной мечте с нюансами морской соли, грейпфрута и жасмина, окутанных каскадом кипариса и фрезии.  Пока развивается ольфакторное повествование, ваше внутреннее видение пробуждается с мистической розой и пало санто, открывая возможности, которые были скрыты всего несколько мгновений назад.;Распылите на кожу с расстояния 20-30 см.
19000166819;MIND GAMES Caïssa;экстракт;США;28292;18389;https://goldapple.ru/19000166819-caissa;27.9;Каисса, богиня шахмат, показывает, на что мы готовы ради любви. Ноты черной лакрицы добавляют загадочности, пока розовый перец и кардамон согревают. Роскошные белые цветы сливаются с древесно-амбровыми нотами. Исследуйте разум, чувства, силу духа с MIND GAMES и погрузитесь в стратегически идеальные композиции.;Распылите на кожу с расстояния 20-30 см.
19000356149;MIND GAMES Mentor;экстракт;США;37367;33630;https://goldapple.ru/19000356149-mentor;27.44;Одновременно соблазнительный и сложный аромат MENTOR воспевает контрасты и предлагает уникальный взгляд на классические гурманские композиции.  В нем сочетаются изысканность дымчатого уда, придающего базе землистые оттенки, и чувственность теплой, медовой амбры, усиленной нотой бобов тонка. Слива подчеркивает глубину аромата и дополняет его многогранную сладость, делая композицию MIND GAMES еще более притягательной.  Тонкий баланс сладких и землистых нот очаровывает гармонией и пробуждает воспоминания.;Только для наружного применения.  Распылите на кожу с расстояния 20-30 см.
19000126964;INITIO PARFUMS PRIVES PARAGON;экстракт;;54000;45900;https://goldapple.ru/19000126964-paragon;26.46;Третий аромат в коллекции Hedonist открывает совершенно новый уровень и показывает особое видение.  Напитываясь силой священных лесов и растений, PARAGON проходит свой путь свершений. В аромате PARAGON воплотилась истинная природа Пало Санто и белого шалфея.  Уникальный аромат «священного дерева» Пало Санто, мастерски смешанный с белым шалфеем и агаровым деревом, стимулирует мозг и вызывает положительные эмоции.;Нанесите на кожу .
19000013015;NISHANE Safran Colognise;экстракт;;16200;13770;https://goldapple.ru/19000013015-safran-cologhise;26.0;Яркий искрящийся аромат — вариация на тему традиционных турецких одеколонов, которые принято подавать гостям, чтобы они освежили руки. Композицию пронизывает огненное солнечное благоухание шафрана, подчеркнутое экзотическими искрами маракуйи. Им вторят сочные лимоны, согревающие пряности, амброво-мускусный аккорд с кожаными акцентами. В основе формулы — высокая концентрация эфирных масел.;Наносить на неповрежденные участки кожи. Не распылять вблизи открытого огня. Не допускать попадания в глаза или на поврежденную кожу. Употребление в пищу опасно для здоровья! Хранить в темном месте при комнатной температуре!
82520100001;WIDIAN Black Collection №2;экстракт;ОАЭ;23933;21539;https://goldapple.ru/82520100001-black-collection-2;24.96;Духи Aj Arabia Black Collection № 2 отличаются экзотичностью и невероятной стойкостью. Чувственная парфюмерная композиция Black Collection № 2 открывается сочностью сливы и бодрящей спелостью мандарина.  В сердце духов от Aj Arabia звучат изысканные переливы нежной розы и терпкого сандалового дерева, которые сменяются воздушной ванильной нежностью, горечью дубового мха и пряностью мускуса.;
26802200001;MAISON FRANCIS KURKDJIAN OUD Satin Mood;экстракт;Франция;39000;39000;https://goldapple.ru/26802200001-oud-satin-mood;23.0;Подобно чувственному прикосновению атласа в парфюмерной  воде OUD satin mood, вариация парфюмерного экстракта  Extrait de parfum усилена амбровыми аккордами. Обилие роз и глубокие чувственные аккорды удового дерева мягко обволакивают цветы фиалки.;Нанести аромат на запястья, шею и точки пульса.
19000025060;INITIO PARFUMS PRIVES Oud for happiness;экстракт;;60000;51000;https://goldapple.ru/19000025060-oud-for-happiness;21.62;В композиции Oud for happiness уникальный  парфюмерный  ингредиент уд , способный  приблизить к эйфории, соединен с ароматом насыщенных наркотических трав и рождает настоящий взрыв  эмоций.  … вдохните его и почувствуйте, что это и есть ваш пусть к счастью.;
19000311841;NOBILE 1942 La dea bendata;экстракт;Италия;13592;7475;https://goldapple.ru/19000311841-la-dea-bendata;21.12;Все можно перевести в числа, и в Неаполе особенно верят в их силу и удачу.  В 19 веке Неаполь стал столицей «Игры в лото». Чтобы разыграть правильные числа, был один-единственный выбор: обратиться к “Smorfia”, книге снов. Эта книга состоит из 90 чисел и основана на вере в то, что сны и числа несут в себе символическое значение, которые нужно интерпретировать.  По мнению неаполитанцев, всё тесно связано с божественным и сверхъестественным миром, потому что обычно святые, Святая Мария или умершие близкие, могут диктовать цифры во сне, сделав подарок тем, кто остался на земле. Парфюмерная вода La Dea Bendata притягивает удачу и представляет ольфакторный амулет везения, поэтому подобранная каждая нота связана с благополучием.  Горький апельсина — хорошо известный символ удачи, благоприятных предзнаменований и плодородия.  Марципан, как известно, является символом богатства на Сицилии с незапамятных времен.  3 типа перца приносят стабильность.  Гранат и белый виноград также обладают положительным символизмом.  Ноты цветов вдохновлены букетом молодой невесты.  Редкая серая амбра и сандал обещают процветание.;Только для наружного применения.
19000327875;FRANCK BOCLET Chameleon;экстракт;Франция;6800;5780;https://goldapple.ru/19000327875-chameleon;21.12;Франка Бокле в мире высокой моды называют хамелеоном. Этот факт и стал идеей для создания ароматической композиции.  Это завораживающий, гипнотический аромат, подобный хамелеону, с множеством обонятельных граней.  Начинаясь с цитрусовых нот бергамота, грейпфрута и мандарина с привкусом зеленых оттенков петитгрейна, аромат в центральном аккорде раскрывает опьяняющую туберозу среди букета душистой розы и пьянящего жасмина.  Затем древесная нота великолепного сливочного сандала в сочетании с миндалем и мускусом усиливает аромат Franck Boclet Chameleon и создает захватывающую ольфакторную гармонию.;Наносить на неповрежденные участки кожи, волос и одежду.
19000166820;MIND GAMES Castling;экстракт;США;30410;16725;https://goldapple.ru/19000166820-castling;20.72;В шахматах рокировка превращает защиту в нападение и меняет намерения игрока, которые легко могут привести к победе. Аромат превосходит ожидания и отличается яркостью, элегантностью и утонченностью.  Бергамот и яркие цветы склоняются перед глубокими нотами белой древесины, ветивера и мускуса. Каким будет ваш следующий ход? Исследуйте разум, чувства, силу духа с MIND GAMES и погрузитесь в стратегически идеальные композиции.;Распылите на кожу с расстояния 20-30 см.
19000231848;MALBRUM Bagheera;экстракт;Италия;13613;6806;https://goldapple.ru/19000231848-bagheera;20.58;Аромат MALBRUM – посвящение образу пантеры по имени Багира из «Книги джунглей» Редьярда Киплинга.  Это дань уважения взаимодействию человека и дикого зверя. Волнующая композиция с чувственными аккордами кожи и замши построена вокруг нот темных цветов и ягод, окутанных бархатистой вуалью пудрового ириса.  Аромат идеально подходит для элегантного вечернего выхода в черном наряде.  Парфюмер – Delphine Thierry.;Только для наружного применения.
19000166821;MIND GAMES Checkmate;экстракт;США;28292;21219;https://goldapple.ru/19000166821-checkmate;19.6;Шах и мат — герой не боится сдаться и смотрит противнику в лицо с гордостью. Шипучее шампанское взрывается в сочных фруктах и цветах. Табак и бурбон опьяняют в последние мгновения поражения. Воспоминание о битве исчезает, когда ноты земли, мха и пачули окутывают вас. Исследуйте разум, чувства, силу духа с MIND GAMES и погрузитесь в стратегически идеальные композиции.;Распылите на кожу с расстояния 20-30 см.
82520100003;WIDIAN Black Collection №4;экстракт;ОАЭ;23933;21539;https://goldapple.ru/82520100003-black-collection-4;17.86;Духи Aj Arabia Black Collection № 4 — чувственный аромат, созданный для него и для нее. Сочная спелость сливы и черной смородины, которые открывают парфюмерную композицию Black Collection № 4, гармонично дополнена свежими бергамотовыми нотками.  В сердце духов от Aj Arabia звучит теплая изысканность розовых оттенков и белых цветов, а в шлейфе остаются пряный мускус, ванильная сладость, благородные кожаные акценты, терпкость уда и сандалового дерева.;
19000282702;CLIVE CHRISTIAN Private Collection E Cashmere Musk;экстракт;Великобритания;63960;44772;https://goldapple.ru/19000282702-private-collection-e-cashmere-musk;16.72;E Cashmere Musk - это настоящая одиссея, которая приведет вас в тихую гавань. Здесь все дышит нежностью, сотканной из множества восхитительных оттенков. Этот аромат словно легкое облако, которое окутает вас с головой. Его мягкая и теплая аура приятна, как прикосновение кашемира.;Нанести на пульсирующие точки.
19000327877;FRANCK BOCLET Absolute Shadow;экстракт;Франция;6800;4760;https://goldapple.ru/19000327877-absolute-shadow;16.56;Аромат подобен тени, отражению самого себя, отражению своей личности, обонятельному следу, который человек ощущает в своей памяти. Мягкий и опьяняющий, Absolute Shadow оставляет волшебный след, словно воспоминание о душе. Мягкие ноты миндаля и флердоранжа сочетаются с силой восточных нот сандала, ванили и бобов тонка.;Наносить на неповрежденные участки кожи, волос и одежду.
83250100003;WIDIAN Velvet Collection Hili;экстракт;ОАЭ;24480;11016;https://goldapple.ru/83250100003-velvet-collection-hili;16.32;Духи Aj Arabia Velvet Collection Hili с изысканным ароматом раскрываются начальными  нотами кориандра дополненными терпкостью розового перца и пряной легкостью бергамотовых нот. Коричные оттенки вносят в парфюмерную композицию Velvet Collection Hili сладость, которую сменяет нежность иланг-иланга, изящество жасминовых цветов и легкое звучание туберозы. В базе духов от Aj Arabia звучит утонченность сандалового дерева, кедровые акценты и яркие аккорды пачули и табака.;
83690100018;NISHANE ZENNE;экстракт;;25500;21675;https://goldapple.ru/83690100018-zenne;15.98;Обворожительная цветочно-восточная композиция Nishane Zenne в полной мере соответствует характеру «своего» персонажа – привлекательной и кокетливой женщины. Игривое вступление ноток грейпфрута, черной смородины и ревеня переходит в откровенный флирт: прекрасная незнакомка дразнит соблазнительными роскошными формами турецкой розы, чувственность которой подчеркивается притягательным сочетанием оттенков гардении и сандала. Против таких чар мало кто устоит, и милая дама уже не прикладывает особенных усилий, чтобы привлечь внимание, уверенная в том, что выбранный ею объект послушно последует за ней в мягкие объятия амбры и мускуса в легкой дымке ванили. Верхние ноты: ревень, грейпфрут, черная смородина. Средние ноты: турецкая роза, гардения, сандал. Базовые ноты: мускус, ваниль, серая амбра;
19000032886;WIDIAN Aswan;экстракт;США;24480;20808;https://goldapple.ru/19000032886-aswan;15.68;WIDIAN запускает новый аромат Сапфировой Коллекции, посвящая его древнему  египетскому городу Асван. Асван - это приглашение в исключительное ольфакторное путешествие, взятое из  воображения парфюмера и взращенное историей древнего мира и его  сокровищами. Асван - это идеальное сочетание классического наследия и  современности в одном флаконе.  Манифест стиля WIDIAN, Асван пробуждает  новаторские ароматные эмоции фруктово-восточного направления и переплетения  бергамота, малины, чувственной ванили и мускуса, благоухающих на нагретой  солнцем коже. Асван - это также дань уважения высшей иконе древней культуры,  символ мудрости, силы и вечности.  Асван - сокровище, которое можно найти  попробовав аромат;
19000161480;FREESHAPE OM The Sound of Universe;экстракт;Италия;20934;10467;https://goldapple.ru/19000161480-om-the-sound-of-universe;15.4;OM — сакральный звук, мантра, “слово силы”. Сделайте глубокий вдох и воссоединитесь со Вселенной. Восточно-древесный аромат создает энергетическую вибрацию между душой и окружающим миром, балансирует тело и разум. Почувствуйте спокойствие, уравновешенность и стабильность.  Иланг-иланг, кедровое дерево, свежий имбирь, гардения, бергамот раскрываются в верхних нотах. В нотах сердца проявляются жасмин, дамасская роза, ирис и ландыш. Завершают композицию сандал, ваниль, мускусные ноты, уд и древесные ноты.  Крышка и подставка для флакона сделаны из черного мрамора Марквина, натурального камня, который идеально подходит аромату. FreeShape — освободите душу и примерьте новый облик.;
19000114295;NISHANE Tero;экстракт;;35700;30345;https://goldapple.ru/19000114295-tero;15.3;TERO на эсперанто означает Земля. Даже при наличии миллиардов планет найти точную копию Земли кажется маловероятным (по крайней мере, до сегодняшнего дня). Такая планета должна была пройти те же этапы в своей эволюции, чтобы достичь состояния, подобного нашему «сейчас». Так что все мы живем в одном и том же «месте»: наша планета Земля, и мы состоим из земли сложным, но простым способом. Во многом мы очень похожи на Землю. Мы проходим через циклы, как человеческие существа, так же, как Земля проходит через циклы, только в разных масштабах. Земля растет и умирает, меняется и перемещается, нагревается и остывает, земля производит жизнь и питается тем, что она создает. Земля просит нас заботиться о ней, чтобы при этом мы заботились о себе и наших будущих поколениях, растениях, животных, воздухе и воде. Он требует от нас осознавать, что мы являемся частью земли в такой же степени, как и все остальное, а земля и ее природа являются частью всего. Земля просит нас быть довольными тем, как она есть, быть довольными собой и знать, что все будет меняться и расти такими темпами и способами, которые необходимы. Не выходить за ее пределы, не превращать природу во что-то, что мы уже даже не можем назвать естественным. Земля просит нас, людей, чтобы она была чистой и здоровой, чтобы мы сами были чистыми и здоровыми. Соответственно, этот аромат посвящен миру, в котором мы все живем, и мы приглашаем людей ощутить преобладающие в нем земные ароматы.;
19000222196;ANTINOMIE HIVER CANICULAIRE;экстракт;Франция;14951;6727;https://goldapple.ru/19000222196-hiver-caniculaire;14.72;Солнце восходит, чтобы разбудить холодным ветерком. Между двумя тенями теплый луч света согревает землю. Мы скорее стремимся согреться под солнцем — так холодно, нельзя упустить такую возможность. Становится теплее, и мы снимаем куртки.  HIVER CANICULAIRE — пряный, энергичный и теплый аромат, посвященный зиме. На контрасте свежие специи сталкиваются с древесно-бальзамическими нотами, создавая эффект прохладного поцелуя.  Движимый сочным мадагаскарским имбирем, лабданум сочетается с гваяковым деревом.;Только для наружного применения.
19000166824;MIND GAMES Grand Master;экстракт;США;28292;15560;https://goldapple.ru/19000166824-grand-master;14.62;Гроссмейстер, достигший совершенства, хладнокровно наносит быстрый удар. Гармония твердости и плавности действий вдохновляет на великие достижения. Аромат изысканных цветов витает в воздухе и приглашает вступить в битву.  Насыщенные и бодрящие ноты кофе смешиваются с пряными ладаном, миррой и темным деревом. Исследуйте разум, чувства, силу духа с MIND GAMES и погрузитесь в стратегически идеальные композиции.;Распылите на кожу с расстояния 20-30 см.
19000231845;MALBRUM Psychotrope;экстракт;Италия;13613;6806;https://goldapple.ru/19000231845-psychotrope;14.1;Насыщенный, колоритный аромат, оригинальность которого доведена до предела. Парфюмерная композиция MALBRUM напоминает о временах хиппи, творческой энергии и свободе.  Яркая нота перца пименто заигрывает с согревающим аккордом кашмерана и чувственной амброй. Композицию смягчает успокаивающая нота сливочного сандала. Мощная энергия этого аромата позволяет быть в центре внимания.  Парфюмер – Delphine Thierry.;Только для наружного применения.
19000356150;MIND GAMES Prodigy;экстракт;США;37367;28025;https://goldapple.ru/19000356150-prodigy;13.72;Парфюмерный экстракт PRODIGY – это насыщенный, декадентский аромат, в котором встречаются успокаивающая мягкость теплого кофе с молоком и интригующие, неожиданные аккорды.  Необычный цветок лонгозы, бергамот, корица, абсолют розы и пачули образуют уникальный, волнующий союз свежих, сладких и слегка горьковатых нот, окутанных хорошо знакомой, комфортной нежностью латте.  База, в которой встречаются сандал, ваниль и аккорд светлой древесины, создает гармоничную основу для этого многогранного аромата. Результат – мастерское, современное сочетание нот с неожиданными переливами и тонкими нюансами.  Композиция MIND GAMES отражает, как стремление к новизне и неожиданностям способно переплетаться с тягой к комфорту и определенности.;Только для наружного применения.  Распылите на кожу с расстояния 20-30 см.
19000161478;FREESHAPE AMA Share your Love;экстракт;Италия;21780;10890;https://goldapple.ru/19000161478-ama-share-your-love;13.72;AMA — концепция любви в её глубоком значении и разных формах. Любовь показывается через чувственность, страсть или отношение к себе. Цветочный аромат с восточными аккордами построен на контрастах, которые создают идеальную симфонию.  Горная роза ямабуки, малина, лимон, палисандр раскрываются в верхних нотах. В нотах сердца проявляются турецкая роза, герань и гардения. Завершают композицию уд, ваниль, пачули, шафран, амбра и тростниковый сахар.  Крышка и подставка для флакона сделаны из красного мрамора Леванто, натурального камня, который идеально подходит аромату. FreeShape — освободите душу и примерьте новый облик.;
99000010170;SYNONYME QUENTIN [03];экстракт;;1400;840;https://goldapple.ru/99000010170-quentin-03;13.16;Синоним холодной силы из чистого металла. Твердый характер, пропитывая мягкую замшевую кожу, утонченную и гладкую, создает историю любви и расставания острой стали с ножнами. Возбуждающе опасный, но такой притягательный.;Аромат можно наносить на волосы, кожу, одежду.
19000013019;NISHANE Ege/alyaio;экстракт;;23600;20060;https://goldapple.ru/19000013019-ege;12.88;EGE / ΑΙΓΑΙΟ - это дань уважения Эгейскому морю - вытянутому заливу Средиземного моря, расположенному между Греческим и Анатолийским полуостровами -EGE - это турецкое название моря, образованное от греческого ΑΙΓ. Совместное использование обоих названий в качестве названия аромата (EGE / ΑΙΓ is) - это сознательный выбор NISHANE, чтобы отдать дань уважения общему небу и культуре, союзу между турками и греками, живущими по соседству у Эгейского моря. Как говорил Геродот, - мир летнего морского бриза, темно-синих вод с отчетливо видной галькой на дне, городов и деревень, домов, выкрашенных в бело-синий цвет, общей кухни, общих инструментов и лирического настроения , в котором присутствует чувство ностальгии, связанное с надеждой, миром и взаимосвязью веков.;Не распылять вблизи открытого огня. Не допускать попадания в глаза или на поврежденную кожу.
19000161481;FREESHAPE MAHĀ The Greatest Soul;экстракт;Италия;21780;10890;https://goldapple.ru/19000161481-maha-the-greatest-soul;11.52;Пробудите решимость, которая есть в каждом из нас. MAHĀ — великая душа, наполненная надеждой. Восточно-цветочный аромат посвящен тем, кто верит в мечты и стремится к ним.  Сладкий лимон, кедр, шафран и нероли раскрываются в верхних нотах. В нотах сердца проявляются таифская роза, пион, ночной жасмин и пачули. Уд, опопонакс, амбра, мускус завершают композицию и придают ей мягкость.  Крышка и подставка для флакона сделаны из мрамора Порторо, натурального камня, который идеально подходит аромату. FreeShape — освободите душу и примерьте новый облик.;
26800700012;MAISON FRANCIS KURKDJIAN Amyris Homme;экстракт;Франция;33000;33000;https://goldapple.ru/26800700012-amyris-homme;11.52;Яркий аромат, полный естественной городской элегантности. Amyris является олицетворением неиссякаемой энергии Парижа.  Благодаря древесно-амбровому парфюмерному экстракту для мужчин, Франсис Кюркджян вселяет новую энергию в неповторимую пару амириса и ириса. Мягкая, но острая ваниль придает насыщенную полноту древесно-амбровой ауре этого аромата. Парфюмерный экстракт Amyris для мужчин погрузит ваши чувства в вихрь  элегантной игры в череде повседневных дел.;Нанести аромат на запястья, шею и точки пульса.
83250300002;WIDIAN New York;экстракт;Франция;28246;19772;https://goldapple.ru/83250300002-new-york;11.28;Аромат New York от марки Arabia это восточная композиция с волнующим и чувственным характером, сотканная из сочных цитрусовых акцентов, изысканного цветочного букета и нежной сладости карамели, элегантная древесина придает звучанию терпковатой дымности, а пудровые акценты – богатства.;
26800600011;MAISON FRANCIS KURKDJIAN Oud;экстракт;Франция;39000;39000;https://goldapple.ru/26800600011-oud;10.0;Парфюмерный экстракт OUD - это ольфакторное сокровище, рожденное песком, ветром и золотом, полное тайн и чувственности. Это чистое воплощение изысканности. Его основные амбровые ноты подчеркнуты мускусным ванильным аккордом, наполненным восхитительно острой гармонией для создания более интенсивной версии аромата. Парфюмерный экстракт OUD от Maison Francis Kurkdjian приглашает вас взглянуть на мир в новом экзотическом свете.;Нанести аромат на запястья, шею и точки пульса.
19000241527;PERNOIRE Amoral;экстракт;Швейцария;26000;19500;https://goldapple.ru/19000241527-amoral;10.0;Ольфакторная метаморфоза: Вы беспринципны. Освободите свое сознание от оков навязанных правил и стереотипов, если хотите добиться успеха и оказаться на вершине. Пока другие строили стены из принципов и ограничений вокруг себя, вы строили тропу на вершину, будучи свободным от тяжкого груза общественного мнения. Вы бескомпромиссны, ночной город – игровая площадка, а холодные улицы – работа. Вы носите безнравственность, как свой любимый аромат. Пирамида аромата: Верхние ноты: лайм, черный чай, кардамон, корица, кумин, копченый чернослив. Ноты сердца: фиалка, ирис, уд, киприол. Ноты шлейфа: цветок апельсина, амбровые ноты, сандал, бобы тонка.;Только для наружного применения.
19000282701;AMOUAGE Dia 40;экстракт;Оман;101790;81432;https://goldapple.ru/19000282701-dia-40;9.0;Dia 40 — это олицетворение элегантности и благородства. Ее многогранная формула словно передает  плавный ход времени, движение солнца по небосводу:  восход, зенит, закат. Сначала возникают фирменные альдегиды рука об руку с румяными нотами мускуса. Они возвещают приближение главного цветочного квартета:  розы, флердоранжа, гвоздики и иланг-иланга. И наконец, аромат Dia 40 переходит в ясное сияние ириса, сандала  и амириса. Искрящаяся, легкомысленная, но всегда  безупречно элегантная, композиция Dia 40 звучит, как нежный напев о неувядающей красоте.;Нанести на пульсирующие точки.
19000231852;MALBRUM Here comes the son;экстракт;Италия;13613;6806;https://goldapple.ru/19000231852-here-comes-the-son;8.64;Сияющая и теплая интерпретация фужерного аромата играет с нотами сладкой амбретты, цветов апельсина, ириса и нежного сандала. Оригинальная композиция MALBRUM пробуждает чувство бунтарства и стремление проявить индивидуальность.  ромат, создание которого началось с эксперимента и стремления бросить вызов традиционному взгляду на фужерные композиции, поощряет уверенность, выход за рамки привычного и бесстрашную веру в себя.  Парфюмер – Cristiano Canali.;Только для наружного применения.
99000010167;SYNONYME QUENTIN [01];экстракт;;1300;793;https://goldapple.ru/99000010167-quentin-01;8.64;Синоним изящества. Пронзительно красивый. Притягательный шлейф, за которым хочется следовать, вслушиваться, быть ближе и наслаждаться.   Утончённое облако цветочной дорогой пудры с чувственным шлейфом из пиона и древесных оттенков. Воплощение экзотического цветка, рокового и беззаботного одновременно.;Аромат можно наносить на волосы, кожу, одежду.
19000013013;NISHANE Karagoz;экстракт;;25500;21420;https://goldapple.ru/19000013013-karagoz;7.92;Аромат, как дань игривым удовольствиям от жизни, остроумию, прямолинейности и искренности. Наслаждайтесь тем, что вас заметили так же , как и знаменитого персонажа теневого кукольного театра KARAGOZ. Радостное раскрытие ананаса и трав сопровождается сильной индивидуальностью, исходящей от богатого сердца, представленного силой и богатством нероли, жасмина и пачули. Ветивер, агаровое дерево и амбра должны были ста ть последними штрихами кисти, чтобы изобразить этого игривого персонажа.;Не распылять вблизи открытого огня. Не допускать попадания в глаза или на поврежденную кожу.
19000231846;MALBRUM Tigre du bengale;экстракт;Италия;13613;6806;https://goldapple.ru/19000231846-tigre-du-bengale;7.36;Редкий, но сильный бенгальский тигр использует запахи мудро – он передает сообщения о своем статусе и территории.  Темный и пряный кожаный аромат MALBRUM – это послание о дикой энергии и естественной чувственности. Он открывается сладко и мягко, постепенно раскрывая яркий аккорд кожи, подкреплённый бальзамическими нотами лабданума и мирры.  Это мощная, стимулирующая животная энергия – используйте с осторожностью.  Парфюмер – Delphine Thierry.;Только для наружного применения.
19000309226;WIDIAN Black I;экстракт;ОАЭ;23933;11966;https://goldapple.ru/19000309226-black-i;7.2;В густом, благородном аромате раскрывается таинственная красота восточных благовоний, отражающих сдержанность и спокойствие.  Наследие Востока подчеркнуто пряным звучанием корицы и кардамона.  Сандал, мускус и кедр смягчают загадочную, мистическую композицию с гурманскими акцентами, напоминающими кофе.;Нанесите с небольшого расстояния на кожу или одежду. При распылении избегайте попадания в глаза, нос и рот.
99000009847;SYNONYME CHRISTIAN LAURA [01];экстракт;;6150;3998;https://goldapple.ru/99000009847-christian-laura-01;7.0;Синоним раскрепощенности. Яркий, благородно-сладкий парфюм из семьи цветочно-фруктовых – беспечный и соблазнительный.  Правильная дозировка, простор и воздух, раскроет великолепие аромата и тонкость шлейфа. Наслаждайтесь игрой.;Аромат можно наносить на волосы, кожу, одежду.
26800600004;MAISON FRANCIS KURKDJIAN Oud Silk Mood;экстракт;Франция;39000;39000;https://goldapple.ru/26800600004-oud-silk-mood;7.0;Парфюмерный экстракт OUD silk mood от Maison Francis Kurkdjian  - это новый взгляд на шелковистый и обволакивающий аромат с еще большей интенсивностью.  Древесно-цветочный аромат подобен мягкому шуршанию шелка и нежному прикосновению лепестка розы. Окутанный абсолю Дамасской розы, папирусом и синей ромашкой, аккорд удового дерева буквально парит, легко и элегантно.  Парфюмерный экстракт OUD silk mood OUD - это легкий и сладострастный аромат.;Нанести аромат на запястья, шею и точки пульса.
99000010157;SYNONYME QUENTIN [02];экстракт;;1300;793;https://goldapple.ru/99000010157-quentin-02;7.0;Синоним абсолютной женственности. Редкое сочетание благородства и сексуальности. Аромат обладает прекрасным и продолжительным шлейфом. В начале благородного мотива доминируют ревень и личи.  Бергамот присутствует в стартовом аккорде лишь символически. Пион – полноправный обладатель сердца – дополнен розой и ландышем. Красивый букет вышит на тонкой дорогой ткани базы из мускуса, ванили и кашмерана.;Аромат можно наносить на волосы, кожу, одежду.
19000013010;NISHANE Fan Your Flames;экстракт;;33500;23450;https://goldapple.ru/19000013010-fan-your-flames;6.58;Аромат переносит в атмосферу прекрасного вечера в компании близких людей, которые любят наслаждаться приятн ой беседой за чашкой чая, кофе или коктейля из сладостного кокоса и рома, предвкушая лучшие дни! Получая удовольствие и хорошее настроение, чтобы радоваться жизни! «Зажгите пламя своей жизни и будьте с теми, кто раздувает это пламя» - Руми;Наносить на неповрежденные участки кожи. Не распылять вблизи открытого огня. Не допускать попадания в глаза или на поврежденную кожу. Употребление в пищу опасно для здоровья! Хранить в темном месте при комнатной температуре!
83250100002;WIDIAN Velvet Collection Liwa;экстракт;ОАЭ;30208;18124;https://goldapple.ru/83250100002-velvet-collection-liwa;6.58;Духи Aj Arabia Velvet Collection Liwa обладают ярким бодрящим ароматом, на создание которого парфюмеров вдохновил неукротимый дух Востока.  Пьянящая композиция Velvet Collection Liwa раскрывается пряностью артемизии и жасмина, которые оттеняют изысканность бергамотовых нот и легкий шафрановый аккорд.  Нежная герань и чувственная белая роза в сердце духов Aj Arabia плавно перетекают в оттенки амбры, пачули и ладана, а в шлейфе остаются терпкость сандалового дерева и дымные акценты белого кедра.;
99000010154;SYNONYME PAOLO;экстракт;;1400;840;https://goldapple.ru/99000010154-paolo;6.44;Синоним соблазна. Блистательный. Взрыв тропических сочных фруктов на интеллигентной мускусной базе. Породистый и сексуальный, тактично заполняет пространство восхитительной красотой, неординарным и изящным шлейфом.   Нуждается в нежном, неспешном знакомстве. Особенно хорошо раскрывается в микродозах. Предпочтительный способ нанесения – вход в облако.;Аромат можно наносить на волосы, кожу, одежду.
19000464873;MAISON FRANCIS KURKDJIAN Baccarat rouge 540;экстракт;Франция;13500;13500;https://goldapple.ru/19000464873-baccarat-rouge-540;6.0;Выразительная и элегантная Baccarat Rouge 540 словно ласкает кожу амбровым древесно-цветочным бризом, создавая поэтическую алхимию и пробуждая чувственность. Представленный в виде роликового флакона объемом 4 мл в элегантном футляре, этот драгоценный эликсир оставляет чувственный роскошный аромат.;Нанести аромат на запястья, шею и точки пульса.
19000125249;MARC-ANTOINE BARROIS B683 Extrait;экстракт;;31900;30305;https://goldapple.ru/19000125249-b683-extrait;6.0;Эссенция пленительной кожи. В новой интерпретации два создателя предлагают погрузиться в самый чувственный характер B683, в сердце этого аромата и его фирменное звучание: теплоту и глубину древесно-кожаного аккорда. Здесь он приобретает еще большую интенсивность, превращаясь в настоящую «кожу пачули». Вокруг этого аккорда другие ноты композиции сублимируют различные грани материи с тактильной чувственностью. Перец и тмин создают вибрацию своих пряных акцентов, древесина уда усиливает плотность аккорда, а ваниль придает ему нежность и округлость. На коже B683 EXTRAIT сливается с тем, кто его носит, как двойник, что подчеркивает его присутствие.;
99000009833;SYNONYME ALESSANDRO [01];экстракт;;7600;4940;https://goldapple.ru/99000009833-alessandro-01;5.76;Синоним абсолютной власти. Сила, красота и твердость. Его обладатель не нуждается в общественном одобрении, он сам формирует правила.  Для многих из нас это аромат на особый случай и лишь для некоторых это безжалостно красивый инструмент влияния на каждый день.;Аромат можно наносить на волосы, кожу, одежду.
19000114294;NISHANE Tempfluo;экстракт;;24600;18696;https://goldapple.ru/19000114294-tempfluo;5.64;TEMPFLUO означает Поток времени на эсперанто. Закон физики подразумевает, что течение времени — это иллюзия. Чувство времени измеряется собственным восприятием длительности неопределенного и развертывания событий. Воспринимаемый интервал времени между двумя последовательными событиями называется воспринимаемой продолжительностью. Поскольку человечество сейчас находится в одном и том же временном периоде, этим ароматом, посвященным единству времени, мы хотим напомнить, что «все мы живем однажды, и мы должны ловить момент». Лови момент! Этот аромат посвящен тому, как наша точка зрения на время влияет на то, как мы живем. Хорошо реализованный тайм-менеджмент может привести к положительным результатам или привести к тому, что мы делаем. С помощью этого аромата мы стремимся изобразить течение современности, полного инновационных изменений…;
99000010156;SYNONYME OLIVIER;экстракт;;1300;793;https://goldapple.ru/99000010156-olivier;5.0;Синоним респектабельности. Характерный и красивый. Звучит как низкий голос с хрипотцой, завораживает и волнует. Это не завершающий штрих идеального образа – это его основа. Аромат полнее раскрывает себя при умеренной дозировке.;Аромат можно наносить на волосы, кожу, одежду.
99000009835;SYNONYME OLIVIER [01];экстракт;;5850;3803;https://goldapple.ru/99000009835-olivier-01;5.0;Синоним респектабельности. Характерный и красивый. Звучит как низкий голос с хрипотцой, завораживает и волнует. Это не завершающий штрих идеального образа – это его основа.  Аромат полнее раскрывает себя при умеренной дозировке.;Аромат можно наносить на волосы, кожу, одежду.
99000009836;SYNONYME CONSTANTINE [01];экстракт;;7000;4550;https://goldapple.ru/99000009836-constantine-01;5.0;Синоним успешной жизни и размеренности. Выдержанный и строгий. Многогранный уд – интеллигентный и пленительно сексуальный одновременно. Все вокруг замерло, теперь вы – единственное, что имеет значение.;Аромат можно наносить на волосы, кожу, одежду.
99000010151;SYNONYME AHLMANN [01];экстракт;;1900;1159;https://goldapple.ru/99000010151-ahlmann-01;4.6;Синоним чистой нежности и красоты. Глоток холодного шампанского с освежающей мякотью фруктов. Как смотреть в глаза любимого. Удивляет своим ни на что не похожим вкусом, ясностью и сдержанным стилем.;Аромат можно наносить на волосы, кожу, одежду.
99000010169;SYNONYME QUENTIN [03];экстракт;;1990;1214;https://goldapple.ru/99000010169-quentin-03;4.2;Синоним холодной силы из чистого металла. Твердый характер, пропитывая мягкую замшевую кожу, утонченную и гладкую, создает историю любви и расставания острой стали с ножнами. Возбуждающе опасный, но такой притягательный.;Аромат можно наносить на волосы, кожу, одежду.
83271600005;LAURENT MAZZONE ULTIMATE SEDUCTION;экстракт;;30000;24000;https://goldapple.ru/83271600005-ultimate-seduction;4.0;Духи Laurent Mazzone Ultimate Seduction отличаются многогранной композицией, верхние ноты которой — апельсиновые цукаты, пронзительные оттенки черной смородины, легкая перечная горчинка. В сердце Ultimate Seduction от Laurent Mazzone спрятаны нежность фиалки, пудровая легкость ириса и аристократичность розы. Шлейф духов окутывает теплотой амбры, пряностью пачули и аккордами кедра.;Для наружного применения.
99000009834;SYNONYME FRANCIS [01];экстракт;;7750;5038;https://goldapple.ru/99000009834-francis-01;4.0;Синоним открытости и харизмы. Лаконичный, и в то же время глубокий и выразительный. Ваш узнаваемый автограф. Явный шлейф как повод для комплиментов. Важна правильная дозировка, в данном случае – умеренная.;Аромат можно наносить на волосы, кожу, одежду.
19000429789;PERNOIRE Anelo;экстракт;Швейцария;29500;25075;https://goldapple.ru/19000429789-anelo;4.0;Ольфакторная метаморфоза: вы – исследователь Pernoire представляет новый аромат Anelo.  Anelo - изысканный парфюмерный экстракт, вдохновленный смелыми и отважными морскими исследователями, которые отважились покорить неизведанные территории.  Anelo открывается яркой вспышкой ананаса и помело, пропитанными яркостью заводного мандарина.  Сердце раскрывается слиянием сочного манго, огненного имбиря и нежной магнолии, вызывая ассоциации с богатыми тропическими ландшафтами неизведанных земель.  В базе композиции аромат глубокой амбры, ветивера и пачули, отражающих силу и стойкость исследователей.;Только для наружного применения.
19000446826;NOBILE 1942 La danza delle libellule;экстракт;Италия;16581;16581;https://goldapple.ru/19000446826-la-danza-delle-libellule;4.0;Уникальная композиция NOBILE 1942 с высокой стойкостью и концентрацией создана в соответствии с принципами ароматерапии для по-настоящему ароматных объятий. Название она получила от оперетты Франца Легара «Танец стрекоз», автора другого известного произведения «Веселая вдова». Величественные замки, пышные сады, веселые поездки и праздные развлечения, романтические встречи и любовные интриги обрамляют мелодию, созданную композитором.   Парфюмерный экстракт LA DANZA DELLE LIBELLULE — «аромат улыбок», призывающий относиться к жизни с большей легкостью и не слишком серьезно. Он предлагает оставить немного времени для легкомыслия и невинной беззаботности. Гурманские ноты красного яблока, корицы и какао окутывают сладкими объятиями, согревающими сердце. Нота ванили дарит обволакивающий шлейф.;Только для наружного применения.
19000258951;WIDIAN Sahara;экстракт;ОАЭ;30600;15300;https://goldapple.ru/19000258951-gold-ii-sahara;4.0;Роскошный аромат, который передает суть золотых песков пустыни Сахара.;Нанесите на пульсирующие точки, такие как запястья и шея, избегайте растирания для достижения длительного эффекта.
19000114297;NISHANE Kredo;экстракт;;35700;24990;https://goldapple.ru/19000114297-kredo;4.0;"KREDO означает Вера на эсперанто. Ни для кого не секрет, что люди — социальные существа с верованиями, буквально разбросанными по всей карте Мира. Что было неизвестно, так это то, как на эти убеждения влияют наши социальные взаимодействия. Убеждения — это предположения, которые мы считаем истинными. Они основаны на реальном жизненном опыте. Как человеческие существа, наши ценности и убеждения влияют на качество нашей жизни, нашей работы и наших отношений. Поскольку то, во что мы верим, есть то, что мы переживаем, мы склонны думать, что наши убеждения основаны на реальности. На самом деле именно наши убеждения формируют наш опыт. Убеждения, которых мы придерживаемся, являются важной и неотъемлемой частью нашей идентичности. Они могут быть религиозными, моральными или культурными; но они являются частью нас и отражают то, кто мы есть. Этим ароматом NISHANE хочет показать, как убеждения формировали человеческие жизни и как эти различные убеждения взаимодействовали и конфликтовали на протяжении всей истории.";
99000009848;SYNONYME AHLMANN [01];экстракт;;5750;5290;https://goldapple.ru/99000009848-ahlmann-01;3.84;Синоним чистой нежности и красоты. Глоток холодного шампанского с освежающей мякотью фруктов. Как смотреть в глаза любимого. Удивляет своим ни на что не похожим вкусом, ясностью и сдержанным стилем.;Аромат можно наносить на волосы, кожу, одежду.
99000010164;SYNONYME LEMON SMOKE;экстракт;;1400;840;https://goldapple.ru/99000010164-lemon-smoke;3.36;Верхние ноты Lemon Smoke изначально поражают яркостью бергамота, свежестью яблока и пикантностью черной смородины, добавляя композиции динамичность.  Благодаря базе из древесных нот дубового мха, амбры и мускуса, шлейф духов приобретает насыщенность и стойкость, оставаясь на коже в течение всего дня.   Аромат Lemon Smoke станет великолепным выбором для тех, кто стремится подчеркнуть свой утончённый вкус и оригинальный стиль.;Аромат можно наносить на волосы, кожу, одежду.
19000241526;PERNOIRE Tierra;экстракт;Швейцария;26000;22100;https://goldapple.ru/19000241526-tierra;3.0;Ольфакторная метаморфоза: Вы – праздник. В композиции аромата парфюмер воплотил страсть и тепло жителей Южной Америки. Tierra – это эликсир счастья, приносящий радость и позитив независимо от внешних факторов, таких как пасмурная погода, унылое настроение. Tierra с испанского «земля» или «почва», а в нашей метафоре оно означает «дом», место откуда вы родом и с чем связаны теплые, радостные воспоминания. Пирамида аромата: Верхние ноты: выдержанный ром, красные ягоды. Ноты сердца: ваниль, колумбийские специи, бензоин. Ноты шлейфа: уд.;Только для наружного применения.
19000309227;WIDIAN Black III;экстракт;ОАЭ;23933;16753;https://goldapple.ru/19000309227-black-iii;3.0;Свежие ноты бергамота и мяты, открывающие композицию, переносят на берег Средиземного моря в чарующий миг заката.  В сердце переливающегося восточного аромата сочетаются аккорд сухой древесины с землистыми акцентами и чувственная нота кожи, словно заключающая в теплые объятия.;Нанесите с небольшого расстояния на кожу или одежду. При распылении избегайте попадания в глаза, нос и рот.
19000354567;MAISON DE L ASIE Bali HaI;экстракт;Франция;39500;21725;https://goldapple.ru/19000354567-bali-hai;3.0;Шепот сирены, доносящийся мягким ветерком с моря. Нота сливочного кокоса и морского бриза в BALI H’AI напоминает о волнах, мягко ласкающих тропические берега сказочного острова Бали. Наступающие сумерки с восхитительно красочными закатами воплощены нотами розы и жасмина. Гурманский ванильный аккорд создает таинственную, но знакомую теплоту, оттененную мягкой амброй.  Чарующий шлейф из мягких древесных и цветочных нот погружает нас в удивительно спокойное состояние, наполненное мечтами о прекрасном будущем.;
19000306855;NISHANE Favonius London;экстракт;Турция;27800;23630;https://goldapple.ru/19000306855-favonius;3.0;Аромат открывается дымными древесно-бальзамическими акцентами эфирного масла божественного ладана, освежающими цитрусовыми аккордами бергамота и теплыми специевыми оттенками нежного розового перца, которые перекликаются в средних нотах парфюмерной композиции с изящным цветочным дуэтом роскошной розы и яркой герани, травянисто-пряными акцентами полыни (артемзии) и пряно-бальзамического мускатного шалфея. Глубокий и насыщенный шлейф аромата Nishane Favonius звучит дымными пряными оттенками эфирного масла уда, восточной пряности пачули, сливочного сандала и древесными нотками смолистого хвойного кедра.;Наносить на неповрежденные участки кожи, волос и одежду.
19000160526;THAMEEN LONDON Blue Heart;экстракт;Великобритания;24550;14730;https://goldapple.ru/19000160526-blue-heart;2.82;Аромат вдохновлен яркими и экзотическими чертами гламурной жизни светских львиц, владевших «Голубым бриллиантом». В качестве основы композиции используется ваниль в сочетании с шафраном и белым кокосом. Очарование «Голубого сердца» передается через ощущение таинственности с помощью ароматов корня фиалки и бобов тонка, которые наслаиваются на аромат ванили для создания многогранной текстуры. Для «Голубого сердца» был создан стойкий шлейф из контрастных темных тонов нагармоты и сияющей теплой амбры.;
19000456476;EMMANUELLE JANE Bora bora;экстракт;Франция;9900;7920;https://goldapple.ru/19000456476-bora-bora;2.82;Бренд французской парфюмерии Emmanuelle Jane в своем творчестве объединил восточную культуру, средиземноморскую легкость и французский образ жизни. Сочетание популярных и редких нот парфюмерии позволило создать поистине шедевры парфюмерного искусства, которые сегодня пользуются большой популярностью на рынках Европы и Азии.  Бренд постоянно сотрудничает с лучшими парфюмерами со всего мира. Главная цель Emmanuelle Jane – поиск наиболее совершенных парфюмерных композиций, эффектно дополняющих образ и имидж своих потребителей. Коллекция EXTRAIT DE PARFUM – это ароматы с максимальной концентрацией натуральных компонентов, каждый из которых вызывает непередаваемые эмоции и чувства. Идеальный партнер для вашего образа. Что вы выберете сегодня: легкий флирт SANTAL WOOD, баланс и уверенность BORA BORA, чувственность и тепло GOLDEN CARAMEL, власть и притяжение L’ELOGE D’ORIENT или дерзость и страсть EXOTIC OUD. Глубокий и соблазнительный аромат, где сочная фруктовость встречается с теплом ценных древесных нот.  BORA BORA – это синоним баланса, утонченности и внутренней силы. Первое впечатление: сочный взрыв спелой клубники и груши, смягченный нежностью взбитых сливок и свежестью дыни. Сердце аромата: согревающая пряность корицы и смолистая сладость амбры, которые создают сложное и манящее звучание. Финальный аккорд: фундамент из кремового сандала, чистейшего мускуса и землистого пачули, обеспечивающий длительный шлейф и ощущение гармонии. Баланс между нежностью и силой. Ваш ключ к уверенности.;Распылите на расстоянии примерно 20 см от кожи, уделив особое внимание таким зонам, как запястья и шея.
19000354580;MAISON DE L ASIE Riviere Siam;экстракт;Франция;29500;16225;https://goldapple.ru/19000354580-riviere-siam;2.0;Тихая красота вокруг нас. Композиция ярко открывается нежными цитрусовыми и цветочными нотами, передающими золотое тепло заката, который вы наблюдаете с берегов реки.  Травяные ноты передают ощущение пышной листвы деревьев, сквозь которую крадутся лучи закатного солнца.  Прозрачный воздух наполняется ароматами ирисов, передает гармонию между человеком и фауной, наполненной пением птиц, легким ветерком под тихие молитвы, доносящихся из храмов.;
99000009837;SYNONYME QUENTIN [02];экстракт;;6250;4063;https://goldapple.ru/99000009837-quentin-02;2.0;Синоним абсолютной женственности. Редкое сочетание благородства и сексуальности. Аромат обладает прекрасным и продолжительным шлейфом. В начале благородного мотива доминируют ревень и личи. Бергамот присутствует в стартовом аккорде лишь символически. Пион – полноправный обладатель сердца – дополнен розой и ландышем. Красивый букет вышит на тонкой дорогой ткани базы из мускуса, ванили и кашмерана.;Аромат можно наносить на волосы, кожу, одежду.
19000309228;WIDIAN Black V;экстракт;ОАЭ;30600;16830;https://goldapple.ru/19000309228-black-v;1.8;В насыщенном аромате, подчеркивающем благородство, изысканность и элегантность, великолепно сочетаются белые цветы, корица, лимон и нежный персик.  Неотразимое очарование композиции усиливают обольстительная тубероза, солнечный аккорд и тонкая сладость карамели и ванили.;Нанесите с небольшого расстояния на кожу или одежду. При распылении избегайте попадания в глаза, нос и рот.
19000231844;MALBRUM Shameless seducer;экстракт;Италия;13613;6806;https://goldapple.ru/19000231844-shameless-seducer;1.6;Эта мускусно-пудровая парфюмерная композиция MALBRUM – ключ к откровенному, чарующему соблазнению.  Насыщенный, дерзкий, многозначительный, но при этом элегантный аромат открывается мягким цитрусовым аккордом, контрастирующим с чувственными анималистическими нотами, мускусом и ирисом.  Амбретта и мимоза подчеркивают характер дразнящего мускуса, известного своей магнетической притягательностью.  Парфюмер – Delphine Thierry.;Только для наружного применения.
10040500053;STYX Магическая любовь;экстракт;;2160;1944;https://goldapple.ru/10040500053-magicheskaja-ljubov;1.4;Адаптирующая композиция 12 эфирных масел, включая иланг, нероли, пачули, лиметт и розу.  Пряно-цветочный аромат с оттенком фруктовых леденцов обостряет интуицию, оживляет воображение, развивает терпимость и дипломатические таланты. Омолаживает, освежает кожу, устраняя морщинки и землистый цвет лица.  Нормализует гормональный фон.  Гармонизирует сексуальную жизнь.  Дизайн упаковки может отличаться. Если вам пришел товар в другом дизайне, не переживайте — свойства и качество продукта не отличаются. Мы уже обновляем товары на складах, скоро во всех заказах этот товар будет в новом дизайне.;
99000010158;SYNONYME OLIVIER;экстракт;;1900;1159;https://goldapple.ru/99000010158-olivier;1.0;Синоним респектабельности. Характерный и красивый. Звучит как низкий голос с хрипотцой, завораживает и волнует. Это не завершающий штрих идеального образа – это его основа. Аромат полнее раскрывает себя при умеренной дозировке.;Аромат можно наносить на волосы, кожу, одежду.
99000010163;SYNONYME QUENTIN [01];экстракт;;1900;1159;https://goldapple.ru/99000010163-quentin-01;1.0;Синоним изящества. Пронзительно красивый. Притягательный шлейф, за которым хочется следовать, вслушиваться, быть ближе и наслаждаться.   Утончённое облако цветочной дорогой пудры с чувственным шлейфом из пиона и древесных оттенков. Воплощение экзотического цветка, рокового и беззаботного одновременно.;Аромат можно наносить на волосы, кожу, одежду.
19000342020;NISHANE Deziro;экстракт;Турция;24600;17220;https://goldapple.ru/19000342020-deziro;1.0;"Под тихим шепотом глубоких вод лежит волна – чистая и свежая, как первый утренний вздох – танцующая в чистой радости и омываемая морем.  Морские пряди, подчеркнутые минеральностью Ambrox Super, сочетаются с освежающим поцелуем мяты.  Бодрящие, как плеск волн, они окрашивают воздух в чистоту, а киприол и ветивер, дымные и загадочные, манят в неизведанные царства сердца. Как звезды, мерцающие на бархатном полотне, звездный анис ведет влюбленных сквозь туманный пейзаж грез; подслащенный и согретый сливочным бризом сандалового дерева, когда амбреттолид переплетается с тонкими нотами морковного семени в тонкой игре плотского и глубокого, сплетая песню сирены бесконечного желания.  Deziro, непрерывная волна ностальгии, омывает заново, увлекая души в глубины, где обитают страсть и тайна, вечно зовя к неизведанным берегам страсти.";Наносить на неповрежденные участки кожи, волос и одежду.
19000392647;FRAGRANCE DU BOIS Lucius;экстракт;Великобритания;42000;33600;https://goldapple.ru/19000392647-lucius;1.0;"Lucius - лучший мужской аромат от Fragrance Du Bois, воплощающий непреодолимую силу современного победителя. Люциус излучает ауру всемогущества и заряжает силой и мощью, делая своего обладателя абсолютно неуязвимым!  Композиция открывается бодрящей трилогией нот бергамота, мандарина и розового перца, помпезно ведущими к властному сердцу из кедра и цветов апельсина. Кульминацией аромата является мощная база из ветивера и сухой амбры, создающая ощущение смелого заявления о доминировании и уверенности.  Люциус — это не просто аромат; это мощный манифест вашей внутренней силы и решимости.";Только для наружного применения.
99000010166;SYNONYME LEMON SMOKE;экстракт;;1990;1214;https://goldapple.ru/99000010166-lemon-smoke;1.0;Верхние ноты Lemon Smoke изначально поражают яркостью бергамота, свежестью яблока и пикантностью черной смородины, добавляя композиции динамичность.  Благодаря базе из древесных нот дубового мха, амбры и мускуса, шлейф духов приобретает насыщенность и стойкость, оставаясь на коже в течение всего дня.   Аромат Lemon Smoke станет великолепным выбором для тех, кто стремится подчеркнуть свой утончённый вкус и оригинальный стиль.;Аромат можно наносить на волосы, кожу, одежду.
19000026941;LAURENT MAZZONE Pure Sensual Orchid;экстракт;;36000;28800;https://goldapple.ru/19000026941-pure-sensual-orchid;1.0;БЕЗУПРЕЧНАЯ ЧУВСТВЕННАЯ ОРХИДЕЯ  Создавая аромат SENSUAL ORCHID, Laurent Mazzone не предполагал, что придумал собственную вселенную, где властвуют романтичный восторг, дерзость и безграничная чувственность. В честь десятилетнего юбилея Laurent Mazzone вновь обращается к теме соблазна и провокаций. PURE SENSUAL ORCHID, любовный эликсир созданный Laurent Mazzone, он играет с нашими душами с нашими потаенными желаниями, предлагая раскрыть великую тайну обольщения и рецепт вечной любви. Трепетно нежный, хрупкий в начале, но это только иллюзия… В нотах аромата современность и классическая элегантность, возвышенная любовь и чувственное наслаждение.;
99000009844;SYNONYME AHLMANN [02];экстракт;;5750;3738;https://goldapple.ru/99000009844-ahlmann-02;0.8;Синоним свежей сладости. Возбуждающе вкусный. Наркотически привлекательный аромат, вызывающий зависимость у окружающих.;Аромат можно наносить на волосы, кожу, одежду.
19000354578;MAISON DE L ASIE NANYANG;экстракт;Франция;29500;16225;https://goldapple.ru/19000354578-nanyang;0.8;Изысканный чайный аромат, отдающий дань Сингапуру. Он самобытный и андрогинный, он вдохновлен Южными морями и китайской диаспорой. Nanyang словно чашка традиционного ароматного зеленого чая, которая согревает и напоминает о богатстве культуры, возвращаясь к золотым дням с теплыми оттенками зелени и солода. Аккорд шафрана в композиции подчеркивает свежесть национальных льняных костюмов, а яркая нота кожи создает пронзительный контраст между тенью и светом. Nanyang – аромат трансформации, объединяющий яркие грани, создавая уникальное сочетание старого и нового, мужского и женского начала, Востока и Запада.;
99000010152;SYNONYME AHLMANN [01];экстракт;;1300;793;https://goldapple.ru/99000010152-ahlmann-01;0.8;Синоним чистой нежности и красоты. Глоток холодного шампанского с освежающей мякотью фруктов. Как смотреть в глаза любимого. Удивляет своим ни на что не похожим вкусом, ясностью и сдержанным стилем.;Аромат можно наносить на волосы, кожу, одежду.
19000306852;NISHANE Tuberóza X;экстракт;Турция;24600;20910;https://goldapple.ru/19000306852-tuberoza-x;0.6;Аромат Nishane Tuberoza X открывается свежими и яркими нотами мандарина, придающими ему игривый и радостный характер. Иланг-иланг, раскрываясь в сердце композиции, добавляет ему изысканности и женственности, создавая образ утонченной и загадочной личности. Средние компоненты аромата наполнены богатством и глубиной. Помада, индийская тубероза и фиалка создают элегантный и чувственный букет, который олицетворяет женственность и страсть. Базовые мотивы этого аромата мускус, бархат, амбра и сандал  заключают в себе тайну и загадку. Они создают завораживающий шлейф, который будет оставаться в памяти окружающих и подчеркивать индивидуальность и утонченный вкус его обладательницы. Аромат Tuberoza X от турецкого парфюмерного бренда Nishane был создан в 2024-м году мастером Домиником Ропионом. В ароматах Ропиона можно увидеть множество слоев и оттенков, которые постепенно раскрываются на коже. Он предпочитает создавать парфюмерные шедевры, которые меняются и развиваются со временем, открывая новые фасеты на разных этапах ношения. Его ароматы часто обладают сенсуальностью и глубиной. Он умело играет с чувственными нотами, создавая композиции, которые могут вызывать эмоциональное восприятие и оставлять ощущение исключительной роскоши. В целом, стиль Доминика Ропиона можно охарактеризовать как современный, интеллектуальный и чувственный, с ярко выраженным авторским подходом к созданию парфюмерных шедевров.;Наносить на неповрежденные участки кожи, волос и одежду.
19000327878;FRANCK BOCLET Madness;экстракт;Франция;6800;5780;https://goldapple.ru/19000327878-madness;;Совершенно сумасшедший, восточный аромат, вдохновленный знаменитой английской поп-группой Madness конца 70-х. Мадлен де Пруст для Франка, который в молодости бешено танцевал танец СКА под музыку «На шаг позади».  Аромат Madness одновременно гурманский и сильный. Он подчеркивает ноту уда, смягченную нотами кокоса, кокосового молока и ванили.  Базовая нота древесная и восточная, с нотами пачули, сандала и амбры.  Madness — опьяняющий, завораживающий и тонкий, раскрывающий совершенно захватывающий шлейф.;Наносить на неповрежденные участки кожи, волос и одежду.
19000160525;THAMEEN LONDON Insignia;экстракт;Великобритания;31910;19146;https://goldapple.ru/19000160525-insignia;;Вдохновленный Орденом Подвязки, аромат Insignia символизирует ауру британской аристократии. Парфюмер Александра Карлин выбрала ингредиенты, олицетворяющие неподвластные времени элегантность и величие, такие как ветивер, сандаловое дерево, горький апельсин, герань.;
19000354576;MAISON DE L ASIE Les Soirs De Siam;экстракт;Франция;29500;16225;https://goldapple.ru/19000354576-les-soirs-de-siam;;Аромат, воплощающий в себе атмосферу загадочных сумерек в городе. Композиция начинается с ярких цветов и нотами искрящегося лайма, олицетворяющими неоновую энергию ночной жизни. Фон чернильного ночного неба скрыт в сердце аромата нотами роскошной бархатной розы и чувственной кожи. Смесь тягучего, смолистого ладана и насыщенной амбретты создают шлейф, по которому манит идти ночь в сторону от проторенных дорог.;
19000135677;LAURENT MAZZONE Kingkydise;экстракт;Франция;30000;24000;https://goldapple.ru/19000135677-kingkydise;;Композиция открывается сочными нотами спелой мякоти грейпфрута, обжигающей пряностью сычуаньского перца и экзотического личи, чтобы вскружить голову и открыть свое сердце.  Эссенция розы с легким металлическим оттенком напоминает об опасности, которую таит в себе красота. Пудровый ирис придает композиции бархатное обволакивающее звучание, а неординарная нота чая маття обладает свеже-растительным сладковатым ароматом с деликатными морскими оттенками. Стойкий шлейф игриво следует за обладателем, на мгновения утихая и тут же вспыхивая с новой силой симфонией нот теплой амбры, кристального белого мускуса и сладко-пряным сливочным сандалом.;"Только для наружного применения. ""Не распылять близко к открытому огню. Избегать попадания в глаза и на слизистую. При попадании обильно промыть водой. Хранить в темном прохладном месте."
99000009831;SYNONYME LOUISE [01];экстракт;;5600;3640;https://goldapple.ru/99000009831-louise-01;;Синоним искушения. Невероятно вкусный. Откровенный танец вишни, миндаля и любимого алкоголя. Аромат запретов, непослушания. Мучительное сочетание обнажённости и недоступности. Волнует и возбуждает.;Аромат можно наносить на волосы, кожу, одежду.
19000257675;NOBILE 1942 Petali e spade;экстракт;Италия;24046;14427;https://goldapple.ru/19000257675-petali-e-spade;;Духи Petali e Spade посвящены хрупкости не как синониму слабости, а истинной внутренней силе. Осознание собственной уязвимости разжигает пламя внутри, которое ведет нас к переменам и полному познанию самих себя.  Мощная композиция NOBILE 1942 подчеркивает ольфакторный профиль женщины, за кажущейся хрупкостью которой скрывается бесстрашная душа и грациозная свирепость. Источником вдохновения для создания послужила Сяо Мэй — слепая танцовщица, главная героиня фильма «Лес летающих кинжалов».  Её изящные движения на самом деле наделены взрывным самообладанием: гипнотический танец может превратиться в смертельную схватку, когда ветка становится смертоносным кинжалом, а бамбуковый лес — коварной тюрьмой, самодельным оружием. Аромат с альдегидными, фруктовыми и белоцветочными аккордами посвящен таким же Сяо Мэй со всего мира. Внутри каждой женщины живет воин, который уверенно идет вперед даже по незнакомым тропинкам, склоняется, но не ломается под натиском жизненных трудностей, и предпочитает идти в одиночестве в темноте, а не в чьей-то тени.;Только для наружного применения.
19000220502;MIND GAMES RUY LOPEZ;экстракт;США;28292;15560;https://goldapple.ru/19000220502-ruy-lopez;;Коллекция soulmate воплощает силу и единство пешек, коллективную уверенность и стремление поддерживать друг друга. По характеру пешка — решительная, амбициозная и бесстрашная фигура.  Каждый аромат продуман, чтобы вы могли носить его самостоятельно или наслаивать с другими, создавая неповторимую композицию. Дизайн флаконов изящен, современен и сдержан — тонкие детали намекают на защитный слой брони. Разожгите страсть и откройте в себе лучшее с soulmate. Ruy lopez — соблазнительный аромат, созданный для любознательных мечтателей. Гармоничное сочетание черного чая и экзотических специй с дразнящими оттенками сочной черной вишни, мягкой кожи и выдержанного дуба излучает изысканность.  Неземной шепот розы и даваны придает дополнительный оттенок роскоши и утонченности, сплетая воедино обонятельный гобелен.;Распылите на кожу с расстояния 20-30 см.
19000220503;MIND GAMES SISSA;экстракт;США;28292;15560;https://goldapple.ru/19000220503-sissa;;Коллекция soulmate воплощает силу и единство пешек, коллективную уверенность и стремление поддерживать друг друга. По характеру пешка — решительная, амбициозная и бесстрашная фигура.  Каждый аромат продуман, чтобы вы могли носить его самостоятельно или наслаивать с другими, создавая неповторимую композицию. Дизайн флаконов изящен, современен и сдержан — тонкие детали намекают на защитный слой брони. Разожгите страсть и откройте в себе лучшее с soulmate. Sissa открывается насыщенными нотами кунжута, чтобы пробудить чувства, прежде чем показать знойное и громкое звучание. Аромат постепенно очаровывает с каждым мимолетным мгновением, раскрывая ноты сочных, лакомых и нежных цветов, охваченных теплой, землистой основой лабданума и мускуса.  Sissa — напоминание, что именно маленькие шаги прокладывают путь к величию.;Распылите на кожу с расстояния 20-30 см.
83250100001;WIDIAN Delma;экстракт;ОАЭ;21757;16317;https://goldapple.ru/83250100001-velvet-collection-delma;;Богатая и элегантная композиция очаровывает лёгкой пудровой нежностью, бархатистой мягкостью персика и цветочным звучанием, дополненным восточным акцентом шафрана. Аромат, в сердце которого гармонично сочетаются жасмин, фрезия, герань и мускатный орех, окружает аурой благородства и изысканности. Гармония сладкой ноты зефира (маршмеллоу), древесного аккорда и чувственной кожи придаёт композиции притягательный шарм.;Нанесите с небольшого расстояния на кожу или одежду. При распылении избегайте попадания в глаза, нос и рот.
19000403372;TUMI DUSK;экстракт;;14009;10506;https://goldapple.ru/19000403372-dusk;;«Только в темноте мы можем увидеть свет». Смелая композиция TUMI воплощает идею о ценности перевоплощений и символизирует переход от дня к ночи.  Аромат запечатлевает путешествие от знакомого к неизведанному, отражая красоту, которую можно найти в стремлении к переменам.  Передать концепцию позволяет переход композиции от ярких цитрусовых верхних нот, «прохладного» сердца к более глубоким, таинственным и теплым нотам в базе.;
26800700011;MAISON FRANCIS KURKDJIAN Amyris Femme;экстракт;Франция;36000;36000;https://goldapple.ru/26800700011-amyris-femme;;Яркий аромат, полный естественной городской элегантности. Amyris является олицетворением неиссякаемой энергии Парижа. Франсис Кюркджян использует парфюмерные экстракты для нового звучания неповторимой пары амириса и ириса. Парфюмерный экстракт Amyris для женщин рождает солнечный цветочный нектар с аккородом абсолю жасмина. Пробудите свои чувства женственным вихрем этого радостного и игривого фруктового цветочного аромата. С Amyris для женщин элегантность - это название новой игры!;Нанести аромат на запястья, шею и точки пульса.
19000327876;FRANCK BOCLET Eccentric;экстракт;Франция;6800;5780;https://goldapple.ru/19000327876-eccentric;;Чудить, чтоб не быть как все! Носить эксцентрик чувствовать себя счастливым и быть другим. Аромат начинается с веселых нот бергамота, мандарина и звездчатого аниса с игристым характером. В сердце - сочный вишневый бренди, смешанный с ирисом. сливочное сияние сладострастия. Наконец, непальский сандал, ваниль и мускус придает аромату округлость и чувственность. Эксцентрик – это элегантный, сливочный и гурманский аромат. Уникальный шлейф никого не оставит равнодушным. Эксцентричный и любопытный аромат.;Наносить на неповрежденные участки кожи, волос и одежду.
19000172088;WIDIAN Baniyas;экстракт;ОАЭ;30600;18360;https://goldapple.ru/19000172088-baniyas;;WIDIAN AJ Arabia Baniyas - восточно-гурманский парфюм для мужчин и женщин,  посвященный невероятному колориту Аравийского полуострова.  Композиция открывается свежим союзом оттенков цитрусово-терпкого бергамота, лаванды и горьковато-дымной артемизии.  В ее сердце царят аккорды сладковато-бальзамической герани, бархатистого уда и смолисто-хвойного кедра.  Волнующую мелодию завершает чувственный, теплый и комфортный шлейф из акцентов шоколадных пачули, сливочного сандала, ветивера, выгодно оттененных травянистыми мотивами дубового мха.;
19000201894;PANTHEON ROMA DONNA MARGHERITA;экстракт;Италия;27300;23205;https://goldapple.ru/19000201894-donna-margherita;;Чувственная женщина, перед которой трудно устоять. Рафаэль обнаруживает это и возводит в миф. Она соблазняет его своим взглядом и неповторимым запахом своей кожи. Сможет ли очень известный художник, посещающий светский мир, влюбиться в деревенскую девушку? Да, если в нем есть шарм и аромат Маргариты. Идея аромата вращается вокруг самого чувственного из женских духов: туберозы, цветка настолько  соблазнительного, что в 500-х годах девушкам, кажется, было запрещено его использовать. Этот обволакивающий и глубокий букет состоит из нарцисса, жасмина и амбры.;Наносить на неповрежденные участки кожи, волос и одежду
19000222195;ANTINOMIE SILENCE ÉLOQUENT;экстракт;Франция;14951;5980;https://goldapple.ru/19000222195-silence-eloquent;;Невозможно издать ни звука, будто немой в окружении голосов. Тишина должна царить, чтобы раскрыть невыразимое. SILENCE ÉLOQUENT — аромат с отличительным характером и нотами, которые нарушают молчание.  Вдали от проторенных дорог, словно новый рассвет, эта свежая и древесная композиция раскрывается нотами шафрана, кофе, гваякового дерева и магнолии, контрастирующих с пачули. Наконец, за ними следует шлейф ладана и сандала.;Только для наружного применения.
19000470519;LAURENT MAZZONE Army Of Lovers;экстракт;Франция;30000;24000;https://goldapple.ru/19000470519-army-of-lovers;;Army of Lovers — это абсолютно новое, переосмысленное издание легендарного аромата, созданного при участии вокалиста одноименной группы Army of Lovers Александра Барда. Сохраняя прежнее название, содержимое флакона удивляет сочным фруктовым звучанием, словно чувство влюблённости переродилось в любовь и стало спокойнее, мягче и глубже… Новая композиция прославляет соблазнительную и бесконечную силу любви во всех её гранях. Вечную связь двух людей, которая вдохновляет каждого из них на силу, смелость и подвиги. Ольфакторное любовное послание, переданное фруктовыми и мускусными аккордами композиции. Под свежестью грейпфрута и дыни скрывается чувственный персик, его наполненная соками мякоть связана мускусной основой. Утончённый, нежный и изысканный шлейф, который отдаёт дань целительной силе любви.;Только для наружного применения.
19000269547;AMOUAGE Honour 43;экстракт;Оман;101790;61074;https://goldapple.ru/19000269547-honour-43;;«43» в названии означает 43%  - исключительную концентрацию драгоценных натуральных масел.;Духи следует наносить в небольшом количестве, близко к коже (1-2 см), на тепловые точки: под коленями, область живота, запястья, сгибы локтей, район солнечного сплетения, точки за ушами, основание шеи со стороны спины, затылок. Как правило на одну точку достаточно несколько капель. Растирать духи не рекомендуется, так как это может нарушить правильный процесс раскрытия композиции. Для повышения стойкости рекомендуем наносить на хорошо увлажненную кожу, комбинируя с кремом, молочком или маслом для тела.
19000191502;NISHANE Ani X;экстракт;Турция;24600;20664;https://goldapple.ru/19000191502-ani-x;;Ani был впервые выпущен в 2019 году в рамках новой темы «без границ», направленной на устранение всех эмоциональных границ между людьми. Аромат сразу же стал мировым хитом, его часто называют лучшим ванильным ароматом всех времен.  Создавая ani x, Nishane хотели усилить это мистическое путешествие во времени, которое фанаты совершили с ani x, ароматом, отдающим дань уважения древнему мегаполису, который сейчас стоит как памятник могуществу империй и неизбежности времени. Как и оригинальный бестселлер, ani x стремится сломать границы и дать возможность владельцам построить свою собственную империю из руин.  ani x был разработан так, чтобы открываться более богатым взрывом сочных цитрусовых, чем оригинальная формула ani x — это аромат с настоящим наследием, который предлагает вам исследовать, как стереть границы времени и пространства, создать свою собственную империю, даже если все, что осталось, — это руины. Так что распылите на ani x, и пусть аромат отправит вас в путешествие сквозь века и прикоснется к силе истории во флаконе.;Наносить на неповрежденные участки кожи, волос и одежду.
19000436932;BON PARFUMEUR PARIS BOIS NARCOTIQUE 602;экстракт;Франция;17146;15431;https://goldapple.ru/19000436932-bois-narcotique-602;;Ладан, перец, кедр — три характерные ноты парфюмерного экстракта 602 Bon Parfumeur. Окажитесь на прогулке в лесу после проливного дождя. Запах петрикора витает в воздухе. Лучи солнца пробиваются сквозь крону деревьев. В старте аромата острые специи уступают место ноте перца. В сердце композиции ладан дополняет перец своими холодными, пряными и смолистыми оттенками. Ноты кедра и пачули подчеркивают древесную грань аромата, в то время как амбра усиливает его глубину и насыщенность.;только для наружного применения.
99000009838;SYNONYME PAOLO [01];экстракт;;6600;6072;https://goldapple.ru/99000009838-paolo-01;;Синоним соблазна. Блистательный. Взрыв тропических сочных фруктов на интеллигентной мускусной базе. Породистый и сексуальный, тактично заполняет пространство восхитительной красотой, неординарным и изящным шлейфом. Нуждается в нежном, неспешном знакомстве. Особенно хорошо раскрывается в микродозах.  Предпочтительный способ нанесения – вход в облако.;Аромат можно наносить на волосы, кожу, одежду.
19000268502;BURBERRY Her;экстракт;Испания;19100;17190;https://goldapple.ru/19000268502-her;;Аромат начинается с тихого момента — только ты, залитая золотистым светом дня, в любимом пальто, а вокруг мягко гудит мир. В этом аромате есть нечто очень личное — он словно часть тебя: знакомый, но каждый раз по-новому звучащий. Аромат Her Elixir ощущается как воспоминание, к которому прикасаешься только ты. На коже он раскрывается сладкой вспышкой спелых красных ягод, за которой следует нежная сливочность жасмина и туберозы — пышных, воздушных, наполненных уютом. В базе — тёплый амбровый аккорд и мягкая ваниль, обволакивающие, как вторая кожа. Аромат особенно красив в прохладное время года — для медленных утр или тихих вечеров с теми, кто по-настоящему близок.;Наносите парфюм на точки пульса и избегайте растирания, чтобы сохранить полноту звучания аромата.
19000241528;PERNOIRE Mansa;экстракт;Швейцария;26000;18200;https://goldapple.ru/19000241528-mansa;;"Ольфакторная метаморфоза: Вы – падишах Манса Муса правил Малийской империей в XIII веке, во время его правления Мали было одним из самых богатых королевств Африки, а Манса одним из самых богатых людей в мире. Испанские картографы изобразили короля Мусу сидящим на троне и держащим самородок золота в одной руке и золотой посох в другой. «Манса» на языке манинка это «король», «правитель»; фамилия правителя Малийской империи. Аромат Mansa это ольфакторная метафора богатства и щедрости. Пирамида аромата: Верхние ноты: ежевика, розовый перец, ирис, уд Ноты сердца: роза, амбра, черная смородина, шафран Ноты шлейфа: пачули, гелиотроп, мох и мускус";Только для наружного применения.
19000456477;EMMANUELLE JANE Exotic oud;экстракт;Франция;9900;8910;https://goldapple.ru/19000456477-exotic-oud;;Бренд французской парфюмерии Emmanuelle Jane в своем творчестве объединил восточную культуру, средиземноморскую легкость и французский образ жизни. Сочетание популярных и редких нот парфюмерии позволило создать поистине шедевры парфюмерного искусства, которые сегодня пользуются большой популярностью на рынках Европы и Азии.  Бренд постоянно сотрудничает с лучшими парфюмерами со всего мира. Главная цель Emmanuelle Jane – поиск наиболее совершенных парфюмерных композиций, эффектно дополняющих образ и имидж своих потребителей. Коллекция EXTRAIT DE PARFUM – это ароматы с максимальной концентрацией натуральных компонентов, каждый из которых вызывает непередаваемые эмоции и чувства. Идеальный партнер для вашего образа. Что вы выберете сегодня: легкий флирт SANTAL WOOD, баланс и уверенность BORA BORA, чувственность и тепло GOLDEN CARAMEL, власть и притяжение L’ELOGE D’ORIENT или дерзость и страсть EXOTIC OUD. Пленительная маракуйя, дорогой шафран и мощь уда. EXOTIC OUD – для тех, кто не следует трендам, а создает их.  Это не просто аромат – это заявление. Заявление о вашей уникальности, силе и безупречном вкусе. Первое впечатление: страстная маракуйя, окутанная золотым шафраном с деликатной пряной горчинкой. Сердце аромата: благородный уд, смягченный бензоином и дерзким пачули. Финальный аккорд: чувственный шлейф амбры, ванили и лабданума, который хочется расслышать вблизи. Ваша самая загадочная сторона.;Распылите на расстоянии примерно 20 см от кожи, уделив особое внимание таким зонам, как запястья и шея.
19000470520;LAURENT MAZZONE Army Of Lovers;экстракт;Франция;6500;5200;https://goldapple.ru/19000470520-army-of-lovers;;Army of Lovers — это абсолютно новое, переосмысленное издание легендарного аромата, созданного при участии вокалиста одноименной группы Army of Lovers Александра Барда. Сохраняя прежнее название, содержимое флакона удивляет сочным фруктовым звучанием, словно чувство влюблённости переродилось в любовь и стало спокойнее, мягче и глубже… Новая композиция прославляет соблазнительную и бесконечную силу любви во всех её гранях. Вечную связь двух людей, которая вдохновляет каждого из них на силу, смелость и подвиги. Ольфакторное любовное послание, переданное фруктовыми и мускусными аккордами композиции. Под свежестью грейпфрута и дыни скрывается чувственный персик, его наполненная соками мякоть связана мускусной основой. Утончённый, нежный и изысканный шлейф, который отдаёт дань целительной силе любви.;Только для наружного применения.
19000341186;BON PARFUMEUR PARIS Nappa Tuberosa 107;экстракт;Франция;17146;15431;https://goldapple.ru/19000341186-nappa-tuberosa-107;;Тубероза, шафран и замшевая кожа — три характерные ноты парфюмерного экстракта 107 Bon Parfumeur.  Прогуляйтесь по Грассу, городу тысячи ароматов, изысканной кожи и цветов. Звонят колокола, ночь опускается на вершины тихих улиц, и туберозы источают наркотический аромат. Сочетание сумеречной туберозы с дубленой кожей — дань наследию и мастерству Грасса. В верхних нотах аромата свежесть бергамота сменяется теплым, пряным и фруктовым шафраном. В сердце композиции появляется тубероза, которая раскрывает свои цветочные, сливочные, мягкие и завораживающие грани. Нота замши с эффектом мягкой кожи в базе служит защитным «гнездом» для туберозы.;Только для наружного применения.
99000009843;SYNONYME WHITE WIDOW;экстракт;;6500;4225;https://goldapple.ru/99000009843-white-widow;;Синоним праздниĸа жизни. Взрыв дофамина в опьяняющем ĸоĸтейле изысĸанной гурманиĸи. Возбуждает аппетит ĸ ярĸой жизни, наполненной росĸошью, соблазнами и на время снятыми запретами.;Аромат можно наносить на волосы, кожу, одежду.
19000456480;EMMANUELLE JANE Santal wood;экстракт;Франция;9900;8910;https://goldapple.ru/19000456480-santal-wood;;Бренд французской парфюмерии Emmanuelle Jane в своем творчестве объединил восточную культуру, средиземноморскую легкость и французский образ жизни. Сочетание популярных и редких нот парфюмерии позволило создать поистине шедевры парфюмерного искусства, которые сегодня пользуются большой популярностью на рынках Европы и Азии.  Бренд постоянно сотрудничает с лучшими парфюмерами со всего мира. Главная цель Emmanuelle Jane – поиск наиболее совершенных парфюмерных композиций, эффектно дополняющих образ и имидж своих потребителей. Коллекция EXTRAIT DE PARFUM – это ароматы с максимальной концентрацией натуральных компонентов, каждый из которых вызывает непередаваемые эмоции и чувства. Идеальный партнер для вашего образа. Что вы выберете сегодня: легкий флирт SANTAL WOOD, баланс и уверенность BORA BORA, чувственность и тепло GOLDEN CARAMEL, власть и притяжение L’ELOGE D’ORIENT или дерзость и страсть EXOTIC OUD. Откройте для себя аромат, в котором тропическая экзотика встречается с роскошью восточных сладостей.  SANTAL WOOD – это воплощение лёгкого флирта и чувственного наслаждения. Первое впечатление: сочный взрыв ананаса, подчеркнутый пряной свежестью кардамона. Сердце аромата: кремовая нежность кокоса и бобов тонка, окутанная воздушным цветком жасмина. Финальный аккорд: глубокий, продолжительный шлейф ванили и пачули, который оставляет ощущение тепла и загадочности. Ваш идеальный спутник для образов, в которых вы чувствуете себя неотразимо.;Распылите на расстоянии примерно 20 см от кожи, уделив особое внимание таким зонам, как запястья и шея.
19000215491;TUMI 19 degree;экстракт;США;19395;12606;https://goldapple.ru/19000215491;;Интенсивный и насыщенный аромат 19 DEGREE – это выход за привычные рамки и громкое заявление. Смелая композиция TUMI с амбровым, древесным и кожаным аккордами раскрывает свой уверенный и соблазнительный характер благодаря яркому переплетению нот и контрасту качественных ингредиентов.  Передать концепцию возвышенной мужественности позволяют элегантные верхние ноты бергамота и тимьяна в сочетании с экзотическим шафраном. Притягательное сердце аромата объединило сочность интригующей черной малины, мягкую чувственность замши и древесную свежесть березовой воды.  Постепенно раскрывая свою силу, композиция бросает вызов с помощью яркой ноты кожи, которая сливается с выразительным теплом сандала и мускуса.;Только для наружного применения.
83690100022;NISHANE B - 612;экстракт;;23600;20060;https://goldapple.ru/83690100022-b-612;;"B-612 - это олицетворение астероида, откуда был родом Маленький принц. История гласит, что именно турецкий астроном впервые открыл астероид Б-612, но никто не признал его открытия из-за традиционного турецкого одеяния этого человека. Когда же астроном надел модную европейскую одежду, его открытие тут же было признано обществом. Этот парфюм символизирует мораль этой истории – передает нам суть: незнание человека порождает расизм и ксенофобию. Верхние ноты: Лаванда, Кипарис и Герань; средние ноты: Кашмеран, Белый кедр, Сандал и Пачули; базовые ноты: Мускус, Дубовый мох и Бобы тонка.";
19000220501;MIND GAMES FRENCH DEFENSE;экстракт;США;28292;25462;https://goldapple.ru/19000220501-french-defense;;Коллекция soulmate воплощает силу и единство пешек, коллективную уверенность и стремление поддерживать друг друга. По характеру пешка — решительная, амбициозная и бесстрашная фигура.  Каждый аромат продуман, чтобы вы могли носить его самостоятельно или наслаивать с другими, создавая неповторимую композицию. Дизайн флаконов изящен, современен и сдержан — тонкие детали намекают на защитный слой брони. Разожгите страсть и откройте в себе лучшее с soulmate. French defense берет верх в дразнящем аромате сочной черной вишни и соблазнительных нотах ликеров, окутанных бархатистой древесиной и амброй. Мягкие цветочные мотивы вплетены в композицию, придавая ей естественную красоту.  Совершенно очаровательный french defense подходит к любому случаю.;Распылите на кожу с расстояния 20-30 см.
19000354571;MAISON DE L ASIE Bois DIndonesie;экстракт;Франция;39500;21725;https://goldapple.ru/19000354571-bois-dindonesie;;Элегантный древесный аромат, отдающий дань изысканным храмам Индонезии. Он вдохновлен сложными узорами по дереву, это выражается аккордами ладана и агарового дерева. Солнечный свет, озаряющий храмы выражен нотами бамбука и лотоса, сбалансированными нежным теплом чая и мускатного ореха.  Тени передаются нотами древесины с пикантным шлейфом ветивера и амбры.;
19000035836;THAMEEN LONDON The Hope;экстракт;;24550;18412;https://goldapple.ru/19000035836-the-hope;;Алмаз Хоупа (Hope Diamond) – без преувеличения, самый знаменитый бриллиант в мире. 45.52 карата глубокого синего оттенка окружены легендами, тайнами и мифами. Аромат должен быть ему под стать – и Thameen это удалось. Теплый, переливающийся сильными нотами, словно свет, отражающийся от граней бриллианта. Утонченный шлейф с древесным аккордом лабданума остается в памяти надолго – как бриллиант безупречной чистоты и огранки. Аромат, посвященный самому знаменитому бриллианту на свете.;Нанести на пульсирующие точки - и ждать комплиментов.
19000166823;MIND GAMES Gardez;экстракт;США;28292;21219;https://goldapple.ru/19000166823-gardez;;GARDEZ — призыв к действию, сплочению и защите ценной фигуры на доске. Деликатный, но интенсивный аромат словно показывает: даже сильный игрок может быть уязвимым, а красота стать смелой и бесстрашной.  Острый перец и специи сочетаются с благоухающими и пьянящими жасмином, ирисом и сочными фруктами. Кожа и дерево раскрывают свою напористость и нежность. Исследуйте разум, чувства, силу духа с MIND GAMES и погрузитесь в стратегически идеальные композиции.;Распылите на кожу с расстояния 20-30 см.
19000354569;MAISON DE L ASIE Bangkok 9/9;экстракт;Франция;39500;21725;https://goldapple.ru/19000354569-bangkok-9-9;;Аромат посвящен современной жизни в смелом и постоянно меняющемся аромате.  Bangkok 9/9 словно абстракция, композиция одновременно теплая, сладкая, насыщенная, но в то же время, словно калейдоскоп она в миг становится прохладной и свежей. Ее открывает яркая смесь специй, затем мы погружаемся в сбалансированное сердце из пышных белых цветов. Отшлифованный сандал и кокос обрастают мхом, привнося в пирамиду оттенки зелени. Аромат колеблется и вибрирует, он требуют внимания и открывает множество возможностей.;
19000268355;AMOUAGE Interlude 53;экстракт;Оман;101790;81432;https://goldapple.ru/19000268355-interlude-53;;Обжигающий душу взрыв специй и смол в аромате Interlude 53 являет собой возвышенный момент гармонии в сердце хаоса.;Нанести на пульсирующие точки
99000010165;SYNONYME QUENTIN [02];экстракт;;1900;1159;https://goldapple.ru/99000010165-quentin-02;;Синоним абсолютной женственности. Редкое сочетание благородства и сексуальности. Аромат обладает прекрасным и продолжительным шлейфом.   В начале благородного мотива доминируют ревень и личи. Бергамот присутствует в стартовом аккорде лишь символически. Пион – полноправный обладатель сердца – дополнен розой и ландышем. Красивый букет вышит на тонкой дорогой ткани базы из мускуса, ванили и кашмерана.;Аромат можно наносить на волосы, кожу, одежду.
99000010161;SYNONYME BIANCA;экстракт;;1300;793;https://goldapple.ru/99000010161-bianca;;Синоним сладкого предвкушения. Спелые персики, немного алкоголя, капелька пачули, восхитительные теплые специи, древесные ноты и свежий грейпфрут.   Прекрасный гурманский аромат для вечера, переходящего в ночь. Вам знакомо это волнующее чувство, когда сосредоточиться на чем-либо невозможно, кроме мысли о том, что вас ждет на десерт.;Аромат можно наносить на волосы, кожу, одежду.
19000334155;TUMI RENAISSANCE;экстракт;США;12735;11461;https://goldapple.ru/19000334155-renaissance;;Линия EXPERIENCE COLLECTOR представляет отличительные композиции, воплощающие суть путешествий во флаконе. Они созданы для женщин, которые живут настоящим моментом, исследуют жизнь с любопытством и страстью, следуют за мечтами с оптимизмом.  Парфюмерный экстракт RENAISSANCE посвящен Флоренции, чувственному путешествию по извилистым улочкам города и истории эпохи Возрождения. Цветочно-мускусный аромат искусно отражает богатую культуру Италии и её современную, лучистую энергию. Ноты мускуса и сандала подчеркивают образ и стиль уверенной в себе женщины.;Только для наружного применения.
99000010171;SYNONYME FRANCIS;экстракт;;1400;840;https://goldapple.ru/99000010171-francis;;Синоним открытости и харизмы. Лаконичный, и в то же время глубокий и выразительный. Ваш узнаваемый автограф. Явный шлейф как повод для комплиментов. Важна правильная дозировка, в данном случае – умеренная.;Аромат можно наносить на волосы, кожу, одежду.
19000191497;NISHANE H.Silent Ways X;экстракт;Турция;35700;29988;https://goldapple.ru/19000191497-h-silent-ways-x;;Hundred silent ways всегда был одним из 5 самых продаваемых продуктов Nishane на мировых рынках. Hundred silent ways X призван поддерживать общее настроение, которое предлагает оригинальный аромат (выпущенный в 2016 году).  Кожаные ноты были использованы для того, чтобы добавить еще больше элегантности оригинальной формуле. Hundred silent ways X — восхитительно пленительный аромат, сочетающий элегантность цветочных нот с богатством гурманских аккордов.  Аромат открывается сочным взрывом мандарина и персика, переходящим в сердце из нежной гардении, ириса, жасмина и гелиотропа. Базовые ноты ванили, кожи и пачули придают аромату чувственный и теплый характер, что делает его идеальным для тех, кто ценит относительно сладкий и успокаивающий аромат.  Hundred silent ways X — это то, что обязательно нужно попробовать тем, кто любит оригинальный аромат и ищет новый взгляд на чарующее настроение оригинальной формулы.;Наносить на неповрежденные участки кожи, волос и одежду.
19000241525;PERNOIRE Vitias;экстракт;Швейцария;26000;22100;https://goldapple.ru/19000241525-vitias;;Ольфакторная метаморфоза: Вы – любовь. Частичка своей души, пожалуй, самое ценное, что вы можете предложить возлюбленному. Глубокое искреннее желание изучить душу и внутренний мир другого человека создает крепкую связь. Ведь именно так образуется прочная связь на духовном уровне, и только она помогает соединяться сердцам. Витиас – это самая глубокая точка Тихого океана, название аромата символизирует стремление к наиболее глубокой связи со своей половиной. Пирамида аромата: Верхние ноты: бергамот, лайм, розовый перец, черный перец. Ноты сердца: дягиль, ирис, белая древесина. Ноты шлейфа: гуаяк, акватические ноты, серая амбра, белый мускус.;Только для наружного применения.
19000035829;THAMEEN LONDON Peacock Throne;экстракт;;21770;16327;https://goldapple.ru/19000035829-peacock-throne;;Роскошь восточных традиций нашла свое отражение в Павлиньем троне, изготовленном для падишаха Могольской империи Шах-Джахана в XVII веке, – а также в аромате Peacock Throne от Thameen. Его сверкающее звучание раскрывается яркими цветочными нотами жасмина, орриса и турецкой розы. В основе – богатые теплые ноты с пачули, ветивером и ванилью. Королевский аромат. Павлиний трон остался только в памяти историков, но Thameen создали парфюмерную альтернативу – для тех, кому легенда Великих Моголов не даёт покоя.;Нанести на пульсирующие точки - и ждать комплиментов.
83271600004;LAURENT MAZZONE CHEMISE BLANCHE;экстракт;;30000;24000;https://goldapple.ru/83271600004-chemise-blanche;;Духи Laurent Mazzone Chemise Blanche напоминают о прекрасном средиземноморском отдыхе, любви и нежности. Эта композиция раскрывается постепенно. Аромат Chemise Blanche встречает прохладой альдегидов, бодрящей свежестью мандарина и легкой кислинкой бергамота. В сердце композиции от Laurent Mazzone спрятаны нежная ирисовая пудра, упоительный аккорд ландыша и благородные нотки розы. В шлейфе духов ощущается теплота амбры, чувственные оттенки мускуса и сладость бобов тонка.;Для наружного применения.
19000354573;MAISON DE L ASIE Les Nuits De Bal;экстракт;Франция;39500;21725;https://goldapple.ru/19000354573-les-nuits-de-bal;;Вдохновлен знойными ночами тропического острова Бали.  Les Nuits De BaI – аромат полный интриг и загадок, он открывается поэтическим аккордом пачули и розы, оттененных богатством и теплом шафрана. Сандал в сочетании с удом создают бархатный фон композиции, словно ночное южное небо. Мягкая ваниль и роскошная амбра подобны созвездиям в ночном небе.;
99000009832;SYNONYME JACQUES HARRY [01];экстракт;;6400;4160;https://goldapple.ru/99000009832-jacques-harry-01;;Синоним аристократизма и роскоши. Мягко подчиняет себе все вокруг, устоять очень сложно. Кажется, будто он содержит в себе нечто магическое.;Аромат можно наносить на волосы, кожу, одежду.
19000436933;BON PARFUMEUR PARIS CUIR SAHIB 603;экстракт;;17146;11144;https://goldapple.ru/19000436933-cuir-sahib-603;;Кожа, ладан, бобы тонка — три характерные ноты парфюмерного экстракта 603 Bon Parfumeur. Остановитесь в Золотом Храме в Индии. В его стенах витает аромат горящих благовоний, которые пересекаются и переплетаются друг с другом. Теплый аромат раскрывается пряной нотой мускатного ореха, дополненной листьями фиалки. В сердце аромата звучат сухой травяной мускатный шалфей, за которым следует смолистая нота ладана.  Бобы тонка и кожи в базе композиции словно обволакивает кожу.;
19000437000;MATIERE PREMIERE Radical Rose;экстракт;Франция;37000;33300;https://goldapple.ru/19000437000-radical-rose;;Аромат Розы, мощный и сияющий, с максимально возможной дозировкой абсолю Розы Сентифолии, органически выращенной MATIERE PREMIERE в регионе Грасс. Основатель и парфюмер Орельен Гишар обогатил оригинальный Radical Rose Eau de Parfum абсолю цветка Иммортель из Хорватии в качестве гостевого ингредиента. В сочетании с более высокой концентрацией духов Иммортель раскрывает более глубокую, более сильную грань Розы. Он привносит темную и минеральную сторону в Radical Rose.;Нанести на тело или одежду избегая попадания в глаза.
99000010160;SYNONYME BLADE RUNNING MANDARIN;экстракт;;1300;793;https://goldapple.ru/99000010160-blade-running-mandarin;;Синоним сладĸой беспечности. Нежная ĸожа мандарина, брызгая и обнажаясь, расĸрывает свежесть соĸа. Медленно стеĸая по ĸоже, цитрусовая сладость пропитает тело, оставив обманчивый образ беззащитности, таĸой обезоруживающий и привлеĸательный.;Аромат можно наносить на волосы, кожу, одежду.
99000010148;SYNONYME PAOLO;экстракт;;1990;1214;https://goldapple.ru/99000010148-paolo;;Синоним соблазна. Блистательный. Взрыв тропических сочных фруктов на интеллигентной мускусной базе. Породистый и сексуальный, тактично заполняет пространство восхитительной красотой, неординарным и изящным шлейфом.   Нуждается в нежном, неспешном знакомстве. Особенно хорошо раскрывается в микродозах. Предпочтительный способ нанесения – вход в облако.;Аромат можно наносить на волосы, кожу, одежду.
83690100002;NISHANE Ambra Calabria;экстракт;;20900;17765;https://goldapple.ru/83690100002-ambra-calabria;;Ambra Colabria станет синонимом оксюморона в  вашем ольфактивном путешествии. Романтическая  смесь бергамота и зеленые ноты наряду со сладкой  амброй и ванилью… Это интригующий и  притягательный аромат, предназначенный как для  особых случаев, так и для ежедневного  использования.;
