article;name;product_type;country;price_actual;price_loyalty;url;popularity_coefficient;description;application
19000284931;FOR ME BY GOLD APPLE 06. Vanilla spark;спреи и мисты для тела;;600;330;https://goldapple.ru/19000284931-06-vanilla-spark;2111.24;Мист для тела — как парфюм, только более легкий и идеально подходит на каждый день. Теперь можно полностью окружить себя любимыми ароматами ухода FOR ME: благодаря невесомой текстуре спрей подходит для нанесения на кожу и волосы.  Аромат 06.VANILLA SPARK ассоциируется с беззаботной прогулкой в луна-парке: ваниль напоминает сладость крем-соды и сахарной ваты, а бархатный шлейф амбры и белого мускуса мысленно переносит в теплый романтический вечер. Помимо притягательного аромата, шиммер-мист с мелкими светоотражающими частицами дарит нежное сияние, создавая эффект гладкой кожи. Бережная формула спрея не сушит кожу: пантенол обладает успокаивающим действием, гиалуроновая кислота сохраняет влагу, в то время как экстракт центеллы выравнивает текстуру.;Встряхните флакон, распылите с расстояния 20-30 см.  Не наносите на лицо и поврежденные участки кожи.
19000284929;FOR ME BY GOLD APPLE 01. Moon grass;спреи и мисты для тела;;550;495;https://goldapple.ru/19000284929-01-moon-grass;1333.86;Мист для тела — как парфюм, только более легкий и идеально подходит на каждый день. Теперь можно полностью окружить себя любимыми ароматами ухода FOR ME: благодаря невесомой текстуре спрей подходит для нанесения на кожу, волосы и даже текстиль. 01.MOON GRASS — это аромат прохладного раннего утра в саду: свежесть зелени переплетается с деликатной сладостью сочного инжира, а хвойные ноты кедра соединяют композицию воедино. Парфюмированный мист не только оставляет приятный аромат на несколько часов, но и не сушит кожу за счет бережной формулы. Пантенол обладает успокаивающим действием, гиалуроновая кислота сохраняет влагу, в то время как ниацинамид помогает устранить шелушения.;Распылите с расстояния 20-30 см.  Не наносите на лицо и поврежденные участки кожи.
19000440151;MIXIT Spa Rituals wild cherry;спреи и мисты для тела;Россия;450;315;https://goldapple.ru/19000440151-spa-rituals-wild-cherry;354.24;Мист для тела и волос от MIXIT станет отличной альтернативой парфюму. Аромат дикой вишни в сочетании с древесными аккордами и ванилью раскрывается с особой чувственностью. Активные компоненты в составе увлажняют и освежают кожу и волосы, а универсальный размер флакона позволяет брать мист с собой и обновлять аромат в любое время дня. Погрузись в атмосферу цветущего вишневого сада и насладись чувственным ароматом! Экстракт малины восстанавливает и выравнивает тон кожи, удерживает в ней влагу. Экстракт вишни тонизирует кожу и смягчает волосы. Витамин С повышает упругость и оказывает антиоксидантное действие. Витамины А и Е поддерживают упругость и эластичность кожи, укрепляют волосы. В интернет-магазине представлен актуальный дизайн продукта. Обращаем внимание, возможно поступление товара в старом дизайне.;Распылить на чистую сухую кожу тела и/или волос с расстояния 15-20 см, дождаться полного впитывания.
19000245449;YVES ROCHER Кокосовый орех;спреи и мисты для тела;Франция;1163;1046;https://goldapple.ru/19000245449-kokosovyj-oreh;264.04;Прикоснитесь к самой природе с этим парфюмированным спреем для тела и волос. Аромат: мы в Ив Роше выбрали Кокосовый Орех. Свежий, аппетитный, спелый, полный сока и молока, он словно соблазняет, обволакивая кожу своим тонким чувственным ароматом… Лакомое искушение, согретое солнечными нотами с мягкими древесными нюансами. Его преимущества: парфюмированный спрей для тела и волос содержит 95% ингредиентов натурального происхождения. Дарит нежный аромат коже и волосам. Растительный компонент: Кокос. Кокосовый Орех, полный сочной мякоти и молока, дарит Вам свой чувственный и манящий аромат как приглашение в волшебный мир наслаждений и удовольствий. Настоящий соблазн для тонких натур, ценящих волнующие впечатления.;Распыляйте спрей на чистую кожу тела и волосы по мере необходимости.
19000149524;CLARINS TREATMENT FRAGRANCE EAU DES JARDINS RETAIL 100ML 23;спреи и мисты для тела;Франция;4950;4207;https://goldapple.ru/19000149524-eau-des-jardins;176.64;Вслед за легендарной тонизирующей водой Eau Dynamisante в ассортименте Clarins появилась освежающая вода Eau des Jardins с цветочными нотами. Она на 93% состоит из ингредиентов натурального происхождения, оставляет на коже легкий аромат и поднимает настроение. Средство идеально подходит для того, чтобы избавитсья от хандры и начать день с позитивной ноты. Цитрусовый аккорд из нот лимона, апельсина и грейпфрута бодрит и дарит свежесть. В сердце звучит мята, лавр и герань. Ноты кедра уравновешивают композицию, создающую приятное ощущение радости и легкости. Восстанавливающий органический экстракт рябины и успокаивающий органический экстракт почек черной смородины заботятся о сиянии кожи. Зеленые оттенки в дизайне флакона прославляют природу.;Нанести на все тело: наберите средство в ладони и распределите по коже тела. Использовать, как парфюм: чтобы в полной мере ощутить ароматические свойства вашей воды, распылите ее на руки, разотрите в ладонях, трижды сделайте глубокий вдох. Затем распылите на точки пульсации на теле, а также на одежду. Окутать себя дымкой: наносить ароматическую воду можно даже поверх вашего любимого аромата.
19000245452;YVES ROCHER Малина & Перечная мята;спреи и мисты для тела;Франция;1163;1046;https://goldapple.ru/19000245452-malina-i-perecnaa-mata;111.6;Прикоснитесь к самой природе с этим парфюмированным спреем для тела и волос. Аромат: мы в Ив Роше выбрали эфирное масло Перечной Мяты за яркие ноты, дарящие ощущение свежести. Заряжая энергией и жизненной силой, Мята помогает вам восстановить тонус. Ее прохладный аккорд в сочетании с кислинкой Малины создает неповторимый искрящийся коктейль. Его преимущества: парфюмированный спрей для тела и волос содержит 97 % ингредиентов натурального происхождения. Придает нежный аромат коже и волосам. Растительный компонент: Малина & Мята. Тонизирующий аромат эфирного масла Мяты в сочетании со свежей кислинкой Малины станет для Вас неиссякаемым источником жизненных сил и энергии. Удивительно экспрессивная комбинация для поклонников ярких впечатлений.;Распыляйте спрей на чистую кожу тела и волосы по мере необходимости.
19000395788;CAMAY DÉSIR Пион и ягоды;спреи и мисты для тела;Россия;384;257;https://goldapple.ru/19000395788-desir-pion-i-agody;106.72;Спрей мист для тела парфюмированный Camay DÉSIR Восхитительное очарование – это уходовый продукт-новинка с ароматом пиона и красных ягод. Имеет в своем составе купаж цветочных масел. Содержит эфирные масла лаванды, иланг-иланга и душицы. Парфюмированный спрей для тела имеет стойкий аромат пиона и красных ягод, который сохраняется на коже до 12 часов*. Наши эксперты вдохновились феноменально популярным парфюмом Baccarat rouge 540. Так появился мист Camay DÉSIR Восхитительное очарование. Пион, персик, османтус и фрезия представляют собой верхние ноты парфюма, плавно переходящие в сердце композиции – сочные красные ягоды (вишня и клубника). Завершающие акценты обволакивающего кашемира, белого кедра и ванили стали шлейфом, послевкусием данного аромата. Парфюмированный спрей для волос идеально дополнит гель для душа Camay DÉSIR и продлит его аромат. Подчеркнет ваш образ, женственность и красоту. Уходовые продукты бренда Camay созданы для того, чтобы вдохновлять женщин на раскрытие своей внутренней силы и красоты. Исследуйте все грани собственной чувственности с помощью магического сочетания ароматов Camay. DÉSIR – Желание.  По результатам ольфакторного анализа изготовителя.;Нанести на очищенную кожу или волосы с расстояния примерно 10-20 сантиментов. Не смывать.
19000245451;YVES ROCHER Манго & Кориандр;спреи и мисты для тела;Франция;1163;1046;https://goldapple.ru/19000245451-mango-i-koriandr;105.28;Прикоснитесь к самой природе с этим парфюмированным спреем для тела и волос. Аромат: мы в Ив Роше выбрали Кориандр, традиционно известный своими тонизирующими свойствами. Плоды растения богаты эфирным маслом с пряным цветочным запахом. Его пикантная свежесть, дополненная яркими, искрящимися нотами Манго, заряжает бодростью и пробуждает чувства. Его преимущества: парфюмированный спрей для тела и волос содержит 96% ингредиентов натурального происхождения. Дарит нежный аромат коже и волосам. Растительный компонент: Манго & Кориандр.  Аппетитный плод Манго и эфирное масло Кориандра, традиционно известное своими бодрящими свойствами, стали основой для создания тонизирующего и экзотического аромата. Этот фруктово-пряный микс поможет Вам начать день с незабываемых эмоций.;Распыляйте спрей на чистую кожу тела и волосы по мере необходимости.
19000450636;MIXIT Spa Rituals coconut;спреи и мисты для тела;Россия;450;405;https://goldapple.ru/19000450636-spa-rituals-coconut;66.64;Мист для тела и волос от MIXIT станет отличной альтернативой парфюму. Он раскрывается вкусным и манящим ароматом кокоса, который расслабляет и восстанавливает эмоциональное состояние. Активные компоненты в составе увлажняют и освежают кожу и волосы, а универсальный размер флакона позволяет брать мист с собой и обновлять аромат в любое время дня. Погрузись в атмосферу тропического лета, услышь шелест океана в каждой ноте и наполнись энергией. Экстракт кокоса способствует быстрому восстановлению кожи, укрепляет и увлажняет волосы. Провитамин В5 делает волосы блестящими, сильными и послушными, а кожу — гладкой и нежной. Витамины А и Е защищают кожу и волосы, продлевая их молодость и красоту. предостережения Возможна индивидуальная непереносимость отдельных компонентов состава.;Распылить на чистую сухую кожу тела и/или волос с расстояния 15-20 см, дождаться полного впитывания.
19000357687;EMMANUELLE JANE DOLCE VITA;спреи и мисты для тела;Греция;3290;2632;https://goldapple.ru/19000357687-dolce-vita;57.6;Спрей для тела Dolce vita — это благородное сочетание нот пиона со сладкими нотами и миндальным кремом, которые дополнят образ и подарят уверенность в себе на весь день.  Жемчужина композиции — пион, с его нежными лепестками и чарующим цветочным ароматом. Нота пиона пробуждает элегантность и подчеркивает индивидуальность, окутывая вуалью красоты и изящества. Сладкие ноты вызывают чувство радости и счастья, вдохновляя на успешный день. Миндальный крем придает композиции бархатистую глубину и насыщенность. Его нежный, гурманский аромат напоминает об изысканных десертах и сладостях, добавляя сливочное, успокаивающее измерение всей композиции.  Миндальный крем гармонично сочетается с пионом и сладкими нотами, создавая симфонию, которая дарит чувство радости и счастья. Коллекция Emmanuelle Jane Parfum Mist Brume — 11 ароматов, где каждый представляет собой уникальное облако эмоций, которое помогает выразить настроение и вдохновить на новые свершения. Мист обладает легкой текстурой и свежим ароматом — идеален для повседневного использования. Такой формат можно использовать не только на коже, но и на волосах, одежде или в помещении. Откройте для себя мир утонченной элегантности с коллекцией ароматов Emmanuelle Jane Parfum Mist Brume. Бренд французской парфюмерии Emmanuelle Jane в своем творчестве объединил восточную культуру, средиземноморскую легкость и французский образ жизни. Сочетание популярных и редких нот парфюмерии позволило создать поистине шедевры парфюмерного искусства, которые сегодня пользуются большой популярностью на рынках Европы и Азии. Бренд постоянно сотрудничает с лучшими парфюмерами со всего мира. Главная цель Emmanuelle Jane — поиск наиболее совершенных парфюмерных композиций, эффектно дополняющих образ и имидж своих потребителей.;Распылите на расстоянии 20 см на открытые участки тела и волосы после ванны или душа. При желании можно наносить мист в течение дня.
19000259362;YVES ROCHER Морские водоросли & Морской фенхель;спреи и мисты для тела;Франция;1163;1046;https://goldapple.ru/19000259362-algue-sauvage-criste-marine-brume-parfumee-corps-et-cheveux-algue-sauvage;45.12;Прикоснитесь к самой природе с этим парфюмированным спреем для тела и волос. Аромат: в бодрящей композиции вся свежесть бриза бретонских берегов. Формула с экстрактами Морских Водорослей и Морского Фенхеля. Его преимущества: парфюмированный спрей для тела и волос содержит 98% ингредиентов натурального происхождения. Дарит нежный аромат коже и волосам. Свежий, заряжающий энергией аромат. В бодрящей композиции вся свежесть бриза бретонских берегов. Формула с экстрактами Морских Водорослей и Морского Фенхеля.;Распыляйте спрей на чистую кожу тела и волосы по мере необходимости.
19000312409;GIARDINO MAGICO TONKA, VANILLA, WHITE MUSK;спреи и мисты для тела;Россия;2750;2750;https://goldapple.ru/19000312409-tonka-vanilla-white-musk;42.24;Парфюмированный мист  от GIARDINO MAGICO — экспресс-увлажнение с многогранным звучанием из коллекции бренда.  Присутствие в составе провитаминов ускоряет регенерацию, сохраняет и повышает упругость тканей.  Легким воздушным облаком средство равномерно распыляется на поверхности, окутывая своей нежностью и флером неповторимости.;Распылить спрей на кожу тела и волосы с расстояния 15-20 см.
99000114269;KAMALI Bloom;спреи и мисты для тела;Россия;1380;690;https://goldapple.ru/99000114269-bloom;34.04;Мист для тела и волос Bloom раскрывает нежную силу женственности. Аромат будто нежный шелк на коже, он обволакивает, успокаивает и вдохновляет, подчеркивая истинную красоту сострадания, уверенности и внутренней гармонии. Сочетание медовой груши, фундучного молока и росы ладана зазывает в цветущий сад, где османтус наполняет воздух абрикосовым ароматом. Вокруг алые розы и легкая дымка жасмина, а сквозь цветы слышны пряные ноты ванили, сандала, кожи и амбры. Улучшенная формула, обогащенная гиалуроновой кислотой и экстрактом граната, питает и глубоко увлажняет кожу и волосы. Ноты аромата:  Верхние — ладан, фундук, медовая груша. Средние — жасмин самбак, османтус, роза, шафран. База — амбра, акигалавуд, сандал, ладан, ваниль.;Распылите дымку на желаемые участки тела и волос, избегая зоны вокруг глаз и губ. Не смывать.
19000318831;NATURA SIBERICA golden shimmer;спреи и мисты для тела;Россия;2489;1742;https://goldapple.ru/19000318831-golden-shimmer;27.88;Увлажняющий парфюмированный мист для волос, лица и тела с золотым шиммером. Увлажняющий парфюмированный мист «Сияние севера» придаёт лёгкое сияние коже и естественный блеск волосам, не оставляя ощущения липкости. Увлажняет и питает, придавая ухоженный вид. Кладония снежная: выравнивает тон кожи. Экстракт женьшеня: увлажняет кожу и волосы. Экстракт ягод брусники: усиливает естественное свечение.;"Встряхните флакон перед использованием. Нанесите спрей на кожу с расстояния 15-20 см.  Не требует растирания; дождитесь полного высыхания."
19000418580;L'ATELIER PARFUM Green crush;спреи и мисты для тела;Франция;4078;1631;https://goldapple.ru/19000418580-green-crush;27.26;Насыщенная зеленая композиция в мисте для волос и тела GREEN CRUSH от L’ATELIER PARFUM, словно мохито на закате, заряжает энергией и заставляет желать большего. Яркая смесь измельченных трав в сочетании с кедром и мускусом создают ощущение бодрящей свежести.  Парфюмер – Sidonie Lancesseur. Ключевые ноты: мята, базилик, белый кедр.;Распылите на волосы и тело.
99000091570;KAMALI tahiti;спреи и мисты для тела;Россия;1300;650;https://goldapple.ru/99000091570-tahiti;26.68;Мист для тела и волос Tahiti окутает вас невесомой вуалью экзотики и райского наслаждения. Освежающие ноты нектара гуавы и прохладной кокосовой воды погружают в океанскую свежесть тропиков, создавая ощущение легкости и безмятежного удовольствия. Гармония утонченной орхидеи и игривого лимонного твиста, дополненных притягательной глубиной дикого ириса переносят вас в мир ярких, солнечных эмоций и расслабляющей роскоши. Улучшенная формула, обогащенная гиалуроновой кислотой и экстрактом граната, питает и глубоко увлажняет кожу и волосы. Мист быстро впитывается, не оставляя липкости и следов, сохраняя ощущение свежести и комфорта. Его уникальный аромат наполняет своим очарованием и гармонией, пробуждая воспоминания о солнечных прогулках под шепот волн и аромат тропических цветов. Ноты аромата: Верхние – нектар гуавы и кокосовая вода. Средние – орхидея, лимонный твист и дикий ирис. База – розовый мускус и облако ванили.;Распылите дымку на желаемые участки тела и волос, избегая зоны вокруг глаз и губ. Не смывать. Наслаждаться нежной вуалью аромата.
99000091569;KAMALI hawaii;спреи и мисты для тела;Россия;1300;650;https://goldapple.ru/99000091569-hawaii;23.4;Мист для тела и волос Hawaii переносит к побережью тихого океана в атмосферу райского наслаждения и гармонии. Почувствуйте свежесть и экзотичность аромата, где сочные аккорды персика и манго придают ему энергию, а кокосовое молоко и цветок франжипани создают мягкость и сладкую тропическую ауру. Формула, обогащенная гиалуроновой кислотой и экстрактом граната, глубоко увлажняет и питает кожу и волосы. Мист мгновенно впитывается, не оставляя ощущения липкости и следов, придавая вашему образу чувственность и яркость. Дерзкий и экзотический характер аромата заиграет на вашей коже, раскрываясь запоминающимся шлейфом. Ноты аромата: Верхние - персик и манго. Средние - кокосовое молоко и франжипани. База - белый мускус и древесные ноты.;Распылите дымку на желаемые участки тела и волос, избегая зоны вокруг глаз и губ. Не смывать. Наслаждаться нежной вуалью аромата.
99000091573;KAMALI Maldives;спреи и мисты для тела;Россия;1300;650;https://goldapple.ru/99000091573-maldives;20.58;Мист для тела и волос Maldives переносит вас к райским островам, где безмятежность и счастье окутывает с первой встречи. Сочные ноты груши и нежного личи открывают композицию искрящейся свежестью и легкостью, погружая ваше воображение в лазурные воды океана. Утонченная нежность розовой фиалки, гармонично переплетенная с тягучей сладостью пралине. А экстракт теплого белого кедра добавляет аромату стойкости и утонченной глубины. Формула, обогащенная гиалуроновой кислотой и экстрактом граната, интенсивно увлажняет и восстанавливает баланс кожи и волос, оставляя их мягкими и ухоженными. Мист быстро впитывается и не оставляет липкости и следов, окутывая вас легкой вуалью незабываемого аромата. Его мягкий, но манящий шлейф дарит чувство гармонии и свежести, оставаясь на коже и волосах в течение дня. Ноты аромата: Верхние – груша и личи. Средние – розовая фиалка и пралине. База – мускус и экстракт белого кедра.;Распылите дымку на желаемые участки тела и волос, избегая зоны вокруг глаз и губ. Не смывать. Наслаждаться нежной вуалью аромата.
19000318828;NATURA SIBERICA pink shimmer;спреи и мисты для тела;Россия;2489;1742;https://goldapple.ru/19000318828-pink-shimmer;17.28;Увлажняющий парфюмированный мист для волос и тела с розовым шиммером. Увлажняющий парфюмированный мист «Алтайский закат» придаёт коже лёгкое сияние и естественный блеск, не оставляя ощущения липкости.  Линнея северная: увлажняет кожу. Экстракт ламинарии: способствует устранению отёков. Экстракт сибирского можжевельника: придаёт коже естественное сияние.;"Встряхните флакон перед использованием. Нанесите спрей на кожу с расстояния 15-20 см.  Не требует растирания; дождитесь полного высыхания."
19000357688;EMMANUELLE JANE GOLD CRUSH;спреи и мисты для тела;Греция;3290;2467;https://goldapple.ru/19000357688-gold-crush;16.32;Дайте свободу своим эмоциям счастья и радости!  Поднимите себе настроение с новым ароматом для тела GOLD CRUSH от EMMANUELLE JANE PARIS, сочетающим в себе фруктовые и древесные ноты. Сделайте свой день полным ярких эмоций и энергии… Яблоко с его свежим, фруктовым ароматом - ключевая нота композиции. Аромат яблока напоминает о свежести солнечного дня в зеленом саду.  Цветочная нота придает этой ольфактивной композиции изысканность и элегантность. Подобно букету свежесобранных цветов, эта нежная нота придает аромату изысканность и женственность. Она окутывает яблоко тонкой цветочной аурой, вызывая в памяти образы цветущих полей и садов, залитых солнечным светом. Древесная теплота завершает эту симфонию, придавая ей глубину и характер. Древесные ноты дарят уютное тепло открытого огня в осенний вечер. Бренд французской парфюмерии EMMANUELLE JANE в своем творчестве объединил восточную культуру, средиземноморскую легкость и французский образ жизни. Сочетание популярных и редких нот парфюмерии позволило создать поистине шедевры парфюмерного искусства, которые сегодня пользуются большой популярностью на рынках Европы и Азии. Бренд постоянно сотрудничает с лучшими парфюмерами со всего мира.  Главная цель Emmanuelle Jane – поиск наиболее совершенных парфюмерных композиций, эффектно дополняющих образ и имидж своих потребителей. Ароматы Emmanuelle Jane это приглашение окунуться в мир чувств и эмоций, создать свое настроение и стиль жизни.;Распылите на расстоянии 20 см на открытые участки тела и волосы после ванны или душа. При желании можно наносить мист в течение дня.
19000312410;GIARDINO MAGICO BOUQUET DI GELSOMINO;спреи и мисты для тела;Россия;2750;2750;https://goldapple.ru/19000312410-bouquet-di-gelsomino;13.0;Парфюмированный мист  от GIARDINO MAGICO — экспресс-увлажнение с многогранным звучанием из коллекции бренда.  Присутствие в составе провитаминов ускоряет регенерацию, сохраняет и повышает упругость тканей.  Легким воздушным облаком средство равномерно распыляется на поверхности, окутывая своей нежностью и флером неповторимости.;Распылить спрей на кожу тела и волосы с расстояния 15-20 см.
19000357689;EMMANUELLE JANE FLOWER BOMB;спреи и мисты для тела;Греция;3290;2467;https://goldapple.ru/19000357689-flower-bomb;12.74;Мечтаете окунуться в цветочный рай, наполненный благоуханием множества разнообразных цветов!? Такую возможность вам преподнесёт спрей для тела FLOWER BOMB, который подарит настоящий взрыв радостных чувств и целую палитру разнообразных положительных летних эмоций. Композиция, сочетающая в себе элегантность османтуса, солнечную свежесть цветка апельсина и чувственность мускуса, создает чарующий и изысканный шлейф. Османтус с его нежным цветочно-фруктовым ароматом - ключевая нота композиции. Спрей для тела дарит изящество и утонченность азиатского сада, где экзотические цветы наполняют воздух своим пьянящим ароматом.  Цветок апельсина придает композиции нотку сияющей свежести. Подобно солнечному лучу, ласкающему кожу, эта цветочная нота дарит радостное и солнечное настроение.  Мускус завершает эту симфонию, придавая ей чувственность и глубину. Его завораживающий, бархатистый аромат напоминает тепло страстных объятий в темноте звездной ночи.  Бренд французской парфюмерии EMMANUELLE JANE в своем творчестве объединил восточную культуру, средиземноморскую легкость и французский образ жизни. Сочетание популярных и редких нот парфюмерии позволило создать поистине шедевры парфюмерного искусства, которые сегодня пользуются большой популярностью на рынках Европы и Азии. Бренд постоянно сотрудничает с лучшими парфюмерами со всего мира.  Главная цель Emmanuelle Jane – поиск наиболее совершенных парфюмерных композиций, эффектно дополняющих образ и имидж своих потребителей. Ароматы Emmanuelle Jane это приглашение окунуться в мир чувств и эмоций, создать свое настроение и стиль жизни.;Распылите на расстоянии 20 см на открытые участки тела и волосы после ванны или душа. При желании можно наносить мист в течение дня.
19000360996;BOUQUET GARNI Tropical Peach;спреи и мисты для тела;Республика Корея;1441;1224;https://goldapple.ru/19000360996-tropical-peach;11.76;Продукт прошел клинические тесты на стойкость аромата, который сохраняется до 9 часов. Насладитесь утонченным ароматом, созданным с использованием премиальных ароматизаторов и уникальной технологии, обеспечивающей парфюмерную насыщенность. Легкое увлажнение: После душа позаботьтесь о сухой коже, насыщая ее влагой с помощью натуральных компонентов. Гладкость кожи: Натуральные экстракты фруктов помогают смягчить кожу, делая ее гладкой и нежной, борясь с шелушением. Безопасный состав: Не содержит компонентов, опасных для здоровья, таких как вещества для очистки воздуха. Продукт прошел клинические испытания и признан безопасным для кожи.;После душа слегка промокните кожу, а затем распылите продукт на участки, требующие увлажнения и аромата. Повторное нанесение возможно в любой момент, когда хотите обновить аромат.
99000076067;LOVIX ritual 02;спреи и мисты для тела;Россия;790;419;https://goldapple.ru/99000076067-ritual-02;10.0;"Мист для тела мягко увлажняет кожу, придавая ощущение свежести. Натуральный пигмент оставляет деликатное сияние, подходящее для создания яркого и праздничного образа. Формула продукта обогащена маслом ши, которое делает кожу упругой и эластичной, а экстракты ванили и семян амаранта обеспечивают интенсивное увлажнение и питание. Парфюмированный мист оставляет нежный шлейф с нотами клубничного дайкири, бодрящего лайма и утончённой белой амбры. Не содержит спирта. Аромат: клубничный дайкири, лайм, белая амбра. Настроение аромата: летний вечер, встречи с друзьями, флирт и новые приключения — этот мист с ароматом свежего лайма и акцентом сладкого клубничного дайкири подарит чувство свободы и радости. Феромоны в составе усилят эффект, делая тебя ещё более притягательной. Смело вдохни и отправляйся навстречу незабываемым впечатлениям. Активные компоненты в составе: — Масло ши. Питает даже самую сухую кожу, смягчает и восстанавливает её. — Экстракт ванили. Делает кожу более гладкой и ухоженной. — Экстракт из семян растения амарант. Поддерживает естественный гидробаланс кожи. Свойства продукта: — стойкость на протяжении 3–6 часов; — быстро впитывается; — придаёт телу деликатное сияние за счёт микрочастиц шиммера; — подходит для чувствительной кожи; — продукта хватает на 4–6 месяцев использования.";Используйте мист в завершении ухода за кожей, после увлажнения и перед выходом.   Распылите равномерно на тело с расстояния 25–30 см, избегая попадания в глаза и на повреждённые участки кожи.   Достаточно 2–3 лёгких распылений для создания деликатного аромата.   Применяйте утром и при необходимости в течение дня для обновления аромата.
19000357692;EMMANUELLE JANE LOVE MOMENT;спреи и мисты для тела;Греция;3290;2467;https://goldapple.ru/19000357692-love-moment;9.9;Спрей-мист для тела и волос Love moment — яркий и освежающий эликсир, словно солнечный день, наполнит энергией и радостью, пробуждая самые светлые эмоции. Фруктовый и сочный аромат дарит ощущение тропического отдыха, где сочные экзотические фрукты наполняют воздух яркой и завораживающей свежестью.  Сладкий и сочный манго дарит ощущение тепла и уюта, а освежающий ананас добавляет яркости и игривости, наполняя воздух солнечными лучами. Маракуйя с её тонким кисло-сладким вкусом придаёт аромату неповторимую экзотическую ноту, создавая ощущение легкости и беззаботности. Каждое нанесение — это мгновение счастья, которое окутывает нежным облаком тропической свежести. Коллекция Emmanuelle Jane Parfum Mist Brume — 11 ароматов, где каждый представляет собой уникальное облако эмоций, которое помогает выразить настроение и вдохновить на новые свершения. Мист обладает легкой текстурой и свежим ароматом — идеален для повседневного использования. Такой формат можно использовать не только на коже, но и на волосах, одежде или в помещении. Откройте для себя мир утонченной элегантности с коллекцией ароматов Emmanuelle Jane Parfum Mist Brume. Бренд французской парфюмерии Emmanuelle Jane в своем творчестве объединил восточную культуру, средиземноморскую легкость и французский образ жизни. Сочетание популярных и редких нот парфюмерии позволило создать поистине шедевры парфюмерного искусства, которые сегодня пользуются большой популярностью на рынках Европы и Азии. Бренд постоянно сотрудничает с лучшими парфюмерами со всего мира. Главная цель Emmanuelle Jane — поиск наиболее совершенных парфюмерных композиций, эффектно дополняющих образ и имидж своих потребителей.;Распылите на расстоянии 20 см на открытые участки тела и волосы после ванны или душа. При желании можно наносить мист в течение дня.
19000357691;EMMANUELLE JANE NIGTH KISS;спреи и мисты для тела;Греция;3290;2632;https://goldapple.ru/19000357691-nigth-kiss;9.2;Спрей для тела Night kiss — это эликсир для уверенных в себе людей.  Сочетание нот пачули, цветка апельсина и маракуйи подарит эмоции радости, позитивное настроение и ощущение свежести на весь день. Маракуйя с ее экзотическим, терпким ароматом напоминает о тропиках и ярком солнце далеких островов, окутывая чувства взрывом вкуса и цвета.  Цветок апельсина придает этой ольфактивной композиции нотку свежести, даря яркие эмоции радости. Пачули завершает композицию своей завораживающей, землистой глубиной. Его таинственный аромат придает спрею для тела изысканность, вызывая образы экзотических путешествий и заставляя мечтать. Коллекция Emmanuelle Jane Parfum Mist Brume — 11 ароматов, где каждый представляет собой уникальное облако эмоций, которое помогает выразить настроение и вдохновить на новые свершения. Мист обладает легкой текстурой и свежим ароматом — идеален для повседневного использования. Такой формат можно использовать не только на коже, но и на волосах, одежде или в помещении. Откройте для себя мир утонченной элегантности с коллекцией ароматов Emmanuelle Jane Parfum Mist Brume. Бренд французской парфюмерии Emmanuelle Jane в своем творчестве объединил восточную культуру, средиземноморскую легкость и французский образ жизни. Сочетание популярных и редких нот парфюмерии позволило создать поистине шедевры парфюмерного искусства, которые сегодня пользуются большой популярностью на рынках Европы и Азии. Бренд постоянно сотрудничает с лучшими парфюмерами со всего мира. Главная цель Emmanuelle Jane — поиск наиболее совершенных парфюмерных композиций, эффектно дополняющих образ и имидж своих потребителей.;Распылите на расстоянии 20 см на открытые участки тела и волосы после ванны или душа. При желании можно наносить мист в течение дня.
19000317372;МАСТЕРСКАЯ ОЛЕСИ МУСТАЕВОЙ Она Иная SFW Backstage;спреи и мисты для тела;Россия;702;540;https://goldapple.ru/19000317372-backstage;8.58;Парфюмированный спрей для тела Backstage в коллаборации Она Иная & Sochi Fashion Week. Откройте для себя уникальное слияние ухода и изысканности со спреем для тела Backstage. Это не просто парфюмированный спрей, а  настоящий ритуал красоты, обогащённый активными ингредиентами, которые бережно ухаживают за вашей кожей, придавая ей увлажнение, питание и невесомое сияние без малейшего намёка на липкость. Формула продукта включает в себя гиалуроновую кислоту для глубокого увлажнения, экстракт алоэ вера и лаванды для успокоения и восстановления кожи, а также центеллу азиатскую для улучшения эластичности кожи. Масло ши в составе спрея придаст коже мягкость и здоровое сияния. Аромат спрея будет обволакивать вашу кожу нежнейшим, едва уловимым благородным шлейфом.  В верхних нотах аромата вы ощутите изысканную кислинку груши, а также волшебство нероли, приправленное нотами розового перца. Средние ноты увлекут вас интригующим лакричником, дополненным сладкой жасминовой нотой и аккордом горького миндаля. В основе аромата Backstage вы найдете ваниль, пачули и кедр, которые невероятно красиво завершают всю композицию, придавая ей бархатистость и нежность.  Спрей для тела Backstage станет великолепным акцентом в вашей повседневной рутине.  Время твоей коже сиять!  Богема - это нежная гурманская малина, свеже-пряный бергамот, теплый, суховатый перец с легкой сладостью, дымный ветивер, магнолия с оттенком сливово-ванильной и лимонной сладости, благородный мускус, как аромат чистого тела, лёгкие кожаные ноты амбры и теплый аккорд сандала - нежно-сливочный, с оттенком красного дерева. Аромат кажется очень знакомым, и в то же время ты не можешь припомнить ни одного достоверного аналога. Богема, как платье мечты, сшитое на заказ: подчеркивает изящество, красоту, величественное сияние, нежность и хрупкость его обладательницы. Гиалуроновая кислота, шелк и аминокислоты поддерживают увлажнение и мягкость кожи. Спрей не содержит спирта, не оставляет липкости. Подходит для усиления увлажняющего эффекта других ухаживающих средств.  В сочетании с аминокислотами поддерживает увлажнение и мягкость кожи. Подходит для усиления увлажняющего эффекта других ухаживающих средств. Не содержит спирта, не оставляет липкости. Окутывает кожу и волосы дымкой изящного и утонченного аромата.;Небольшое количество равномерно распылить на кожу тела и/или волосы. На коже распределить массажными движениями. Повторять по мере необходимости.  При возникновении реакции на продукт снизить частоту применения или отменить.
19000159055;JULIETTE HAS A GUN Not a Hair & Body Mist;спреи и мисты для тела;Франция;9750;8287;https://goldapple.ru/19000159055-not-a-hair-body-mist;8.4;Наслаждайтесь чистым чувственным и неповторимым ароматом Not A Perfume в виде дымки для тела и волос на водной основе. Аромат с невероятной силой притяжения. Антиоксидантная формула балансирует pH волос и кожи, восстанавливает блеск волос и поддерживает сияние кожи. Спрей с продолжительным мелкодисперсным распылением для чувственного, приятного ритуала. Мист является идеальным парфюмерным бустером, способным увеличить шлейф любой композиции. Без парабенов и искусственных красителей.;Нанесите спрей на все тело и волосы, избегая лица и глаз.
19000357693;EMMANUELLE JANE LOVELY BODY;спреи и мисты для тела;Греция;3290;2467;https://goldapple.ru/19000357693-lovely-body;7.84;Энергия и драйв – это ключевые компоненты спрея для тела Lovely body. Искусное сочетание цветочных, фруктовых и мускусных нот подарит настоящий взрыв эмоций и позитива! Ноты жасмина, розы и ландыша создают цветочный букет, который наполняет все вокруг изысканной и чарующей атмосферой. Фруктовая нота придает свежесть и бодрость, наполняя композицию сладкими и сочными ароматами спелых фруктов. Ноты клубники, персика и малины смешиваются с цветами, даря яркие эмоции и впечатления. Нота мускуса завершает композицию, придавая ей завораживающую глубину и чувственность, заряжая отличным настроением. Коллекция Emmanuelle Jane Parfum Mist Brume — 11 ароматов, где каждый представляет собой уникальное облако эмоций, которое помогает выразить настроение и вдохновить на новые свершения. Мист обладает легкой текстурой и свежим ароматом — идеален для повседневного использования. Такой формат можно использовать не только на коже, но и на волосах, одежде или в помещении. Откройте для себя мир утонченной элегантности с коллекцией ароматов Emmanuelle Jane Parfum Mist Brume. Бренд французской парфюмерии Emmanuelle Jane в своем творчестве объединил восточную культуру, средиземноморскую легкость и французский образ жизни. Сочетание популярных и редких нот парфюмерии позволило создать поистине шедевры парфюмерного искусства, которые сегодня пользуются большой популярностью на рынках Европы и Азии. Бренд постоянно сотрудничает с лучшими парфюмерами со всего мира. Главная цель Emmanuelle Jane — поиск наиболее совершенных парфюмерных композиций, эффектно дополняющих образ и имидж своих потребителей.;Распылите на расстоянии 20 см на открытые участки тела и волосы после ванны или душа. При желании можно наносить мист в течение дня.
19000422457;LA FABRIQUE Amber and Vanilla;спреи и мисты для тела;Россия;360;252;https://goldapple.ru/19000422457-ambra-vanil;6.72;Погружение в мир чувственности и элегантности с коллекцией парфюмированных спреев от бренда La Fabrique. Терпкие ноты амбры создают теплую пряную базу аромата, а ваниль дополняет тягучей сладостью. Этот дуэт создает уникальный шлейф, сопровождающий в течение всего дня. Спрей идеально подходит для волос и тела.;Перед применением необходимо встряхнуть флакон. Продукт подходит для распыления на разные части тела, волосы и одежду.
19000357695;EMMANUELLE JANE FLEUR SAVAGE;спреи и мисты для тела;Греция;3290;2467;https://goldapple.ru/19000357695-fleur-savage;6.44;Подари себе еще больше солнечных дней со спреем для тела Fleur sauvage.  Почувствуй тепло солнечных лучей, стань еще более неотразимой и сияющей! Цветочные и мускусные ноты аромата создадут постоянное присутствие теплого солнечного лета и безмятежности вокруг… Ноты розы, жасмина и фиалки создают изысканный цветочный букет, который дарит яркие эмоции и пробуждает воображение. Нота мускуса придает композиции насыщенность и глубину, даря образу таинственность и особый шарм. Сандаловое дерево завершает композицию своими древесно-землистыми нотами. Его теплый, завораживающий аромат придает композиции успокаивающее звучание, создавая умиротворяющую атмосферу, которая дарит ощущение того, что все возможно и все достижимо. Коллекция Emmanuelle Jane Parfum Mist Brume — 11 ароматов, где каждый представляет собой уникальное облако эмоций, которое помогает выразить настроение и вдохновить на новые свершения. Мист обладает легкой текстурой и свежим ароматом — идеален для повседневного использования. Такой формат можно использовать не только на коже, но и на волосах, одежде или в помещении. Откройте для себя мир утонченной элегантности с коллекцией ароматов Emmanuelle Jane Parfum Mist Brume. Бренд французской парфюмерии Emmanuelle Jane в своем творчестве объединил восточную культуру, средиземноморскую легкость и французский образ жизни. Сочетание популярных и редких нот парфюмерии позволило создать поистине шедевры парфюмерного искусства, которые сегодня пользуются большой популярностью на рынках Европы и Азии. Бренд постоянно сотрудничает с лучшими парфюмерами со всего мира. Главная цель Emmanuelle Jane — поиск наиболее совершенных парфюмерных композиций, эффектно дополняющих образ и имидж своих потребителей.;Распылите на расстоянии 20 см на открытые участки тела и волосы после ванны или душа. При желании можно наносить мист в течение дня.
19000420559;DZIYNA Berry Boost;спреи и мисты для тела;Беларусь;200;180;https://goldapple.ru/19000420559-berry-boost;6.24;"Спрей-мист DZIYNA Berry Boost деликатно взаимодействует с кожей, придавая ей ощущение легкости и комфорта. Быстро впитывается и не оставляет липкой пленки на теле. Преимущества парфюмированного спрея-миста для тела DZIYNA Berry Boost:  Глубоко увлажняет и освежает кожу, препятствуя ее «стягиванию»; Оказывает антисептическое и успокаивающее действие; Предотвращает шелушение кожи; Не содержит спирта; Надолго оставляет нежный аромат малины.";Распылить необходимое количество средства на чистую сухую кожу с расстояния 25-30 см.
19000391269;NISHLADY Beach Kiss;спреи и мисты для тела;Турция;987;769;https://goldapple.ru/19000391269-beach-kiss;5.64;Парфюмированный спрей-мист для тела не только освежает и тонизирует кожу, но и окутывает ее неповторимым ароматом, придавая ей женственность и чувственность. Кроме того, спрей для тела увлажняющий имеет легкую и прозрачную консистенцию, быстро впитывается и не оставляет липкой пленки на коже.  Удобный дозатор-распылитель и мелкодисперсное нанесение обеспечивают легкость в использовании. Еще спрей имеет защитный колпачок, что делает его удобным для путешествий и перевозки.  Спрей рекомендуется использовать для ароматизации и увлажнения кожи тела и волос. Просто распылите спрей на кожу тела с расстояния 15-20 см, и вы почувствуете ощущение свежести и роскоши. В большой линейке парфюмированных спреев для тела NISHLADY каждая женщина найдет для себя любимый аромат.;Распылите спрей с расстояния 15-20 см. после душа или в любое другое время на голое тело в желаемом количестве.
99000002915;АЛЬТЕРИЯ №1 альтер эго;спреи и мисты для тела;;1300;1196;https://goldapple.ru/99000002915-no1-al-ter-ego;5.64;Питательная ароматическая дымка — это… Характерный и соблазнительный ароматический мист для тела. Обволакивающая невесомая дымка для волос и тела. Увлажняющий лосьон-мист для питания даже самых деликатных и капризных мест территории Вашей женственности. Питательная сыворотка для ухода за кожей тела — от кончиков пальцев ног до шеи. Освежающий и восстанавливающий мист для кожного покрова. Величественная ароматическая пирамида: Вершина: инжир, красный апельсин. Сердцевина: лист инжира, водная лилия. База: сандал, кедр, белый мускус. Активные ингредиенты: экстракт алоэ вера, гиалуроновая кислота, пантенол (провитамин В5), бетаин (увлажнитель), провитамин В3 (ниацинамид), аминокислоты серин и аланин, пролин, лизин, треонин, глутаминовая кислота. В составе: Экстракт алоэ вера — лечебное растение, в котором содержится более 300 полезных веществ и витаминов. Гиалуроновая кислота, которая притягивает и накапливает влагу на поверхности кожи, создаёт лёгкую защитную плёнку, предотвращает обезвоживание и разглаживает морщины. Провитамин В5 (пантенол) — обладает ранозаживляющими и метаболическими свойствами, участвует в процессах биосинтеза и регенерации эпителиальной и соединительной ткани. Провитамин В3 (ниацинамид) — способствует поддержанию баланса церамидов (липидов, формирующих верхний слой кожи) и жирных кислот, помогает восстанавливать гидролипидную покров кожи, локализует воспаления и снимает раздражение.  Предупреждает возрастные признаки: морщины, пигментацию, снижение тургора (упругости и эластичности) и тонуса кожи. Бетаин (увлажнитель) — удерживает в клетках кожи молекулы воды, не дает им просачиваться сквозь клеточные мембраны. Смягчает кожу, успокаивает, ускоряет восстановление тканей. Аминокислоты серин и аланин, пролин, лизин, треонин — вместе они несут защитную функцию, увлажняют, улучшают структуру кожи, поддерживают баланс влажности кожи, не допуская обезвоживания. Глутаминовая кислота — незаменимая аминокислота повышает эластичность и упругость кожи, улучшает ее иммунитет, а также стимулирует выработку собственного коллагена.;Распыляйте ежедневно на очищенную кожу и волосы после душа. Применять дымку-мист можно по мере необходимости для поддержания яркости ароматического шлейфа, а также после уходовых ритуалов перед сном для погружения в легкое облако аромата.  Возможно использовать для ароматизации нижнего белья и постельных комплектов. Не наносите на лицо. Не храните вблизи источника тепла.  Меры предосторожности: возможна индивидуальная непереносимость ингредиентов, входящих в состав.
19000357696;EMMANUELLE JANE COMME L’AIR;спреи и мисты для тела;Греция;3290;2303;https://goldapple.ru/19000357696-comme-l-air;5.16;Спрей для тела Comme l'air — это захватывающий и теплый аромат, сочетающий свежесть фруктов, нежность цветов и таинственную глубину янтаря. Композиция приглашает окунуться в мир ярких и незабываемых впечатлений и эмоций.  Фруктовые ноты напоминают о свежести и жизненной силе спелых фруктов, привнося в композицию нотку легкости и элегантности.  Оттенки цветов розы, жасмина и ландыша придают композиции особый шарм, подчеркивая твой особый стиль. Янтарная нота дополняет эту симфонию ароматов своей теплотой и придает ощущение комфорта и чувство уверенности в себе. Коллекция Emmanuelle Jane Parfum Mist Brume — 11 ароматов, где каждый представляет собой уникальное облако эмоций, которое помогает выразить настроение и вдохновить на новые свершения. Мист обладает легкой текстурой и свежим ароматом — идеален для повседневного использования. Такой формат можно использовать не только на коже, но и на волосах, одежде или в помещении. Откройте для себя мир утонченной элегантности с коллекцией ароматов Emmanuelle Jane Parfum Mist Brume. Бренд французской парфюмерии Emmanuelle Jane в своем творчестве объединил восточную культуру, средиземноморскую легкость и французский образ жизни. Сочетание популярных и редких нот парфюмерии позволило создать поистине шедевры парфюмерного искусства, которые сегодня пользуются большой популярностью на рынках Европы и Азии. Бренд постоянно сотрудничает с лучшими парфюмерами со всего мира. Главная цель Emmanuelle Jane — поиск наиболее совершенных парфюмерных композиций, эффектно дополняющих образ и имидж своих потребителей.;Распылите на расстоянии 20 см на открытые участки тела и волосы после ванны или душа. При желании можно наносить мист в течение дня.
19000391272;NISHLADY L'amour Rose;спреи и мисты для тела;Турция;987;789;https://goldapple.ru/19000391272-l-amour-rose;4.6;Парфюмированный спрей-мист для тела не только освежает и тонизирует кожу, но и окутывает ее неповторимым ароматом, придавая ей женственность и чувственность. Кроме того, спрей для тела увлажняющий имеет легкую и прозрачную консистенцию, быстро впитывается и не оставляет липкой пленки на коже.  Удобный дозатор-распылитель и мелкодисперсное нанесение обеспечивают легкость в использовании. Еще спрей имеет защитный колпачок, что делает его удобным для путешествий и перевозки.  Спрей рекомендуется использовать для ароматизации и увлажнения кожи тела и волос. Просто распылите спрей на кожу тела с расстояния 15-20 см, и вы почувствуете ощущение свежести и роскоши. В большой линейке парфюмированных спреев для тела NISHLADY каждая женщина найдет для себя любимый аромат.;Распылите спрей с расстояния 15-20 см. после душа или в любое другое время на голое тело в желаемом количестве.
19000464151;YVES ROCHER Зимние ягоды;спреи и мисты для тела;Франция;1169;1052;https://goldapple.ru/19000464151-zimnie-agody;4.0;Легкий парфюмированный спрей с теплым ванильным ароматом зимних ягод и цветочными нотами окутывает тело и волосы невесомой вуалью, оставляя деликатный шлейф.  Новинка из лимитированной коллекции, которую нельзя пропустить!  96% ингредиентов натурального происхождения.;"Распыляйте на тело и волосы; не наносите на раздраженную кожу и на зону подмышечных впадин, избегайте попадания в глаза."
19000420571;DZIYNA Cherry Lady;спреи и мисты для тела;Беларусь;401;360;https://goldapple.ru/19000420571-cherry-lady;3.84;Парфюмированный спрей-мист для тела DZIYNA Cherry Lady с ароматом вишни предназначен для увлажнения и тонизирования кожи тела. Спрей-мист DZIYNA Cherry Lady обладает богатым парфюмированным ароматом с доминирующими нотками вишни. Моментально увлажняет кожу, не оставляя липкости. Преимущества спрея-миста для тела: • Глицерин, входящий в состав миста, действует как мощный увлажнитель, придавая коже мягкость и комфорт. Избавляет от сухости, обезвоженности, шелушения. Благодаря своим антисептическим и успокаивающим свойствам, снимает дискомфорт и раздражение. • D-пантенол в составе улучшает клеточную регенерацию кожи, помогает разгладить морщины, улучшает качество и тонус кожи. • Растительный экстракт алоэ увлажняет и защищает кожу от негативного воздействия солнечных лучей, снимает воспаление. • Экстракт клюквы действует как отличный антисептик. • Экстракт лаванды регулирует выработку кожного жира, сужает поры, очищает кожу от загрязнений и токсинов. • Экстракт корня солодки снимает отечность, укрепляет кожный каркас, оказывает лифтинг-эффект.;Распылить необходимое количество средства на чистую сухую кожу с расстояния 25-30 см.
19000420570;DZIYNA Black Pepper;спреи и мисты для тела;Беларусь;401;360;https://goldapple.ru/19000420570-black-pepper;3.0;Парфюмированный спрей-мист для тела DZIYNA Black Pepper с ароматом черного перца предназначен для увлажнения и тонизирования кожи тела. Спрей-мист DZIYNA Black Pepper обладает богатым парфюмированным ароматом с доминирующими нотками черного перца. Моментально увлажняет кожу, не оставляя липкости. Преимущества спрея-миста для тела: • Глицерин, входящий в состав миста, действует как мощный увлажнитель, придавая коже мягкость и комфорт. Избавляет от сухости, обезвоженности, шелушения. Благодаря своим антисептическим и успокаивающим свойствам, снимает дискомфорт и раздражение. • D-пантенол в составе улучшает клеточную регенерацию кожи, помогает разгладить морщины, улучшает качество и тонус кожи. • Растительный экстракт алоэ увлажняет и защищает кожу от негативного воздействия солнечных лучей, снимает воспаление. • Экстракт клюквы действует как отличный антисептик. • Экстракт лаванды регулирует выработку кожного жира, сужает поры, очищает кожу от загрязнений и токсинов. • Экстракт корня солодки снимает отечность, укрепляет кожный каркас, оказывает лифтинг-эффект.;Распылить необходимое количество средства на чистую сухую кожу с расстояния 25-30 см.
19000301397;AROMAGEN CRACKLING FIRE;спреи и мисты для тела;Россия;890;890;https://goldapple.ru/19000301397-crackling-fire;2.4;Мягкий, переливчатый, густой аромат, имеет свою особенную магию и притягательность. В нем красиво смешаны листья табака, сухофрукты, настоявшиеся в черном роме и деликатная ваниль. На коже тепло и красиво раскрываются специи: гвоздика, корица, перец и щепотка кардамона.  И в самой глубине аромата можно уловить томную сладость темного шоколада и бобов тонка. Парфюмированный увлажняющий спрей поднимает настроение и ухаживает за кожей, придавая ей свежесть, насыщая влагой и витаминами. Окутывает вас легкой ароматной дымкой и остается с вами долгое время. Легкий шиммер придает деликатное сияние коже. Великолепно подходит для тела и волос в моменты, когда нужно освежиться, взбодриться и улучить настроение.  Идеален для жарких летних дней, когда хочется свежести и аромата, без лишней липкости и тяжести.  Верхние ноты: ароматные пряности и табачные листья. Средние ноты: бобы тонка, ваниль и шоколадная крошка. Базовые ноты: древесные аккорды и ноты сухофруктов (сушеная слива, дубовая бочка и ром).;Распылите непосредственно на кожу или волосы с расстояния 10-15 см, предварительно встряхнув флакон. Для более длительно сохранения аромата, нанесите средство на влажные волосы.
99000108522;FAKE №1 COSMETICS FREESIA MUSE;спреи и мисты для тела;Россия;1500;1350;https://goldapple.ru/99000108522-freesia-muse;2.0;Погрузитесь в мир чувственного аромата с парфюмированным мистом для тела и волос Freesia Muse. Воздушный мист обволакивает вас нежным шлейфом, даря ощущение свежести на протяжении всего дня. Лёгкая текстура быстро впитывается, не оставляя ощущения липкости. Используйте мист как несмываемое средство для придания коже и волосам лёгкого аромата и ощущения свежести. Он идеально подходит для ежедневного использования и станет вашим верным спутником в уходе за собой. Он может стать идеальной заменой парфюма, а также использоваться как аромат для дома. Однако не рекомендуем наносить средство на одежду, чтобы избежать возможных пятен. Этот спрей станет отличным дополнением к вашему ежедневному уходу. Формула миста обладает освежающим и тонизирующим эффектом, позволяя вам чувствовать себя комфортно в течение всего дня. Аромат — женский, лёгкий и приятный. Сначала он раскрывается сочными нотами красного яблока и кислой смородины, придавая свежесть и яркость. Затем появляются нежные цветочные аккорды жасмина и фрезии, смягчая композицию и добавляя женственности. Завершает аромат тёплый, сладковатый шлейф, в котором звучат мускус, светлое дерево и немного ванили.  Этот аромат сочетает в себе свежесть, цветочную нежность и лёгкую сладость, создавая ощущение уюта и женственности.;Распылить на расстоянии 15-20 сантиметров от кожи.  Только для наружного применения.
19000421320;BOUQUET GARNI Wedding Bride;спреи и мисты для тела;Республика Корея;1441;1224;https://goldapple.ru/19000421320-wedding-bride;2.0;Спрей для тела BOUQUET GARNI Body Mist Wedding Bride - Мягкий и чистый аромат свадебного букета, наполненный белоснежной элегантностью. Спрей для тела содержит натуральные фруктовые ингредиенты, которые помогают вашей коже оставаться гладкой и увлажненной после душа. Спрей для тела можно использовать в качестве замены духов, благодаря нашим стойким, насыщенным ароматам, созданным на основе нашего собственного уникального инженерного метода декантации. Не содержит дезинфицирующих компонентов и не раздражает кожу. Для всех типов кожи.;Нанести на влажную кожу, помассировать круговыми движениями и смыть водой.
19000434815;FRESH LINE White Jasmine;спреи и мисты для тела;Греция;1762;1356;https://goldapple.ru/19000434815-white-jasmine;2.0;Погрузитесь в атмосферу нежности и свежести с White Jasmine Body Water! Ароматная вода дарит коже ощущение бодрости и жизненную энергию на весь день. Сладкие, пьянящие ноты цветущего жасмина переплетаются с мягкими сливочно-белыми аккордами, создавая неповторимый цветочный букет.  Легкий, но стойкий аромат обволакивает кожу, оставляя на ней тонкий, чувственный шлейф. Подчеркнет вашу естественную красоту и подарит ощущение свежести в любое время дня.  Идеальный спутник для тех, кто ценит изысканность и гармонию в каждой детали. Активные компоненты: • Эфирное масло жасмина – придает неповторимый, чувственный цветочный аромат, который окутывает вас с первых секунд.;Нанести на очищенную, сухую кожу тела. Избегать попадания в глаза. При попадании промыть водой. Не использовать в целях, отличающихся от прямого назначения продукта. Беречь от детей.
19000447221;ESSENTIAL PARFUMS PARIS THE MUSC by Calice Becker;спреи и мисты для тела;Франция;5133;4619;https://goldapple.ru/19000447221-the-musc-by-calice-becker;1.98;Парфюмированный мист ESSENTIAL PARFUMS PARIS освежает и питает кожу тела и волосы, оставляя легкий и нежный аромат. Он окутывает нотами чарующего мускуса и свежей французской лаванды в сочетании с имбирем, сандалом и легкой сладостью пчелиного воска. Не содержит спирта.;Перед использованием встряхнуть. Распылить мист на кожу и волосы на расстоянии 20 см, избегая попадания в глаза.
19000312238;AROMAGEN Blackberry nights;спреи и мисты для тела;Россия;890;890;https://goldapple.ru/19000312238-blackberry-nights;1.6;Парфюмированный увлажняющий спрей поднимает настроение и ухаживает за кожей, придавая ей свежесть, насыщая влагой и витаминами. Окутывает вас легкой ароматной дымкой и остается с вами долгое время. Легкий шиммер придает деликатное сияние коже. Великолепно подходит для тела и волос в моменты, когда нужно освежиться, взбодриться и улучить настроение.  Идеален для жарких летних дней, когда хочется свежести и аромата, без лишней липкости и тяжести. Аромат Blackberry nights тонкий, звонкий и воздушный. Это сад летом, утопающий в цветах и зелени. Это чай из свежих смородиновых листочков. Это воздух, наполненный ароматом летних трав, солнце и беззаботность. В первых нотах искристо-пронзительный, кисло-сладкий аромат ежевики, грейпфрута и зелени.  Дальше проступает кедровый спил, немного цветов и свежесть лавра. Очень яркий, свежий и натуральный аромат. Сложный и элегантный. В жару освежает и дарит глоток прохлады. В холодное время навевает мечты и воспоминания о лете.  >Верхние ноты: сладкая  ежевика, белые цветы, грейпфрут.  Средние ноты: лист, черной смородины, лавр.  Базовые ноты: белый кедр и ветивер.;Распылите непосредственно на кожу или волосы с расстояния 10-15 см, предварительно встряхнув флакон. Для более длительно сохранения аромата, нанесите средство на влажные волосы.
19000301398;AROMAGEN MAGIC IN THE AIR;спреи и мисты для тела;Россия;890;890;https://goldapple.ru/19000301398-magic-in-the-air;1.6;Парфюмированный увлажняющий спрей поднимает настроение и ухаживает за кожей, придавая ей свежесть, насыщая влагой и витаминами. Аромат окутывает вас легкой ароматной дымкой и остается с вами долгое время. Великолепно подходит для тела и волос в моменты, когда нужно освежиться, взбодриться и улучить настроение.  Идеален для жарких летних дней, когда хочется свежести и аромата, без лишней липкости и тяжести.  Цветочно-фруктовый аромат с элегантным и утонченным звучанием. Аромат свежей утренней росы, красивый и изящный, очаровывающий своими фруктовыми нотами. Букет композиции располагается вокруг насыщенного звучания сливы и груши, которые дополняются легким цветочным дуновением фрезии, мягким звучанием летних ягод и пикантной нотой мускуса. Ноты этого аромата создают расслабляющую ауру гармонии. Верхние ноты: слива, груша, лесные ягоды. Средние ноты: ландыш, белая фрезия. Базовые ноты: древесные ноты и мускус;Распылите непосредственно на кожу или волосы с расстояния 10-15 см, предварительно встряхнув флакон. Для более длительно сохранения аромата, нанесите средство на влажные волосы.
19000423548;MUI THOM Мерцающий XXXVI;спреи и мисты для тела;Россия;928;649;https://goldapple.ru/19000423548-mercausij-xxxvi;1.6;Верхние ноты бергамота, лимона и зеленых акцентов открывают композицию, создавая свежий и бодрящий старт. Эти яркие и энергичные оттенки мгновенно поднимают настроение и заряжают позитивом на весь день.  Затем вступают средние ноты — тюльпан, цикламен, фрезия и мимоза. Их нежные и романтичные ароматы окутывают вас, как весеннее цветочное поле, наполняя сердце радостью и легкостью.  Финальную гармонию вносят базовые ноты белого мускуса и древесных акцентов. Они придают мисту глубину и стойкость, оставляя на коже мягкий и теплый шлейф, который будет сопровождать вас на протяжении всего дня.  Бетаин, входящий в состав миста, глубоко увлажняет и питает кожу, делая ее гладкой и бархатистой. Экстракты жасмина и магнолии усиливают этот эффект, добавляя коже естественное сияние и деликатный аромат.;Перед применением встряхните флакон. Нанесите мист на открытые участки тела – шею, декольте, руки. Это придаст вашему образу завершенность и создаст ауру загадочности благодаря легкому аромату и мягкому свечению. Не требует смывания.
19000444717;SAVONRY La fleur;спреи и мисты для тела;Россия;480;432;https://goldapple.ru/19000444717-la-fleur;1.0;Композиция напоминает букет только что сорванных цветов: сочная зелень в начале, затем волна розово-пионовой нежности, и наконец – мягкое мускусное завершение. Нежно-цветочный, пудрово-романтичный. Верх: Личи, флердоранж – фруктово-цветочная свежесть. Сердце: Пион, роза, фиалка – акварельный букет. База: Белый мускус, ваниль – шелковистое послевкусие. Наши парфюмированные спреи для тела не только дарят восхитительные ароматы, но и бережно ухаживают за кожей: Глицерил глюкозид и бетаин – глубоко увлажняют, предотвращая сухость. Пантенол – успокаивает, снимает раздражение и восстанавливает кожу. Легкая текстура мгновенно впитывается, не оставляя липкости, а стойкий парфюмерный шлейф будет сопровождать вас в течение дня. Идеально для освежения в жару, борьбы с сухостью зимой или просто для ежедневного наслаждения любимым ароматом.;Распылить необходимое количество средства на чистую сухую кожу. Избегать попадания в глаза, на слизистые оболочки и поврежденные участки кожи. Использовать по мере необходимости.
99000077489;АЛЬТЕРИЯ №3 Симулякр;спреи и мисты для тела;;1300;1196;https://goldapple.ru/99000077489-no3-simulakr;1.0;Ароматическая дымка для тела и волос - мультифункциональное уходовое средство. Чистая веганская формула и натуральные ингредиенты, волшебный ароматический комплекс увлажняет, питает и смягчает самую сухую и восприимчивую к внешним раздражениям кожу тела. Оздоравливает кожный покров после резких температурных перепадов, интенсивного загара или посещения солярия. Экстракт алоэ вера успокаивает кожу, погружает в состояние приятного томного расслабления. Пантенол направленно увлажняет самые требовательные в питании зоны. Аминокислоты серин и аланин, пролин, лизин, треонин – вместе они несут защитную функцию, увлажняют, улучшают структуру кожи, поддерживают баланс влажности кожи, не допуская обезвоживания. Лактановая кислота, глутаминовая кислота - эти незаменимые аминокислоты повышают эластичность и упругость кожи, улучшают ее иммунитет, а также стимулируют выработку собственного коллагена. Провокационная ароматическая пирамида: Вершина: имбирь, черный перец. Сердце: лист табака, тиковое дерево. База: сандал, амбра, черный мускус. Фундаментальная по компонентам база и тонкий, слегка капризный, в меру кокетливый флёр аромата— в вершине. Ощущайте, волнуйте, ведите и управляйте.;Распыляйте ежедневно на очищенную кожу и волосы после душа. Применять дымку-мист можно по мере необходимости для поддержания яркости ароматического шлейфа, а также после уходовых ритуалов перед сном для погружения в легкое облако аромата. Возможно использовать для ароматизации нижнего белья и постельных комплектов. Не наносите на лицо. Не храните вблизи источника тепла. Меры предосторожности: возможна индивидуальная непереносимость ингредиентов, входящих в состав.
19000444714;SAVONRY Tobacco and vanilla;спреи и мисты для тела;Россия;480;432;https://goldapple.ru/19000444714-tobacco-and-vanilla;1.0;Аромат начинается с пряно-цитрусового всплеска, который постепенно раскрывается в сердце благородным табаком. Финальные аккорды ванили и древесных нот создают образ каминного тепла и уюта. Глубокий, чувственный, с теплыми обертонами. Верхние ноты: Бергамот, кардамон – свежая пряная искра. Сердце: Табачный лист, мед – бархатистая дымчатость с медовой сладостью. База: Ваниль, кедр, тонкинский мускус – мягкое обволакивающее послевкусие. Наши парфюмированные спреи для тела не только дарят восхитительные ароматы, но и бережно ухаживают за кожей: Глицерил глюкозид и бетаин – глубоко увлажняют, предотвращая сухость. Пантенол – успокаивает, снимает раздражение и восстанавливает кожу. Легкая текстура мгновенно впитывается, не оставляя липкости, а стойкий парфюмерный шлейф будет сопровождать вас в течение дня. Идеально для освежения в жару, борьбы с сухостью зимой или просто для ежедневного наслаждения любимым ароматом.;Распылить необходимое количество средства на чистую сухую кожу. Избегать попадания в глаза, на слизистые оболочки и поврежденные участки кожи. Использовать по мере необходимости.
19000421319;BOUQUET GARNI Grassy Flower;спреи и мисты для тела;Республика Корея;1441;1224;https://goldapple.ru/19000421319-grassy-flower;0.8;Спрей для тела BOUQUET GARNI Body Mist Grassy Flower – Натуральный и свежий цветочный аромат, словно вы оказались в цветочном магазине. Спрей для тела содержит натуральные фруктовые ингредиенты, которые помогают вашей коже оставаться гладкой и увлажненной после душа. Спрей для тела можно использовать в качестве замены духов, благодаря нашим стойким, насыщенным ароматам, созданным на основе нашего собственного уникального инженерного метода декантации. Не содержит дезинфицирующих компонентов и не раздражает кожу. Для всех типов кожи.;Нанести на влажную кожу, помассировать круговыми движениями и смыть водой.
19000434856;FRESH LINE Raspberry Cheesecake;спреи и мисты для тела;Греция;1762;1039;https://goldapple.ru/19000434856-raspberry-cheesecake;0.8;Освежающая ароматная вода для тела, обогащенная экстрактом малины, подарит вам свежесть на весь день. Аромат открывается фруктовыми нотами малины и ароматного яблока. В нотах сердца вас ждет сочетание хрустящей карамели с теплыми нотами ванили и меда. Вкусный чизкейк для настоящих гурманов!;Нанести на очищенную, сухую кожу тела. Избегать попадания в глаза. При попадании промыть водой. Не использовать в целях, отличающихся от прямого назначения продукта. Беречь от детей.
99000117155;UNEEDME COSMETICS night discover;спреи и мисты для тела;Россия;2100;945;https://goldapple.ru/99000117155-night-discover;0.6;Парфюмированный мист для волос и тела Night Discover — это лёгкое облако аромата, которое окутывает кожу и волосы, оставляя тонкий шлейф. Освежает, увлажняет и придаёт ощущение мягкости, создавая невидимую ароматную вуаль, сопровождающую вас в течение дня. Night Discover — это напоминание самому себе о времени и месте. Мимолетный момент, который останется в вашей памяти навсегда. По мере использования в воздухе витает аромат пряных фруктов и нежных роз, в вашем сознании открывается картина идеальной тёплой летней ночи. Каждая деталь глубоко запечатлена в вашем сердце. Это история, которую вы создаете сами. Сердце аромата наполняют интенсивные цветочные и цитрусовые ноты флёрдоранжа и мандарина. Завершается композиция чистым и терпким шлейфом базовых нот амбры и мускуса.  Увлажняющая формула без спирта окутывает кожу и волосы лёгким облаком свежести, придавая естественное сияние, не оставляя ощущения липкости. предостережения Возможна индивидуальная непереносимость отдельных компонентов.  Перед применением рекомендуется провести тест на чувствительность кожи. При возникновении аллергических реакций прекратить использование спрея.;Встряхните перед использованием. Распылите парфюмированный мист на кожу и волосы с расстояния 15-20 см. Используйте в течение дня по мере необходимости для обновления аромата и увлажнения кожи.
19000434843;FRESH LINE Cassandra;спреи и мисты для тела;Греция;2752;1623;https://goldapple.ru/19000434843-cassandra;0.4;Чувственная дымка для тела со сладким теплым ароматом сочетающим бальзамический тон меда, ноты сандалового дерева и пачули в сердце с нижними древесными нотами окутает вас волшебством и загадкой.  Может применяться в качестве легких духов и дезодоранта, создает шлейф теплого незабываемого аромата. Обогащена ценными эфирными маслами розы, сандалового дерева, персика и ромашки с антивозрастным и антиоксидантным действием.;Нанести на очищенную, сухую кожу тела. Избегать попадания в глаза. При попадании промыть водой. Не использовать в целях, отличающихся от прямого назначения продукта. Беречь от детей.
19000389837;BAIKAL COSMETICS Пряный чай;спреи и мисты для тела;Россия;3500;2800;https://goldapple.ru/19000389837-pranyj-caj;0.4;Согревающий аромат «Пряный чай» наполнен невероятным магнетизмом и несет в себе энергетику уютных зимних вечеров у теплого камина в кругу семьи. Он открывается нотами пряной корицы и свежих цитрусовых, которые мгновенно взбудоражат ваши чувства.  В сердце композиции – ноты пикантного имбиря и насыщенной терпкой пихты, которые создают теплую и чувственную основу аромата.  Любителям многогранных, пряных, теплых и немного загадочных ароматов «Пряный чай» доставит ни с чем не сравнимое удовольствие.  Селективные ароматы Baikal Cosmetics создаются для людей, высоко ценящих индивидуальность, которые отдают особенное предпочтение уникальности, естественности и качеству составляющих в парфюмерии.;Подходит для тела, ароматизации подушки, постельного белья, одежды и помещения.
99000117154;UNEEDME COSMETICS mind reader;спреи и мисты для тела;Россия;2100;945;https://goldapple.ru/99000117154-mind-reader;;Парфюмированный мист для волос и тела Mind Reader — это лёгкое облако аромата, которое окутывает кожу и волосы, оставляя тонкий шлейф. Освежает, увлажняет и придаёт ощущение мягкости, создавая невидимую ароматную вуаль, сопровождающую вас в течение дня. Mind Reader — это игривый и солнечный аромат, который раскрывается пикантными нотами табака, розового перца и свежестью Калабрийского бергамота. Одновременно лёгкий и многогранный. В сердце аромата согревающий восточно-древесный аккорд, пробуждающий чувственность. Он сам подстраивается под ваше настроение и раскрывается для каждого по-разному. Верхние ноты бергамота уступают место мексиканской ванили, пачули и корице, объединённых в сердце парфюмерной композиции. Древесные аккорды и дымные листья табака делают аромат более многогранным и смелым. Mind Reader идеально подойдет гедонистам, любителям свободы и тем, кто не боится заглянуть внутрь себя. Увлажняющая формула без спирта окутывает кожу и волосы лёгким облаком свежести, придавая естественное сияние, не оставляя ощущения липкости. предостережения Возможна индивидуальная непереносимость отдельных компонентов.  Перед применением рекомендуется провести тест на чувствительность кожи. При возникновении аллергических реакций прекратить использование спрея.;Встряхните перед использованием. Распылите парфюмированный мист на кожу и волосы с расстояния 15-20 см. Используйте в течение дня по мере необходимости для обновления аромата и увлажнения кожи.
99000076068;LOVIX ritual 03;спреи и мисты для тела;Россия;790;419;https://goldapple.ru/99000076068-ritual-03;;"Мист для тела нежно увлажняет и освежает кожу, оставляя ощущение лёгкости и свежести. Формула спрея обогащена гидролатами розы и иссопа, которые заботятся о состоянии кожи, повышая её эластичность и придавая естественное сияние. Экстракт цветков лотоса глубоко увлажняет, тонизирует и делает кожу упругой. Парфюмированный мист обеспечивает деликатный шлейф апельсинового дерева и цветочно-мускусных нот. Не содержит спирта. Аромат: апельсиновое дерево, пион, мускус. Настроение аромата: вдохни этот аромат и почувствуй себя настоящей, полной нежности и чистоты. На твоей коже раскроются тонкие ноты грейпфрута и жасмина. Этот мист — ключ к искренности, простоте и естественности. Дыши полной грудью, наслаждайся каждым мгновением и позволь себе быть очаровательной и невинной, как в первый раз. Активные компоненты в составе: — Гидролат розы. Мягко увлажняет и освежает кожу, придавая ей тонус и сияние. — Экстракт цветков лотоса. Богат витаминами, улучшает цвет лица и придаёт коже свежий, отдохнувший вид. — Гидролат иссопа. Обладает мягким антисептическим эффектом, снимает покраснения и раздражения. Свойства продукта: — стойкость на протяжении 3–6 часов; — быстро впитывается; — не оставляет следов на одежде; — подходит для чувствительной кожи; — продукта хватает на 4–6 месяцев использования.";Используйте мист в завершении ухода за кожей, после увлажнения и перед выходом.   Распылите равномерно на тело с расстояния 25–30 см, избегая попадания в глаза и на повреждённые участки кожи.   Достаточно 2–3 лёгких распылений для создания деликатного аромата.   Применяйте утром и при необходимости в течение дня для обновления аромата.
19000455607;RP PARIS Sucre Noir;спреи и мисты для тела;Франция;2900;2320;https://goldapple.ru/19000455607-sucre-noir;;Соблазн в каждом вдохе. Сладкий. Пряный. Незабываемый. Sucre Noir — это аромат-контраст, в котором глубина специй сочетается с тёплой сладостью, создавая чарующее, почти гастрономическое облако на коже.  Композиция открывается нотами розового перца, искрящегося и пряного, с лёгким намёком на интригу.  В сердце — цветок ванили и жареный сахар, словно карамель, растаявшая на солнце. Они придают аромату бархатистость и томность.  В шлейфе раскрывается амбра и пачули, добавляя благородную глубину, которая держится на коже, как шёлк.  Sucre Noir — это аромат для тех, кто любит чувственность без лишнего шума. Он не просто украшает, он оставляет след — тёплый, пряный, манящий.;Держите флакон на расстоянии 20-30 сантиметров от кожи и равномерно распылите средство по телу, особенно на шею, зону декольте и руки.
99000117157;UNEEDME COSMETICS morning intro;спреи и мисты для тела;Россия;2100;945;https://goldapple.ru/99000117157-morning-intro;;Парфюмированный мист для волос и тела Morning Intro — это лёгкое облако аромата, которое окутывает кожу и волосы, оставляя тонкий шлейф. Освежает, увлажняет и придаёт ощущение мягкости, создавая невидимую ароматную вуаль, сопровождающую вас в течение дня. Morning Intro — это таинственный момент. Раннее летнее утро, охотно раскрывающее свои объятия вам навстречу, и уже через мгновение вы целиком и полностью в его власти! Аромат пробуждает размышления, мечты и дарит умиротворение. Тот самый момент, когда мы осознаем свой истинный путь и предназначение. Сердце парфюмерной композиции представляет собой гармоничный букет из ментола, амбры и пиона, согревающий восточно-древесный аккорд, пробуждающий чувственность. Ирис и ваниль придают композиции нежный пудровый оттенок. Morning Intro — это символ пробуждения, напоминание о том, что красота и вдохновение находятся в каждом мгновении нашей жизни, если только мы научимся их замечать. Увлажняющая формула без спирта окутывает кожу и волосы лёгким облаком свежести, придавая естественное сияние, не оставляя ощущения липкости. предостережения Возможна индивидуальная непереносимость отдельных компонентов.  Перед применением рекомендуется провести тест на чувствительность кожи. При возникновении аллергических реакций прекратить использование спрея.;Встряхните перед использованием. Распылите парфюмированный мист на кожу и волосы с расстояния 15-20 см. Используйте в течение дня по мере необходимости для обновления аромата и увлажнения кожи.
19000245450;YVES ROCHER Бурбонская ваниль;спреи и мисты для тела;Франция;1163;1046;https://goldapple.ru/19000245450-burbonskaa-vanil;;Прикоснитесь к самой природе с этим парфюмированным спреем для тела и волос. Аромат: мы в Ив Роше выбрали Бурбонскую Ваниль. Растение, принадлежащее к семейству орхидных, или орхидей, выращивают традиционным способом на острове Реюньон. Чувственные ноты Ванили ласкают кожу, словно обволакивая ее шелковой вуалью. Вначале звучит яркий, сияющий аккорд, а затем аромат плавно раскрывает свою неповторимую индивидуальность. Его преимущества: парфюмированный спрей для тела и волос содержит 96 % ингредиентов натурального происхождения. Дарит нежный аромат коже и волосам. Растительный компонент: Ваниль. Чувственный и пленительный аромат Ванили с острова Бурбон подарит Вам бесценные моменты удовольствия. Богатство ощущений для роскошного ритуала, когда Вы хотите побаловать себя и почувствовать свою исключительность…;Распыляйте спрей на чистую кожу тела и волосы по мере необходимости.
99000108527;FAKE №1 COSMETICS GREEN TEA AND VANILLA;спреи и мисты для тела;Россия;1500;1200;https://goldapple.ru/99000108527-green-tea-and-vanilla;;Погрузитесь в мир чувственного аромата с парфюмированным мистом для тела и волос Green Tea & Vanilla. Воздушный мист обволакивает вас нежным шлейфом, даря ощущение свежести на протяжении всего дня. Лёгкая текстура быстро впитывается, не оставляя ощущения липкости.  Используйте мист как несмываемое средство для придания коже и волосам лёгкого аромата и ощущения свежести. Он идеально подходит для ежедневного использования и станет вашим верным спутником в уходе за собой. Он может стать идеальной заменой парфюма, а также использоваться как аромат для дома. Однако не рекомендуем наносить средство на одежду, чтобы избежать возможных пятен. Этот спрей станет отличным дополнением к вашему ежедневному уходу. Формула миста обладает освежающим и тонизирующим эффектом, позволяя вам чувствовать себя комфортно в течение всего дня. Аромат начинается с свежести скошенной травы — прохладной и бодрящей. Затем он становится сладким: чувствуются нотки сахара, мёда, фруктов и нежного кокоса. Аромат становится мягким и тёплым. В конце остаётся приятный шлейф из сандалового дерева и ванили, создающий уют и ощущение сладости с древесными оттенками.;Распылить на расстоянии 15-20 сантиметров от кожи.  Только для наружного применения.
19000455592;RP PARIS Vanilla Sky;спреи и мисты для тела;Франция;2900;2320;https://goldapple.ru/19000455592-vanilla-sky;;Body mist (дымка, вуаль) предназначен для дополнительного ухода за телом и деликатного распределения аромата для волос.  Его легкая, мелкодисперсная текстура почти мгновенно впитывается, что позволяет обладательнице сразу надеть одежду, не дожидаясь полного впитывания. Body mist не оставляет пленки или капель на коже, дает ощущение комфорта и увлажнения.  Сочетание ароматов, входящих в состав дымки, образует ольфакторную пирамиду, как и в парфюмерии, а его щадящий состав позволяет щедро наносить его на волосы и наслаждаться ароматом без вреда для них.  Также рекомендуется использование спрей-миста для текстиля, одежды и постельного белья.;Держите флакон на расстоянии 20-30 сантиметров от кожи и равномерно распылите средство по телу, особенно на шею, зону декольте и руки.
19000455596;RP PARIS CHERRY BLOSSOM;спреи и мисты для тела;Франция;2900;2320;https://goldapple.ru/19000455596-cherry-blossom;;Body mist (дымка, вуаль) предназначен для дополнительного ухода за телом и деликатного распределения аромата для волос.  Его легкая, мелкодисперсная текстура почти мгновенно впитывается, что позволяет обладательнице сразу надеть одежду, не дожидаясь полного впитывания.  Body mist не оставляет пленки или капель на коже, дает ощущение комфорта и увлажнения.  Сочетание ароматов, входящих в состав дымки, образует ольфакторную пирамиду, как и в парфюмерии, а его щадящий состав позволяет щедро наносить его на волосы и наслаждаться ароматом без вреда для них. Также рекомендуется использование спрей-миста для текстиля, одежды и постельного белья.;Держите флакон на расстоянии 20-30 сантиметров от кожи и равномерно распылите средство по телу, особенно на шею, зону декольте и руки.
19000455603;RP PARIS Paradise;спреи и мисты для тела;Франция;2900;2320;https://goldapple.ru/19000455603-paradise;;Body mist (дымка, вуаль) предназначен для дополнительного ухода за телом и деликатного распределения аромата для волос.  Его легкая, мелкодисперсная текстура почти мгновенно впитывается, что позволяет обладательнице сразу надеть одежду, не дожидаясь полного впитывания. Body mist не оставляет пленки или капель на коже, дает ощущение комфорта и увлажнения.  Сочетание ароматов, входящих в состав дымки, образует ольфакторную пирамиду, как и в парфюмерии, а его щадящий состав позволяет щедро наносить его на волосы и наслаждаться ароматом без вреда для них.  Также рекомендуется использование спрей-миста для текстиля, одежды и постельного белья.;Держите флакон на расстоянии 20-30 сантиметров от кожи и равномерно распылите средство по телу, особенно на шею, зону декольте и руки.
19000455601;RP PARIS Mangos;спреи и мисты для тела;Франция;2900;2320;https://goldapple.ru/19000455601-mangos;;Mangos — это как первый глоток холодного сока на жарком побережье. Аромат раскрывается спелой мякотью манго, сочной, медовой и яркой, будто пойманное солнце в бутылке. Он играет на коже — лёгкий, тропический, абсолютно счастливый.  Этот мист создан для тех, кто любит ощущение беззаботности, лёгкого флирта с летом и сладкую тёплую свежесть. Идеален для тела, волос, ткани и настроения. Mangos — когда не нужен повод, чтобы быть счастливой.;Держите флакон на расстоянии 20-30 сантиметров от кожи и равномерно распылите средство по телу, особенно на шею, зону декольте и руки.
19000192478;DUFT & DOFT Sophy soapy;спреи и мисты для тела;Республика Корея;1638;655;https://goldapple.ru/19000192478-sophy-soapy;;Парфюмированный мист для тела DUFT&DOFT дарит коже увлажнение, ощущение свежести и стойкий изысканный аромат с чистыми нотами мускуса, мыла и орхидеи. Многогранную парфюмерную композицию дополняют чарующие ноты имбиря, груши, чайной розы, кедра и пачулей.  Мист также можно распылять на волосы, одежду и ткани, чтобы окружить себя приятным ароматом.;Распылите на кожу тела с расстояния 20-30 см. Не распыляйте на лицо.
19000312411;GIARDINO MAGICO PEACH, FLOWERS, BERGAMOT;спреи и мисты для тела;Россия;2750;2750;https://goldapple.ru/19000312411-peach-flowers-bergamot;;Парфюмированный мист  от GIARDINO MAGICO — экспресс-увлажнение с многогранным звучанием из коллекции бренда.  Присутствие в составе провитаминов ускоряет регенерацию, сохраняет и повышает упругость тканей.  Легким воздушным облаком средство равномерно распыляется на поверхности, окутывая своей нежностью и флером неповторимости.;Распылить спрей на кожу тела и волосы с расстояния 15-20 см.
19000463802;YVES ROCHER Lemon Verbena & Chamomile Flower;спреи и мисты для тела;Франция;1169;1052;https://goldapple.ru/19000463802-lemon-verbena-chamomile-flower;;Моменты наслаждения свежестью в самом сердце бретонского ботанического сада в легкой цветочной композиции. Содержит экстракты вербены и ромашки. Парфюмированный спрей окутывает кожу и волосы деликатным ароматом и освежает.  Формула содержит 97% ингредиентов натурального происхождения.  Протестировано под дерматологическим контролем.;Распыляйте спрей на чистую кожу тела и волосы по мере необходимости.
19000434853;FRESH LINE Passion Fruit;спреи и мисты для тела;Греция;1762;1233;https://goldapple.ru/19000434853-passion-fruit;;Освежающая и фруктовая вода для тела со сладкими нотами черной смородины, теплой ванили и мускуса. Экстракт маракуйи обладает увлажняющим и антиоксидантным действием.;Нанести на очищенную сухую кожу тела.  Избегать попадания в глаза. При попадании промыть водой. Не использовать в целях, отличающихся от прямого назначения продукта. Беречь от детей.
19000389847;BAIKAL COSMETICS Осенние цветы;спреи и мисты для тела;Россия;3500;3150;https://goldapple.ru/19000389847-osennie-cvety;;Парфюмерная композиция напоминает о душевном равновесии, релаксе, тепле и мягкости.  Аромат глубоко расслабляет и окутывает вас нежностью лучей уходящего солнца. Экзотическое звучание иланг-иланга смягчают шелковистые лепестки бархатцев и придают композиции необычайную свежесть.  Цитрусовые гармонично сочетаются с упругим, цветочным, смолисто-теплым ароматом розового дерева. Такая парфюмерная композиция помогает справиться со стрессом, беспокойствами и напряжением. Подойдет как юным девушкам, так и женщинам постарше. В формуле использованы исключительно натуральные компоненты. Селективные ароматы Baikal Cosmetics создаются для людей, высоко ценящих индивидуальность, которые отдают особенное предпочтение уникальности, естественности и качеству составляющих в парфюмерии.;Подходит для тела, ароматизации подушки, постельного белья, одежды и помещения.
19000284930;FOR ME BY GOLD APPLE 02. Date night;спреи и мисты для тела;;550;495;https://goldapple.ru/19000284930-02-date-night;;Мист для тела — как парфюм, только более легкий и идеально подходит на каждый день. Теперь можно полностью окружить себя любимыми ароматами ухода FOR ME: благодаря невесомой текстуре спрей подходит для нанесения на кожу, волосы и даже текстиль. 02.DATE NIGHT — по-настоящему чувственный пряный аромат: насыщенные теплые ноты черного перца, сандала и кожи погружают в атмосферу жаркого летнего вечера перед свиданием и дарят особое романтичное настроение. Парфюмированный мист не только оставляет приятный аромат на несколько часов, но и не сушит кожу за счет бережной формулы. Пантенол обладает успокаивающим действием, гиалуроновая кислота сохраняет влагу, в то время как ниацинамид помогает устранить шелушения.;Распылите с расстояния 20-30 см.  Не наносите на лицо и поврежденные участки кожи.
19000464152;YVES ROCHER Новогодний мандарин;спреи и мисты для тела;Франция;1169;1052;https://goldapple.ru/19000464152-novogodnij-mandarin;;Легкий парфюмированный спрей с искрящимся фруктовым ароматом мандарина и древесными нотами окутывает тело и волосы невесомой вуалью, оставляя деликатный шлейф.  Новинка из лимитированной коллекции, которую нельзя пропустить!  97% ингредиентов натурального происхождения.;"Распыляйте на тело и волосы; не наносите на раздраженную кожу и на зону подмышечных впадин, избегайте попадания в глаза."
19000434844;FRESH LINE Circe;спреи и мисты для тела;Греция;2752;1376;https://goldapple.ru/19000434844-circe;;Дымка для тела с ароматерапевтическим эффектом для освежения и увлажнения тела. На 94,9 % состоит из натуральных ингредиентов. Сочетание цветочных нот фиалки, розы, жасмина и гармоничных теплых нот ванили и кедра создают мягкий пудровый аромат и способствуют эмоциональному расслаблению и равновесию.;Нанести на очищенную, сухую кожу тела. Избегать попадания в глаза. При попадании промыть водой. Не использовать в целях, отличающихся от прямого назначения продукта. Беречь от детей.
19000455594;RP PARIS BELLA;спреи и мисты для тела;Франция;2900;2320;https://goldapple.ru/19000455594-bella;;Наслаждение духами в тумане. Из всех преимуществ тумана это самое важное. Его можно обильно распылять на кожу и особенно на волосы. Расположенные в самой теплой части тела, волосы являются датчиком запаха и рассеивателем аромата. Легкие ароматы.  Сочетание запахов, входящих в состав тумана, образует ольфакторную пирамиду, как и в парфюмерии. Для их разработки требуется не меньше ноу-хау, чем для создания изысканных ароматов.  Разница заключается в гораздо меньшей концентрации ароматических компонентов в водной основе. При ежедневном использовании нет риска передозировки.;Держите флакон на расстоянии 20-30 сантиметров от кожи и равномерно распылите средство по телу, особенно на шею, зону декольте и руки.
19000360999;BOUQUET GARNI White Musk;спреи и мисты для тела;Республика Корея;1441;1224;https://goldapple.ru/19000360999-white-musk;;Продукт прошел клинические тесты на стойкость аромата, который сохраняется до 9 часов. Насладитесь утонченным ароматом, созданным с использованием премиальных ароматизаторов и уникальной технологии, обеспечивающей парфюмерную насыщенность. Легкое увлажнение: После душа позаботьтесь о сухой коже, насыщая ее влагой с помощью натуральных компонентов. Гладкость кожи: Натуральные экстракты фруктов помогают смягчить кожу, делая ее гладкой и нежной, борясь с шелушением. Безопасный состав: Не содержит компонентов, опасных для здоровья, таких как вещества для очистки воздуха. Продукт прошел клинические испытания и признан безопасным для кожи.;После душа слегка промокните кожу, а затем распылите продукт на участки, требующие увлажнения и аромата. Повторное нанесение возможно в любой момент, когда хотите обновить аромат.
19000446484;CAFÉ MIMI Soft powder touch;спреи и мисты для тела;Россия;472;377;https://goldapple.ru/19000446484-soft-powder-touch;;Парфюмированный мист для тела и волос Soft powder touch 2 в 1: увлажнение + аромат. Мист на основе коллагена и гиалуроната ухаживает за кожей и волосами, интенсивно увлажняет, делая кожу гладкой, сияющей и упругой, а волосы мягкими и послушными. Подходит для всех типов кожи и волос.  Аромат: пудровый белый мускус, сочный личи, мягкий сандал. Нежный мускус окутывает невесомым облаком комфорта, сочный личи добавляет лёгкую свежесть, а сандал придаёт аромату тёплую, бархатистую глубину.  #moodmist Каждый пшик — как внутреннее равновесие, которое чувствуешь кожей.;Распыли мист на тело и волосы с расстояния 15–20 см. Наслаждайся ароматом!  Избегай попадания в глаза и на слизистые.  Только для наружного применения.
99000101363;ANNBLEOR la loukum;спреи и мисты для тела;Россия;1499;1499;https://goldapple.ru/99000101363-la-loukum;;Уникальная формула миста обогащена большим количеством гиалуроновой кислоты, экстрактом лотоса и алоэ, которые интенсивно питают, увлажняют и тонизируют кожу и волосы. Парфюмированный шлейф аромата держится на теле и волосах до 24 часов. Аромат: Чувственный лукум, посыпанный десертной пудрой, который тает от влажных прикосновений. Сладострастные взбитые сливки на теле. Воздушный зефир и сладкая вата в очаровывающем аккорде крепкого рома. Маленькая нотка малины на десерт завершает страстную палитру аромата. Окружи себя волшебством аромата!;Распылить дымку на желаемые участки тела, волос и одежду, избегать попадания на слизистые. Не смывать. Используйте мист:  Для придания парфюмированного шлейфа волосам и телу. Для аромата в помещении, постельного белья и одежды.
19000455595;RP PARIS Candy Love;спреи и мисты для тела;Франция;2900;2320;https://goldapple.ru/19000455595-candy-love;;Body mist (дымка, вуаль) предназначен для дополнительного ухода за телом и деликатного распределения аромата для волос.  Его легкая, мелкодисперсная текстура почти мгновенно впитывается, что позволяет обладательнице сразу надеть одежду, не дожидаясь полного впитывания.  Body mist не оставляет пленки или капель на коже, дает ощущение комфорта и увлажнения.  Сочетание ароматов, входящих в состав дымки, образует ольфакторную пирамиду, как и в парфюмерии, а его щадящий состав позволяет щедро наносить его на волосы и наслаждаться ароматом без вреда для них. Также рекомендуется использование спрей-миста для текстиля, одежды и постельного белья.;Держите флакон на расстоянии 20-30 сантиметров от кожи и равномерно распылите средство по телу, особенно на шею, зону декольте и руки.
19000455599;RP PARIS Jardin Tropical;спреи и мисты для тела;Франция;2900;2320;https://goldapple.ru/19000455599-jardin-tropical;;Сочный. Экзотический. Увлекающий. Jardin Tropical — это не просто аромат, это побег из повседневности в роскошный, яркий тропический сад.  С первого вдоха вас встречает всплеск ананаса и манго, сладкий, солнечный, как коктейль на берегу лазурного океана. Им вторит лёгкая кислинка ревеня, придающая композиции игривость и свежесть.  Чуть позже раскрываются бархатистые ноты замши, придающие аромату мягкость и текстуру, а в шлейфе остаётся карамель и кашмеран — нежный, тёплый, будто кожа, прогретая солнцем.  Jardin Tropical — это аромат, который звучит как отпуск, где каждый день наполнен вкусом, светом и свободой.;Держите флакон на расстоянии 20-30 сантиметров от кожи и равномерно распылите средство по телу, особенно на шею, зону декольте и руки.
19000269138;PAYOT Eau de soin corps parfumée;спреи и мисты для тела;;3336;1334;https://goldapple.ru/19000269138-eau-de-soin-corps-parfumee;;Парфюмированный спрей PAYOT увлажняет и освежает кожу, оставляя нежный аромат нероли, петитгрейна, белого кедра и мускуса.  Вода из цветков апельсина, известная своими успокаивающими и смягчающими свойствами, восстанавливает сияние и увлажненность кожи.  Эфирное масло петитгрейна дарит успокаивающий и расслабляющий эффект.;Распылите спрей с расстояния нескольких сантиметров по всему телу и волосам.
19000400764;MIPASSION Satin Body Glow;спреи и мисты для тела;Россия;844;658;https://goldapple.ru/19000400764-satin-body-glow;;Окутайте кожу сияющей вуалью увлажняющего мистa, дарящего мерцающее свечение и нежный аромат.  Гиалуроновая кислота глубоко увлажняет, экстракт центеллы азиатской успокаивает и укрепляет, а увлажняющий комплекс с трегалозой поддерживает водный баланс.  Экстракты лаванды, малины и хлопка питают и смягчают. Парфюмированное сочетание розмарина, нероли и лимона освежает, наполняя чувством гармонии и легкости.;Небольшое количество миста нанести на чистую кожу тела, массировать до полного впитывания. Только для наружного применения.
19000434850;FRESH LINE Strawberries and milk;спреи и мисты для тела;Греция;1762;1039;https://goldapple.ru/19000434850-strawberries-and-milk;;Сладкий ягодный аромат в сочетании со сливочными нотами - как будто настоящий тающий во рту десерт! Роскошное земляничное удовольствие и идеальное освежение в жаркий летний день!  Основанное на натуральном экстракте клубники, это средство бесспорно станет вашим летним фаворитом! Для более интенсивного аромата используйте в сочетании с гелем для душа и молочком той же линии. Аромат можно наносить прямо на кожу, обновляя его в течение дня так часто, как этого хочется.;Нанести на очищенную, сухую кожу тела. Хранить вдали от огня/отопительных приборов. Не использовать вблизи открытого огня, избегать нагревания. Избегать попадания в глаза. При попадании промыть водой. Не использовать в целях, отличающихся от прямого назначения продукта. Беречь от детей.
19000444713;SAVONRY 1001 nights;спреи и мисты для тела;Россия;480;432;https://goldapple.ru/19000444713-1001-nights;;Аромат раскрывается жгучими пряностями, которые постепенно смягчаются пышными цветочными нотами. В сухом остатке – томная смесь древесных и бальзамических аккордов, напоминающая о восточных гаремах. Роскошный восточный, томно-пряный. Верх: Шафран, розовый перец – пряный взрыв. Сердце: Турецкая роза, жасмин самбак – цветочная чувственность. База: Амбра, пачули, ваниль – сладостно-бальзамический шлейф. Наши парфюмированные спреи для тела не только дарят восхитительные ароматы, но и бережно ухаживают за кожей: Глицерил глюкозид и бетаин – глубоко увлажняют, предотвращая сухость. Пантенол – успокаивает, снимает раздражение и восстанавливает кожу. Легкая текстура мгновенно впитывается, не оставляя липкости, а стойкий парфюмерный шлейф будет сопровождать вас в течение дня. Идеально для освежения в жару, борьбы с сухостью зимой или просто для ежедневного наслаждения любимым ароматом.;Распылить необходимое количество средства на чистую сухую кожу. Избегать попадания в глаза, на слизистые оболочки и поврежденные участки кожи. Использовать по мере необходимости.
19000459041;GIARDINO MAGICO Musk, mandarin, santal;спреи и мисты для тела;Россия;2750;2750;https://goldapple.ru/19000459041-musk-mandarin-santal;;Парфюмированный мист от Giardino Magico — экспресс-увлажнение с многогранным звучанием из коллекции бренда. Присутствие в составе провитаминов ускоряет регенерацию, сохраняет и повышает упругость тканей.  Легким воздушным облаком средство равномерно распыляется на поверхности, окутывая своей нежностью и флером неповторимости.;Распылить спрей на кожу тела и волосы с расстояния 15-20 см.
99000118514;UNEEDME COSMETICS harmattan;спреи и мисты для тела;Россия;2100;945;https://goldapple.ru/99000118514-harmattan;;Парфюмированный мист для волос и тела Harmattan— это лёгкое облако аромата, которое окутывает кожу и волосы, оставляя тонкий шлейф. Освежает, увлажняет и придаёт ощущение мягкости, создавая невидимую ароматную вуаль, сопровождающую вас в течение дня. Harmattan — это пряный, чувственный и обволакивающий аромат, раскрывающийся мерцающей амбровой аурой, сильный порыв ветра, несущий ароматы специй из далёких стран. Он пробуждает ольфакторную ностальгию, уводя в самые уютные и сокровенные уголки души, где сила кроется в интуиции и глубоком понимании скрытого. На фоне мраморного дворца с золотыми орнаментами, затерянного под полночно-синим звёздным небом, Harmattan создаёт неуловимое присутствие. Пикантные искры розового перца и пряное тепло пачули с бензоином сливаются с сиянием чайной розы в сердце аромата, а россыпь мерцающих лепестков устилает путь к насыщенной амбровой базе. Это комбинация летней неспешности размышлений и духа дальних странствий, открывающих новые грани себя. Увлажняющая формула без спирта окутывает кожу и волосы лёгким облаком свежести, придавая естественное сияние, не оставляя ощущения липкости. предостережения Возможна индивидуальная непереносимость отдельных компонентов.  Перед применением рекомендуется провести тест на чувствительность кожи. При возникновении аллергических реакций прекратить использование спрея.;Встряхните перед использованием. Распылите парфюмированный мист на кожу и волосы с расстояния 15-20 см. Используйте в течение дня по мере необходимости для обновления аромата и увлажнения кожи.
19000447078;ПРИНЦЕССА Сказочное сияние;спреи и мисты для тела;Россия;392;313;https://goldapple.ru/19000447078-skazocnoe-sianie;;"Сказочное сияние добавит волшебную искорку к любому образу! Лёгкий шиммер, как нежная вуаль, сияет и переливается на волосах и коже, не оставляя липкости и стянутости. Нежный парфюмерный аромат дополняет образ прекрасной принцессы! Продукт не содержит микропластика, CMIT/MIT* и аллергенов, легко смывается водой. — Аллантоин активно и глубоко увлажняет, оживляя кожу; — D-пантенол обеспечивает восстановление, мягкость и придает блеск; — Натуральные экстракты фиалки, лотоса и фрезии увлажняют волосы и кожу, придавая блеск и сияние для волшебного преображения.";Перед использованием тщательно встряхнуть!  Нанести спрей на волосы и/или кожу, избегая попадания в глаза. Блестки легко смываются водой.
19000418581;L'ATELIER PARFUM Hot splash;спреи и мисты для тела;Франция;4078;3262;https://goldapple.ru/19000418581-hot-splash;;Яркая композиция в мисте для волос и тела HOT SPLASH от L’ATELIER PARFUM запечатлевает движение морских волн, уносящих вас навстречу солнцу. Этот заряжающий энергией «шот» сочетает ноты освежающего лимона, солнечного иланг-иланга и насыщенного ветивера. Парфюмер – Karine Vinchon. Ключевые ноты: лимонное дерево, иланг-иланг, ветивер.;Распылите на волосы и тело.
99000091571;KAMALI Euphoria;спреи и мисты для тела;Россия;1300;650;https://goldapple.ru/99000091571-euphoria;;Мист для тела и волос Euphoria погружает вас в чувство абсолютной эйфории с первого распыления. Насладитесь новым и неповторимым звучанием индийской ванили, раскрывающей ваше природное очарование. Эссенция сандалового дерева и абсолюта жасмина мгновенно окутывают вас в теплые объятия. Формула обогащена гиалуроновой кислотой и экстрактом граната, которые глубоко увлажняют, питают и тонизируют кожу и волосы. Он мгновенно впитывается, не оставляя неприятных ощущений липкости или следов. Яркий и анималистический аромат миста будоражит своей пряностью и новизной, оставляя шлейф цветов ириса и амбры. Ноты аромата:  Верхние – горький миндаль и янтарная амбра. Средние – абсолют жасмина и аккорд ириса. База – абсолют индийской ванили, бобы тонка и сандаловая эссенция.;Распылите дымку на желаемые участки тела и волос, избегая зоны вокруг глаз и губ. Не смывать. Наслаждаться нежной вуалью аромата.
19000455605;RP PARIS PINK LADY;спреи и мисты для тела;Франция;2900;2320;https://goldapple.ru/19000455605-pink-lady;;Body mist (дымка, вуаль) предназначен для дополнительного ухода за телом и деликатного распределения аромата для волос.  Его легкая, мелкодисперсная текстура почти мгновенно впитывается, что позволяет обладательнице сразу надеть одежду, не дожидаясь полного впитывания. Body mist не оставляет пленки или капель на коже, дает ощущение комфорта и увлажнения.  Сочетание ароматов, входящих в состав дымки, образует ольфакторную пирамиду, как и в парфюмерии, а его щадящий состав позволяет щедро наносить его на волосы и наслаждаться ароматом без вреда для них.  Также рекомендуется использование спрей-миста для текстиля, одежды и постельного белья.;Держите флакон на расстоянии 20-30 сантиметров от кожи и равномерно распылите средство по телу, особенно на шею, зону декольте и руки.
19000391277;NISHLADY Instigate;спреи и мисты для тела;Турция;987;789;https://goldapple.ru/19000391277-instigate;;Парфюмированный спрей-мист для тела не только освежает и тонизирует кожу, но и окутывает ее неповторимым ароматом, придавая ей женственность и чувственность. Кроме того, спрей для тела увлажняющий имеет легкую и прозрачную консистенцию, быстро впитывается и не оставляет липкой пленки на коже.  Удобный дозатор-распылитель и мелкодисперсное нанесение обеспечивают легкость в использовании. Еще спрей имеет защитный колпачок, что делает его удобным для путешествий и перевозки.  Спрей рекомендуется использовать для ароматизации и увлажнения кожи тела и волос. Просто распылите спрей на кожу тела с расстояния 15-20 см, и вы почувствуете ощущение свежести и роскоши. В большой линейке парфюмированных спреев для тела NISHLADY каждая женщина найдет для себя любимый аромат.;Распылите спрей с расстояния 15-20 см. после душа или в любое другое время на голое тело в желаемом количестве.
19000463153;FEEL MOMENT Вишня и горький миндаль;спреи и мисты для тела;Россия;455;327;https://goldapple.ru/19000463153-visna-i-gor-kij-mindal;;Мист для тела и волос Feel Moment из новой линейки Fire приглашает вас в мир красоты и ухода. Сделайте его частью ежедневного ритуала, чтобы всегда выглядеть безупречно. Этот продукт создан для тех, кто хочет заботиться о своей коже и волосах. Мист увлажняет кожу и волосы благодаря миндальному маслу и витамину Е. Миндальное масло смягчает и успокаивает кожу, придает волосам блеск. Витамин Е увлажняет и защищает кожу, действуя как антиоксидант. Парфюмированный мист окутывает манящим ароматом дорогого парфюма. В нем сочетаются сочные ноты вишни и красных фруктов, горьковато-сладкий миндаль, теплая амбра и нежный мускус. Несмываемый уход за волосами облегчает расчесывание, увлажняет и питает локоны. Мист легко наносится благодаря удобному распылителю, создавая легкую дымку. Он не утяжеляет волосы и не оставляет жирных следов. Мист можно наносить на тело или волосы от корней до кончиков, чтобы завершить уход и насладиться моментами красоты каждый день. Линия Fire пробуждает энергию и наполняет теплом. Ощутите искры страсти с этой линией средств. Мисты Feel Moment помогают расслабиться и насладиться уходом. Они созданы для безупречной красоты и заботы о коже.;Распылите мист на кожу тела и волосы с расстояния 15-20 см. Избегайте попадания средства на лицо. Не наносите средство на одежду.
19000400763;MIPASSION Gold & Silver;спреи и мисты для тела;Россия;844;557;https://goldapple.ru/19000400763-gold-silver;;Окутайте кожу сияющей вуалью увлажняющего мистa, дарящего мерцающее свечение и нежный аромат.  Гиалуроновая кислота глубоко увлажняет, экстракт центеллы азиатской успокаивает и укрепляет, а увлажняющий комплекс с трегалозой поддерживает водный баланс.  Экстракты лаванды, малины и хлопка питают и смягчают. Парфюмированное сочетание розмарина, нероли и лимона освежает, наполняя чувством гармонии и легкости.;Небольшое количество миста нанести на чистую кожу тела, массировать до полного впитывания. Только для наружного применения.
99000117156;UNEEDME COSMETICS magnetic yuzu;спреи и мисты для тела;Россия;2100;945;https://goldapple.ru/99000117156-magnetic-yuzu;;Парфюмированный мист для волос и тела Magnetic Yuzu — это лёгкое облако аромата, которое окутывает кожу и волосы, оставляя тонкий шлейф. Освежает, увлажняет и придаёт ощущение мягкости, создавая невидимую ароматную вуаль, сопровождающую вас в течение дня. Magnetic Yuzu сияет бодрящими минеральными гранями, раскрываясь в бесконечных контрастах света и тени. Таинственные цитрусовые сады, хранящие тишину первых утренних лучей, окроплённые сияющей росой, являют собой мгновение покоя и внутренней гармонии. Солнечные лучи, пробиваясь сквозь густую листву цитрусовых деревьев, создают на земле мозаику из света и тени. Magnetic Yuzu — это яркий цитрусовый аромат, изысканный дуэт японского цитруса юзу, ветивера и пралине, в сочетании с аккордами зелёного бергамота и утонченных акцентов бархатного персика. Увлажняющая формула без спирта окутывает кожу и волосы лёгким облаком свежести, придавая естественное сияние, не оставляя ощущения липкости. предостережения Возможна индивидуальная непереносимость отдельных компонентов.  Перед применением рекомендуется провести тест на чувствительность кожи. При возникновении аллергических реакций прекратить использование спрея.;Встряхните перед использованием. Распылите парфюмированный мист на кожу и волосы с расстояния 15-20 см. Используйте в течение дня по мере необходимости для обновления аромата и увлажнения кожи.
19000391271;NISHLADY Feelings&Love;спреи и мисты для тела;Турция;987;769;https://goldapple.ru/19000391271-feelings-love;;Парфюмированный спрей-мист для тела не только освежает и тонизирует кожу, но и окутывает ее неповторимым ароматом, придавая ей женственность и чувственность. Кроме того, спрей для тела увлажняющий имеет легкую и прозрачную консистенцию, быстро впитывается и не оставляет липкой пленки на коже.  Удобный дозатор-распылитель и мелкодисперсное нанесение обеспечивают легкость в использовании. Еще спрей имеет защитный колпачок, что делает его удобным для путешествий и перевозки.  Спрей рекомендуется использовать для ароматизации и увлажнения кожи тела и волос. Просто распылите спрей на кожу тела с расстояния 15-20 см, и вы почувствуете ощущение свежести и роскоши. В большой линейке парфюмированных спреев для тела NISHLADY каждая женщина найдет для себя любимый аромат.;Распылите спрей с расстояния 15-20 см. после душа или в любое другое время на голое тело в желаемом количестве.
19000447220;ESSENTIAL PARFUMS PARIS NICE BERGAMOTE by Antoine Maisondieu;спреи и мисты для тела;Франция;5133;4619;https://goldapple.ru/19000447220-nice-bergamote-by-antoine-maisondieu;;Парфюмированный мист ESSENTIAL PARFUMS PARIS освежает и питает кожу тела и волосы, оставляя легкий и игривый аромат. Он окутывает нотами бергамота, жасмина, иланг-иланга и лепестков розы, а изысканный кедр и сладость бобов тонка дополняют яркую композицию. Не содержит спирта.;Перед использованием встряхнуть. Распылить мист на кожу и волосы на расстоянии 20 см, избегая попадания в глаза.
