article;name;product_type;country;price_actual;price_loyalty;url;popularity_coefficient;description;application
19000004549;ZIELINSKI & ROZEN Black Vanilla;духи;;2690;2690;https://goldapple.ru/19000004549-perfume-vanilla-blend;6009.6;Я хочу, чтобы парфюм трогал до глубины души, говорил о личности и отражал ее уникальность. Эрез Розен  Замысловатая ольфакторная книга, сюжет которой раскрывается новыми гранями на каждом человеке. Необычные сочетания нот и оригинальное построение аккордов подчеркивают индивидуальность и раскрывают суть ярче любых слов.  Все ароматы Zielinski&Rozen категории унисекс. Ароматы продукции Zielinski&Rozen изменили свое наименование без изменения состава.;Наносите парфюм по обе стороны плеч или распылите впереди себя и войдите в «облако» аромата.
19000004553;ZIELINSKI & ROZEN Black Pepper, Vetiver, Neroli, Amber;духи;;2690;2690;https://goldapple.ru/19000004553-black-pepper-amber-neroli;4145.28;Я хочу, чтобы парфюм трогал до глубины души, говорил о личности и отражал ее уникальность. Эрез Розен  Замысловатая ольфакторная книга, сюжет которой раскрывается новыми гранями на каждом человеке. Необычные сочетания нот и оригинальное построение аккордов подчеркивают индивидуальность и раскрывают суть ярче любых слов.  Все ароматы Zielinski&Rozen категории унисекс. У данного продукта меняется название аромата. Актуальное название : Black Pepper, Vetiver, Neroli, Amber.;Наносите парфюм по обе стороны плеч или распылите впереди себя и войдите в «облако» аромата.
19000406805;ZIELINSKI & ROZEN Amberwood, Vanilla, Davana;духи;Россия;2690;2690;https://goldapple.ru/19000406805-amberwood-vanilla-davana;2357.88;Аромат категории унисекс. Долго сохраняется на коже, оставляя легкий шлейф.;Спрей. Распылять на кожу с расстояния 30 см. Для усиления стойкости аромата наносить на разогретое или влажное тело.
19000152730;ZIELINSKI & ROZEN Pink Pepper, Elemi, Cinnamon, Leather;духи;Россия;2690;2690;https://goldapple.ru/19000152730-pink-pepper-elemi-cinnamon-leather;2257.92;Я хочу, чтобы парфюм трогал до глубины души, говорил о личности и отражал ее уникальность. Эрез Розен  Замысловатая ольфакторная книга, сюжет которой раскрывается новыми гранями на каждом человеке. Необычные сочетания нот и оригинальное построение аккордов подчеркивают индивидуальность и раскрывают суть ярче любых слов.  Все ароматы Zielinski&Rozen категории унисекс.;Наносите парфюм по обе стороны плеч или распылите впереди себя и войдите в «облако» аромата.
90151200005;ZIELINSKI & ROZEN Black Vanilla;духи;;7350;7350;https://goldapple.ru/90151200005-vanilla-blend;2174.4;Я хочу, чтобы парфюм трогал до глубины души, говорил о личности и отражал ее уникальность. Эрез Розен  Замысловатая ольфакторная книга, сюжет которой раскрывается новыми гранями на каждом человеке. Необычные сочетания нот и оригинальное построение аккордов подчеркивают индивидуальность и раскрывают суть ярче любых слов.  Все ароматы Zielinski&Rozen категории унисекс. Ароматы продукции Zielinski&Rozen изменили свое наименование без изменения состава.;Наносите парфюм по обе стороны плеч или распылите впереди себя и войдите в «облако» аромата.
90151200002;ZIELINSKI & ROZEN Black Pepper, Vetiver, Neroli, Amber;духи;;7350;7350;https://goldapple.ru/90151200002-black-pepper-amber-neroli;2172.48;Я хочу, чтобы парфюм трогал до глубины души, говорил о личности и отражал ее уникальность. Эрез Розен  Замысловатая ольфакторная книга, сюжет которой раскрывается новыми гранями на каждом человеке. Необычные сочетания нот и оригинальное построение аккордов подчеркивают индивидуальность и раскрывают суть ярче любых слов.  Все ароматы Zielinski&Rozen категории унисекс. Ароматы продукции Zielinski&Rozen изменили свое наименование без изменения состава.;Наносите парфюм по обе стороны плеч или распылите впереди себя и войдите в «облако» аромата.
19000060263;ZIELINSKI & ROZEN apple & lotus;духи;;2690;2690;https://goldapple.ru/19000060263-apple-lotus;2071.68;Я хочу, чтобы парфюм трогал до глубины души, говорил о личности и отражал ее уникальность. Эрез Розен  Замысловатая ольфакторная книга, сюжет которой раскрывается новыми гранями на каждом человеке. Необычные сочетания нот и оригинальное построение аккордов подчеркивают индивидуальность и раскрывают суть ярче любых слов.  Все ароматы Zielinski&Rozen категории унисекс.;Наносите парфюм по обе стороны плеч или распылите впереди себя и войдите в «облако» аромата.
19000019545;ZIELINSKI & ROZEN Lavender, Vanilla, Amber, Musk;духи;;2690;2690;https://goldapple.ru/19000019545-lavender-vanilla-amber-musk;865.92;Я хочу, чтобы парфюм трогал до глубины души, говорил о личности и отражал ее уникальность. Эрез Розен  Замысловатая ольфакторная книга, сюжет которой раскрывается новыми гранями на каждом человеке. Необычные сочетания нот и оригинальное построение аккордов подчеркивают индивидуальность и раскрывают суть ярче любых слов.  Все ароматы Zielinski&Rozen категории унисекс.;Наносите парфюм по обе стороны плеч или распылите впереди себя и войдите в «облако» аромата.
19000004547;ZIELINSKI & ROZEN Tobacco, Cedarwood, Pepper;духи;;2690;2690;https://goldapple.ru/19000004547-fiction;693.84;Я хочу, чтобы парфюм трогал до глубины души, говорил о личности и отражал ее уникальность. Эрез Розен  Замысловатая ольфакторная книга, сюжет которой раскрывается новыми гранями на каждом человеке. Необычные сочетания нот и оригинальное построение аккордов подчеркивают индивидуальность и раскрывают суть ярче любых слов.  br>Бренд  Zielinski & Rozen изменил название аромата. Новое наименование духов Fiction — Tobacco, Cedarwood, Pepper. Если вам пришел аромат с прежним названием, не переживайте, мы уже обновляем товары на складах, скоро во всех заказах этот товар будет с новым наименованием.;Наносите парфюм по обе стороны плеч или распылите впереди себя и войдите в «облако» аромата.
19000259588;ZIELINSKI & ROZEN Neroli, Patchouli, Honey, Amber;духи;Россия;2690;2690;https://goldapple.ru/19000259588-neroli-patchouli-honey-amber;669.12;Аромат категории унисекс. Долго сохраняется на коже, оставляя легкий шлейф.;Спрей. Распылять на кожу с расстояния 30 см. Для усиления стойкости аромата наносить на разогретое или влажное тело.
19000152729;ZIELINSKI & ROZEN Pink Pepper, Elemi, Cinnamon, Leather;духи;Россия;7350;7350;https://goldapple.ru/19000152729-pink-pepper-elemi-cinnamon-leather;664.44;Я хочу, чтобы парфюм трогал до глубины души, говорил о личности и отражал ее уникальность. Эрез Розен  Замысловатая ольфакторная книга, сюжет которой раскрывается новыми гранями на каждом человеке. Необычные сочетания нот и оригинальное построение аккордов подчеркивают индивидуальность и раскрывают суть ярче любых слов.  Все ароматы Zielinski&Rozen категории унисекс.;Наносите парфюм по обе стороны плеч или распылите впереди себя и войдите в «облако» аромата.
19000180347;ZIELINSKI & ROZEN Grapefruit, Patchouli, White Rose;духи;Россия;2690;2690;https://goldapple.ru/19000180347-grapefruit-patchouli-white-rose;647.66;Я хочу, чтобы парфюм трогал до глубины души, говорил о личности и отражал ее уникальность. Эрез Розен  Замысловатая ольфакторная книга, сюжет которой раскрывается новыми гранями на каждом человеке. Необычные сочетания нот и оригинальное построение аккордов подчеркивают индивидуальность и раскрывают суть ярче любых слов.  Все ароматы Zielinski&Rozen категории унисекс.;Наносите парфюм по обе стороны плеч или распылите впереди себя и войдите в «облако» аромата.
19000406806;ZIELINSKI & ROZEN Amberwood, Vanilla, Davana;духи;Россия;7350;7350;https://goldapple.ru/19000406806-amberwood-vanilla-davana;595.84;Аромат категории унисекс. Долго сохраняется на коже, оставляя легкий шлейф.;Спрей. Распылять на кожу с расстояния 30 см. Для усиления стойкости аромата наносить на разогретое или влажное тело.
19000019540;ZIELINSKI & ROZEN Bergamot, Green Tea, Sandalwood, Musk;духи;;2690;2690;https://goldapple.ru/19000019540-bergamot-green-tea-sandalwood-musk;533.6;Я хочу, чтобы парфюм трогал до глубины души, говорил о личности и отражал ее уникальность. Эрез Розен  Замысловатая ольфакторная книга, сюжет которой раскрывается новыми гранями на каждом человеке. Необычные сочетания нот и оригинальное построение аккордов подчеркивают индивидуальность и раскрывают суть ярче любых слов.  Все ароматы Zielinski&Rozen категории унисекс.;Наносите парфюм по обе стороны плеч или распылите впереди себя и войдите в «облако» аромата.
19000180345;ZIELINSKI & ROZEN Grapefruit, Basil, Petitgrain;духи;Россия;2690;2690;https://goldapple.ru/19000180345-grapefruit-basil-petitgrain;502.9;Я хочу, чтобы парфюм трогал до глубины души, говорил о личности и отражал ее уникальность. Эрез Розен  Замысловатая ольфакторная книга, сюжет которой раскрывается новыми гранями на каждом человеке. Необычные сочетания нот и оригинальное построение аккордов подчеркивают индивидуальность и раскрывают суть ярче любых слов.  Все ароматы Zielinski&Rozen категории унисекс.;Наносите парфюм по обе стороны плеч или распылите впереди себя и войдите в «облако» аромата.
19000239673;ALAN BRAY Maison Strawberry Champagne;духи;Россия;6500;3900;https://goldapple.ru/19000239673-maison-strawberry-champagne;456.32;Наши первые встречи были полны бескрайних улыбок и бесконечных разговоров, как мельчайшие пузырьки шампанского в бокале. Вдохновленный этими моментами, я создал аромат Strawberry Champagne, чтобы запечатлеть наше первое свидание. Начальные ноты этого аромата отражают свежесть и яркость прибрежных закатов: сочные ягоды клубники и малины, сладкая земляника и свежее яблоко, как символы нашей юности и беззаветной радости. Сердце этого аромата - ноты карамели, которые воплощают в себе самые сладкие моменты, когда наши глаза встречались, и мы погружались в бесконечный мир друг друга. А завершающие ноты ванильного шлейфа - это самые искренние объятия, которые остались в памяти навсегда. Strawberry Champagne - это ода любви и первому свиданию, напоминающая о наших головокружительных чувствах и самых счастливых моментах, проведенных вдвоем.;Нанести на шею, запястье, локтевые сгибы.
19000320430;ALAN BRAY Maison Strawberry Champagne;духи;Россия;1472;1000;https://goldapple.ru/19000320430-strawberry-champagne;450.9;Наши первые встречи были полны бескрайних улыбок и бесконечных разговоров, как мельчайшие пузырьки шампанского в бокале.  Вдохновленный этими моментами, я создал аромат Strawberry Champagne, чтобы запечатлеть наше первое свидание. Начальные ноты этого аромата отражают свежесть и яркость прибрежных закатов: сочные ягоды клубники и малины, сладкая земляника и свежее яблоко, как символы нашей юности и беззаветной радости. Сердце этого аромата - ноты карамели, которые воплощают в себе самые сладкие моменты, когда наши глаза встречались, и мы погружались в бесконечный мир друг друга. А завершающие ноты ванильного шлейфа - это самые искренние объятия, которые остались в памяти навсегда.  Strawberry Champagne - это ода любви и первому свиданию, напоминающая о наших головокружительных чувствах и самых счастливых моментах, проведенных вдвоем.;Нанести на шею, запястье, локтевые сгибы.
19000004552;ZIELINSKI & ROZEN Rosemary & Lemon;духи;;2690;2690;https://goldapple.ru/19000004552-rosemary-lemon-neroli;417.36;Я хочу, чтобы парфюм трогал до глубины души, говорил о личности и отражал ее уникальность. Эрез Розен  Замысловатая ольфакторная книга, сюжет которой раскрывается новыми гранями на каждом человеке. Необычные сочетания нот и оригинальное построение аккордов подчеркивают индивидуальность и раскрывают суть ярче любых слов.  Все ароматы Zielinski&Rozen категории унисекс.;Наносите парфюм по обе стороны плеч или распылите впереди себя и войдите в «облако» аромата.
19000004550;ZIELINSKI & ROZEN Vetiver, Lemon;духи;;2690;2690;https://goldapple.ru/19000004550-perfume-vetiver-lemon-bergamot;396.68;Я хочу, чтобы парфюм трогал до глубины души, говорил о личности и отражал ее уникальность. Эрез Розен  Замысловатая ольфакторная книга, сюжет которой раскрывается новыми гранями на каждом человеке. Необычные сочетания нот и оригинальное построение аккордов подчеркивают индивидуальность и раскрывают суть ярче любых слов.  Все ароматы Zielinski&Rozen категории унисекс. У данного продукта меняется название аромата. Актуальное название : Vetiver, Lemon.;Наносите парфюм по обе стороны плеч или распылите впереди себя и войдите в «облако» аромата.
19000345285;ZIELINSKI & ROZEN Powder;духи;Израиль;2690;2690;https://goldapple.ru/19000345285-powder;335.58;Все ароматы созданы только из натуральных ингредиентов, и в каждом их более 30. Долго сохраняется на коже, оставляя легкий шлейф.;Распылять на кожу с расстояния 30 см.  Для усиления стойкости аромата наносить на разогретое или влажное тело.  Хранить в недоступном для детей месте, вдали от источников тепла, открытого огня и прямых солнечных лучей.
19000301236;VERSACE Crystal noir;духи;Италия;17600;13200;https://goldapple.ru/19000301236-crystal-noir;311.64;Завораживающий и насыщенный аромат CRYSTAL NOIR PARFUM – символ виртуозности и креативности дома VERSACE, его современной интерпретации роскоши. Многогранная, словно бриллиант, композиция создана для уверенных в себе женщин, которые идут по жизни с высоко поднятой головой и любят истинный шик.  Магия аромата начинается с верхних нот пикантного розового перца, черной смородины и цитрусов, напоминающих о чарующей красоте заката. В сердце композиции пышный цветочный букет из пьянящей туберозы и ландыша окутан соблазнительной сладостью карамели.  Таинственный шлейф, напоминающий о загадочном и чарующем духе Востока, соткан из древесных и ориентальных нот золотистой ванильной орхидеи, сандала и амбры. Это волнующее, чувственное сочетание придает шарм и переносит в мир роскоши.;Только для наружного применения.
19000004545;ZIELINSKI & ROZEN Tobacco, Vetiver & Amber;духи;;2690;2690;https://goldapple.ru/19000004545-tobacco-vetiver-amber;253.44;Я хочу, чтобы парфюм трогал до глубины души, говорил о личности и отражал ее уникальность. Эрез Розен  Замысловатая ольфакторная книга, сюжет которой раскрывается новыми гранями на каждом человеке. Необычные сочетания нот и оригинальное построение аккордов подчеркивают индивидуальность и раскрывают суть ярче любых слов.  Все ароматы Zielinski&Rozen категории унисекс.;Наносите парфюм по обе стороны плеч или распылите впереди себя и войдите в «облако» аромата.
19000084105;ZIELINSKI & ROZEN Black Vetiver & Amber;духи;;2690;2690;https://goldapple.ru/19000084105-black-vetiver-amber;238.76;Я хочу, чтобы парфюм трогал до глубины души, говорил о личности и отражал ее уникальность. Эрез Розен  Замысловатая ольфакторная книга, сюжет которой раскрывается новыми гранями на каждом человеке. Необычные сочетания нот и оригинальное построение аккордов подчеркивают индивидуальность и раскрывают суть ярче любых слов.  Все ароматы Zielinski&Rozen категории унисекс.;Наносите парфюм по обе стороны плеч или распылите впереди себя и войдите в «облако» аромата.
19000021493;ZIELINSKI & ROZEN Amber, Patchouli;духи;;2690;2690;https://goldapple.ru/19000021493-moss;209.62;Я хочу, чтобы парфюм трогал до глубины души, говорил о личности и отражал ее уникальность. Эрез Розен  Замысловатая ольфакторная книга, сюжет которой раскрывается новыми гранями на каждом человеке. Необычные сочетания нот и оригинальное построение аккордов подчеркивают индивидуальность и раскрывают суть ярче любых слов.  Все ароматы Zielinski&Rozen категории унисекс. У данного продукта меняется название аромата. Актуальное название : Amber, Patchouli.;Наносите парфюм по обе стороны плеч или распылите впереди себя и войдите в «облако» аромата.
19000019547;ZIELINSKI & ROZEN Rose, Jasmine, Narcissus, Musk;духи;;2690;2690;https://goldapple.ru/19000019547-rose-jasmine-narcissus;199.64;Я хочу, чтобы парфюм трогал до глубины души, говорил о личности и отражал ее уникальность. Эрез Розен  Замысловатая ольфакторная книга, сюжет которой раскрывается новыми гранями на каждом человеке. Необычные сочетания нот и оригинальное построение аккордов подчеркивают индивидуальность и раскрывают суть ярче любых слов.  Все ароматы Zielinski&Rozen категории унисекс.;Наносите парфюм по обе стороны плеч или распылите впереди себя и войдите в «облако» аромата.
19000231987;CHRISTINE LAVOISIER PARFUMS Elle 17 Roses in Dance;духи;Россия;1512;1360;https://goldapple.ru/19000231987-elle-17-roses-in-dance;195.52;Пленительный аромат Elle 17 Roses in Dance станет вашим верным спутником, погружая вас в волшебный мир соблазна и бесконечного очарования.  Он начинает свою историю с игривых нот бергамота и малины.  Чувственная лилия и огненная роза искушают своим нежным и изысканным ароматом,  призывая  открыться и погрузиться в омут наслаждения. Волшебный шлейф, сотканный из сладкой ванили, сандала и чарующего какао оставит ощущение загадки, которую хочется разгадать...;Нанести на шею, запястье, локтевые сгибы.
19000239638;ALAN BRAY Maison Cherry Absolute;духи;Россия;6500;3900;https://goldapple.ru/19000239638-maison-cherry-absolute;175.72;Это притяжение, по силе которому не было равных…. Ее томный взгляд, чувственные ликерно-вишневые губы. Облако волос. Соблазнительно-струящееся платье… Аромат открывается нотами горького миндаля, черной вишней и пьянящей нотой ликера, сочетающего в себе сладкий запрет и раскованность.  Ноты сердца бьются в такт и погружают в фруктово-розовую фантазию. А шлейф, разливается ароматом ванили, бобов тонка и тягучего перуанского бальзама. История силы соблазна, перед которыми не устоять …;Нанести на шею, запястье, локтевые сгибы.
19000344512;TIZIANA TERENZI Kirke Extrait;духи;Италия;27500;23375;https://goldapple.ru/19000344512-kirke-extrait;172.96;Мы создали чувственный и теплый аромат, который покорил нас, раскрывая наши души красоте чувств. Это волшебный и чувственный парфюм посвященный богине Цирцее.  Духи Kirke' открываются фруктовыми сладостными и сочными нотами маракуйи, персиков, малины, черной смородины и груши, настоящий золотой алхимический эликсир. В сердце аромат поддерживает фруктовую феерию нотами очаровательного ландыша, а шлейф похож на прогулку по песку босыми ногами: нежный гелиотропин, сандал, ваниль, мускус и пачули. Аромат Kirke восхищает своего владельца как знаменитый очаровывающий эликсир богини Цирцеи, направляя по таинственным путям в поисках удивительных чудес.  Он вдохновляет, создавая изысканную ауру утонченной чувственности.;Средство предназначено для наружного применения с целью придания приятного аромата. Нанести аромат на кожу.
19000021505;ZIELINSKI & ROZEN Black Pepper, Vetiver, Neroli, Amber;духи;;12790;12790;https://goldapple.ru/19000021505-black-pepper-amber-neroli;172.48;Я хочу, чтобы парфюм трогал до глубины души, говорил о личности и отражал ее уникальность. Эрез Розен  Замысловатая ольфакторная книга, сюжет которой раскрывается новыми гранями на каждом человеке. Необычные сочетания нот и оригинальное построение аккордов подчеркивают индивидуальность и раскрывают суть ярче любых слов.  Все ароматы Zielinski&Rozen категории унисекс. У данного продукта меняется название аромата. Актуальное название : Black Pepper, Vetiver, Neroli, Amber.;Наносите парфюм по обе стороны плеч или распылите впереди себя и войдите в «облако» аромата.
19000021494;ZIELINSKI & ROZEN Orchid, Vanilla, Amber;духи;;2690;2690;https://goldapple.ru/19000021494-orchid-vanilla-amber;161.68;Я хочу, чтобы парфюм трогал до глубины души, говорил о личности и отражал ее уникальность. Эрез Розен  Замысловатая ольфакторная книга, сюжет которой раскрывается новыми гранями на каждом человеке. Необычные сочетания нот и оригинальное построение аккордов подчеркивают индивидуальность и раскрывают суть ярче любых слов.  Все ароматы Zielinski&Rozen категории унисекс.;Наносите парфюм по обе стороны плеч или распылите впереди себя и войдите в «облако» аромата.
26142800001;FRANCK BOCLET COCAINE;духи;;21000;17850;https://goldapple.ru/26142800001-cocaine;159.8;"Cocaine Franck Boclet — как в тексте популярной поп-рок композиции Эрика Клэптона: ""Если ты хочешь оторваться, ты должен взять его с собой"". Название аромата, по замыслу парфюмера, символизирует, что он полностью захватывает вас. Верхние ноты: розовые ягоды, горький апельсин, табак, карамель. Ноты сердца: орхидея, лилия, тубероза. Базовые ноты: пачули, ваниль, тиаре. Одновременно яркий и цветочно-восточный характер аромата. Осторожно, вызывает привыкание!";
19000426976;ZIELINSKI & ROZEN Blackcurrant, Geranium, Amber, Leather;духи;Россия;2690;2690;https://goldapple.ru/19000426976-blackcurrant-geranium-amber-leather;158.4;Аромат категории унисекс. Долго сохраняется на коже, оставляя легкий шлейф.;Спрей. Распылять на кожу с расстояния 30 см. Для усиления стойкости аромата наносить на разогретое или влажное тело.
90151200004;ZIELINSKI & ROZEN Rosemary & Lemon;духи;;7350;7350;https://goldapple.ru/90151200004-rosemary-lemon-neroli;155.52;Я хочу, чтобы парфюм трогал до глубины души, говорил о личности и отражал ее уникальность. Эрез Розен  Замысловатая ольфакторная книга, сюжет которой раскрывается новыми гранями на каждом человеке. Необычные сочетания нот и оригинальное построение аккордов подчеркивают индивидуальность и раскрывают суть ярче любых слов.  Все ароматы Zielinski&Rozen категории унисекс. Ароматы продукции Zielinski&Rozen изменили свое наименование без изменения состава.;Наносите парфюм по обе стороны плеч или распылите впереди себя и войдите в «облако» аромата.
90151200003;ZIELINSKI & ROZEN Vetiver, Lemon;духи;;7350;7350;https://goldapple.ru/90151200003-vetiver-lemon-bergamot;144.96;Я хочу, чтобы парфюм трогал до глубины души, говорил о личности и отражал ее уникальность. Эрез Розен  Замысловатая ольфакторная книга, сюжет которой раскрывается новыми гранями на каждом человеке. Необычные сочетания нот и оригинальное построение аккордов подчеркивают индивидуальность и раскрывают суть ярче любых слов.  Все ароматы Zielinski&Rozen категории унисекс. Ароматы продукции Zielinski&Rozen изменили свое наименование без изменения состава.;Наносите парфюм по обе стороны плеч или распылите впереди себя и войдите в «облако» аромата.
19000180346;ZIELINSKI & ROZEN Grapefruit, Basil, Petitgrain;духи;Россия;7350;7350;https://goldapple.ru/19000180346-grapefruit-basil-petitgrain;130.34;Я хочу, чтобы парфюм трогал до глубины души, говорил о личности и отражал ее уникальность. Эрез Розен  Замысловатая ольфакторная книга, сюжет которой раскрывается новыми гранями на каждом человеке. Необычные сочетания нот и оригинальное построение аккордов подчеркивают индивидуальность и раскрывают суть ярче любых слов.  Все ароматы Zielinski&Rozen категории унисекс.;Наносите парфюм по обе стороны плеч или распылите впереди себя и войдите в «облако» аромата.
19000215155;FRANCK BOCLET COCAINE;духи;Франция;6800;5780;https://goldapple.ru/19000215155-cocaine;128.8;"Cocaine Franck Boclet- как в тексте популярной поп-рок композиции Эрика Клэптона "" Кокаин"". "" Если ты хочешь оторваться, ты должен взять его с собой - Кокаин. Это означает"" Полностью захватывающий""!! Верхние ноты: розовые ягоды, горький апельсин, табак, карамель. Ноты сердца: орхидея, лилия, тубероза. Базовые ноты: пачули, ваниль, тиаре. Одновременно яркий и цветочно-восточный характер аромата. Осторожно, вызывает привыкание!";Наносить на неповрежденные участки кожи, волос и одежду.
19000259589;ZIELINSKI & ROZEN Neroli, Patchouli, Honey, Amber;духи;Израиль;7350;7350;https://goldapple.ru/19000259589-neroli-patchouli-honey-amber;128.64;Аромат категории унисекс. Долго сохраняется на коже, оставляя легкий шлейф.;Спрей. Распылять на кожу с расстояния 30 см. Для усиления стойкости аромата наносить на разогретое или влажное тело.
19000362512;ZIELINSKI & ROZEN Dark Fig;духи;Россия;2690;2690;https://goldapple.ru/19000362512-dark-fig;126.9;Аромат категории унисекс. Долго сохраняется на коже, оставляя легкий шлейф. Раскрываются по системе пирамиды, сначала ноты головы, затем - ноты сердца и, наконец, базовые ноты, которые сохраняются дольше всего.;Распылять на кожу с расстояния 30 см. Для усиления стойкости аромата наносить на разогретое или влажное тело.
19000035300;MANCERA Intense Cedrat Boise;духи;;20540;12324;https://goldapple.ru/19000035300-intense-cedrat-boise;122.36;Концентрированные духи Cedrat Boise представляют собой оригинальный взгляд на цитрусовые ноты, с акцентом на невероятную стойкость и яркий шлейф. На создание аромата парфюмера вдохновила атмосфера островов Средиземного моря – Крит, Корфу, Сицилия, Капри, Корсика. Композиция открывается смелым, пикантным взрывом черной смородины и цитрусовых. В чувственном сердце аромата стремительно раскрываются жасмин и пачули на базе из фруктовой свежести и медленно растворяются в роскошной базе из кедра, сандалового дерева, кожи, мускуса и дубового мха. Аромат, который стоит выбрать, если нужно выбрать только один.;Духи следует наносить в небольшом количестве, близко к коже (1-2 см), на тепловые точки: под коленями, область живота, запястья, сгибы локтей, район солнечного сплетения, точки за ушами, основание шеи со стороны спины, затылок. Как правило на одну точку достаточно несколько капель. Растирать духи не рекомендуется, так как это может нарушить правильный процесс раскрытия композиции. Для повышения стойкости рекомендуем наносить на хорошо увлажненную кожу, комбинируя с кремом, молочком или маслом для тела.
19000343394;ALAN BRAY Maison Vanille Desiree;духи;Россия;6500;3900;https://goldapple.ru/19000343394-maison-vanille-desiree;120.32;Аромат Maison Vanille Désirée вдохновлен чувственностью и красотой ванили, как природного афродизиака, известного силой своего притяжения еще с давних времен.  Вокруг нее всегда ходили легенды. Сила её обольщения непостижима.  Ваниль – это безусловный символ роскоши, страстной любви и магнетизма,  обладать которым желает каждая женщина.  Носить на себе аромат с яркой нотой драгоценной ванили – это привилегия и роскошь, открывающая путь к истинному наслаждению.  Соблазнительная, мягкая, чувственная она открывает свои самые прекрасные грани в яркой композиции Maison Vanille Désirée.   В изысканном обрамлении нот сочного яблока, сливы, тростникового сахара ваниль звучит в сердце аромата сладостными, томными и невероятно соблазнительными аккордами. Обволакивающий шлейф согревает дыханием белого мускуса, кедра и золотой амбры.   Maison Vanille Désirée – это прикосновение тихой роскоши, которое останется в памяти навсегда.;Нанести на шею, запястье, локтевые сгибы.
19000424486;ALAN BRAY Gourmet Chocolat Blanc;духи;Россия;3295;2965;https://goldapple.ru/19000424486-gourmet-chocolat-blanc;109.04;Нежный аромат Chocolat Blanc очарует бархатными нотами белого шоколада со сливочным оттенком пленительного ванильного крема.  В сердце аромата акцентные засахаренные цукаты в сочетании с жасмином и медовой амброй дарят ощущение тепла.  Персик и кедр в шлейфе аромата создают удивительную гармонию звучания.Chocolat Blanc – деликатный и утонченный десерт.;Нанести на шею, запястье, локтевые сгибы.
19000117866;LE COUVENT Mimosa;духи;Франция;18401;7360;https://goldapple.ru/19000117866-mimosa;108.9;Насыщенный и изысканный аромат MIMOSA – словно букет из тысячи ярких «золотых» цветов.  Он воспевает утонченную красоту нежной пудровой мимозы, звучащей элегантно и благородно в сочетании с древесной нотой кедра.  Композиция LE COUVENT начинает раскрываться с деликатной свежести итальянского бергамота и переносит в весенние дни, когда прохладный воздух наполнен чарующим медово-цветочным ароматом необыкновенного желтого цветка, ярко сияющего в лучах солнца.;Только для наружного применения
19000019530;ZIELINSKI & ROZEN Bergamot, Green Tea, Sandalwood, Musk;духи;;7350;7350;https://goldapple.ru/19000019530-bergamot-green-tea-sandalwood-musk;104.64;Я хочу, чтобы парфюм трогал до глубины души, говорил о личности и отражал ее уникальность. Эрез Розен  Замысловатая ольфакторная книга, сюжет которой раскрывается новыми гранями на каждом человеке. Необычные сочетания нот и оригинальное построение аккордов подчеркивают индивидуальность и раскрывают суть ярче любых слов.  Все ароматы Zielinski&Rozen категории унисекс.;Наносите парфюм по обе стороны плеч или распылите впереди себя и войдите в «облако» аромата.
19000035789;NARCISO RODRIGUEZ for him bleu noir parfum;духи;Франция;15900;11925;https://goldapple.ru/19000035789-for-him-bleu-noir-parfum;104.64;narciso rodriguez раскрывает тайну современной мужественности в новом ярком аромате for him bleu noir parfum.  Более тёмный и интенсивный, аромат bleu noir parfum воплощает собой мужчину, чья безупречная элегантность скрывает чарующую тайну. В сердце аромата остаётся фирменный мускус, который подчёркивает инстинктивную чувственность мужчины bleu noir.  Бодрящие верхние цитрусовые ноты итальянского бергамота и мандарина сливаются с древесным ароматом кипариса, и эта современная свежая энергия контрастирует с чувственным, обволакивающим мускусом. Ноты сердца раскрываются насыщенным, притягательным шлейфом аккордов замши, тёплого сандалового дерева и землистого ветивера, пронизанных манящим оттенком бобов тонка.   Впервые флакон становится полупрозрачным, дымчато-голубой оттенок стекла отражает яркость заключённого в нём аромата. Флакон с прямоугольным матовым колпачком тёмно-синего цвета представляет собой образец элегантного произведения искусства. Культовый дизайн, который выражает таинственность и силу.;
19000128422;DILIS Amber Rouge;духи;;3670;1908;https://goldapple.ru/19000128422-amber-rouge;103.96;Из сочетания древесных мотивов, сладкого запаха цветов и натуральных лесных нот рождается он, великолепный Amber Rouge.  Смелый, нетривиальный и чрезвычайно яркий аромат не терпит компромиссов. Его силу либо принимают и покоряются ей, либо отвергают и не терпят присутствия.  Основу парфюмерного звучания составляет глубокий, проникновенный аромат жасмина , который очень гармонично переплетается с нотами шафрана — теплыми, свежими, пряными.  Серая амбра добавляет немного янтарных нот, которые акцентируют смолистые оттенки парфюма.  Завершающим штрихом становятся запахи леса — кедровой и еловой древесины.;Рекомендуем наносить небольшое количество парфюмерной жидкости на «теплые» точки тела. Это так называемые точки пульса, в которых кровяные сосуды находятся близко к коже и из-за этого температура этих участков немного выше. «Теплые» точки способствует более долгому звучанию аромата и его более глубокому раскрытию. К таким местам относятся запястья, шея (в особенности ее задняя часть), кожа за ушами, локтевой изгиб и подколенная ямка. Парфюмеры рекомендуют наносить ароматы также на волосы: пару капель на расческу и далее легкими движениями распределить их по всей длине. Именно волосы способны хранить запахи дольше всего. Для любителей тонкого легкого звучания аромата рекомендуем распылить небольшое количество парфюма перед собой и плавно войти в ароматное облако. Духи стоит наносить вечером, ведь они имеют яркое и насыщенное звучание, в то время как парфюмерная вода больше подходит для светлого времени суток. А туалетная вода — отличное решение для активных будних дней, ведь ее аромат звучит легко и ненавязчиво и его можно обновлять каждые 2-3 часа. Не применять вблизи огня. Только для наружного использования.
19000084110;ZIELINSKI & ROZEN Tobacco, Amber, Patchouli;духи;;2690;2690;https://goldapple.ru/19000084110-tobacco-amber-patchouli;96.82;Я хочу, чтобы парфюм трогал до глубины души, говорил о личности и отражал ее уникальность. Эрез Розен  Замысловатая ольфакторная книга, сюжет которой раскрывается новыми гранями на каждом человеке. Необычные сочетания нот и оригинальное построение аккордов подчеркивают индивидуальность и раскрывают суть ярче любых слов.  Все ароматы Zielinski&Rozen категории унисекс.;Наносите парфюм по обе стороны плеч или распылите впереди себя и войдите в «облако» аромата.
19000360575;JEAN PAUL GAULTIER Le Male Elixir Absolu;духи;Франция;17869;15188;https://goldapple.ru/19000360575-le-male-elixir-absolu;94.08;Жара на борту корабля Gaultier достигла пика.  С Le Male Elixir Absolu страсть накаляется до предела, превращая окружающую атмосферу в пылающий жар. В густом мареве машинного дыма и раскалённого металла его тело напрягается от усилий, создавая флакон в форме золотого торса, облачённого в сияющую матроску.  Его харизма пленяет окружающих, опьяняя чувственностью и роскошью. Легендарная лаванда классического Le Male раскрывается глубокими оттенками сливы и яркими акцентами бобов тонка, пробуждая жгучее желание и доводя эмоции до крайности.  Позвольте этому огненному шедевру захватить вас целиком.;Распылите с расстояния 20-30 см.
19000060264;ZIELINSKI & ROZEN Red grapefruit,Bergamot,Amber;духи;;2690;2690;https://goldapple.ru/19000060264-patchouli-jasmine-and-lemon;93.06;Я хочу, чтобы парфюм трогал до глубины души, говорил о личности и отражал ее уникальность. Эрез Розен  Замысловатая ольфакторная книга, сюжет которой раскрывается новыми гранями на каждом человеке. Необычные сочетания нот и оригинальное построение аккордов подчеркивают индивидуальность и раскрывают суть ярче любых слов.  Ароматы продукции Zielinski&Rozen изменили свое наименование без изменения состава.;Наносите парфюм по обе стороны плеч или распылите впереди себя и войдите в «облако» аромата.
19000345275;ZIELINSKI & ROZEN Powder;духи;Россия;7350;7350;https://goldapple.ru/19000345275-powder;84.48;Все ароматы созданы только из натуральных ингредиентов, и в каждом их более 30. Долго сохраняется на коже, оставляя легкий шлейф.;Распылять на кожу с расстояния 30 см.  Для усиления стойкости аромата наносить на разогретое или влажное тело.  Хранить в недоступном для детей месте, вдали от источников тепла, открытого огня и прямых солнечных лучей.
19760314283;TOM FORD Black Orchid;духи;Швейцария;22300;17840;https://goldapple.ru/19760314283-black-orchid-parfum;82.32;TOM FORD BLACK ORCHID PARFUM — обновленная интенсивная версия легендарного аромата в роскошном золотистом флаконе. Завораживающие ноты иланг-иланга звучат еще насыщеннее в сочетании с выразительными акцентами ромового абсолюта и черной сливы, подчеркивая чувственность и притягательность композиции.   «Я всегда питал особую страсть к черной орхидее. Для меня это идеальный цветок – роскошный, элегантный, непорочный и утончённый. Единственный нюанс – его не существует», – ТОМ ФОРД.  Ноты: черная орхидея, иланг-иланг, пачули.  Упаковка: флакон TOM FORD BLACK ORCHID PARFUM –это обрамлённая в золото квинтэссенция очарования соблазна и роскоши.;Нанесите аромат на запястья, шею и точки пульса на очищенную и увлажненную кожу. Не растирайте.
19000143863;LAB FRAGRANCE Ambroxan;духи;Россия;3300;2310;https://goldapple.ru/19000143863-ambroxan;77.28;Аромат, не поддающийся описанию и раскладыванию на ноты, так как раскрывается совершенно индивидуально на каждом человеке.  Услышите ли вы цветочную сладость нежного сада, буйство фруктово-пряных нот, или же леденящие нотки высокогорного ветра, все это будет личный рассказ об аромате амброксан, написанный вашей кожей.;Только для наружного применения.
19000239672;ALAN BRAY Maison Molécule Amoureuse;духи;Россия;6500;4680;https://goldapple.ru/19000239672-maison-molecule-amoureuse;73.92;"Molécule Amoureuse - это аромат, созданный как истинное воплощение парфюмерного искусства. В его основе лежит волшебная молекула-афродизиак, которая привлекает и пленяет. Эта синтетическая молекула нового поколения способна влюблять в себя и восхищать. Уникальность Molécule Amoureuse заключается в его ""розовой"" формуле. Каждый раз, когда вы наносите этот аромат на свое запястье, он раскрывается на вашей коже чем-то особенным, пленительным. Эта молекула придает аромату особое очарование и делает его неповторимым. Благодаря этой молекуле, Molécule Amoureuse становится обожаемым уже с первых секунд использования. Его волнующий, притягательный аромат пробуждает чувства и заставляет сердце биться быстрее.";Нанести на шею, запястье, локтевые сгибы.
19000084106;ZIELINSKI & ROZEN Black Vetiver & Amber;духи;;7350;7350;https://goldapple.ru/19000084106-perfume-black-vetiver-amber;71.44;Я хочу, чтобы парфюм трогал до глубины души, говорил о личности и отражал ее уникальность. Эрез Розен  Замысловатая ольфакторная книга, сюжет которой раскрывается новыми гранями на каждом человеке. Необычные сочетания нот и оригинальное построение аккордов подчеркивают индивидуальность и раскрывают суть ярче любых слов.  Все ароматы Zielinski&Rozen категории унисекс.;Наносите парфюм по обе стороны плеч или распылите впереди себя и войдите в «облако» аромата.
19000266088;PREPARFUMER Cherry Gourmet;духи;Франция;3990;2593;https://goldapple.ru/19000266088-cherry-gourmet;71.1;Интригующий и томный аромат обыгрывает запах и вкус вишни в незаурядной манере. Кислая ликёрная вишня в сочетании с тёмной горчинкой миндаля составляют осевой аккорд. Цветочные тона медовой розы и пышного белого жасмина смягчают алкогольную часть, а также служат переходом к дымным горьковато-сладкими аккордам в базе. Акценты бобов тонка, перуанского бальзама и элегантные древесные оттенки ветивера, сандала и белого кедра обрамляют эту композицию.;Только на чистую кожу. Наносите парфюм только на тело, не на одежду.  Наносить парфюм на несколько точек.  Никогда не растирайте парфюм, позвольте ароматным капелькам парфюмированной воды, самостоятельно впитаться в кожу, тогда пирамида останется целой и невредимой, соответственно раскроется в своей естественной последовательности.
19000021503;ZIELINSKI & ROZEN Orchid & Vanilla, Amber;духи;;7350;7350;https://goldapple.ru/19000021503-orchid-vanilla-amber;70.08;Я хочу, чтобы парфюм трогал до глубины души, говорил о личности и отражал ее уникальность. Эрез Розен  Замысловатая ольфакторная книга, сюжет которой раскрывается новыми гранями на каждом человеке. Необычные сочетания нот и оригинальное построение аккордов подчеркивают индивидуальность и раскрывают суть ярче любых слов.  Все ароматы Zielinski&Rozen категории унисекс.;Наносите парфюм по обе стороны плеч или распылите впереди себя и войдите в «облако» аромата.
19000424488;ALAN BRAY Gourmet Strawberry Parfait;духи;Россия;3295;2965;https://goldapple.ru/19000424488-gourmet-strawberry-parfait;62.56;Яркий и сочный клубничный десерт Strawberry Parfait с первых нот завораживает ароматными солнечными летними ягодами: земляникой и дикой клубникой.  В сердце аромата мягкий и теплый флердоранж и белый сандал обрамляют композицию сладкой нежной вуалью. Strawberry Parfait - невесомый и легкий, словно летний ягодный сливочный десерт. Игривые ноты клубники добавляют мерцания богатой пудровой базе, создавая соблазнительную, игривую и романтичную ауру.;Нанести на шею, запястье, локтевые сгибы.
19000400106;RABANNE Invictus Victory ABSOLU;духи;Испания;12980;11033;https://goldapple.ru/19000400106-invictus-victory-absolu;59.52;Invictus Victory Absolu от Rabanne — ольфакторное воплощение силы несокрушимого героя, который пишет свою собственную историю.  В его сердце — столкновение стихий: свежие волны и раскалённый вулканический камень, объединённые в древесно-пряный амбровый аккорд.  Чёрный перец, чувственная амбра и опьяняющий сандал наделяют стойкостью, необходимой, чтобы запечатлеть свой триумф на века. Вслед за ребрендингом Rabanne, сохранившим в себе легендарное наследие модного Дома в сочетании с инновационным видением, насыщенная парфюмерная вода Invictus Victory Absolu становится отражением эволюции бренда и его приверженности поддерживать свободу самовыражения новых поколений. Сохранив знаковые очертания, новый Invictus Victory Absolu облачён в элегантный матовый чёрный цвет, напоминающий текстуру вулканической породы. Будто воссоздавший борьбу волн и скал, флакон эффектно контрастирует с глянцевым чёрным колпачком и золотым логотипом V — данью уважения культурному коду Rabanne: фирменным металлическим элементам, знаменующим новую эру мужественности.;Распылите с расстояния 20-30 см.
19000019531;ZIELINSKI & ROZEN Leather, Sandalwood, Amber;духи;;7350;7350;https://goldapple.ru/19000019531-leather-sandalwood-amber;56.64;Я хочу, чтобы парфюм трогал до глубины души, говорил о личности и отражал ее уникальность. Эрез Розен  Замысловатая ольфакторная книга, сюжет которой раскрывается новыми гранями на каждом человеке. Необычные сочетания нот и оригинальное построение аккордов подчеркивают индивидуальность и раскрывают суть ярче любых слов.  Все ароматы Zielinski&Rozen категории унисекс.;Наносите парфюм по обе стороны плеч или распылите впереди себя и войдите в «облако» аромата.
19000306920;ORMONDE JAYNE Montabaco Intensivo;духи;Великобритания;52260;44421;https://goldapple.ru/19000306920-montabaco-intensivo;55.86;Montabaco - это ароматная сущность Латинской Америки: бесконечная череда кожи, замши, тропической древесины и листьев табака.  Звучание с истинно латинским темпераментом!  Страстное танго магнолий и роз  в табачном дыму. Бесстыдный соблазн обнаженной души под таинственным покровом тропических небес.;Духи следует наносить в небольшом количестве, близко к коже (1-2 см), на тепловые точки: под коленями, область живота, запястья, сгибы локтей, район солнечного сплетения, точки за ушами, основание шеи со стороны спины, затылок. Как правило на одну точку достаточно несколько капель. Растирать духи не рекомендуется, так как это может нарушить правильный процесс раскрытия композиции. Для повышения стойкости рекомендуем наносить на хорошо увлажненную кожу, комбинируя с кремом, молочком или маслом для тела.
19000238554;GIARDINO MAGICO Cashmere wood, tobacco, leather;духи;Россия;3150;3150;https://goldapple.ru/19000238554-cashmere-wood-tobacco-leather;54.28;От Неаполя до Искьи, затем до Капри и Салерно. Это путешествие на яхте по Средиземноморью. По морской глади веками ласково скользят парусники в сопровождении чаек, а жизнь кажется вольной и прекрасной. Каждая остановка у берегов нового итальянского городка наполняет яркими впечатлениями.   Здесь ароматы цитрусовых деревьев и трав соединяются с веянием специй из восточных кварталов, благовониями католических церквей, табачным дымом и ароматом кашемировых изделий из бутиков. Сочетание разных культур и настроений заряжает авантюризмом и дарит незабываемое удовольствие.   Композиция начинает звучание с нот бодрящего бергамота, погружая в терпко лимонную вуаль. Постепенно раскрывается аромат пряных специй с легкой остринкой, дым от кубинского табака, ноты кожаных и кашемировых изделий. В базе - бальзамические ноты с теплым смолистым оттенком бензоина и пачули.;Наносить на кожу и волосы.
19000424487;ALAN BRAY Crème Caramel Gourmet;духи;Россия;3295;2965;https://goldapple.ru/19000424487-creme-caramel-gourmet;53.76;Искрящийся тростниковый сахар, тягучая ириска, и сливочные ноты крем-брюле: аромат Crème Caramel играет всеми возможными оттенками карамельной сладости.  Словно известный сливочный десерт, аромат пробуждает желание и не оставляет равнодушным – хочется пробовать еще и еще! Активные ноты ванильного крема, словно взбитого в лучшей парижской кондитерской, с добавлением ванильных стручков прямиков из Французской Полинезии и мускуса в шлейфе, обрамляют этот гурманский аромат.;Нанести на шею, запястье, локтевые сгибы.
19000025230;HUGO BOSS The Scent Le Parfum;духи;;9673;8222;https://goldapple.ru/19000025230-the-scent-le-parfum;51.7;Женские духи Hugo Boss The Scent Le Parfum. Откройте для себя силу влечения с женским ароматом BOSS The Scent. Насыщенная интерпретация культовой амбровой композиции BOSS The Scent пробуждает чувства. Аккорд цветов апельсинового дерева в сочетании с оттенком ветивера никого не оставляет равнодушным.   Пряные верхние ноты розового перца создают страстный контраст с утонченным звучанием цветов апельсинового дерева. Теплый аккорд ветивера в сочетании с изысканной нотой акигалавуд усиливает чувственность композиции.  Флакон в форме драгоценного камня покрыт лаком изысканного сливового цвета и дополнен отражающей свет крышкой, привлекающей внимание отделкой цвета розового золота. Насыщенный аромат BOSS The Scent для женщин, представленный в упаковке глубокого сливового оттенка, раскрывает новую грань искусства обольщения.;
19000215157;FRANCK BOCLET SUGAR;духи;Франция;6800;5780;https://goldapple.ru/19000215157-sugar;49.82;Sugar Franck Boclet- словно коричневый сахар, вкусный зефир, ноты подслащенные, но при этом немного кисловатые с фруктовой основой и амбровыми аккордами. Гурманский, притягательный. Верхние ноты: бергамот, зефир, черная смородина, мед, кокос. Ноты сердца: груша, жасмин, персик, ваниль, карамель. Базовые ноты: цветы апельсина, фиалка, малина, белый мускус.;Наносить на неповрежденные участки кожи, волос и одежду.
19000266090;PREPARFUMER Blanche Musk;духи;Франция;3990;2593;https://goldapple.ru/19000266090-blanche-musk;48.76;Парфюм воплощает запах сияющего чистотой белоснежного белья, ласково льнущего к телу, окутывающего одновременно теплотой и свежестью. Альдегидный заряд смягчается нежной розой. Сандаловое дерево и мускус символизируют приятное волнение от прикосновения любимого человека.;Только на чистую кожу. Наносите парфюм только на тело, не на одежду.  Наносить парфюм на несколько точек.  Никогда не растирайте парфюм, позвольте ароматным капелькам парфюмированной воды, самостоятельно впитаться в кожу, тогда пирамида останется целой и невредимой, соответственно раскроется в своей естественной последовательности.
19000239670;ALAN BRAY Maison Jardins d’Andalousie;духи;Россия;6500;4810;https://goldapple.ru/19000239670-maison-jardins-d-andalousie;46.92;Андалузские сады арабского Востока - это истинное чудо природы, которое очаровывает своей красотой и удивляет сочетанием всевозможных благоуханий. Аромат этих садов - нечто незабываемое, он уносит в мир нежных цветочных нектаров и восхитительных земных наслаждений. Цветы будто ласкают взгляд и радуют сердце своим разнообразием – тысяча и один цветок собраны в этих удивительных садах. Вдохновленный увиденным Alan Bray создал цветочный эликсир Jardins d’Andalousie . Аромат турецкой розы наполняет воздух и звучит повсюду, позволяя окунуться в мир романтики и элегантности. Пион и экзотическая петалия добавляют свою ноту в эту арку ароматов, создавая неповторимую композицию, полную изысканных нюансов. Гурманские ноты ванили и таитянского ветивера придают дополнительную глубину и притягательность композиции. Jardins d’Andalousie - настоящий рай для тех, кто захочет насладиться красотой и чудесами этого потрясающего аромата.;Нанести на шею, запястье, локтевые сгибы.
19000059295;CLIVE CHRISTIAN Addictive Arts Jump Up and Kiss Me Hedonistic;духи;;89440;62608;https://goldapple.ru/19000059295-addictive-arts-jump-up-and-kiss-me-hedonistic;45.08;В составе этого аромата - тайный наркотический аккорд, который в сочетании с листьями коки создаёт совершенно неповторимое звучание. В дерзкой, яркой композиции - сочные мелодии калабрийского бергамота и грейпфрута, глубокая чёрная вишня и амбра с аккордами кожи и ванили.;Нанести на пульсирующие точки
19000344502;TIZIANA TERENZI Luna Collection Cassiopea;духи;Италия;36000;30600;https://goldapple.ru/19000344502-luna-collection-cassiopea;44.16;Новая коллекция LUNA COLLECTION увлекает нас в грандиозное путешествие на луну в поисках ароматов, исследующих пределы вселенной!  Самые красивые созвездия небосвода Андромеда, Кассиопея, Созвездие Дракона и Большая Медведица нашли своё отражение в 4-х звёздных ароматах.  Воздушная белая эссенция CASSIOPEA, также как и солнечный день, сопровождающая нас в реальности и воображении, способна как по мановению волшебной палочки, выделить тонкий и нежный аромат с прекрасными верхними нотами маракуйи и черной смородины, стойкий и долговечный, благодаря силе цветов донника, лилии и нарцисса.;Средство предназначено для наружного применения с целью придания приятного аромата. Нанести аромат на кожу.
19000051911;DILIS №30 Classic Collection;духи;;2443;2198;https://goldapple.ru/19000051911-no30-classic-collection;42.3;Притягательный и соблазнительный аромат – для тех, кто ценит свободу и не стесняется эмоций. Начальные ноты: красная смородина, киви. Сердечные ноты: розовый цикламен, аккорд свежего арбуза, лепестки жасмина. Шлейфовые ноты: сандаловое дерево, мускус.;Распылять на кожу с расстояния 15см. Не использовать в пищевых целях. Избегать попадания в глаза
19000257673;NOBILE 1942 Malia;духи;Италия;24046;21641;https://goldapple.ru/19000257673-malia;42.14;Духи Malìa посвящены искусству обольщения.  Они вдохновлены историей мятежной женщины времен Святой инквизиции, которую собирались убить и сжечь на костре за колдовство. Возможно, она даже не была ведьмой — лишь слишком умной и красивой для современников.  Палач пожалел эту удивительную женщину и дал ей зелье, от которого она потеряла сознание. Мальи (Malìas) были также обрядами заклинаний ведьм из Беневенто, местом сбора итальянских колдуний: они проводили их под ореховыми деревьями и соблазняли мужчин. Гипнотизирующий аромат NOBILE 1942 завораживает ваш разум и соблазняет (“amMALIAre” — соблазнять). Композиция раскрывается взрывом османтуса, покоряя и захватывая людей вокруг, и продолжается в фруктовых, свежих пряных нотах, чтобы создать притягательный эффект.;Только для наружного применения.
19000331901;DILIS Citrus, Basil;духи;Беларусь;1111;999;https://goldapple.ru/19000331901-citrus-basil;40.42;Каждый аромат из линейки Dilis Mono Collection представляет собой чистую и легкую пирамиду, что делает его уникальным и легко адаптируемым к индивидуальным предпочтениям. Возможность смешивать (наслаивать) между собой ароматы линейки Dilis Mono Collection, создавая новые композиции, позволяет каждому покупателю проявить творческий подход и создать свой собственный уникальный аромат, подчеркивающий их индивидуальность. Это делает процесс использования Dilis Mono Collection не только приятным, но и захватывающим.  DILIS Mono Collection  #2 Citrus / Basi. Аромат цитрусов яркий, искрящийся и насыщенный, с нотами спелого лимона, сочного апельсина и сладкого мандарина. Этот цитрусовый букет наполнен солнечной энергией и дарит ощущение легкости и бодрости. Базилик подчёркивает спокойный характер композиции. Его аромат травяной, пряный и с едва уловимой сладостью гармонично сочетается с цитрусовой свежестью.;Нанести на кожу (в места точек пульсации) достаточно 2-3 нажатия, дистанция 10-15 см.
19000084111;ZIELINSKI & ROZEN tobacco, amber, patchouli;духи;;7350;7350;https://goldapple.ru/19000084111-tobacco-amber-patchouli;39.48;Я хочу, чтобы парфюм трогал до глубины души, говорил о личности и отражал ее уникальность. Эрез Розен  Замысловатая ольфакторная книга, сюжет которой раскрывается новыми гранями на каждом человеке. Необычные сочетания нот и оригинальное построение аккордов подчеркивают индивидуальность и раскрывают суть ярче любых слов.  Все ароматы Zielinski&Rozen категории унисекс.;Наносите парфюм по обе стороны плеч или распылите впереди себя и войдите в «облако» аромата.
19000404781;GUCCI Bloom;духи;Испания;10100;9090;https://goldapple.ru/19000404781-bloom;38.4;Gucci Bloom Parfum — это воплощение мечты о парящем саде, который пленяет солнечным амбровым букетом, обогащая коллекцию Bloom. Этот новый аромат от Gucci Beauty переосмысляет культовый белый аккорд Bloom, превращая его в золотой аккорд Bloom.  В сердце аромата — аккорд кораллового жасмина, теплого и светящегося ночного цветка, который окутывает аромат вневременной элегантностью золотого вуали. Современная ко-экстракция аккорда туберозы придаёт аромату насыщенную изысканность и пудровую чувственность с нотками апельсинового цвета.  Богатый амбровый акцент нового аромата Bloom создается благодаря экстракту бальзама Перу, который страстно смешивается с дуэтом ванильных нот: контрастным сочетанием кремово-сладких и пряно-древесных аккордов. Эти дополнительные ноты обволакивают аромат золотыми слоями восхитительной ванили, сладкого бальзама и насыщенных амбровых аккордов, усиливая его солнечную интенсивность.  Флакон представлен в эффектном полночном черном цвете, отражающем концентрированную глубину и мощь аромата внутри. Знаменитый принт Дома с листьями, вишневыми ветвями, цветами и бабочками выполнен в золотом цвете, чтобы подчеркнуть его теплую, элегантную легкость.  Gucci Bloom — это современное воплощение расцветающей женственности, место самопознания, где красота расцветает, а женщины поддерживают друг друга в своем развитии.;Распылите с расстояния 20-30 см на точки пульса или создайте ароматное облако и войдите в него для более легкого и равномерного нанесения.
19000246546;DILIS FENOMENE Inspo;духи;Беларусь;2480;1388;https://goldapple.ru/19000246546-fenomene-inspo;37.8;Летние рассветы и закаты обладают особой эстетикой. Они пахнут теплом и прохладой, сладкой карамелью и спелыми фруктами, ванилью и взбитыми сливками. На улицах раскрываются ароматы белых цветов с чистотой водных аккордов. Легкие, едва уловимые оттенки роз сменяются дурманящим жасмином и пудровым мускусом. Это время флирта, романтических свиданий и страстных поцелуев. Насыщенный аромат FENOMENE Inspo, который таит в себе магию роскоши, удовольствия и соблазна.Ноты: Цветочные, фруктовые.Страна:Республика Беларусь;Рекомендуем наносить небольшое количество парфюмерной жидкости на «теплые» точки тела. Это так называемые точки пульса, в которых кровяные сосуды находятся близко к коже и из-за этого температура этих участков немного выше. «Теплые» точки способствует более долгому звучанию аромата и его более глубокому раскрытию. К таким местам относятся запястья, шея (в особенности ее задняя часть), кожа за ушами, локтевой изгиб и подколенная ямка. Парфюмеры рекомендуют наносить ароматы также на волосы: пару капель на расческу и далее легкими движениями распределить их по всей длине. Именно волосы способны хранить запахи дольше всего. Для любителей тонкого легкого звучания аромата рекомендуем распылить небольшое количество парфюма перед собой и плавно войти в ароматное облако. Духи стоит наносить вечером, ведь они имеют яркое и насыщенное звучание, в то время как парфюмерная вода больше подходит для светлого времени суток. А туалетная вода — отличное решение для активных будних дней, ведь ее аромат звучит легко и ненавязчиво и его можно обновлять каждые 2-3 часа. Не применять вблизи огня. Только для наружного использования.
19000320427;ALAN BRAY Maison Jardins d’Andalousie;духи;Россия;1472;1000;https://goldapple.ru/19000320427-jardins-d-andalousie;36.66;Андалузские сады арабского Востока - это истинное чудо природы, которое очаровывает своей красотой и удивляет сочетанием всевозможных благоуханий. Аромат этих садов - нечто незабываемое, он уносит в мир нежных цветочных нектаров и восхитительных земных наслаждений. Цветы будто ласкают взгляд и радуют сердце своим разнообразием – тысяча и один цветок собраны в этих удивительных садах. Вдохновленный увиденным Alan Bray создал цветочный эликсир Jardins d’Andalousie . Аромат турецкой розы наполняет воздух и звучит повсюду, позволяя окунуться в мир романтики и элегантности. Пион и экзотическая петалия добавляют свою ноту в эту арку ароматов, создавая неповторимую композицию, полную изысканных нюансов. Гурманские ноты ванили и таитянского ветивера придают дополнительную глубину и притягательность композиции.  Jardins d’Andalousie - настоящий рай для тех, кто захочет насладиться красотой и чудесами этого потрясающего аромата.;Нанести на шею, запястье, локтевые сгибы.
19000426977;ZIELINSKI & ROZEN Blackcurrant, Geranium, Amber, Leather;духи;Россия;7350;7350;https://goldapple.ru/19000426977-blackcurrant-geranium-amber-leather;36.66;Аромат категории унисекс. Долго сохраняется на коже, оставляя легкий шлейф.;Спрей. Распылять на кожу с расстояния 30 см. Для усиления стойкости аромата наносить на разогретое или влажное тело.
19000084231;GUCCI Guilty;духи;Испания;11400;10260;https://goldapple.ru/19000084231-guilty;35.72;Являясь частью вселенной #ForeverGuilty, Gucci Guilty Parfum For Him продолжает воплощать концепцию свободной страсти. Эта интерпретация классического аромата Gucci Guilty For Him обладает более насыщенным звучанием. Созданный для тех, кто мечтает о сильных чувствах, выходящих за рамки общепринятых правил, аромат призван стать символом единения между эксцентричными влюбленными, разделяющими общие взгляды. Духи Gucci Guilty Parfum For Him – это древесный душистый аромат, выражающий суть линии Gucci Guilty For Him. Новое интенсивное воплощение мужественности, Gucci Guilty Parfum For Him открывается мягкими и современными нотами французского лавандина и бодрящего лимона, которые сочетаются с теплыми тонами можжевельника. Истинная природа Gucci Guilty For Him проявляется в сердце аромата: глубокое амбровое звучание цитруса сочетается с цветочным богатством флердоранжа и пряным оттенком мускатного ореха. Композицию завершает элегантный шлейф пачулей с устойчивыми древесно-мускусными оттенками.;Для повседневного использования. Подходит на все случаи жизни. Нанесите на запястья и шею
90151200009;ZIELINSKI & ROZEN Red grapefruit, Bergamot, Amber;духи;;7350;7350;https://goldapple.ru/90151200009-patchouli-jasmine-lemon;32.0;Я хочу, чтобы парфюм трогал до глубины души, говорил о личности и отражал ее уникальность. Эрез Розен  Замысловатая ольфакторная книга, сюжет которой раскрывается новыми гранями на каждом человеке. Необычные сочетания нот и оригинальное построение аккордов подчеркивают индивидуальность и раскрывают суть ярче любых слов.  Все ароматы Zielinski&Rozen категории унисекс. Ароматы продукции Zielinski&Rozen изменили свое наименование без изменения состава.;Наносите парфюм по обе стороны плеч или распылите впереди себя и войдите в «облако» аромата.
19000239639;ALAN BRAY Maison Fleurs Blanches&Epices;духи;Россия;6500;3900;https://goldapple.ru/19000239639-maison-fleurs-blanches-epices;31.68;Женственность - главный и неиссякаемый источник вдохновения. Создание аромата – это искусство, олицетворяющее самые тонкие нюансы человеческих эмоций и характера. Однако ничто так не вдохновляет парфюмера, как женственность в ее наиболее абсолютном проявлении… Утро невесты - момент, когда каждая девушка становится невероятно нежной и красивой, преображаясь в символ чистоты, надежды, и - в обещание взаимной любви. Именно это утро вдохновило на создание аромата, который искусно передает эту магию. Так появился аромат Fleurs Blanches&Epices. В центре этого аромата - множество белых роскошных цветов, каждый из которых вносит свой вклад в создание идеальной женственной симфонии. Жасмин придает аромату нежность и чувственность, гардения добавляет нотку изысканности, тубероза - таинственность, а ландыш привносит свежесть и наивность. Опанокс, ладан, кожа и амбра - это ингредиенты, которые придают аромату глубину и сложность. Опанокс приносит в аромат древесные ноты, ладан окутывает аурой таинственности, кожа добавляет нотку соблазна, а амбра добавляет теплоты. Fleurs Blanches&Epices - искусство, запечатленное во флаконе, наполняющее мир вдохновением и красотой.;Нанести на шею, запястье, локтевые сгибы.
19000197493;MIPASSION Karma;духи;Россия;849;594;https://goldapple.ru/19000197493-karma;31.28;Твердые духи MiPASSiON — это селективный парфюм на основе масла ши. Эти духи раскрываются постепенно и имеют стойкость до 4 часов, за счет чего можно менять аромат и его интенсивность в течение дня. А пользоваться им — отдельный ритуал.  Твердые ароматы наносятся на пульсирующие точки — на запястья, за ухо, на внутреннюю сторону локтя, под коленями, на шейные лимфоузлы. Благодаря маслам сухие духи обладают увлажняющими свойствами.  Такой парфюм в удобном формате поместится в любую сумочку и не прольется.;Нанести пальцами небольшое количество парфюмированного баттера на кожу тела в точках, где прощупывается пульс и выше температура тела (шея, запястья).
19000062960;EQUIVALENT P034;духи;;1090;872;https://goldapple.ru/19000062960-p034;30.08;P034 раскрывается совершенно неожиданными для женских ароматов нотами – он начинает удивлять своей базой, построенной на благовониях, чарующих и обволакивающих своей загадочностью. И продолжает поражать средним дуэтом – глубокий кофе четким штрихом проводит границу с терпким табаком и встречается с ним только под мягким флером уда. Такое смелое парфюмерное решение сразу объявляет – здесь про сильную женщину, не страшащуюся препятствий ни на работе, ни в семье. Здесь про Женщину с большой буквы.;Парфюм всех типов наносится на чистую, слегка увлаженную кожу.
19000051905;DILIS №16 Classic Collection;духи;;2443;2198;https://goldapple.ru/19000051905-no16-classic-collection;29.92;Деликатный, утонченный вкрадчивый аромат для женщин всех возрастов. Начальные ноты: пион, цветок персика, чай. Сердечные ноты: зеленая сирень, амбра, мускус. Шлейфовые ноты: китайский османтус, петитгрейн, кедр.;Распылять на кожу с расстояния 15см. Не использовать в пищевых целях. Избегать попадания в глаза
19000331902;DILIS Cedar, Fig;духи;Беларусь;1111;999;https://goldapple.ru/19000331902-cedar-fig;29.14;Каждый аромат из линейки Dilis Mono Collection представляет собой чистую и легкую пирамиду, что делает его уникальным и легко адаптируемым к индивидуальным предпочтениям. Возможность смешивать (наслаивать) между собой ароматы линейки Dilis Mono Collection, создавая новые композиции, позволяет каждому покупателю проявить творческий подход и создать свой собственный уникальный аромат, подчеркивающий их индивидуальность. Это делает процесс использования Dilis Mono Collection не только приятным, но и захватывающим.  DILIS Mono Collection  #3 Cedar / Fig. Аромат кедра величественный, глубокий и насыщенный, как прохладный лесной воздух, делает его успокаивающим и уверенным.  Инжир добавляет аромату сладостный оттенок и бархатистую мягкость, создавая контраст с плотной базой кедра.;Нанести на кожу (в места точек пульсации) достаточно 2-3 нажатия, дистанция 10-15 см.
19000059297;CLIVE CHRISTIAN Crown Collection Matsukita;духи;;73190;51233;https://goldapple.ru/19000059297-crown-collection-matsukita;27.84;Зеленый бергамот сплетается с искрящимся розовым перцем и пряным мускатным орехом, наполняя свежими бодрящими оттенками верхние ноты аромата. Сердце аромата наполнено цветочным и дымным звучанием китайского императорского жасмина и чая мате.  Оттенки жасмина самбак и гваякового дерева дополняют древесные ноты, в то время как насыщенная амбра, абсолю пихтового бальзама и нежный мускус образуют чувственную и согревающую базу этого таинственного и многогранного аромата, воплощающего элегантность  забытого прошлого.;Нанести на пульсирующие точки.
19000172670;PANDORA PARFUM extra #8;духи;Россия;1395;976;https://goldapple.ru/19000172670-parfum-extra-8;27.26;Pandora #8 - элегантная цветочная фантазия, способная закружить в вихре романтических мечтаний.    В начале композиции завораживает фруктово-ягодный аккорд, состоящий из солнечного мандарина, терпко-травяной черной смородины и спелого абрикоса. “Сердце” аромата отдано прекрасным цветам - душистому пиону, царственной розе и нежной фрезии. В базовых нотах слышна утонченная фиалка и чувственный мускус.  Молекула AMBROXAN дарит аромату  глубину и способствует повышению внимания со стороны противоположного пола, действуя как афродизиак.  Духи Pandora относятся к категории “экстра” и отличаются высокой концентраций душистых веществ, обеспечивающих повышенную стойкость и продолжительный шлейф. Удобный тревел-формат флакона позволяет не расставаться с любимым ароматом в течение всего дня.;"Нанести на ""точки пульса"": на запястье, за мочку уха, на сгиб локтя, на шею в районе межключичной впадины и под колено."
26142100002;FRANCK BOCLET ANGIE;духи;;21000;17850;https://goldapple.ru/26142100002-angie;26.04;Angie Franck Boclet- как приятная и увлекательная мелодия. Энжи - прекрасная гармония инжира, завораживающая древесными и амбровыми нотами. Верхние ноты: высушенный на солнце инжир, молочко инжира и листья инжира. Ноты сердца: цветы с нотами боярышника и древесные аккорды кедра и сандалового дерева из Вирджинии. Основа: амбра, мускус, ваниль.;
83272200001;LAURENT MAZZONE Sensual Orchid;духи;;6500;5200;https://goldapple.ru/83272200001-sensual-orchid;25.8;Духи Laurent Mazzone Sensual Orchid обладают глубоким чувственным ароматом. Он расслабляет, волнует, пробуждает мечты и желания. Аромат Sensual Orchid раскрывается легкой горчинкой миндаля и искрящимися оттенками мандарина. Их дополняют яркие ноты пиона и гелиотропа. В сердце этой композиции от Laurent Mazzone орхидея и нежный жасмин.;Для наружного применения.
19000239669;ALAN BRAY Maison Ambre Oriental;духи;Россия;6500;3900;https://goldapple.ru/19000239669-maison-ambre-oriental;25.52;Ambre Oriental – это незабываемое путешествие на арабский восток. Вдохновение султанским дворцом, его величием и контрастностью, от красоты которого меркнет все вокруг… Придворным садом, где на тенистых аллеях тиховейно плещут фонтаны, и райские птицы щебечут в унисон еле уловимому дуновению ветра. Здесь витает чарующий аромат специй, персика и зеленого сочного яблока сорта Granny Smith…аромат, яркий многогранный - настоящая восточная роскошь, вдохновившись чарующей атмосфера волшебного востока из сказки 1000 и одна ночь.. Фрукты, в облаке пряного кедра, «сердечное» обрамление пачули и легкая мускусная вуаль в комплиментарном шлейфе Ambre Oriental опьяняет с первых аккордов. Он по-гурмански очарователен, и по-восточному роскошен. Прекрасен на любой сезон.;Нанести на шею, запястье, локтевые сгибы.
19000380170;CHRISTINE LAVOISIER PARFUMS Elle 21 Intrigue;духи;Россия;1512;982;https://goldapple.ru/19000380170-elle-21-intrigue;25.52;Волнующий и загадочный аромат ELLE 21 Intrigue – воплощение силы женского притяжения и природного магнетизма.  Композиция открывается цветочным дыханием с аккордами жасмина и нероли, продолжаясь в глубоком и загадочном «сердце» с нотами фиалки и роскошного кедра.  Окутанный теплотой ванили и сандала необыкновенный шлейф оставляет на коже поистине  интригующее звучание, завершая таинственный и непостижимый образ своей обладательницы.;Нанести на шею, запястье, локтевые сгибы.
26480200006;DESIGNER SHAIK Opulent Silver;духи;;68250;40950;https://goldapple.ru/26480200006-opulent-silver;24.44;Парфюмерная вода Shaik Opulent Silver - роскошный, сильный аромат для роскошного мужчины! Отражение всех достоинств и возможностей настоящих любителей богатой жизни! Флакон с парфюмерной водой инкрустирован настоящими кристаллами Сваровски, драгоценными металлами и камнями. Иметь аромат Opulent Silver - значит иметь власть не только над своей жизнью, но и делать идеальной жизнь любимых людей. Запах богатств Востока от бренда Shaik хранит в себе чуточку бергамота, нотку лимона и легкий аромат веточек лаванды и пряного базилика. Стойкость аромату обеспечивает белый кедр, терпкий мускус, ароматный дубовый мох и пачули. Всего пара капель этого роскошного аромата наполнят все вокруг ощущением присутствия кого-то очень значимого.;
19000320426;ALAN BRAY Maison Fleurs Blanches&Epices;духи;Россия;1472;1324;https://goldapple.ru/19000320426-fleurs-blanches-epices;24.44;Женственность - главный и неиссякаемый источник вдохновения. Создание аромата – это искусство, олицетворяющее самые тонкие нюансы человеческих эмоций и характера. Однако ничто так не вдохновляет парфюмера, как женственность в ее наиболее абсолютном проявлении… Утро невесты - момент, когда каждая девушка становится невероятно нежной и красивой, преображаясь в символ чистоты, надежды, и - в обещание взаимной любви. Именно это утро вдохновило на создание аромата, который искусно передает эту магию. Так появился аромат Fleurs Blanches&Epices. В центре этого аромата - множество белых роскошных цветов, каждый из которых вносит свой вклад в создание идеальной женственной симфонии. Жасмин придает аромату нежность и чувственность, гардения добавляет нотку изысканности, тубероза - таинственность, а ландыш привносит свежесть и наивность. Опанокс, ладан, кожа и амбра - это ингредиенты, которые придают аромату глубину и сложность. Опанокс приносит в аромат древесные ноты, ладан окутывает аурой таинственности, кожа добавляет нотку соблазна, а амбра добавляет теплоты. Fleurs Blanches&Epices - искусство, запечатленное во флаконе, наполняющее мир вдохновением и красотой.;Нанести на шею, запястье, локтевые сгибы.
19000167922;LAB FRAGRANCE Ambroxan Elixir;духи;Россия;3600;2484;https://goldapple.ru/19000167922-ambroxan-elixir;24.3;Цветочно-древесный, зеленый аромат, не поддающийся описанию и раскладыванию на ноты, так как раскрывается совершенно индивидуально на каждом человеке.  Услышите ли вы цветочную сладость нежного сада, буйство фруктово-пряных нот, или же леденящие нотки высокогорного ветра, все это будет личный рассказ об аромате амброксан, написанный вашей кожей.  «Ambroxan elixir» это новое прочтение нашего бестселлера «Ambroxan», которое мы дополнили чувственными нотками табака и шафрана, а общее звучание сделали более насыщенным.;Только для наружного применения.
19000370752;HUGO BOSS The Scent;духи;Франция;13700;11645;https://goldapple.ru/19000370752-the-scent;24.0;Парфюм для нее The Scent Elixir for Her — роскошный и глубоко чувственный аромат с насыщенными цветочными и теплыми гурманскими нотами. Идеален для женщин, которые ищут запоминающийся, выразительный парфюм. Этот амброво-древесный эликсир сразу покоряет — его открытие озарено розовым перцем, придающим звучанию пикантные акценты.  В сердце — цветы красавки (Atropa Belladonna), оставляющие за собой загадочный и манящий след. Финальные ноты наполняют композицию насыщенными акцентами амбры, пробуждая ощущение тепла и жизни, как атмосфера после заката, наполненная притяжением и мягким светом. Флакон, выполненный из лакированного стекла глубокого красного оттенка, повторяет дизайн мужской версии аромата.  Его венчает теплая золотистая крышка и глянцевая отделка, подчеркивающая магнетизм и силу этого гипнотического парфюма.;Распылите аромат на точки пульса — запястья, шею, за ушами. Не растирайте кожу после нанесения, чтобы не исказить звучание. Для более стойкого эффекта — наносите на хорошо увлажненную кожу.
19000116853;LAB FRAGRANCE Black sheikh;духи;;7900;5530;https://goldapple.ru/19000116853-black-sheikh;23.5;Черный шейх раскроется поистине гипнотическим звучанием уда.  Согревшись на коже, композиция погрузит вас в омут нот дерева гуаяк, дымных пачули и амбры.  Это аромат, способный действительно перевернуть ваше представление о парфюме.;Только для наружного применения
19000206611;BIRKHOLZ Tobacco Sense;духи;Германия;45835;41251;https://goldapple.ru/19000206611-tobacco-sense;23.4;Насыщенный древесный аромат BIRKHOLZ переносит в отдаленные уголки Юго-Восточной Азии, в мир нетронутой природы и захватывающих пейзажей. Здесь, в первобытных лесах индонезийского острова Ява, растут табачные деревья с сочными зелеными листьями.  В сердце аромата раскрывается пряная нота табака, которую обрамляют сухой древесный аккорд, терпко-сладкие пачули и благовония буддийских монахов. Атмосферу сезона дождей помогают передать свежие ноты бергамота и лаванды.;Только для наружного применения.
19000266085;PREPARFUMER Fleur Royale;духи;Франция;3990;2593;https://goldapple.ru/19000266085-fleur-royale;23.4;Магнетичный, обольстительный аромат, сочетающий нежность и буйство эмоций.  Фруктово-цветочный парфюм с древесной базой начинает раскрываться мякотью спелых экзотических плодов личи, дополненными штрихами персика и бергамота.  Постепенно на первый план выходит ласковый пион, а также свежие оттенки жасмина и флёрдоранжа.  Для контрастной шипровой базы были использованы плотные ноты мускуса, древесины и мха.;Только на чистую кожу. Наносите парфюм только на тело, не на одежду.  Наносить парфюм на несколько точек.  Никогда не растирайте парфюм, позвольте ароматным капелькам парфюмированной воды, самостоятельно впитаться в кожу, тогда пирамида останется целой и невредимой, соответственно раскроется в своей естественной последовательности.
19000206588;BIRKHOLZ Dark Amber;духи;Германия;44930;40437;https://goldapple.ru/19000206588-dark-amber;23.4;Насыщенный и глубокий аромат BIRKHOLZ – это парфюмерное путешествие по семи морям. Древесно-восточная композиция напоминает о старых деревянных кораблях, легком и свежем ветре, раздувающем паруса, и сказках о морских чудовищах и русалках.  Аромат будто переносит на палубу, где витает аромат перца и ванили, перевозимых на судне. Завораживающую композицию, зовущую к открытиям, усиливают базовые ноты амбры и бобов тонка.;Только для наружного применения.
19000380172;ALAN BRAY Vétiver de la Réunion;духи;Россия;1472;1324;https://goldapple.ru/19000380172-vetiver-de-la-reunion;23.4;Аромат Maison Vétiver de la Réunion – приглашает совершить путешествие в роскошный мир острова Реюньон – загадочный, восхитительный, уникальный.  Именно здесь, среди красоты природы, водопадов и мягкого шума Индийского океана, произрастает драгоценный ветивер.  Его многогранное звучание завораживает своими переливами – от древесных до интригующих дымных оттенков.  Глубокие аккорды ветивера Maison Vétiver de la Réunion звучат в идеальном сопровождении зелёного чая, искристого грейпфрута, бергамота и теплой янтарной амбры.  Древесно-мускусный шлейф оставляет долгое изысканное звучание, напоминая об этом невероятном путешествии.;Нанести на шею, запястье, локтевые сгибы.
19000426975;ZIELINSKI & ROZEN Oud, Amber, Wood Blend;духи;Россия;7350;7350;https://goldapple.ru/19000426975-oud-amber-wood-blend;22.0;Аромат категории унисекс. Долго сохраняется на коже, оставляя легкий шлейф.;Спрей. Распылять на кожу с расстояния 30 см. Для усиления стойкости аромата наносить на разогретое или влажное тело.
19000059306;CLIVE CHRISTIAN X Feminine;духи;;56810;42607;https://goldapple.ru/19000059306-original-collection-x-feminine;21.0;Созданный легендарным парфюмером Гезой Шоеном (Geza Shoen), аромат Х содержит самые известные в истории афродизиаки. Женский аромат построен вокруг жасминового эликсира Клеопатры, перед которым не устояли ни Цезарь, ни Марк Антоний.  К нотам египетского жасмина, собранного на берегах Нила, добавлены ноты нежного персика, свежего бергамота и теплого кедра.;Нанести на пульсирующие точки.
19000316381;FLAME MOSCOW Sonia;духи;Россия;1250;875;https://goldapple.ru/19000316381-sonia;20.64;Этот аромат — настоящий рок-н-ролл!  Смелый и с характером. Начинается с уверенных аккордов мускуса и сексуальных ноток кожи, табака и черного перца. Душистый черный чай, амбра и сандал делают этот аромат любимым и мужчинами, и женщинами. Твердый парфюм удобно использовать на ходу и в путешествиях. В отличие от жидких парфюмерных средств, его можно взять с собой на борт самолета, а также удобно душиться им в окружении людей и в общественных местах. Аромат раскрывается у всех на коже по-разному, особенно у женщин и мужчин. Все ароматы — унисекс. За счет органического состава их также можно наносить на концы волос и кутикулу для увлажнения и питания.;Чтобы аромат раскрывался сильнее, духи необходимо нанести на все пульсирующие точки и волосы. Аромат раскрывается лучше при тепле. Количество наносимого средства нужно подбирать под индивидуальную способность кожи «дышать» и тем самым распространять аромат.
19000133325;LAB FRAGRANCE Crystal amber;духи;Россия;7900;5609;https://goldapple.ru/19000133325-crystal-amber;20.24;Аромат настоящей роскоши и достатка. Звучание начинается с изысканного сочетания жасмина, пряного шафрана и апельсина с нежными бархатцами.  Вся эта композиция обрамляется нотами дубового мха, амбры, мускуса и карамели.  Потрясающе шлейфовый аромат, обладающий неповторимой харизмой, который терпит соседство только с себе подобными.;Только для наружного применения
19000190234;FRANCK BOCLET Chameleon;духи;Франция;21000;17850;https://goldapple.ru/19000190234-chameleon;20.0;Один день белый, другой день черный, один день праздничный, другой день будничный , один день традиционный, другой день рок –н-ролл , один день сексуальный... Вы больше не будете сводиться к одному стилю, потому что настоящий стиль это бегство к одному стилю». Я хамелеон, и я ношу Хамелеон!  Хамелеон, по прозвищу Франка Бокле, — увлекательный и гипнотический аромат, похожий на хамелеона окрашенного в яркие цвета : гесперидными, такими как бергамот, грейпфрут и мандарин, сердце- раскрывает опьяняющую туберозу среди букета из абсолю розы и абсолю жасмина.  Затем древесная нота фантастического сандала в сочетании с миндалем и мускусом меняет аромат в захватывающую гармонию.  Хамелеон пробуждает множество желаний!;
19000380171;ALAN BRAY Vétiver de la Réunion;духи;Россия;6500;3900;https://goldapple.ru/19000380171-vetiver-de-la-reunion;19.8;Аромат Maison Vétiver de la Réunion – приглашает совершить путешествие в роскошный мир острова Реюньон – загадочный, восхитительный, уникальный.  Именно здесь, среди красоты природы, водопадов и мягкого шума Индийского океана, произрастает драгоценный ветивер.  Его многогранное звучание завораживает своими переливами – от древесных до интригующих дымных оттенков.  Глубокие аккорды ветивера Maison Vétiver de la Réunion звучат в идеальном сопровождении зелёного чая, искристого грейпфрута, бергамота и теплой янтарной амбры.  Древесно-мускусный шлейф оставляет долгое изысканное звучание, напоминая об этом невероятном путешествии.;Нанести на шею, запястье, локтевые сгибы
81993600001;KORLOFF PARIS Lady Intense;духи;;13200;10560;https://goldapple.ru/81993600001-lady-intense;19.2;Аромат представляет категорию древесно-мускусных композиций с ярко выраженными цветочными мотивами, подчеркивает в каждой представительнице прекрасного пола молодость души и неопровержимую женственность. Начинают звучание парфюма сочные, игристые, как шампанское, аккорды апельсина, мандарина и медовые грушевые акценты, делая композицию легкой и кокетливой. Далее композиция набирает силу звучания, разбрасывая, подобно конфети, цветочные нотки флердоранжа, жасмина и туберозы.;
19000370747;HUGO BOSS The Scent;духи;Франция;10445;7311;https://goldapple.ru/19000370747-the-scent;18.8;Парфюм для него The Scent Perfume for Him — притягательный и харизматичный аромат с насыщенным сочетанием пряных и теплых акцентов. Элегантное, глубокое звучание с роскошным шлейфом — для современного джентльмена, который ценит стиль и уверенность.;Распылите аромат на точки пульса — запястья, шею, за ушами. Не растирайте кожу после нанесения, чтобы не исказить звучание. Для более стойкого эффекта — наносите на хорошо увлажненную кожу.
19000260470;GIARDINO MAGICO Cashmere wood, tobacco, leather;духи;Россия;8150;8150;https://goldapple.ru/19000260470-cashmere-wood-tobacco-leather;18.8;От Неаполя до Искьи, затем до Капри и Салерно. Это путешествие на яхте по Средиземноморью. По морской глади веками ласково скользят парусники в сопровождении чаек, а жизнь кажется вольной и прекрасной. Каждая остановка у берегов нового итальянского городка наполняет яркими впечатлениями.   Здесь ароматы цитрусовых деревьев и трав соединяются с веянием специй из восточных кварталов, благовониями католических церквей, табачным дымом и ароматом кашемировых изделий из бутиков. Сочетание разных культур и настроений заряжает авантюризмом и дарит незабываемое удовольствие.   Композиция начинает звучание с нот бодрящего бергамота, погружая в терпко лимонную вуаль. Постепенно раскрывается аромат пряных специй с легкой остринкой, дым от кубинского табака, ноты кожаных и кашемировых изделий. В базе - бальзамические ноты с теплым смолистым оттенком бензоина и пачули.;Наносить на кожу и волосы.
19000246548;DILIS FENOMENE Adept;духи;Беларусь;2480;2232;https://goldapple.ru/19000246548-fenomene-adept;18.48;Женщины ценят уверенных мужчин, которые знают, чего хотят от этой жизни и как этого добиться. Он приходит без предупреждения, грозя раскрыть тайны и истинные желания. Этот классический базовый аккорд подчеркивает воплощение мужского начала. Прохлада листьев черной смородины и сочность красных фруктов задают стержень аромата, отражая зеленые ноты яблока. Шлейф, соединяющий в себе теплоту герани, нотки сладковатой пачули и дымно-древесного ветивера, витает в воздухе долгое время, подчеркивая индивидуальность и сексуальность своего обладателя. Древесно-фруктовый аромат FENOMENE Adept - это энергичный и сложный аромат, скрывающий в себе минеральную строгость и древесную шероховатость, похожие на неприступность горного массива. Эта сила притягивает и покоряет, как невидимый магнит, заполняющий каждый уголок пространства своей неповторимой энергией. Ноты: Восточные, древесные. Страна:Республика Беларусь;Рекомендуем наносить небольшое количество парфюмерной жидкости на «теплые» точки тела. Это так называемые точки пульса, в которых кровяные сосуды находятся близко к коже и из-за этого температура этих участков немного выше. «Теплые» точки способствует более долгому звучанию аромата и его более глубокому раскрытию. К таким местам относятся запястья, шея (в особенности ее задняя часть), кожа за ушами, локтевой изгиб и подколенная ямка. Парфюмеры рекомендуют наносить ароматы также на волосы: пару капель на расческу и далее легкими движениями распределить их по всей длине. Именно волосы способны хранить запахи дольше всего. Для любителей тонкого легкого звучания аромата рекомендуем распылить небольшое количество парфюма перед собой и плавно войти в ароматное облако. Духи стоит наносить вечером, ведь они имеют яркое и насыщенное звучание, в то время как парфюмерная вода больше подходит для светлого времени суток. А туалетная вода — отличное решение для активных будних дней, ведь ее аромат звучит легко и ненавязчиво и его можно обновлять каждые 2-3 часа. Не применять вблизи огня. Только для наружного использования.
19000143864;LAB FRAGRANCE Bali;духи;Россия;7900;5530;https://goldapple.ru/19000143864-bali;18.4;Аромат о незабываемых путешествиях по живописным, горным дорогам и садам, в которых спеет сахарная дыня и сочные апельсины, а тенистые узоры деревьев, с их прохладными прудами, открывают красоту произрастающей вокруг водной лилии. Ощутите полное единение с природой и наслаждение жизнью, вместе с ароматом балийская плюмерия.;
19000059070;GOLDFIELD & BANKS Bohemian Lime;духи;;21340;15151;https://goldapple.ru/19000059070-bohemian-lime;18.4;Аромат Bohemian Lime подобен свежему ветру в густых и солнечных тропических джунглях, он несет в себе звучание уникальных австралийских цитрусовых деревьев, которые пропитаны энергией и свежестью прохладных водопадов.    Аромат Bohemian Lime начинается с бодрящего звучания австралийского икорного лайма и семян кориандра и постепенно раскрывается яркими нотами ветивера, кедра и сандала.   Bohemian Lime – это воплощение беззаботности, это ольфакторная ода австралийским пляжам бухты Байрон – богемному, свободолюбивому тропическому анклаву Австралии, району, который первым встречает рассвет.;Нанести на пульсирующие точки
19000172683;PANDORA PARFUM extra #21;духи;Россия;1395;976;https://goldapple.ru/19000172683-parfum-extra-21;17.1;Композиция Pandora # 21 привлекает новизной, яркими красками и необычным сочетанием нот.  Начинается парфюмерная пирамида с терпко-зеленого тимьяна и бодрящего бергамота. Резкость первого аккорда к “сердцу” смягчается и теплеет.  В “центре” ведущей темой становится дымно-бальзамическая нота смолы элеми, которая дополняется благородно-бархатистой нотой табака и пряно-сладким шафраном.  В “базовых” нотах аккорд из мшисто-травяного ветивера, теплого кедра и сладко-ориентального сандала соединяется с насыщенным умиротворяющим ладаном и древесно-анималистическим удом.  Духи Pandora относятся к категории “экстра” и отличаются высокой концентраций душистых веществ, обеспечивающих повышенную стойкость и продолжительный шлейф. Удобный тревел-формат флакона позволяет не расставаться с любимым ароматом в течение всего дня.;"Нанести на ""точки пульса"": на запястье, за мочку уха, на сгиб локтя, на шею в районе межключичной впадины и под колено."
19000349389;PREPARFUMER Pink Vanilla Selectif;духи;Франция;3990;2593;https://goldapple.ru/19000349389-pink-vanilla-selectif;16.92;Аромат Pink Vanilla — один из лидеров среди цветочно-восточной гурманской группы парфюма.  Он был выпущен в 2024 году и сразу покорил сердца любителей этой категории ароматов.  Начальные ноты шафрана раскрываются, словно первые лучи солнца, пробуждая чувства и воображение. Затем к ним присоединяются роза и карамель, создавая неповторимую симфонию ароматов. Роза занимает господствующее положение, но вскоре к ней добавляется изысканный запах ванили, который гармонично сочетается с аккордами розы и карамели, дополняясь глубокими древесными восточными нотами амбры, мха и мускуса. Этот аромат окутывает вас, словно волшебное покрывало, унося в мир тайн и приключений.   Аромат Pink Vanilla подойдёт как молодым девушкам, так и женщинам постарше. Он универсален и может использоваться в различных ситуациях: от повседневных до особых праздничных мероприятий.;Только на чистую кожу. Наносите парфюм только на тело, не на одежду. Наносить парфюм на несколько точек.  Никогда не растирайте парфюм, позвольте ароматным капелькам парфюмированной воды, самостоятельно впитаться в кожу, тогда пирамида останется целой и невредимой, соответственно раскроется в своей естественной последовательности.
19000239671;ALAN BRAY Maison La Fête de la Rose;духи;Россия;6500;3900;https://goldapple.ru/19000239671-maison-la-fete-de-la-rose;16.56;Роза, королева цветов, величественна и неприступна. Когда она раскрывает свои лепестки, зритель замирает в предвкушении. Роза может быть такой разной, яркой и нежной, соблазнительной и загадочной. Ее сорта впечатляют своим многообразием, а цвета, в которых она предстает перед нами, словно палитра виртуозного художника. А аромат розы - ее неподражаемое оружие, перед которым сложно устоять. Alan Bray увидел розу, как нечто вдохновляющее, как отдельную историю… он добавил несколько ингредиентов и создал нечто неповторимое - La Fête de la Rose. Этот аромат кружит в ритме танца. Начальные ноты - это гармоничное сочетание розы и засахаренных фруктов, которое окутывает «розовой» нежностью и сладостью. В сердце этого аромата распускаются цветы клевера, жасмина и гелиотропа. Они придают розе неповторимую глубину и изысканность, как бы приподнимая ее над этим букетом. Как утонченное па, эти ноты растворяются в воздухе, создавая обволакивающую ауру вокруг обладателя.  В шлейфе же звучат благородные мускус и серая амбра. Они добавляют композиции стойкость, оставляя свою тайную ноту на коже обладательницы.;Нанести на шею, запястье, локтевые сгибы.
19000197494;MIPASSION Meditation;духи;Россия;849;594;https://goldapple.ru/19000197494-meditation;16.56;Твердые духи MiPASSiON — это селективный парфюм на основе масла ши. Эти духи раскрываются постепенно и имеют стойкость до 4 часов, за счет чего можно менять аромат и его интенсивность в течение дня. А пользоваться им — отдельный ритуал.  Твердые ароматы наносятся на пульсирующие точки — на запястья, за ухо, на внутреннюю сторону локтя, под коленями, на шейные лимфоузлы. Благодаря маслам сухие духи обладают увлажняющими свойствами. Такой парфюм в удобном формате поместится в любую сумочку и не прольется.;Способ применения: нанести пальцами небольшое количество парфюмированного баттера на кожу тела в точках, где прощупывается пульс и выше температура тела (шея, запястья).
19000370835;BURBERRY Hero Intense;духи;Испания;17400;15660;https://goldapple.ru/19000370835-hero-intense;16.0;Смелый и утонченный аромат, излучающий силу, мужество и изысканность. Эта более интенсивная версия духов Hero усиливает древесные и ароматические ноты, сочетая изысканные специи и глубокие, теплые аккорды. Заключенный в элегантный и маскулинный флакон, аромат станет идеальным выбором для современного мужчины, воплощающего в себе уверенность и элегантность.;Распылите на зоны пульса: запястья, шея и зоны за ушами.
19000183524;CLIVE CHRISTIAN Crown Collection Town & Country;духи;Великобритания;73190;51233;https://goldapple.ru/19000183524-crown-collection-town-country;15.98;Формула, созданная в 1925 году персонально для Уинстона Черчилля, стала настоящей звездой парфюмерного дома Crown Perfumery, предшественника Clive Christian.  Сегодня Клайв Кристиан возрождает легендарную формулу и придает ей еще больше глубины, роскоши и многогранности, которые являются отличительными чертами всех ароматов Clive Christian. Эта композиция – идеальный способ заявить о себе!  Аромат отдает дань лондонскому наследию, сочетая элегантность города с освежающей атмосферой британской природы.;Нанести на пульсирующие точки.
19000051909;DILIS №24 Classic Collection;духи;;2443;2198;https://goldapple.ru/19000051909-no24-classic-collection;15.64;В композиции аромата нюансы играют на стороне страсти, делая этот аромат эмоциональным, будоражащим и чувственным. Начальные ноты: клементин, чёрная смородина, красный апельсин, мандарин и груша. Сердечные ноты: тубероза, фрезия, имбирь, гибискус и цветок имбиря. Шлейфовые ноты: сандаловое дерево, калифорнийский кедр, мускус и ваниль.;Распылять на кожу с расстояния 15см. Не использовать в пищевых целях. Избегать попадания в глаза
19000381060;EQUIVALENT G 028;духи;ОАЭ;1690;1521;https://goldapple.ru/19000381060-g-028;15.64;Bся композиция G028 выстроена вокруг интересной идеи - собрать в своем букете весь спектр ягодных оттенков и перевязать их лентами фиалки и жасмина, придавая созвучию сладости легкость и осязаемость.  В одном букете встречается сахарная малина, с ней переплетается пряная вишня, объединяясь в трезвучие с глубоким и волнующим привкусом черники, окаемкой идет родной аромат клубники, добавляющий праздничность. Облаком утонченности над ягодным торжеством пестреет ежевика - нетрадиционная, необычная, Ho невероятно подходящая в гамму сладости и сахарности.;Для полноценного раскрытия, духи наносятся на пульсирующие участки кожи, вблизи сосудов, которые будут постоянно его подогревать - на шею за ушами, под колено, на запястье, локтевые сгибы, волосы.
19000133329;LAB FRAGRANCE White sheikh;духи;Россия;7900;6320;https://goldapple.ru/19000133329-white-sheikh;15.64;Белый шейх - это насыщенный и дорогой представитель восточной ниши. С первых нот в нем солирует обольстительная болгарская роза в свежем окружении альдегидов.  В сердце аромат раскрывается чуть острыми нотами мускуса, но согревшись на коже, смягчается, обретая более спокойное, томное звучание амбры.;Только для наружного применения
19000266447;COSMOGONY Proserpina;духи;Россия;2200;1540;https://goldapple.ru/19000266447-proserpina;15.2;«Proserpina» вдохновлена красотой, обретенной в долгом поиске: сложной, двойственной, полной игры света и тени. Ее образ - очарование нежной юности и волнующая чувственность женственности. Название аромата сочетает в себе два противоположных по смыслу аспекта - научного и мифологического: – Прозерпина в астрономии – это далекий астероид Солнечной системы, гипотетическая планета. Считается, что она имеет влияние на судьбоносные жизненные процессы. – Прозерпина в древнеримской и греческой мифологии – богиня, которая покровительствует одновременно двум мирам. Она прошла путь от робкой девушки до властительницы подземного царства. Ей ведомы земные радости, и тайны, сокрытые в мире теней. Композиция аромата повествует о захватывающем круговороте жизни на Земле и о потустороннем мире загадок, призрачных видений и полутонов. Аромат: Насыщенная богатой палитрой оттенков парфюмерная композиция открывается пьянящей аурой цветущих садов, спелых цитрусов и лугового разнотравья: горького дягиля и зеленого ревеня, чувственной орхидеи и нежной ромашки, яркого лимона и сочного мандарина. Сердце аромата наполнено изысканными оттенками терпкого гранатового вина, бархатистым звучанием черной розы, благоуханием жасмина и пряных трав. В роскошном шлейфе – ноты драгоценного толуанского бальзама и дубового мха, иланг-иланга и гуаякового дерева, дымного ладанника и бобов тонка, обрамленных сладостью сандала. Парфюмер: Бертран Дюшофур (Bertrand Duchaufour).;Только для наружного применения. Распылять  на кожу/волосы с расстояния 10-15 см.
19000167931;LAB FRAGRANCE Secret;духи;Россия;7900;6320;https://goldapple.ru/19000167931-secret;15.04;Секрет – это аромат, хранящий тайну вашей женственности и притягательности. Ощутите яркость и свежесть верхних нот бергамота и чуть горьковатого апельсина. В сердце композиция будет излучать нежность фиалки и благородство кедра, а базовые ноты ветивера, амбры и мускуса подарят аромату пудровое звучание шлейфа, укутывая в нежное облако.;Только для наружного применения.
19000446466;ZIELINSKI & ROZEN Amberwood, vanilla, davana;духи;Россия;12790;12790;https://goldapple.ru/19000446466-amberwood-vanilla-davana;14.7;Аромат категории унисекс. Долго сохраняется на коже, оставляя легкий шлейф.;Распылять на кожу с расстояния 30 см. Для усиления стойкости аромата наносить на разогретое или влажное тело.
19000328613;EX NIHILO THE HEDONIST;духи;Франция;52500;42000;https://goldapple.ru/19000328613-the-hedonist;14.7;THE HEDONIST EDP входит в топ-3 лучших ароматов в рейтинге бестселлеров парфюмерного Дома EX NIHILO.  Созданный на основе свежего, бодрящего всплеска цитрусовых и имбиря, аромат l’Eau de Parfum открывается нотами пачули и древесной амбры. В новом исполнении Extrait de Parfum Жорди сохранил ольфакторную структуру оригинального творения, но добавил фруктовые ноты и еще более амбровый оттенок, что сделало звучание особенно захватывающим.  THE HEDONIST переосмысливает себя через квинтэссенцию невероятных ощущений. Концентрация Extrait de Parfum подчеркивает сильный характер THE HEDONIST. Парфюмер Жорди Фернандез добавил несколько притягательных фруктовых нот личи и грейпфрута, усилил базу мощным звучанием пачули и украсил композицию аккордами текстурированной древесины, чтобы создать пленительный шлейф на коже.;Для наружного применения.
99000046180;АLMA JUTE Bounty;духи;;800;680;https://goldapple.ru/99000046180-bounty;14.08;Твердые духи Bounty — это аромат, где кокос сладко переплетается с нотками молочного шоколада и нежной ванили, подарит вам поистине райское наслаждение. Это аромат безмятежности, расслабления и отдыха. Мы используем гипоаллергенный и органический состав, а отсутствие в базе спиртовой основы и пчелиного воска делает наши духи безопасными для людей, особенно чувствительных к продуктам пчеловодства. Другим неоспоримым преимуществом являются ухаживающие компоненты в составе, которые увлажняют и питают кожу. Уникальная формула позволяет использовать духи не только в качестве парфюма, но и как ухаживающий воск для секущихся кончиков волос и для увлажнения кутикулы. Духи упакованы в маленькую алюминиевую винтажную баночку, имеют нежную кремовую текстуру и поместятся в любую женскую сумку, даже самый скромный клатч и не вызовут вопросов во время путешествия на самолете.;Слегка разогрейте духи подушечками пальцев. Нанесите духи на зоны пульса (запястье, область шеи, за ухо, на локтевой сгиб).
19000062937;EQUIVALENT P003;духи;;1090;784;https://goldapple.ru/19000062937-p003;14.08;Начало дня будет наполнено энергией и радостью, если Вы начнете его  ароматом  P003. Парфюмерная композиция полна  уверенности и страсти. Она объединяет  экзотитческие фрукты, сочное звучание которых смешивается со свежим искристо-пряным нюансом розового перца. Раскрывается аромат горьковато-зеленым ревенем в сочетании с арбузно-свежим аккордом в окружении цикламена и жасмина на чувственном древесно-мускусном фоне. Основные ноты: киви, арбуз, ревень, цикламен, жасмин, мускус, сантал.;Парфюм всех типов наносится на чистую, слегка увлаженную кожу.
19000294191;PREPARFUMER Flower Intrigue;духи;Франция;3990;2593;https://goldapple.ru/19000294191-flower-intrigue;14.08;Flower Intrigue – аромат для женщин, который относится к цветочным, пряным, цитрусовым ароматам. Интерес к цветочным ароматам не угасает уже более 200 лет. Интригующие новинки с комбинацией цветов пряностей и цитрусов не перестают удивлять и радовать своих поклонников.  Flower Intrigue - это эксклюзивный, загадочный и нежный аромат, который перенесет вас в мир волшебных иллюзий. В верхних нотах вы почувствуете освежающее сочетание лайма, лимона, апельсина и мандарина, с тонким акцентом розового перца и кардамона. Средние ноты окутывают вас нежным водным бризом, глубиной лотоса и изысканностью розы. Мята и розмарин добавляют аромату свежести и легкости. Базовые ноты представляют собой гармоничное сочетание мускуса, янтарного дерева, гаяка и уда, создавая теплую и стойкую основу.  Этот уникальный аромат идеально подойдет для загадочной и утонченной женщины, которая умеет интриговать и оставлять неизгладимое впечатление.;Только на чистую кожу. Наносите парфюм только на тело, не на одежду. Наносить парфюм на несколько точек. Никогда не растирайте парфюм, позвольте ароматным капелькам парфюмерной воды, самостоятельно впитаться в кожу, тогда пирамида останется целой и невредимой, соответственно раскроется в своей естественной последовательности.
19000257651;NOBILE 1942 Il giardino delle delizie;духи;Италия;16728;12546;https://goldapple.ru/19000257651-il-giardino-delle-delizie;14.0;Духи IL GIARDINO DELLE DELIZIE — олицетворение человеческих пороков.  Они переносят нас в «Сад земных наслаждений» Иеронима Босха. Этот триптих считается шедевром сюрреализма из-за его сложной символики: человечество представлено, согласно христианской доктрине Средневековья, со всеми его пороками и извращениями в сатирическом изображении человеческих грехов.  В верхней части произведения Бог предстает в момент создания мира, представленного в виде прозрачной сферы.  Композиция NOBILE 1942 строится на фруктовых и белоцветочных нотах, вдохновленных центральной панелью триптиха с изображениями греховных удовольствий, любви и экстаза.  Следуя за действием на третьей панели изображения, когда сцена становится демонической, аромат играет на контрастах с кожано-пряными нотами.;Только для наружного применения.
19000143874;LAB FRAGRANCE Venetian night;духи;Россия;7900;6320;https://goldapple.ru/19000143874-venetian-night;13.5;Праздничный аромат, передающий дух карнавальной ночи и праздника.  В сердце вас закружит цветочный вихрь ириса и белых цветов, а чувственная амбровая база, будет оставлять нежнейший шлейф мускуса и ванили, укрывая от суеты праздника.;Только для наружного применения
19000344528;TIZIANA TERENZI White Fire;духи;Италия;27500;23375;https://goldapple.ru/19000344528-white-fire;13.0;"White Fire - чистый и тонкий аромат; простой и серебряный, как беззаботная улыбка ребенка, невинный, нежный, ласкающий.  Начальные ноты зеленых листьев, воздуха и свежего льда переходят в ансамбль китайского жасмина, папоротника и белой амбры, завершаясь сандалом и мускусом.";Средство предназначено для наружного применения с целью придания приятного аромата. Нанести аромат на кожу.
19000172663;PANDORA PARFUM extra #1;духи;Россия;1395;976;https://goldapple.ru/19000172663-parfum-extra-1;12.88;Нежный и утонченный аромат Pandora #1 подойдет тем, кто ищет в жизни гармонию, любовь и счастье. Начинается композиция со свежих нот мандарина и бергамота, оттененных деликатной сладостью цветов груши. В «сердце» ярко звучит фруктовая нота спелого персика и пять восхитительных цветов: тубероза, фрезия, орхидея, жасмин и магнолия. А шлейф из мускуса, ванили и кедра создаст вокруг вас ауру соблазняющей чувственности.  Молекула AMBROXAN дарит аромату  глубину и способствует повышению внимания со стороны противоположного пола, действуя как афродизиак.  Духи Pandora относятся к категории “экстра” и отличаются высокой концентраций душистых веществ, обеспечивающих повышенную стойкость и продолжительный шлейф.  Удобный тревел-формат флакона позволяет не расставаться с любимым ароматом в течение всего дня.;"Нанести на ""точки пульса"": на запястье, за мочку уха, на сгиб локтя, на шею в районе межключичной впадины и под колено."
19000320424;ALAN BRAY Maison Ambre Oriental;духи;Россия;1472;1295;https://goldapple.ru/19000320424-ambre-oriental;12.8;Ambre Oriental – это незабываемое путешествие на арабский восток. Вдохновение султанским дворцом, его величием и контрастностью, от красоты которого меркнет все вокруг…  Придворным садом, где на тенистых аллеях тиховейно плещут фонтаны, и райские птицы щебечут в унисон еле уловимому дуновению ветра.  Здесь витает чарующий аромат специй, персика и зеленого сочного яблока сорта Granny Smith… Аромат, яркий многогранный - настоящая восточная роскошь, вдохновившись чарующей атмосферой волшебного востока из сказки 1000 и одна ночь.. Фрукты, в облаке пряного кедра, «сердечное» обрамление пачули и легкая мускусная вуаль в комплиментарном шлейфе. Ambre Oriental опьяняет с первых аккордов. Он по-гурмански очарователен, и по восточному роскошен. Прекрасен на любой сезон.;Нанести на шею, запястье, локтевые сгибы.
19000197492;MIPASSION Joy;духи;Россия;849;594;https://goldapple.ru/19000197492-joy;12.6;Твердые духи MiPASSiON — это селективный парфюм на основе масла ши. Эти духи раскрываются постепенно и имеют стойкость до 4 часов, за счет чего можно менять аромат и его интенсивность в течение дня. А пользоваться им — отдельный ритуал.  Твердые ароматы наносятся на пульсирующие точки — на запястья, за ухо, на внутреннюю сторону локтя, под коленями, на шейные лимфоузлы. Благодаря маслам сухие духи обладают увлажняющими свойствами.  Такой парфюм в удобном формате поместится в любую сумочку и не прольется.;Нанести пальцами небольшое количество парфюмированного баттера на кожу тела в точках, где прощупывается пульс и выше температура тела (шея, запястья).
19000181594;PRESTIGIOUS Merazur Blue;духи;Франция;3150;2047;https://goldapple.ru/19000181594-merazur-blue;12.32;Аромат Merazur Blue радостно открывается фруктовыми и игристыми нотами, придавая общий позитивный настрой всей парфюмерной композиции. Сердце аромата, интенсивное и чувственное, сотканное из нот розы и жасмина, составляет поразительный контраст с начальным игривым настроем. Заключительный аккорд, состоящий из нот белого мускуса, сандала и амбры создают гармоничное и утонченное звучание аромата.;Распылять на кожу с расстояния 20-30 см.
99000046187;АLMA JUTE Cherry boom;духи;;800;680;https://goldapple.ru/99000046187-cherry-boom;12.32;Твердые духи Cherry boom — это чувственный и нежный аромат, который соединяет в себе противоположности. В нем гармонично сплетены сладковатые аккорды черешни и вишневого сиропа и легкая горчинка перуанского бальзама, дополненная многогранными и глубокими древесными нотами сандала, кедра и ветивера. Мы используем гипоаллергенный и органический состав, а отсутствие в базе спиртовой основы и пчелиного воска делает наши духи безопасными для детей и подростков, беременных женщин и людей, особенно чувствительных к продуктам пчеловодства. Другим неоспоримым преимуществом являются ухаживающие компоненты в составе, которые увлажняют и питают кожу.Уникальная формула позволяет использовать духи не только в качестве парфюма, но и как ухаживающий воск для секущихся кончиков волос и для увлажнения кутикулы.Духи упакованы в маленькую алюминиевую винтажную баночку, имеют нежную кремовую текстуру и поместятся в любую женскую сумку, и не вызовут вопросов во время путешествия на самолете.;Слегка разогрейте духи подушечками пальцев. Нанесите духи на зоны пульса ( запястье, область шеи, за ухо, на локтевой сгиб).
19000003873;12 PARFUMEURS FRANCAIS LE ROI CHANCEUX;духи;;22000;18700;https://goldapple.ru/19000003873-le-roi-chanceux;12.0;В коде LE ROI CHANCEUX присутствуют свежие ноты бергамота, зеленого яблока, лаванды и арбуза. Сердце наполнено нотами кедра и морскими оттенками. В шлейфе остаются ноты ванили, пачули и ветивера. Стойкий, свежий, завораживающий аромат для дерзких личностей, любящих риск и приключения.;
19000446467;ZIELINSKI & ROZEN Peach, Passion Fruit, Musk;духи;Россия;12790;12790;https://goldapple.ru/19000446467-peach-passion-fruit-musk;12.0;Аромат категории унисекс. Долго сохраняется на коже, оставляя легкий шлейф.;Распылять на кожу с расстояния 30 см. Для усиления стойкости аромата наносить на разогретое или влажное тело.
99000088557;SYNONYME WHITE WIDOW;духи;;1400;840;https://goldapple.ru/99000088557-white-widow;11.76;WHITE WIDOW - это синоним праздниĸа жизни. Взрыв дофамина в опьяняющем ĸоĸтейле изысĸанной гурманиĸи. Возбуждает аппетит ĸ ярĸой жизни, наполненной росĸошью, соблазнами и на время снятыми запретами.;Аромат можно наносить на волосы, кожу, одежду.
19000376445;GIARDINO MAGICO AFTER DARK;духи;Россия;3150;3150;https://goldapple.ru/19000376445-after-dark;11.76;Для Него, для Нее, для Вас. After Dark — это унисекс-аромат, который подходит как для мужчин, так и для женщин. Он представляет собой свежую композицию, вдохновленную рассветом. Именно рассветом после бессонной ночи.  Этот яркий аромат словно запечатляет волшебную минуту, когда ночная тьма сдает свои позиции и небо наполняется светом нового дня, полным незабываемых обещаний и возможностей.;Наносить на кожу и волосы.
19000033103;THE HARMONIST Hypnotizing fire;духи;;6450;5805;https://goldapple.ru/19000033103-hypnotizing-fire;11.52;Словно мягкий огонь свечи, завораживающий и согревающий, этот аромат излучает нежное, роскошное тепло, которое гипнотизирует своим звучанием, завязанным на игре контрастов, представленной пряными и теплыми аккордами одновременно. Душистый перец, собранный под пылающим солнцем Ямайки и переплетенный с ароматом болгарской розы, элегантно трансформируется в загадочный аккорд индонезийского пачули, а смолистый опопонакс, формирующий идеальную парфюмерную пару с аккордом мадагаскарской ванили, снова напоминает о дрожащем пламени, где тепло смешивается с чувственностью. Hypnotizing Fire – это огонь обольщения.;Аромат станет элегантным завершающим штрихом к образу. Аромат наносят на кожу, погружая себя в облако шлейфа.
19000328680;12 PARFUMEURS FRANCAIS MADAME DU BARRY;духи;Франция;31000;26350;https://goldapple.ru/19000328680-madame-du-barry;10.78;Женственный парфюм отражает невероятную энергию и красоту французской графини Жанны Дюбарри, фаворитки короля Людовика XV.  Она могла решать судьбу страны, влияя на настроение монарха.  И самое парадоксальное, что Жанна к этому не стремилась в отличие от знаменитой мадам де Помпадур...  Графиня настолько любила роскошь, что сегодня ее имя ассоциируется с «расточительностью и расточительностью Версаля».;Наносить на неповрежденные участки кожи, волос и одежду.
19000257672;NOBILE 1942 Rudis;духи;Италия;24046;21641;https://goldapple.ru/19000257672-rudis;10.34;Духи RUDIS посвящены силе. “Rudis” или рудиарий — деревянный меч, который дарили победившим гладиаторам как трофей. Он был не просто оружием, а символом свободы: гладиатор больше не раб. Перед выходом на арену, преодолевая страх и не зная исхода, гладиаторы пили сидр, приготовленный из сушеных фруктов и винограда. NOBILE 1942 считает, что у каждого профессионала и бизнесмена идёт своя битва за победу. Энергичный аромат сочетает силу и нежность, борьбу и свободу, жизнь и смерть, мужественность и слабость, которые отражаются в сочетании нот сухофруктов и вина с кожаными и древесными нотами.;Только для наружного применения.
19000206600;BIRKHOLZ Mystic Haze;духи;Германия;44930;40437;https://goldapple.ru/19000206600-mystic-haze;10.34;Таинственный аромат BIRKHOLZ, посвященный магии Северной Африки, раскрывает звучание благородных парфюмерных ингредиентов. Загадочное путешествие начинается в храмовых комплексах египетской Долины царей, хранящей древние тайны.  Пряные, древесные и гурманские ноты переливаются плавно, слово во время неспешной прогулки на лодке по реке Нил. Провокационный аккорд конопли в дуэте с пряным кардамоном венчает восточную композицию, в которой ярко звучит сочетание апельсина и ванили.  Густую мистическую дымку дополняют ноты ладанника, пралине и древесный аккорд.;Только для наружного применения.
19000172681;PANDORA PARFUM extra #19;духи;Россия;1395;976;https://goldapple.ru/19000172681-parfum-extra-19;10.32;Pandora # 19 станет находкой для ярких личностей, которые любят быть в центре внимания. Открывается композиция тонким ароматом согретых солнцем фруктов и ягод. В “сердце” аромата магнетическая тубероза,  сливочная нота гардении и тростниковый сахар красиво вплетаются в сладко-цветочную тему аромата. В базовых нотах аромат становится теплым и обволакивающим благодаря сочетанию дымно-смолистого сандала, нежной ванили, чувственному мускусу, вишенво-миндальному гелиотропу и амброксану, который делает парфюм многогранным и шлейфовым. Духи Pandora относятся к категории “экстра” и отличаются высокой концентраций душистых веществ, обеспечивающих повышенную стойкость и продолжительный шлейф. Удобный тревел-формат флакона позволяет не расставаться с любимым ароматом в течение всего дня.;"Нанести на ""точки пульса"": на запястье, за мочку уха, на сгиб локтя, на шею в районе межключичной впадины и под колено."
19000383956;LAB FRAGRANCE MYSTIQUE;духи;Россия;3300;2310;https://goldapple.ru/19000383956-mystique;10.32;Он раскрывается искрящимися нотами липового цвета, сочной сладостью личи и прохладной свежестью бергамота, словно загадочный свет, пробивающийся сквозь туман, будоража и чаруя мир. В его сердце бархатистый пион в обрамлении жасмина и легкая горечь травянистого дрока переплетаются с воздушной петалией, создавая образ, полный секретов и недосказанных историй. Шлейф звучит мягко и глубоко, как тень, скрывающая тайну — теплая ваниль, нежный пудровый гелиотроп и благородный ветивер наполняют пространство неуловимой гармонией, оставляя за собой след, который тает в воздухе, как забытое заклинание.;Распылить на кожу и/или на одежду.
19000059296;CLIVE CHRISTIAN Crown Collection Crab Apple Blossom;духи;;73190;51233;https://goldapple.ru/19000059296-crown-collection-crab-apple-blossom;10.12;Цитрусово-акватический Crab Apple Blossom раскрывается великолепным звучанием цветов дикой яблони, которая соединяется в верхних нотах с оттенками морского бергамота, горького фрукта юзу, лимона, мандарина и с изысканным коктейлем цитрусовой древесины.  Чувственное сердце из нероли и османтуса великолепно сбалансировано водяной лилией, зеленым ревенем и пикантным оттенком фруктового Мохито, который привносит в аромат неожиданный твист. Сливочный сандал, мох, амбра и кашемировое дерево усиливают шлейф аромата.  Свежий, яркий, цитрусовый, но очень мягкий и нежный.;Нанести на пульсирующие точки.
19000143875;LAB FRAGRANCE Vetiver;духи;Россия;7900;5530;https://goldapple.ru/19000143875-vetiver;10.0;Отправьтесь в путешествие на роскошной яхте по лазурной глади, разнося за собой яркий шлейф сицилийского бергамота и индийского кардамона, приправленного нотами морского ветра. Далее звучание сопроводит вас в уютную каюту, где повсюду веет аромат тикового дерева, в сочетании с нотами мускуса.;Только для наружного применения.
19000266446;COSMOGONY Flaming Sky;духи;Россия;2200;1540;https://goldapple.ru/19000266446-flaming-sky;9.9;Чем пахнут пламенеющие небеса? Чем пахнет красный песок, раскалённый на солнце? Чем пахнет ледяная тень каньонов? Первый шаг даётся непросто. Второй - уже легче. Третий, четвёртый, пятый… Подними голову, вглядись в новое небо. Ты на Красной планете, это Марс. Повелитель жизненной силы, тот, что во все времена будил огонь внутри, помогал подняться, идти против бури и тьмы. Не бояться. Верить в себя и верить себе. Щит и меч, которые каждый из нас хранит в душе. В аромате Flaming Sky парфюмер Жюли Массе смешала морозный эвкалипт и горячий бессмертник, расплавила дикую ваниль, амбру и кедр, а затем охладила всё глубоким мхом. Этот огонь в рубиновом сердце-флаконе светит, не гаснет. Иди за ним. Ноты: эвкалипт, бессмертник, солярные ноты, кедр, ваниль, амбра, мускус, мох. Парфюмер: Жюли Массе (Julie Masse).;Только для наружного применения. Распылять  на кожу/волосы с расстояния 10-15 см.
19000268537;CALVIN KLEIN DEFY;духи;Испания;9000;4500;https://goldapple.ru/19000268537-defy;9.9;Calvin Klein представляет Calvin Klein Defy Parfum как новейшее дополнение к портфолио мужских ароматов.  После успешного запуска Calvin Klein Defy Eau de Toilette и Calvin Klein Defy Eau de Parfum этот новый аромат продолжает воспевать эволюционное путешествие к непокорности.   Новый аромат опирается на тот же древесный ольфактивный профиль, что и его предшественники, создавая более интенсивный запах, который бросает вызов ожиданиям.  Неожиданно теплый, Calvin Klein Defy Parfum раскрывает самые мощные грани мужчины Defy, подчеркивая при этом его контрастную уязвимость и силу.  Аромат открывается яркой и светящейся нотой розового перца. В сердце лаванда придает естественную свежесть. Основой и главным ингредиентом аромата является переработанная скорлупа какао, полученная из экологически чистых источников, которая придает аромату насыщенную гурманскую глубину и позволяет повторно использовать ранее выброшенную скорлупу какао.;Наносить аромат равномерно на одежду, кожу и волосы.
19000172674;PANDORA PARFUM extra #12;духи;Россия;1395;976;https://goldapple.ru/19000172674-parfum-extra-12;9.88;Изысканная и легкая Pandora # 12 создана для уверенной в себе и успешной женщины.  Интересное фруктовое начало из нот сладкого персика, сочного ананаса, тропического манго и медовой дыни мягко обволакивает свою обладательницу, намекая о чувственной и женственной стороне ее натуры.  В “сердце” композиции царственная роза и нежная фрезия раскрываются на фоне свежих зеленых нот.  Шлейф остается на коже чувственностью белого мускуса, сладостью уютной ванили и дымной смолистостью сандала.  Духи Pandora относятся к категории “экстра” и отличаются высокой концентраций душистых веществ, обеспечивающих повышенную стойкость и продолжительный шлейф. Удобный тревел-формат флакона позволяет не расставаться с любимым ароматом в течение всего дня.;"Нанести на ""точки пульса"": на запястье, за мочку уха, на сгиб локтя, на шею в районе межключичной впадины и под колено."
19000003872;12 PARFUMEURS FRANCAIS FONTAINEBLEAU;духи;;31000;26350;https://goldapple.ru/19000003872-fontainebleau;9.6;Этот аромат со смыслом, знакомство с ним начинается с розового, мандаринового и смородинового облака, которое создает правильную форму аромата.  В сердце – фиалка, красные фрукты и розовые нити. А успокоить бурлящий эмоциями фонтан призваны мягкие сандаловые, кедровые, ванильные и мускусные акценты.  Хотите любить, как Королева? Любите!  Обожать? Обожайте!  Чувства должны выплескиваться наружу, чтобы сохранить душевное равновесие.;Наносить на неповрежденные участки кожи, волос и одежду
19000266086;PREPARFUMER Fruity Musk;духи;Франция;3990;2513;https://goldapple.ru/19000266086-fruity-musk;9.46;Беззаботный и пышный аромат, распускающийся палитрой фруктовых красок: сладкие плоды маракуйи, вкусы персика и груши, кислинка малины и чёрной смородины. Сочная рапсодия перекликается со стеблями ландыша и пудровым гелиотропом. Главная узнаваемая грань - насыщенный плотный мускус, усиленный скользящим акцентом пачулей и сандаловым деревом.;Только на чистую кожу. Наносите парфюм только на тело, не на одежду.  Наносить парфюм на несколько точек.  Никогда не растирайте парфюм, позвольте ароматным капелькам парфюмированной воды, самостоятельно впитаться в кожу, тогда пирамида останется целой и невредимой, соответственно раскроется в своей естественной последовательности.
99000046183;АLMA JUTE Fleur power;духи;;800;680;https://goldapple.ru/99000046183-fleur-power;9.24;Твердые духи Fleur power - это унисекс парфюм, который завораживает всплеском цветочных и фруктовых нот. Древесные и мускусные акценты смягчают сладость персика и сочность апельсина, привносят в запах терпкость и соблазн. Мы используем гипоаллергенный и органический состав, а отсутствие в базе спиртовой основы и пчелиного воска делает наши духи безопасными для детей и подростков, беременных женщин и людей, особенно чувствительных к продуктам пчеловодства. Другим неоспоримым преимуществом являются ухаживающие компоненты в составе, которые увлажняют и питают кожу. Уникальная формула позволяет использовать духи не только в качестве парфюма, но и как ухаживающий воск для секущихся кончиков волос и для увлажнения кутикулы. Духи упакованы в маленькую алюминиевую винтажную баночку, имеют нежную кремовую текстуру и поместятся в любую женскую сумку, даже самый скромный клатч и не вызовут вопросов во время путешествия на самолете.;Слегка разогрейте духи подушечками пальцев. Нанесите духи на зоны пульса (запястье, область шеи, за ухо, на локтевой сгиб).
19000062948;EQUIVALENT P014;духи;;1090;872;https://goldapple.ru/19000062948-p014;9.0;Самым правильным решением было бы отнести  P014 к гурманской группе ароматов. В одной линии с известными линейками Dolce&Gabbana и Chanel. Построенный на базе кремовости сандала, энергичного веяния мускуса и яркого, необычного зефира, аромат берет высокие аккорды, благодаря пульсу цветового наполнения. Глубокий жасмин контрастирует с недосягаемой свежестью апельсина. Верхушку вечной горы, опирающейся на гармонию и классические пропорции, венчает терпкий зеленый апельсин, удивительно играющий оттенками малины и нероли. Такой аромат создает соблазнительный мотив, оттеняя его роскошью, что придает обладательнице удивительную игривость и вместе с этим подчеркивает внутреннюю гармонию.;Парфюм всех типов наносится на чистую, слегка увлаженную кожу.
27321100008;GOLDFIELD & BANKS Wood Infusion;духи;;21340;15151;https://goldapple.ru/27321100008-wood-infusion;9.0;Роскошный ориентальный эликсир, наполненный ароматами драгоценных сортов древесины, смолистыми оттенками корней и ароматическими нотами. Аромат вдохновлен роскошной природой и бархатным великолепием острова Фрейзер в Тихом Океане.   Wood Infusion – это собрание всех видов уникальных деревьев, произрастающих на этом острове.  Аромат представляет собой экзотический коктейль из австралийской древесины, обогащенный оттенками сандалового дерева Альба, ириса и бархатных нот удового дерева.    Уникальная комбинация драгоценных нот раскрывается индивидуальным образом на мужчинах и на женщинах. Роскошный, сливочный аромат, словно созданный самой природой из самых драгоценных растительных компонентов.;Нанести на пульсирующие точки
27381300004;XERJOFF JTC Fatal Charme;духи;Франция;28080;16848;https://goldapple.ru/27381300004-jtc-fatal-charme;8.82;Фатальное очарование в исполнении Xerjoff не нуждается в представлении. Элегантный и изысканный аромат, полный мягкости и женственности, раскрывается цветочными аккордами с пудровыми нотами и акцентами орриса. Аромат представлен в рамках коллекции JTC, что расшифровывается как «Join The Club» – «Вступайте в клуб». Коллекция посвящена путешествиям в самое закрытое общество.;Нанести на пульсирующие точки
19000332882;GIARDINO MAGICO Gentleman's;духи;Россия;8150;8150;https://goldapple.ru/19000332882-gentleman-s;8.82;Gentleman's —  воплощение современного джентльмена. Этот аромат сочетает в себе утонченность и элегантность, подчеркивая харизму и уверенность современного мужчины.  Эта сложная композиция умело балансирована между классикой и новым веянием. Она идеально подходит как для повседневного использования, так и для особых случаев.;Наносить на кожу и волосы.
19000344519;TIZIANA TERENZI Orion;духи;Италия;36000;30600;https://goldapple.ru/19000344519-orion;8.64;В декабре 2015 года коллекция LUNA COLLECTION пополнилась новым звёздным ароматом ORION, по имени самого красивого южного созведия Орион, которое можно видеть и в наших широтах зимой. ORION - пряные и яркие духи, сильные и деликатные одновременно. Букет цитрусов делает их искрящимися в контрасте со сладостью ананаса и сочностью яблока, предшествующих сияющему появлению пряной гармонии тимьяна и орегано. Прохладный бриз сопровождаемый древесными нотами приглашает в мечтательное путешествие в Бесконечность.;Средство предназначено для наружного применения с целью придания приятного аромата. Нанести аромат на кожу.
19000424489;ALAN BRAY Signorina Divina;духи;Россия;1619;1457;https://goldapple.ru/19000424489-signorina-divina;8.28;Роскошный, бесконечно женственный, магнетический аромат, вдохновленный неземной красотой женщины. Безупречное отражение внутреннего сияния, природного притяжения и уникальности.;Нанести на шею, запястье, локтевые сгибы.
19000404786;HUGO BOSS THE SCENT LE PARFUM;духи;Франция;8500;5525;https://goldapple.ru/19000404786-the-scent-le-parfum;8.0;HUGO BOSS – это символ элегантности и уверенности, который завоевал сердца миллионов по всему миру. Бренд, известный своим безупречным стилем и качеством, представляет парфюм BOSS The Scent Parfum для женщин – аромат, который невозможно забыть. Этот парфюм – воплощение притяжения и соблазна, созданный для тех, кто не боится быть в центре внимания. Амброво-цветочно-древесный аромат раскрывается насыщенными нотами апельсинового цвета, которые переплетаются с обволакивающим теплом ветивера. Акцент на воздушном и текстурированном актигалавуде добавляет аромату глубину и интригу, создавая незабываемое впечатление. Флакон BOSS The Scent Parfum для женщин – это произведение искусства. Лаконичный дизайн с крупным логотипом BOSS на светло-тауговом стекле и розово-золотой крышкой с монограммой Double-B подчеркивает многогранность и силу аромата, отражая динамику и страсть. Для максимального эффекта нанесите парфюм на точки пульса – это позволит аромату раскрыться во всей своей красе и продлить его стойкость. Позвольте себе окунуться в мир соблазна и уверенности с BOSS The Scent Parfum для женщин.;Распылите с расстояния 20-30 см на точки пульса или создайте ароматное облако и войдите в него для более легкого и равномерного нанесения.
19000306918;ORMONDE JAYNE Ambre Royal;духи;Великобритания;41340;35139;https://goldapple.ru/19000306918-ambre-royal;8.0;Испытанный временем аккорд из роз и жасминов, с энергичными нотами цветов апельсина и бергамота, приобретает нестандартное звучание благодаря пачули и кедру. Сердце аромата звучит насыщенной, теплой нотой амбры, которая столь органично сочетается со всей  композицией. Так рождается гармоничный и роскошный аромат.   Ambre Royal из тех, кому  можно доверять – он мощный, теплый и чувственный.;Духи следует наносить в небольшом количестве, близко к коже (1-2 см), на тепловые точки: под коленями, область живота, запястья, сгибы локтей, район солнечного сплетения, точки за ушами, основание шеи со стороны спины, затылок. Как правило на одну точку достаточно несколько капель. Растирать духи не рекомендуется, так как это может нарушить правильный процесс раскрытия композиции. Для повышения стойкости рекомендуем наносить на хорошо увлажненную кожу, комбинируя с кремом, молочком или маслом для тела.
19000381058;EQUIVALENT G 022;духи;ОАЭ;1690;1521;https://goldapple.ru/19000381058-g-022;7.84;Элегантность под руку с застенчивостью, женственностью в своем чистом проявление - всё это про G022.  Бобы тонка в одном аккорде с жасмином и сандалом создают тысячи возможностей для аромата - начиная от деловой встречи заканчивая жаркой вечеринкой. Он везде будет к месту, создавая вокруг своей обладательницы ни с чем не сравнимую ауру проявления всех самых завидных женских качеств и дополняя любой образ необычным вкусом иланг-иланга, вплетенного в канву аромата.;Для полноценного раскрытия, духи наносятся на пульсирующие участки кожи, вблизи сосудов, которые будут постоянно его подогревать - на шею за ушами, под колено, на запястье, локтевые сгибы, волосы.
19000437924;PRONICHE ProNiche Fragrance Studio Limited Edition Vanilla, Lavender, Patchouli, Cream;духи;Россия;1790;1253;https://goldapple.ru/19000437924-vanilla-lavender-patchouli-cream;7.68;С первых нот - ваниль, тёплая и уютная, как объятия. Она нежно переплетается с лавандой, которая, словно лёгкое облако, расставляет акценты, но не захватывает. Лаванда здесь не доминирует - она, как убаюкивающее прикосновение, плавно растворяется в облаке ванили. Пачули появляется едва заметно, как скрытая сила, обвивая аромат тонким, но запоминающимся шлейфом.  Сливочные ноты завершают композицию, даря мягкость, которая остаётся в воздухе, словно шёлковая ткань, касающаяся кожи.;Нанести на шею, запястье, локтевые сгибы.
19000437923;PRONICHE ProNiche Fragrance Studio Limited Edition Tropic Mango, Vanilla, Peach;духи;Россия;1790;1611;https://goldapple.ru/19000437923-tropic-mango-vanilla-peach;7.68;Аромат — солнечная энергия, легкость и удовольствие в каждом вдохе. Он раскрывается сочным манго и искрящимся апельсином, дополненными тонкими пряными нотами, которые придают композиции яркость. В сердце аромата расцветают цветочные аккорды, переплетаясь с бархатистой сладостью персика, создавая атмосферу нежности и безмятежности. Шлейф: мягкая ваниль, изысканный миндаль и нежный мускус. Пробуждает радость, легкость и внутреннюю гармонию.;Нанести на шею, запястье, локтевые сгибы.
19000381046;EQUIVALENT G 002;духи;ОАЭ;1690;1521;https://goldapple.ru/19000381046-g-002;7.38;G002 этот стильный аромат может стать вашей второй кожей. Его аромат не навязчив, но привлекателен, будет сопровождать протяжении всего дня.  Яркий цитрусовый аккорд поднимет настроение, ирисы в базе подарят ощущение свежести и чистоты, а основной компонент композиции - легкий, солоноватый, чуть сладковатый, чувственный амброксан не оставит вас без внимания и комплиментов.  Особенность данного аромата заключается еще и в том, что его можно сочетать с другим Вашим любимым ароматом, создавая таким образом свой собственный неповторимый образ.;Для полноценного раскрытия, духи наносятся на пульсирующие участки кожи, вблизи сосудов, которые будут постоянно его подогревать - на шею за ушами, под колено, на запястье, локтевые сгибы, волосы.
19000331908;DILIS Cold Galaxy;духи;Беларусь;3685;3316;https://goldapple.ru/19000331908-cold-galaxy;7.2;Cold galaxy ot dilis niche collection - это утонченное творение переносит на берега космического океана. С первых нот он вызывает ощущение просторов, заряжая энергией кристально чистого воздуха. Элегантный и современный, Сold galaxy объединяет в себе аккорды минеральных и древесных нот.  Аромат aссоциируется с бесконечным пространством и безграничными возможностями.  С ароматом Сold galaxy появляется стремление к новым открытиям, что делает его идеальным спутником для путешественников и мечтателей.;Нанести на кожу (в места точек пульсации) достаточно 2-3 нажатия, дистанция 10-15 см.
19000437921;PRONICHE ProNiche Fragrance Studio Limited Edition Forest Strawberry, Vanilla, White Musk;духи;Россия;1790;1611;https://goldapple.ru/19000437921-forest-strawberry-vanilla-white-musk;7.2;Аромат, в который влюбляешься с первого вдоха. Он начинается с яркого всплеска сочной клубники и нежной малины - как первая искра влюблённости, игривая и манящая.  В сердце композиции раскрывается бархатистая роза - элегантная, романтичная, словно воспоминание о первом прикосновении, которое остаётся в памяти навсегда. Шлейф оставляет после себя тонкое, тёплое послевкусие ванили и мускуса, как мягкое одеяло, укутывающее в нежность и уют.;Нанести на шею, запястье, локтевые сгибы.
19000258949;VCANTO Stramonio;духи;Италия;24000;19200;https://goldapple.ru/19000258949-stramonio;7.02;Растение под названием Страмониум, в определённых дозах, применяется как мощный галлюциноген и сверхъестественный афродизиак. Известный в средневековье под названием Ведьмина трава, Страмониум часто применялся в колдовских любовных зельях.  Лукреция Борджиа, хорошо знала о магических свойствах Страмониума, которым она соблазняла своих любовников. Загипнотизированные, они оказывались в ловушке непреодолимых и роковых объятий властной Лукреции.  Композиция аромата Stramonio, будто мощное коварное зелье, приготовленное Лукрецией, зачаровывает нежным букетом цветов гипнотической и одурманивающей силы. Обольщающий жасмин, сильный характер гвоздики и царственное касание орхидеи и шафрана. Сердце распахивается бездонным аккордом ванили, серой амбры и мускусной розы.  Затем обнажаются переплетающиеся, будто могучие корни, древесные аккорды Африканского черного дерева, дубового мха и красных пачулей, усиленные животным аккордом мускусов. Stramonio - эссенция обольщения в капле рокового парфюма.;Средство предназначено для наружного применения с целью придания приятного аромата. Нанести аромат на кожу.
19000344508;TIZIANA TERENZI Foconero;духи;Италия;27500;23375;https://goldapple.ru/19000344508-foconero;7.0;Foconero - аромат морского бриза, свежих и солоноватых вечеров оставшихся навсегда в памяти, со времени путешествия по этой земле вековых традиций.  Он наполнен ярким колоритом и щедро одаривает окружающих небесными райскими запахами. Foconero встретит Вас знаменитыми цитрусовыми из Сорренто, лимоном и бергамотом, потом появятся пряный тимьян, суровый и терпкий аромат ягод можжевельника, лекарственная прохлада лаванды. Далее шествуют благородные цветы иланг-иланга, окутанные свежестью белого ландыша, гиацинт, умело сочетаемый с дерзким камфарным холодком кардамона. Лёгкий запах солёного моря подчеркивает композицию, привнося узнаваемую свежесть, постепенно уступающую традиционной силе древесных тонов кубинского кедра, дубового мха, сандала и красных пачулей.;Средство предназначено для наружного применения с целью придания приятного аромата. Нанести аромат на кожу.
99000040461;KUSHNAREVA PERFUME Patchouli №27;духи;;2500;2500;https://goldapple.ru/99000040461-patchouli-no27;7.0;Терпкий, темпераментный, теплый унисекс-аромат на мускусной базе с обертоном мха и ветивера.  Все внимание здесь забирает на себя пачули, ставший душой и сердцем композиции.;
19000446469;ZIELINSKI & ROZEN Apple, lotus;духи;Россия;12790;12790;https://goldapple.ru/19000446469-apple-lotus;6.86;Аромат категории унисекс. Долго сохраняется на коже, оставляя легкий шлейф.;Распылять на кожу с расстояния 30 см. Для усиления стойкости аромата наносить на разогретое или влажное тело.
99000046191;АLMA JUTE Toscana;духи;;800;680;https://goldapple.ru/99000046191-toscana;6.84;Твердые духи Toscana — это аромат, где мягко переплетаются благоухающие ноты ванили, хрупкие белоснежные цветы жасмина и солнечные искры спелого апельсина. Мы используем гипоаллергенный и органический состав, а отсутствие в базе спиртовой основы и пчелиного воска делает наши духи безопасными для детей и подростков, беременных женщин и людей, особенно чувствительных к продуктам пчеловодства. Другим неоспоримым преимуществом являются ухаживающие компоненты в составе, которые увлажняют и питают кожу. Уникальная формула позволяет использовать духи не только в качестве парфюма, но и как ухаживающий воск для секущихся кончиков волос и для увлажнения кутикулы. Наш парфюм подойдет тем, кто предпочитает натуральную косметику и деликатные запахи без содержания спирта. Духи упакованы в маленькую алюминиевую винтажную баночку, имеют нежную кремовую текстуру и поместятся в любую женскую сумку, даже самый скромный клатч и не вызовут вопросов во время путешествия на самолете.;Слегка разогрейте духи подушечками пальцев. Нанесите духи на зоны пульса ( запястье, область шеи, за ухо, на локтевой сгиб).
19000316378;FLAME MOSCOW Marie;духи;Россия;1250;875;https://goldapple.ru/19000316378-marie;6.72;Земляные и бальзамические ноты сосны, лесной хвои и мускуса балансируют с яркими лимонными и мятными акцентами. Сандал и кедр добавляют теплоты и близости. Этот аромат напоминает старого хорошего друга: он утонченный, но по-семейному близкий. Твердый парфюм удобно использовать на ходу и в путешествиях. В отличие от жидких парфюмерных средств, его можно взять с собой на борт самолета, а также удобно душиться им в окружении людей и в общественных местах. Аромат раскрывается у всех на коже по-разному, особенно у женщин и мужчин. Все ароматы — унисекс. За счет органического состава их также можно наносить на концы волос и кутикулу для увлажнения и питания.;Чтобы аромат раскрывался сильнее, духи необходимо нанести на все пульсирующие точки и волосы. Аромат раскрывается лучше при тепле. Количество наносимого средства нужно подбирать под индивидуальную способность кожи «дышать» и тем самым распространять аромат.
19000062942;EQUIVALENT P008;духи;;1090;981;https://goldapple.ru/19000062942-p008;6.44;Тонкий, светлый, деликатный аромат-вуаль, сотканный из букета нежнейших пионов с фрутовыми нотками, которые лишь добавляют яркие штрихи к совершенному цветочному букету, а прозрачное мерцающее звучание мускуса становится идеальным фоном для данной композиции. Основные ноты: мандарин, пион, роза, абрикос, персик, мускус.;Парфюм всех типов наносится на чистую, слегка увлаженную кожу.
19000167924;LAB FRAGRANCE Black sheikh;духи;Россия;3300;2640;https://goldapple.ru/19000167924-black-sheikh;6.16;Черный шейх раскроется поистине гипнотическим звучанием уда.  Согревшись на коже, композиция погрузит вас в омут нот дерева гуаяк, дымных пачули и амбры. Это аромат, способный действительно перевернуть ваше представление о парфюме.;Только для наружного применения.
19000062949;EQUIVALENT P016;духи;;1090;763;https://goldapple.ru/19000062949-p016;6.16;Шикарный, необычный, томный цветочно-ориентальный аромат, в котором сладковато-терпкий шафран и чувтственный сладостный жасмин заключены в объятия сладких смолисто-пряных оттенков на благородном древесно-амбровом фоне. Основные ноты: жасмин, шафран, кедр, амбра.;Парфюм всех типов наносится на чистую, слегка увлаженную кожу.
19000381050;EQUIVALENT G 008;духи;ОАЭ;1690;1521;https://goldapple.ru/19000381050-g-008;6.16;G008 - тонкий, светлый, деликатный аромат-вуаль, сотканный из букета нежнейших пионов с фруктовыми нюансами, которые лишь добавляют яркие штрихи к совершенному цветочному звучанию, а прозрачное мерцающее звучание мускуса является идеальным фоном для данной композиции.;Для полноценного раскрытия, духи наносятся на пульсирующие участки кожи, вблизи сосудов, которые будут постоянно его подогревать - на шею за ушами, под колено, на запястье, локтевые сгибы, волосы.
19000033102;THE HARMONIST Yin Transformation;духи;;6450;5805;https://goldapple.ru/19000033102-yin-transformation;6.16;Чувственный аромат с уникальной парфюмерной текстурой. Идеальная гармония акватических нот, скомбинированных с орхидеей калипсо и болгарской розой. Современный аккорд миндального молока трансформирует прозрачность воды в бархатистую парфюмерную фактуру, переплетаясь с солнечной нотой иланг-иланга. Кремовые ноты сандалового дерева и бензоина формируют мягкость в базе, а аккорд белого мускуса придает аромату современное звучание.;Аромат станет элегантным завершающим штрихом к образу. Аромат наносят на кожу, погружая себя в облако шлейфа.
19000381055;EQUIVALENT G 015;духи;ОАЭ;1690;1521;https://goldapple.ru/19000381055-g-015;6.02;G015 - необычный, притягательный аромат начинается с нот бергамота, личи и персика. Сердце аромата раскрывается потрясающим бело-цветочным звучанием жасмина, пиона апельсинового цвета. Древесно-мускусная база подчёркивает красоту звучания основного аккорда.  Аромат создает атмосферу ранней весны, акварельные образы нежных бутонов и предчувствие любви.;Для полноценного раскрытия, духи наносятся на пульсирующие участки кожи, вблизи сосудов, которые будут постоянно его подогревать - на шею за ушами, под колено, на запястье, локтевые сгибы, волосы.
19000177522;PLANETA ORGANICA Himalayan Philosophy;духи;Россия;2170;1410;https://goldapple.ru/19000177522-himalayan-philosophy;6.02;Planeta Organica совместно с французскими парфюмерами создали коллекцию, вдохновленную фантазиями и впечатлениями о дальних странах. Выбирайте свой аромат захватывающего путешествия!  Аромат: цветочно-фруктовый, зеленый, мускусный.;
19000143866;LAB FRAGRANCE Calabria;духи;Россия;3000;2400;https://goldapple.ru/19000143866-calabria;6.02;Сочный, искрящийся и зовущий, этот аромат буквально взорвется цветочно-цитрусовым стартом нот мандарина, бергамота, невинной магнолии, а розовый перец добавит игривости.  В сердце композиции этот яркий коктейль, смягчится звучанием нежной розы, османтуса и экзотического цветка тиаре, а благодаря базовым нотам сандала и мускуса, аромат погрузит вас в глубины собственного сознания, позволив лучше познать себя.;Только для наружного применения.
19000120829;FILIPPO SORCINELLI Notre-Dame;духи;;28900;27455;https://goldapple.ru/19000120829-notre-dame;6.0;Коллекция Délire de Voyage дополнена вторым ароматом, вдохновленным ужасным происшествием — пожаром в Соборе Парижской Богоматери, который произошел 15 апреля 2019 года. Однако, цель в том, чтобы не зацикливаться на этой дате, а открыть миру истинную Суть. Филиппо Сорчинелли в своем новом творении хотел выделить 3 основных элемента: запускающее событие, вода на камнях Собора и оставшаяся Сущность. Собор Нотр-Дам, несомненно, является одним из самых известных и посещаемых священных зданий в мире. У Филиппо была привилегия: доступ к местам, закрытым для туристов, где он примечал неожиданные изображения и запахи. Но в чем Суть Собора? Мы сразу приходим к выводу, что это мощный аромат ладана. Но это более чем неполное представление! Запах Нотр-Дама — не ладан. Именно сегодня этот самый «момент дыма» творит историю. Это вода, стекающая с камней на корпус органа. Сегодня это глубокая рана в сводах Собора, пропускающая свет с голого неба. Это запах продолжающейся жизни, нетронутой души, это бьющие струи света золотого креста. Это Истина, которая продвигается. Notre-Dame 15.4.2019, настоящая суть, будет небольшим жестом поддержки ансамблю певцов и музыкантов Maitrise, которые хранят бесценное наследие Священной Музыки Собора. Фактически, выручка с продаж будет передана ассоциации Musique Sacrée, которая в настоящее время находится за пределами собственного «дома», чтобы помочь в продолжении ее миссии. Упаковке духов уделяется особое внимание: крышка флакона представляет собой цельный обгоревший кусочек дерева, напоминая о трагическом моменте пожара. На крышку нанесено название аромата. Коробка открывается на четыре распадающихся «крыла», нарисованных и подписанных самим Филиппо Сорчинелли, с символами, цветами и стилистическими элементами, относящимися к Собору: четыре настоящих крошечных «картины», которые составляют единое подлинное и исключительное произведение искусства.;По мере необходимости
19000327870;FRANCK BOCLET Absolute Shadow;духи;Франция;21000;17850;https://goldapple.ru/19000327870-absolute-shadow;6.0;Аромат подобен тени, отражению самого себя, отражению своей личности, обонятельному следу, который человек ощущает в своей памяти. Мягкий и опьяняющий, Absolute Shadow оставляет волшебный след, словно воспоминание о душе. Мягкие ноты миндаля и флердоранжа сочетаются с силой восточных нот сандала, ванили и бобов тонка.;Наносить на неповрежденные участки кожи, волос и одежду.
19000172673;PANDORA PARFUM extra #11;духи;Россия;1395;976;https://goldapple.ru/19000172673-parfum-extra-11;5.76;Аромат Pandora # 11 отличается деликатностью и изяществом. Это легкий тропический бриз, напоенный нотами цветов и фруктов.  Открывается композиция сладкой свежестью медовой дыни и узнаваемой терпкостью черной смородины. В “сердце” раскрываются томительной негой душистый жасмин и чарующий ландыш, переплетаясь с соблазнительной медовой спелостью персика.  В шлейфе вас закружит в вихре мелодии водной стихии морской аккорд, оттененный чувственной нотой амбры.  Благородный и спокойный аромат Pandora # 11 станет достойным дополнением безупречного офисного стиля, делового образа.  Духи Pandora относятся к категории “экстра” и отличаются высокой концентраций душистых веществ, обеспечивающих повышенную стойкость и продолжительный шлейф. Удобный тревел-формат флакона позволяет не расставаться с любимым ароматом в течение всего дня.;"Нанести на ""точки пульса"": на запястье, за мочку уха, на сгиб локтя, на шею в районе межключичной впадины и под колено."
19000167934;LAB FRAGRANCE Temptation;духи;Россия;3300;2640;https://goldapple.ru/19000167934-temptation;5.76;Чувственная история ранней розы, жасмина и нарцисса, имеющая скрытую, дерзкую сторону. Благодаря откровенности и яркости нот османтуса, нероли и индийской туберозы, аромат обретет более терпкое и насыщенное звучание. Все, что вам останется, это поддаться искушению.;Только для наружного применения.
99000046188;АLMA JUTE Moulin rouge;духи;;800;680;https://goldapple.ru/99000046188-moulin-rouge;5.76;Твердые духи Moulin rouge — это аромат, где тягучая хвойная смола замечательно сочетается с медовыми бликами жасмина, роскошный шафран вместе с белым кедром создает пленительный карамельный аккорд, завораживающий красотой. Мы используем гипоаллергенный и органический состав, а отсутствие в базе спиртовой основы и пчелиного воска делает наши духи безопасными для детей и подростков, беременных женщин и людей, особенно чувствительных к продуктам пчеловодства. Другим неоспоримым преимуществом являются ухаживающие компоненты в составе, которые увлажняют и питают кожу. Уникальная формула позволяет использовать духи не только в качестве парфюма, но и как ухаживающий воск для секущихся кончиков волос и для увлажнения кутикулы. Духи упакованы в маленькую алюминиевую винтажную баночку, имеют нежную кремовую текстуру и поместятся в любую женскую сумку, даже самый скромный клатч и не вызовут вопросов во время путешествия на самолете.;Слегка разогрейте духи подушечками пальцев. Нанесите духи на зоны пульса ( запястье, область шеи, за ухо, на локтевой сгиб).
19000316832;EQUIVALENT P040;духи;Россия;1090;981;https://goldapple.ru/19000316832-p040;5.76;Духи из коллекции ароматов Equivalent оригинальны, необычны, эксклюзивны. Отливант, пробники, духи на распив - возможность собрать целый гардероб для всевозможных ситуаций и образов, времен года или настроения.;Такие миниатюры духов рекомендуется наносить на пульсирующие участки кожи вблизи сосудов, которые будут постоянно его подогревать - на шею, за ушами, под колено, на запястье, локтевые сгибы, на волосы.
19000381061;EQUIVALENT G 029;духи;ОАЭ;1690;1521;https://goldapple.ru/19000381061-g-029;5.76;Думаете, это повеяло солнечным побережьем Средиземного моря? Вы правы только на половину - да, запах морских берегов вы угадали верно, но нет, мы не в Италии - это просто G029 окутывает своим легким флером.  Бамбук в одном аккорде с жасмином и яблоком Гренни Смит, напитанное сицилийским кедром - дереве, воплощающем в себе полуденное спокойствие и умиротворение морских берегов, открывают нам возможность коснуться солнечных дней и привнести в свою жизнь тепло отполированной временем гальки и шелест щекочущей волны.  Свежести в аромат добавляют переливы колокольчиков, над которыми, томительной притягательностью колышутся ветки лимонного дерева.  Завершает композицию мускус - он объединяет, приглушает кричащие аккорды и открывает возможности нежных, запрятанных нот, он словно говорит - вот он, аромат, предназначенный для тебя.;Для полноценного раскрытия, духи наносятся на пульсирующие участки кожи, вблизи сосудов, которые будут постоянно его подогревать - на шею за ушами, под колено, на запястье, локтевые сгибы, волосы.
99000046185;АLMA JUTE Memories;духи;;800;680;https://goldapple.ru/99000046185-memories;5.6;Твердые духи Memories - это «Аромат из детства», легкий цветочно-ягодный аромат с цитрусовой кислинкой и травянистыми нотками, который поможет продлить летнее настроение. Мы используем гипоаллергенный и органический состав, а отсутствие в базе спиртовой основы и пчелиного воска делает наши духи безопасными для детей и подростков, беременных женщин и людей, особенно чувствительных к продуктам пчеловодства. Другим неоспоримым преимуществом являются ухаживающие компоненты в составе, которые увлажняют и питают кожу. Уникальная формула позволяет использовать духи не только в качестве парфюма, но и как ухаживающий воск для секущихся кончиков волос и для увлажнения кутикулы. Духи упакованы в маленькую алюминиевую винтажную баночку, имеют нежную кремовую текстуру и поместятся в любую женскую сумку, даже самый скромный клатч и не вызовут вопросов во время путешествия на самолете.;Слегка разогрейте духи подушечками пальцев. Нанесите духи на зоны пульса ( запястье, область шеи, за ухо, на локтевой сгиб).
99000046182;АLMA JUTE Crazy love;духи;;800;680;https://goldapple.ru/99000046182-crazy-love;5.6;Твердые духи Crazy love открываются сладкими нотками клубники, усиленными черной смородиной. В сердце – эффектные аккорды тигровой лилии, розового жасмина и пиона. Сливочно-теплая база состоит из нюансов янтаря, пачулей, мускуса и ванили. Мы используем гипоаллергенный и органический состав, а отсутствие в базе спиртовой основы и пчелиного воска делает наши духи безопасными для детей и подростков, беременных женщин и людей, особенно чувствительных к продуктам пчеловодства. Другим неоспоримым преимуществом являются ухаживающие компоненты в составе, которые увлажняют и питают кожу. Уникальная формула позволяет использовать духи не только в качестве парфюма, но и как ухаживающий воск для секущихся кончиков волос и для увлажнения кутикулы. Духи упакованы в маленькую алюминиевую винтажную баночку, имеют нежную кремовую текстуру и поместятся в любую женскую сумку, даже самый скромный клатч и не вызовут вопросов во время путешествия на самолете.;Слегка разогрейте духи подушечками пальцев. Нанесите духи на зоны пульса ( запястье, область шеи, за ухо, на локтевой сгиб).
19000143862;LAB FRAGRANCE Adventurer;духи;Россия;3300;2442;https://goldapple.ru/19000143862-adventurer;5.4;Потрясающей красоты свежий старт ягодных нот, спелого яблока и бергамота. Звонкие переливы в сердце композиции от нежной розы до колких пачули.  Сбалансированная база амбры, дубового мха и мускуса.  Все это об аромате приключение, чье звучание окутает аурой исключительности и неповторимой уверенности.;Только для наружного применения.
19000437922;PRONICHE ProNiche Fragrance Studio Limited Edition Pink Grapefruit, Rose, Neroli;духи;Россия;1790;1253;https://goldapple.ru/19000437922-pink-grapefruit-rose-neroli;5.16;С первых нот - розовый грейпфрут. Его свежесть и лёгкая кислинка как первые лучи солнца, которые обещают день, полный возможностей. Затем раскрывается сердце аромата, где изысканная роза встречает экзотическую маракуйю и яркое нероли. Это сочетание - игривое, чувственное, полное свежести и страсти.  Шлейф ароматного букета оставляет пачули, создавая теплую основу, и карамель, которая приносит мягкость и сладость, даря ощущение уюта и притягательности.;Нанести на шею, запястье, локтевые сгибы.
19000381059;EQUIVALENT G 025;духи;ОАЭ;1690;1521;https://goldapple.ru/19000381059-g-025;5.16;G025 - непринужденный, оптимистичный аромат. Цветочное дыхание белых цветов придает композиции нежности и чувственности, а фруктовая составляющая из айвы и грейпфрута наполняют энергией праздника и озорства.  Теплый, но в то же время прозрачный древесно-мускусный фон дарит ощущение гармонии и радости.;Для полноценного раскрытия, духи наносятся на пульсирующие участки кожи, вблизи сосудов, которые будут постоянно его подогревать - на шею за ушами, под колено, на запястье, локтевые сгибы, волосы.
19000172664;PANDORA PARFUM extra #2;духи;Россия;1395;976;https://goldapple.ru/19000172664-parfum-extra-2;5.16;Pandora #2 – это новое прочтение зеленых ароматов, которые дарят ощущение свежести и бодрости жительницам мегаполиса.  Парфюмерная композиция стартует с зеленых нот, освежающих и заряжающих энергией. Раскрывается аромат в дуэте насыщенного  чувственного жасмина и пудрово-травяного ириса. В базовых нотах элегантно сочетаются ноты чувственной амбры и благородного кедра. Женственная и свежая парфюмерная композиция Pandora #2 идеально подойдет для офиса и деловых мероприятий.  Молекула AMBROXAN дарит аромату  глубину и способствует повышению внимания со стороны противоположного пола, действуя как афродизиак.  Духи Pandora относятся к категории “экстра” и отличаются высокой концентраций душистых веществ, обеспечивающих повышенную стойкость и продолжительный шлейф.  Удобный тревел-формат флакона позволяет не расставаться с любимым ароматом в течение всего дня.;"Нанести на ""точки пульса"": на запястье, за мочку уха, на сгиб локтя, на шею в районе межключичной впадины и под колено."
19000062957;EQUIVALENT P030;духи;;1090;981;https://goldapple.ru/19000062957-p030;5.16;Задыхаясь в душных городах, мы стремимся к глотку свежего воздуха, тянемся к свежести, мечтаем разнообразить серые будни. Но что если мы скажем вам, что есть возможность вплести свежесть в каждый свой день?  P030 - это вдох, который напоминает звук капель дождя в засушливый полдень. Зеленый чай, на основе которого строится композиция, освежает и успокаивает своей природной мелодией, клюква добавляет кисловатую искру, акцентируя внимание на нежном жасмине. В необычном дуэте выступает тонкий аромат лимона с классическим палисандром, делая аромат удивительно искренним и чистым.;Парфюм всех типов наносится на чистую, слегка увлаженную кожу.
19000062940;EQUIVALENT P006;духи;;1090;872;https://goldapple.ru/19000062940-p006;5.04;Вдохновляющий яркий цветочно-фруктовый аромат встречает неистовым взрывным аккордом черной смородины, апельсина, мандарина и грейпфрута. Сердце аромата раскрывается соблазнительным манящим звучанием розы, жасмина, лилии и ландыша в сочетании с сочными и сладкими фруктовыми нюансами на томном и теплом древесно-амбровом фоне. Аромт заставит улыбнуться пасмурным днем, настроит на романтичный лад летним вечером. Основные ноты: апельсин, мандарин, грейпфрут, черная смородина, жасмин, роза, персик, мускус, амбра, кедр.;Парфюм всех типов наносится на чистую, слегка увлаженную кожу.
19000360389;CLIVE CHRISTIAN L Red Tea Vetiver;духи;Великобритания;63960;47970;https://goldapple.ru/19000360389-l-red-tea-vetiver;5.04;L Red Tea Vetiver от Clive Christian заключает в себе редкий чай ройбуш в сочетании с глубокими древесными аккордами и пряностями.  Этот аромат — подлинное путешествие сквозь время и традиции, в котором роскошь переплетается с первозданной силой. В этой композиции ройбуш играет главную роль — его мягкая, медовая теплота приобретает нежно-землистый оттенок при нанесении на тело.  Этот благородный ингредиент гармонично обрамлен дымчатой глубиной ветивера, отзывающегося эхом древних африканских земель.  В финале в композицию плавно вплетаются легкие акценты пряностей, подчёркивающие её утончённость и изящество.;Нанести на пульсирующие точки.
27321100005;GOLDFIELD & BANKS Southern Bloom;духи;;23320;18422;https://goldapple.ru/27321100005-southern-bloom;5.0;Аромат Southern Bloom строится вокруг экстракта очень редкого австралийского цветка – боронии. Период цветения боронии очень короткий и приходится на сентябрь, самое начало австралийской весны. Растут эти цветы на острове Бруни в Тасмании, самой южной точке австралийского континента.   Абсолю боронии обладает очень необычным ароматом и является одним из самых дорогих парфюмерных компонентов в мире. Насыщенный, чистый аромат, очаровывающий с первого вдоха своим цветочно-древесным звучанием. Композиция наполнена мягкими, бархатными оттенками с пикантными проблесками изысканных зеленых нот в сочетании со звучанием красных фруктов. Роскошный, изысканный и очень чувственный аромат.;Нанести на пульсирующие точки
19000168226;12 PARFUMEURS FRANCAIS Brissac;духи;Франция;31000;26350;https://goldapple.ru/19000168226-brissac;5.0;Величественный и самый высокий замок во Франции Château de Brissac известен как впечатляющий «гигант» долины Луары. Именно он был местом примирения французского короля Людовика XIII с собственной матерью Марией Медичи. В семиэтажном здании находятся оперный театр, подвалы с анжуйским вином, исторические спальни, портретные галереи, часовня и многое другое.  В стенах реконструированного замка проходят фестивали и спектакли, показы мод, культовые дегустации с возможностью кратковременного проживания в уникальном месте. При планировке парка замка Château de Brissac использовались традиции английской школы садового искусства, что читается в структуре аромата.;Наносить на неповрежденные участки кожи, волос и одежду.
19000285464;NICHEHOUSE La perla plasir extrait;духи;ОАЭ;19250;12897;https://goldapple.ru/19000285464-la-perla-plasir-extrait;5.0;La Perla de La Vie – коллекция ароматов, вдохновленная драгоценными моментами жизни. Каждый аромат, словно бесценная жемчужина, передает красоту и глубину прекрасных моментов жизни. Каждый аромат переносит нас в особые воспоминания неподвластные времени и каждый – яркий и многогранный, как сама жизнь.Plasir – это парфюмерное цветочно-фруктовое наслаждение. Роскошный и пленительный аромат раскрывается широкими парфюмерными мазками – сладкий персик, кислинка черной смородины, искрящейся грейпфрут, пряный, слегка горьковатый имбирь, медовая груша и зелень листьев фиалки. Ноты жасмина, розы, магнолии и сандалового дерева придают аромату элегантность, в то время как насыщенные и теплые базовые ноты мускуса, тягучей карамели, ванили и кедрового дерева создают успокаивающее и глубокое послевкусие.;Нанести парфюм на область шеи, на внутреннюю сторону запястья и сгибы локтей. Также можно распылить небольшое количество средства в воздухе перед собой и войти в ароматное облако.
19000439697;TOM FORD Black Orchid Reserve;духи;;22300;22300;https://goldapple.ru/19000439697-black-orchid-reserve;5.0;Легендарная Black Orchid TOM FORD — в еще более глубоком, темном и чувственном шипрово-цветочном измерении. BLACK ORCHID RESERVE выразительно воспроизводит чистейший насыщенный аромат двух загадочных цветов, объединяя оригинальный аккорд черной орхидеи TOM FORD с аккордом призрачной орхидеи, раскрывающейся лишь в ночи.   Фирменная нота черной орхидеи TOM FORD стала еще более концентрированной. Яркий иланг-иланг, оживленный искристой пряностью перца тимут, пробуждает чувства с первых секунд. В шлейфе — медленно раскрывающаяся сладкая дымка бобов тонка и благородная землистость черного трюфеля. Теплые древесные аккорды пачулей и амбры обволакивают кожу, оставляя ощущение силы, притяжения и абсолютной уверенности.   Ноты: аккорд черной орхидеи, пачули, аккорд призрачной орхидеи.  Упаковка: черный флакон — это элегантные линии и утонченный дизайн в стиле ар-деко. Превосходно выполненный флакон BLACK ORCHID RESERVE из стекла с рифленой поверхностью, золотистая крышка и пластина с названием и гравировка ─ все это неотъемлемая часть роскоши в стиле TOM FORD.;Нанесите 1–2 распыления аромата на чистую кожу в желаемые зоны. Не растирайте — это может изменить звучание композиции. Позвольте аромату раскрыться естественно.
19000344516;TIZIANA TERENZI Libra;духи;Италия;36000;30600;https://goldapple.ru/19000344516-libra;4.8;В зодиаке весы - самый элегантный и утонченный знак, наделенный способностью адаптации и сопереживания.  Оптимистичные по натуре, весы легко выстраивают отношения с другими людьми в постоянном поиске идеального баланса. Творением Libra создатели хотели подчеркнуть отличительные черты весов, вдохновленные драматичной и солнечной личностью Тицианы, которая родилась под этим знаком и которая идеально символизирует все его качества. Libra открывается взрывом солнечной и искрящейся радости из итальянских цитрусовых на контрасте с туберозой и болгарской розой. Сердце композиции, такое же щедрое и хорошо сбалансированное, как и вдохновляющий его знак, где нежная сила атласского кедра гармонирует со сладостью ириса, амбры и жасмина. В гармоничной базе пачули переплетается с ванилью и подчеркиваются великолепным хором из сочетания мускуса и ветивера, а также бензоина и дубового мха.;Средство предназначено для наружного применения с целью придания приятного аромата. Нанести аромат на кожу.
19000266448;COSMOGONY Sun Light;духи;Россия;2200;1540;https://goldapple.ru/19000266448-sun-light;4.6;Яркий пробуждающий свет, созидательная энергия. Теплый, согревающий, дающий внутренний заряд жить в полную силу. У божеств солнца множество воплощений: египтяне поклонялись Сехмет, львице с солнечным диском на голове. Японцы чтили Аматэрасу, дарующую жизнь. Греческая Эос, римская Аврора, германская Остара — лики зари, что каждое утро поднимается из-за океана, прекрасные в своей вечной юности. Власть солнца — это власть щедрости и тепла, изобилия и радости, аура тепла и энергия лета. Аромат окутывает сладкой дымкой, раскрываясь цветением летних садов и затихая мягким, расслабляющим теплом с нежностью последних солнечных лучей - это то особенное счастье, которое неразрывно связано с ощущением капель соленой воды на коже, запахом моря и абсолютной свободой.;Только для наружного применения. Распылять  на кожу/волосы с расстояния 10-15 см.
19000316375;FLAME MOSCOW Cora;духи;Россия;1250;875;https://goldapple.ru/19000316375-cora;4.6;Искрящийся полет в полуденном небе. Солнечные ноты грейпфрута, мирры и лаванды раскрываются в душистом облаке розового перца. Сладкие ноты бензоиновой смолы и амбры добавляют оттенок теплой летней дымки. Cora напоминает о беззаботных днях, первых поцелуях и желаниях, загаданных на падающие звезды. Сочный цитрус, розовый перец и хрустящая карамельная смола - как та самая необходимая доза чувств и ощущений после затяжной зимы. Твердый парфюм удобно использовать на ходу и в путешествиях. В отличие от жидких парфюмерных средств, его можно взять с собой на борт самолета, а также удобно душиться им в окружении людей и в общественных местах. Аромат раскрывается у всех на коже по-разному, особенно у женщин и мужчин. Все ароматы — унисекс. За счет органического состава их также можно наносить на концы волос и кутикулу для увлажнения и питания.;Чтобы аромат раскрывался сильнее, духи необходимо нанести на все пульсирующие точки и волосы. Аромат раскрывается лучше при тепле. Количество наносимого средства нужно подбирать под индивидуальную способность кожи «дышать» и тем самым распространять аромат.
99000046189;АLMA JUTE Cactus garden;духи;;800;680;https://goldapple.ru/99000046189-cactus-garden;4.6;Твердые духи Cactus garden — это сочетание свежих цветов и легкого кокоса с успокаивающей базой мускуса и сандалового дерева. Мы используем гипоаллергенный и органический состав, а отсутствие в базе спиртовой основы и пчелиного воска делает наши духи безопасными для детей и подростков, беременных женщин и людей, особенно чувствительных к продуктам пчеловодства. Другим неоспоримым преимуществом являются ухаживающие компоненты в составе, которые увлажняют и питают кожу. Уникальная формула позволяет использовать духи не только в качестве парфюма, но и как ухаживающий воск для секущихся кончиков волос и для увлажнения кутикулы. Наш парфюм подойдет тем, кто предпочитает натуральную косметику и деликатные запахи без содержания спирта. Духи упакованы в маленькую алюминиевую винтажную баночку, имеют нежную кремовую текстуру и поместятся в любую женскую сумку, даже самый скромный клатч и не вызовут вопросов во время путешествия на самолете.;Слегка разогрейте духи подушечками пальцев. Нанесите духи на зоны пульса ( запястье, область шеи, за ухо, на локтевой сгиб).
19000423690;ZIELINSKI & ROZEN Vetiver, Elemi, Patchouli;духи;Израиль;7350;7350;https://goldapple.ru/19000423690-vetiver-elemi-patchouli;4.6;Аромат категории унисекс. Долго сохраняется на коже, оставляя легкий шлейф.;Распылять на кожу с расстояния 30 см. Для усиления стойкости аромата наносить на разогретое или влажное тело.
19000062945;EQUIVALENT P011;духи;;1090;981;https://goldapple.ru/19000062945-p011;4.6;Прозрачная, чистая цветочная композиция - мечта о летнем путешествии к морю с его легким бризом и теплыми вечерами, когда в воздухе смешиваются неповторимые ароматы цветов, соленой воды и разогретой солнцем древесины. Аромат встречает энергией и прохладой лимонно-мятного аккорда. Сердце аромата раскрывается нежностью пиона, сладостью жасмина в сочетании с пикантностью розового перца. В базе слышны теплые, сладкие и чувственные древесно-смолистые нюансы. Основные ноты: мята, лимон, жасмин, пион, кедр, лабданум.;Парфюм всех типов наносится на чистую, слегка увлаженную кожу.
99000046190;АLMA JUTE Passion;духи;;800;680;https://goldapple.ru/99000046190-passion;4.6;Твердые духи Passion - это удивительно женственный и изысканный аромат, который захватывает своей сложной композицией. Верхние ноты наполнены свежестью красного яблока, которое постепенно сменяется на роскошный букет цветочных сердечных нот. Мягкий пион, соблазнительная роза, элегантная гвоздика, чувственный жасмин и изысканная замша сливаются в гармонический комплекс, который восхищает своей изысканностью и вызывает желание погрузиться в мир роскоши. Мы используем гипоаллергенный и органический состав, а отсутствие в базе спиртовой основы и пчелиного воска делает наши духи безопасными для детей и подростков, беременных женщин и людей, особенно чувствительных к продуктам пчеловодства. Другим неоспоримым преимуществом являются ухаживающие компоненты в составе, которые увлажняют и питают кожу. Уникальная формула позволяет использовать духи не только в качестве парфюма, но и как ухаживающий воск для секущихся кончиков волос и для увлажнения кутикулы.;Слегка разогрейте духи подушечками пальцев. Нанесите духи на зоны пульса ( запястье, область шеи, за ухо, на локтевой сгиб).
19000143871;LAB FRAGRANCE Spicy leather;духи;Россия;3300;2640;https://goldapple.ru/19000143871-spicy-leather;4.56;Страстное и жгучее звучание пряных нот кардамона и апельсина, окутают дорогим звучанием аромата пряная кожа, а в сердце вы будете ощущать богатство обольстительной розы и прохладного, как глоток свежего воздуха бергамота.;Только для наружного применения.
99000081857;BY KAORI POSH;духи;;2190;2190;https://goldapple.ru/99000081857-posh;4.4;Томный и глубокий аромат роскошного образа жизни, сочных фруктов и темной кожи. Глубокий, дерзкий и многогранный аромат дорогих цветов и выдержанного бренди в сочетании с сочными фруктами - по-настоящему богатое звучание роскошной жизни, кожаного салона Rolls-Royce и огромного букета ваших любимых цветов. При первом вдохе вы ощущаете слегка пряные аккорды янтарного бренди. Вы чувствуете, как выделяется нота сочного яблока, окутанного душистым и броским шафраном. Погружаясь в аромат глубже, вы проваливаетесь в терпкое, но в то же время обволакивающее сочетание душистой корицы и цветов. Аккорды кожи придают звучанию брутальность, статусность и дорогой, густой, по-настоящему роскошный шлейф, на который обратит внимание каждый.;Распыляйте парфюмерию на чистую увлажненную кожу, так композиция задержится на более продолжительное время. Также чистая кожа не источает посторонних запахов и не перебьет ноты духов. Рекомендуется нанести небольшое количество парфюмерной воды либо на одну или несколько точек - за мочкой уха, на запястья, на внутренний сгиб локтя, либо непосредственно распылить на волосы или на одежду.
99000046181;АLMA JUTE Mango;духи;;800;680;https://goldapple.ru/99000046181-mango;4.4;Твердые духи Mango — это аромат, где стартовой нотой является сочный манго в той степени спелости, когда благоухание плода не имеет хвойного подтона. А благодаря ванили, сладость не отступает до самого конца. Мы используем гипоаллергенный и органический состав, а отсутствие в базе спиртовой основы и пчелиного воска делает наши духи безопасными для детей и подростков, беременных женщин и людей, особенно чувствительных к продуктам пчеловодства. Другим неоспоримым преимуществом являются ухаживающие компоненты в составе, которые увлажняют и питают кожу. Уникальная формула позволяет использовать духи не только в качестве парфюма, но и как ухаживающий воск для секущихся кончиков волос и для увлажнения кутикулы. Духи упакованы в маленькую алюминиевую винтажную баночку, имеют нежную кремовую текстуру и поместятся в любую женскую сумку, даже самый скромный клатч и не вызовут вопросов во время путешествия на самолете.;Слегка разогрейте духи подушечками пальцев. Нанесите духи на зоны пульса ( запястье, область шеи, за ухо, на локтевой сгиб).
99000088554;SYNONYME ROGER;духи;;1300;793;https://goldapple.ru/99000088554-roger;4.4;ROGER - это синоним благородства. Роскошь и лоск. Бесконечно женственный, дорогой и притягательный. Духи на особый случай.;Аромат можно наносить на волосы, кожу, одежду.
19000191682;COSTUME NATIONAL Homme;духи;Италия;18890;8500;https://goldapple.ru/19000191682-homme;4.2;Многогранный аромат, созданный для почитателей искусства и дизайна. Этот аромат идеальный спутник к шелковому с бархатом пиджаку, отличная аура подтверждающая высочайшее качество. Изысканная и премиальная смесь натуральных, редких ингредиентов, большинство из которых созданы в престижной лабораторией LMR в Грассе, превращенная в яркие духи. Свежесть цитрусовых нот грейпфрута и масла бергамота прекрасно сочетаются с пряным экстрактом кардамона. Сердце композиции сочетает в себе интенсивность корицы с экстрактом трех различных видов ветивера а также деликатные и тактичные ноты масла пачули. Шлейф композиции - коктейль из мускуса, сандала и лабданума, который обеспечивает глубину долгое раскрытие аромата. Эти духи созданы для современного космополита обожающего эстетику во всем.;Нанести аромат на кожу.
19000197490;MIPASSION Enjoy;духи;Россия;849;594;https://goldapple.ru/19000197490-enjoy;4.2;Твердые духи MiPASSiON — это селективный парфюм на основе масла ши. Эти духи раскрываются постепенно и имеют стойкость до 4 часов, за счет чего можно менять аромат и его интенсивность в течение дня. А пользоваться им — отдельный ритуал.  Твердые ароматы наносятся на пульсирующие точки — на запястья, за ухо, на внутреннюю сторону локтя, под коленями, на шейные лимфоузлы. Благодаря маслам сухие духи обладают увлажняющими свойствами.  Такой парфюм в удобном формате поместится в любую сумочку и не прольется.;Нанести пальцами небольшое количество парфюмированного баттера на кожу тела в точках, где прощупывается пульс и выше температура тела (шея, запястья).
19000062935;EQUIVALENT P001;духи;;1090;981;https://goldapple.ru/19000062935-p001;4.2;P001  выстраивается на базовых нотках ладана, кашмерана и кедра. Они дополнены заслуженным обладателем женских сердец  пионом, который создал в своем букете гармонию с чайной розой и ландышем. Завершается композиция необычным сочетанием: глубокий бергамот переплетается с тонким ароматом личи, приглушенным мускатным орехом. Такой действительно тонкий и изящный аромат дает обладательнице полное право гордиться своим чувством стиля в выборе парфюмерной воды.;Парфюм всех типов наносится на чистую, слегка увлаженную кожу.
19000344484;GIARDINO BENESSERE Teia;духи;Италия;27200;21760;https://goldapple.ru/19000344484-teia;4.0;Титанида Тейя (Teia) старшая дочь Урана и Гейи, супруга титана Гипериона. Тейя воплощает животворящую силу Вселенной, рождающую Солнце, источник жизни и лучистой энергии. Эта сила наполняет потоками радости и света мир, подобно экстракту, содержащемуся в этом драгоценном флаконе.   Аромат открывается виртуозным фужерным букетом, в котором солируют гватемальский кардамон и болгарская лаванда в сочетании с выраженным гаитянским ветивером, подчеркнутым возбуждающей энергией серой амбры.  После этого оригинального авторского аккорда вступают в свои права ноты сердца с повелительным королевским акцентом, созданным благодаря мощной силе редких пород дерева - лаосский уда и ливанского кедра.  Мистическое звучание им придает контрапункт из ладана, кожи и ванили. Это сердце, наполненное пульсирующей энергией, покоится на благородной основе из нот шафрана, пачулей и сандала, поддерживаемых нежным мускусом.  Духи Teia поражают волшебными волнами соблазна, обезоруживающей и недосягаемой красотой.;Средство предназначено для наружного применения с целью придания приятного аромата. Нанести аромат на кожу.
19000281748;FILIPPO SORCINELLI lascia ch'io pianga;духи;Италия;24900;23655;https://goldapple.ru/19000281748-lascia-ch-io-pianga;4.0;Хорошие вещи - это образы, которые исчезают из нашего сознания. Это части нас, затерянные в лесу привычек. Но боль остается и описывает то, что нельзя выбрать. Может быть, я не хочу забывать, может быть, этого не случится, я хочу чувствовать себя другим. Только свободным. Я помню, как плакала, потому что это сильнее, чем забыть. Но уйти приятнее, чем остаться. Я не хочу жить в страхе перед тем, что приходит из темноты, или перед тем, что я оставила позади. Я та, кем хотела быть, даже когда это говорила не я. Это были слезы, обращенные к Луне, которые всегда возносились как молитва, формирующая мою судьбу. Я гордо вздыхаю, совершая единственный прыжок в драму, чтобы не дать волю эмоциям. Итак, я следую своей тропинке, благоухающей изумрудами, куда бы она меня ни привела. Это обещание, данное мной друг другу, клятва, крик искренности, храбрый гимн Я верю в силу и никогда не забываю.;Распыляйте с расстояния 20-25 см. Не наносите на одежду, не используйте при нахождении на солнце.
19000136712;12 PARFUMEURS FRANCAIS LUXEMBOURG;духи;;22000;15400;https://goldapple.ru/19000136712-luxembourg;4.0;Парфюмерная вода 12 Parfumeurs Francais Luxembourg с истинно мужским характером окутывает своего обладателя вуалью таинственной загадочности.  Изысканные оттенки бергамота и розы раскрываются в начальных нотах Luxembourg, изящно обрамляя доминирующую спелость смородины.  В сердце парфюмерной воды звучат легкие акценты пачули и яблока, а завершают композицию 12 Parfumeurs Francais древесные оттенки кедра.;Наносить на неповрежденные участки кожи, волос и одежду
19000269546;AMOUAGE Epic 56;духи;Оман;101790;61074;https://goldapple.ru/19000269546-epic-56;4.0;Композиция EPIC WOMAN, посвященная легендам Шелкового пути, — это пряный амбровый аромат, который пышно цветет в таинственных сумерках где-то между Китаем и Аравийским полуостровом.;Духи следует наносить в небольшом количестве, близко к коже (1-2 см), на тепловые точки: под коленями, область живота, запястья, сгибы локтей, район солнечного сплетения, точки за ушами, основание шеи со стороны спины, затылок. Как правило на одну точку достаточно несколько капель. Растирать духи не рекомендуется, так как это может нарушить правильный процесс раскрытия композиции. Для повышения стойкости рекомендуем наносить на хорошо увлажненную кожу, комбинируя с кремом, молочком или маслом для тела.
19000014504;12 PARFUMEURS FRANCAIS LA DESTINEE;духи;;22000;18700;https://goldapple.ru/19000014504-la-destinee;4.0;Секрет удачи заключен в этом аромате, обладающем сильной энергетикой. Судьбоносные встречи, яркие события будут окружать владелицу этого шедевра. Сочное цветочно-фруктовое трио жасмин-фиалка- мандарин в соединении воздушного мускуса на фоне пачули и кедра...;
19000296176;BYREDO Sellier;духи;Франция;56420;47957;https://goldapple.ru/19000296176-sellier;4.0;Дистиллированный в чистую эссенцию, каждый аромат Night Veils использует благородное сырье, отобранное с тщательной тщательностью. Благодаря высокой концентрации это новое трио переосмысливает новый парфюмерный ритуал. Неотъемлемый союзник любого всадника, седло объединяет лошадь и всадника в единое целое. Утонченный, мрачный, дымчатый, Sellier представляет собой поистине необузданную концентрацию кожи. Обонятельный сюрприз взрывается с первой же секунды. Селье телепортирует нас в винтажную курилку с драгоценными табачными листьями, антикварными книгами и старыми кожаными клубными стульями. Ольфакторная акробатика, придающая кожевенному аромату хороший хлыст верховой культуры.;Нанести на пульсирующие точки.
99000076366;SOVA Флорентийская роза;духи;;1100;1100;https://goldapple.ru/99000076366-florentijskaa-roza;3.84;Твердые духи – это альтернатива обычным духам, не содержат спирт, в компактной упаковке, что позволяет не расставаться с любимым ароматом. Их можно брать с собой и наносить по настроению, аромат будет с вами. Формула духов представляет из себя бальзам, их можно наносить на кончики волос, совместив уход за волосами и наслаждение любимым ароматом. Сатиновая текстура, не оставляет жирный блеск. Парфюмерная композиция объединила ноты базилика, грейпфрута, розы, магнолии и пачули.;Аромат раскроется  сильнее, если духи нанести на все пульсирующие точки и кончики волос.
19000143872;LAB FRAGRANCE Spicy leather;духи;Россия;7900;3160;https://goldapple.ru/19000143872-spicy-leather;3.84;Страстное и жгучее звучание пряных нот кардамона и апельсина, окутают дорогим звучанием аромата пряная кожа, а в сердце вы будете ощущать богатство обольстительной розы и прохладного, как глоток свежего воздуха бергамота.;Только для наружного применения.
19000258945;VCANTO Giambellino;духи;Италия;37000;31450;https://goldapple.ru/19000258945-giambellino;3.84;Giambellino (Джамбеллино) — это дружеское прозвище знаменитого живописца Джованни Беллини, неутомимого художника периода итальянского Возрождения, объединившего в своем искусстве каноны прошлого и авангардные направления будущего, сумевшего слить воедино различные течения и в то же время непрестанно обновлять свою художественную манеру, при этом сохраняя верность своей собственной традиции и своей индивидуальности.   Посвященный этой личности аромат воплощает идею слияния прошлого и будущего в общем художественном образе, выходящем за рамки скоротечной моды, чтобы подарить наслаждение своей уникальностью тому, кто рискнет носить его.   Аромат Giambellino обладает насыщенным и утонченным звучанием и выраженным обольстительным характером. Аромат открывается искрящимся цитрусовым букетом, в котором мягко перекликаются ароматные отголоски калабрийского бергамота в сочетании с сицилийским мандарином, за ними следует жизнерадостный взрыв бразильского апельсина, окутанного нотой драгоценного сочного лимона.   Этот головокружительный головной аккорд цитрусового звучания покоится на мягком ложе, сотканном из успокаивающих гипнотических цветов, где ароматический образ создается созвучием болгарской лаванды, альпийской мяты и карибского мускатного ореха, окутанных чувственной тайной индийского жасмина самбак и португальского нарцисса, смягченных в свою очередь нежной стойкостью ландыша и свежестью листьев фиалки из королевских садов Венеции.   База этого аромата отличается одновременно мощью и изяществом: корнями она уходит в мягкие ноты мадагаскарской ванили и сингапурских пачулей, окутанных ароматической силой листьев табака из Кентукки, смягченной тоном карамелизованного сахара.  Затем ярко проявляет себя афродизиакальный эффект, вызванный волшебной каплей серой амбры и мускуса.    Giambellino — это аромат для тех, кто умеет жить будущим в каждом мгновении своего настоящего, чтобы оставить после себя неизгладимую память.;Средство предназначено для наружного применения с целью придания приятного аромата. Нанести аромат на кожу.
19000136717;12 PARFUMEURS FRANCAIS INTRIGUE DE L`AMOUR;духи;;22000;18700;https://goldapple.ru/19000136717-intrigue-de-l-amour;3.84;Любовные интриги- Интригующий и насыщенный французский аромат создан для женщин, которые умеют наслаждаться жизнью.  Аромат продемонстрирует окружающим хороший вкус и изысканность своей обладательницы.;Наносить на неповрежденные участки кожи, волос и одежду
19000406586;DAVIDOFF COOL ELIXIR PARFUM INTENSE;духи;Франция;8100;6075;https://goldapple.ru/19000406586-cool-elixir;3.84;Познакомьтесь с Davidoff Cool Elixir Parfum Intense — истинным сокровищем ароматного уда. Бренд Davidoff известен своей страстью к созданию уникальных и благородных ароматов, которые подчеркивают индивидуальность и стиль. Cool Elixir — это воплощение элегантности и редкости, благодаря своей благородной ольфакторной подписи. Этот древесный аромат, созданный из трех изысканных ингредиентов — интригующего аккорда уда, абсолют лаванды и оксида розы, — обладает утонченной и драгоценной композицией. Глубокий синий флакон с гранями отражает интенсивность аромата уда, а массивная крышка придает ощущение роскоши. Вдохновленный образом харизматичного героя-авантюриста, воплощенного Чарльзом Мелтоном, этот аромат приглашает вас в захватывающее подводное приключение, где флакон охраняется мифическим морским драконом. Погрузитесь в эту сагу, полную неожиданных встреч с гигантским существом и грозной королевой, роль которой исполняет Аннастасия Эньюк. Наносите Davidoff Cool Elixir на точки пульса — запястья, внутренние сгибы локтей, бицепсы и грудь, чтобы насладиться стойким и притягательным ароматом, который идеально подходит для любого случая, как днем, так и ночью. Откройте для себя благородный аромат Davidoff, который станет вашим новым сокровищем.;Распылите с расстояния 20-30 см на точки пульса или создайте ароматное облако и войдите в него для более легкого и равномерного нанесения.
19000339436;PERNOIRE Кама;духи;Швейцария;26000;22100;https://goldapple.ru/19000339436-kama;3.84;Пирамида аромата раскрывается сочными ягодами ежевики, обильно посыпанными воздушной пудрой чарующих фиалки и ириса, нежные словно засахаренные лепестки обретают сладкое звучание по мере раскрытия. Сердца аромата сотканного из нот сладкой ваты и теплой амбры.  Аккорды многогранного киприола и манящей кожи, придают аромату дерзости.  Ведь для того, чтобы покорить кого-то нужно обладать силой и беспрекословностью!  В шлейфе аромат утихает и появляется томное облако собранное из уютного кашемира и бархатного мха.;Только для наружного применения.
19000235895;PLANETA ORGANICA London Sky;духи;Россия;2294;1720;https://goldapple.ru/19000235895-london-sky;3.8;Planeta Organica Совместно с французскими парфюмерами создали истинно мужской аромат, вдохновившись загадками туманного Альбиона, бесконечным небом и прохладным воздухом.    Аромат: пряный, древесный, пудровый, мускусный Верхние ноты: нагармота, кастореум, мирт Ноты сердцa: кардамон, имбирь, шафран, ветивер Базовые ноты: сандаловое дерево, кедр, ваниль, мускус, пачули. Объемная доля этилового денатурированного спирта: 80% об.;Только для наружного применения.
99000009854;NEO PARFUM CAFFEINE;духи;;1075;699;https://goldapple.ru/99000009854-caffeine;3.8;Духи для женщин Caffeine от Neo Parfum имеет отличную стойкость.  Это достигается высокой концентрацией парфюмерных масел, которая в 2-3 раза выше, чем в аналогичных парфюмерных продуктах. Духи Caffeine отлично зарекомендовали себя как вечерний спутник в восточно-цветочном исполнении. Они одинаково хорошо раскрывает свои чары на представителях всего прекрасного пола. Симфонию аромата открывают обворожительные цветочные аккорды. Ваш лучший выбор доставит Neo Parfum!;Только для наружного применения.  Не распылять вблизи огня.  Беречь от детей.  Использовать изделие в пищевых целях опасно для жизни или здоровья.
19000344518;TIZIANA TERENZI Moro di Venezia;духи;Италия;40000;34000;https://goldapple.ru/19000344518-moro-di-venezia;3.6;Moro di Venezia - это аромат путешествия в Венецию. Название аромата посвящено «моро» - так венецианцы называли купцов из арабских стран, темнокожих мавров. Паоло Теренци очарован этими смелыми мореплавателями прошлого, которые соединяли континенты, торгуя по всему миру диковинками и экзотическими редкостями из дальних стран. Он с воодушевлением рассказывает об этом удивительном городе и его жителях на парфюмерном языке.  Композиция открывается взрывом бергамота и грейпфрута, которым вторят сладкие фруктовые ноты чёрной смородины и ананаса. Утончённое сочетание авторских нот фиалки и ландыша, яркая нота жасмина и морская волнующая амбра, приглашают проникнуть в душу Венеции, открыть для себя любовь к этому самому благородному и знаменитому городу мира.  В волнующем цветочном аккорде ощущаются характерные ноты кипарисовика и дубового мха, сладкая нота мадагаскарской ванили и мускуса. Moro di Venezia это ароматное приглашение к открытию Венеции, одного из самых чудесных городов на земле.;Средство предназначено для наружного применения с целью придания приятного аромата. Нанести аромат на кожу.
99000054817;BLACK HEART Juicy Iсeberg;духи;;7200;5760;https://goldapple.ru/99000054817-juicy-iseberg;3.6;Гипнотический и притягивающий парфюм, созданный на контрастном созвучии горьковатых нот грейпфрута и сладкого аромата спелых сицилийских мандаринов.Как переливы изумрудной кожи змеи, он играет на вас разными оттенками, а затем обретает более утончённое и элегантное звучание за счёт базовых нот мускуса и ладана, которые оставляют за собой лёгкий и ненавязчивый шлейф.;Нанесите небольшое количество парфюма на чистую кожу. Лучше всего распылять парфюм на точки пульсации: запястья, за ушами, на шее, сгиб локтя или колена.
19000199658;12 PARFUMEURS FRANCAIS ORIENTAL SELECTION;духи;Франция;16000;13600;https://goldapple.ru/19000199658-oriental-selection;3.6;Oriental Selection – древесно-пряный аромат от парфюмерного дома «12 parfumeurs francais». Вошел в лимитированную коллекцию «PARFUM ORIENTAL», вдохновленную культурой и философией Востока. Особенный, элегантный селективный парфюм вызывает интерес не только за счет своего наполнения, но и благодаря эффектному дизайну. Презентабельный флакон декорирован крышкой с 12 алмазами, грани которых дарят искристые переливы. Стойкий, с восточной аурой и французским шиком, Oriental Selection окутывает томной сладостью, манит и завораживает.    Словно «вторая кожа», Oriental Selection обволакивает своим теплом и буквально «оживает» на теле. В силу насыщенной и плотной композиции, создается впечатление, что ароматное облако можно пощупать и провести по нему рукой. Яркое начало с динамичными нотами лимона, бергамота, элеми, розмарина. Плавное переходит в сердце к бутонам гвоздики, мускатному ореху, черному перцу, кедру. На плотном с бархатом звучании сандала и ветивера;Наносить на неповрежденные участки кожи, волос и одежду
19000316382;FLAME MOSCOW Vanda;духи;Россия;1250;1175;https://goldapple.ru/19000316382-vanda;3.6;Аромат отражает поиск лучшей версии: себя, состояния или атмосферы. Стремление к чистоте, идеалу, но без потери необходимой изюминки и характера, чтобы превосходить безликое и «серое». Запомниться, но остаться верным своей роли и предназначению. Главную роль в аромате Vanda играет лаванда. Растение, которое получило такую популярность в прошлом веке, что были выведены аналоги (натуральные и синтетические), чтобы справиться с востребованностью, но ни один не смог проявить себя как та самая, очаровавшая в самом начале всех, лаванда.  Дополнена свежими нотами эвкалипта, мяты и можжевельника, которые вместо добавления привычной остроты, наоборот, смягчают горькие грани ее характера. Пряность кориандра и обволакивающая ваниль добавляют тепло и уют, которые можно сравнить с крепким и долгожданным объятием, любимым кашемировым пледом или паром от горячей ванны в грозу. Завершает композицию полная противоположность первоначальным стараниям - пыль, землистость и тень.  Мускус и пачули в сочетании с кедром противостоят сложившемуся впечатлению идеала и чистоты и добавляют штрих реального мира прерывая утопичный круговорот впечатлений, мыслей и, главное, стремлений. Твердый парфюм удобно использовать на ходу и в путешествиях. В отличие от жидких парфюмерных средств, его можно взять с собой на борт самолета, а также удобно душиться им в окружении людей и в общественных местах. Аромат раскрывается у всех на коже по-разному, особенно у женщин и мужчин.  Все ароматы — унисекс.  За счет органического состава их также можно наносить на концы волос и кутикулу для увлажнения и питания.;Чтобы аромат раскрывался сильнее, духи необходимо нанести на все пульсирующие точки и волосы. Аромат раскрывается лучше при тепле. Количество наносимого средства нужно подбирать под индивидуальную способность кожи «дышать» и тем самым распространять аромат.
19000033108;THE HARMONIST Moon Glory;духи;;6450;5805;https://goldapple.ru/19000033108-moon-glory;3.2;Этот чувственный аромат напомнит вам об опьяняющем запахе цветов в сумерках Гавайев. Он отражает тот промежуточный момент, когда солнце уже исчезло за горизонтом, но ночь еще не вступила в свои права. Moon Glory сочетает в себе ингредиенты, отражающие энергию Инь: характерный запах гавайского жасмина, манящий аромат цветка Царица ночи и страстные ноты пассифлоры обогащены нотами личи, органического мёда и иланг-иланга. Этот нежный букет ароматов согрет нотами янтарного мускуса.;Аромат станет элегантным завершающим штрихом к образу. Аромат наносят на кожу, погружая себя в облако шлейфа.
19000199656;12 PARFUMEURS FRANCAIS LE ROI LOUIS XIV;духи;Франция;31000;21700;https://goldapple.ru/19000199656-le-roi-louis-xiv;3.0;"Луи XIV де Бурбон был Королем-Солнце, который правил 72 года, дольше, чем любой другой европейский монарх.  Период его правления или Великий век был фундаментальным для Франции; это время было периодом военной мощи, консолидации, политических успехов и расцвета культуры. На пике своего правления Людовик устраивал популярные французские карнавалы и любил выступать на сцене. На несколько часов он переоделся в шута или артиста и усадил настоящего шута на царский трон.";Наносить на неповрежденные участки кожи, волос и одежду.
19000233247;MIHAN AROMATICS Guilty Story;духи;Австралия;23760;20196;https://goldapple.ru/19000233247-guilty-story;3.0;Желание погрязнуть в пьянящей опасности. Запретный, недосягаемый,  но такой притягательный. Раскаленный, как капот машины под солнцем,  и гладкий, как внутренняя поверхность морской раковины.  Знакомый, неуловимый и незабываемый. Способный меняться по собственной воле. Пикантный, дерзкий и в меру опасный.;Нанести на пульсирующие точки.
19000442444;ATKINSONS Platinum Blend;духи;Италия;30900;27810;https://goldapple.ru/19000442444-platinum-blend;3.0;Насыщенный аромат ATKINSONS – это изысканная парфюмерная ода эпохе двадцатых годов прошлого века. Чарующее творение, созданное искусным парфюмером на основе лучших масел в исключительной концентрации, дарит впечатляющий ольфакторный опыт. Композиция погружает в атмосферу Лондона 1920-х, в сияющий мир «яркой молодежи», британских аристократов и светских львиц. Утонченные девушки блистали в обществе, посещая популярные места и наслаждаясь свободой послевоенного периода, и демонстрировали эффектные наряды и лучшие украшения. Платина и бриллианты – символ их роскоши и свободы. Эта искрящаяся и радостная атмосфера отражена как в оформлении флакона, так и в самом аромате. Ценная, утонченная и завораживающе прохладная, как сама платина, композиция воплощает блеск, шик и элегантность. Ледяное прикосновение платины передает необычная свежая и кристальная нота Belanis с акцентами аниса и белых цветов и намеками на пряное звучание шафрана и бальзамическую грань опопонакса. Её окутывает аккорд масла бей, который добавляет немного тепла и мягкости. Деликатный союз гелиотропа и сандала словно создает ощущение шелка на коже. Насыщенная цветочная элегантность гелиотропа идеально сочетается с теплой древесной глубиной сандала, погружая в мягкие объятия аромата. Притягательный дуэт лабданума и бобов тонка дарит ощущение комфорта и оставляет элегантный, роскошный шлейф. Каждый флакон с изящной серебряной отделкой – это искусное, уникальное творение, умело украшенное флорентийскими мастерами. Парфюмер – Pierre Guéros.;Нанесите небольшое количество на пульсирующие зоны, такие как запястья, шея, за ушами и внутренняя сторона локтя. Не наносите на одежду, чтобы избежать пятен.
19000003876;12 PARFUMEURS FRANCAIS Vaux-le-vicomte;духи;;31000;21700;https://goldapple.ru/19000003876-vaux-le-vikomte;3.0;Вдохновившись старинным замком Во-ле-Виконт, окруженным пышными садами и парками, парфюмеры создали одноименный фужерно-восточный аромат. Растительные мотивы легко угадываются в начальных нотах герани и ландыша, уравновешенных чуть землистым звучанием пачули. Душистую симфонию подхватывают аккорды свежего бергамота, гелиотропа и лаванды, уступающие место дымной амбре и мускусу.;
19000086066;12 PARFUMEURS FRANCAIS LA BALLUE;духи;;31000;21700;https://goldapple.ru/19000086066-la-ballue;3.0;Это богатая композиция, в меру свежая, бодрящая, пахнет богатством и роскошью сада. Знакомство с парфюмом начинается с древесных нот, подпитываемых водными и цветочными вкраплениями, и завершается волнами миндаля, можжевельника и цитрусовых. Познакомьтесь с элегантным и глубоким ароматом, который вдохновляет и окрыляет.;
19000362417;CLIVE CHRISTIAN Jump Up and Kiss Me Ecstatic;духи;;89440;76024;https://goldapple.ru/19000362417-jump-up-and-kiss-me-ecstatic;3.0;Парфюм Jump Up and Kiss Me Ecstatic от Clive Christian — манящий и головокружительный аромат, составленный из 219 ингредиентов. В центре композиции — дерзкая тубероза, известная как «аромат ночи» и символ запретной страсти. Верхние ноты розы изящно переплетаются с цветком апельсина, переходя в чувственное сердце из иланг-иланга и жасмина. Горький апельсин бигарадия придаёт композиции яркость и подчёркивает белоцветочные ноты своей тонкой горечью. База — сливочный сандал, тёплая амбра и бобы тонка — обещают настоящую ароматическую эйфорию.;Распылите на пульсирующие зоны, такие как запястья, шея и область за ушами. Чтобы аромат держался дольше, слегка распылите на одежду или волосы, избегая попадания на деликатные ткани.
99000059607;SYNONYME Goodbye Darkness;духи;;7600;4940;https://goldapple.ru/99000059607-goodbye-darkness-desert-of-my-heart;3.0;Синоним искушения. Его время наступает, когда солнце уходит за горизонт, а вечерние огни наполняются предвкушением встреч и легких касаний. Ваше присутствие нежное и пленительное. Постепенно проникая в ткань ночи, мысли о Вас наполняют пространство жаждой, но не утоляют её. Парфюмерный набор: в наборе аромат Goodbye Darkness 33 мл. и аромат Desert Of My Heart в объеме 1.8 мл.;Аромат можно наносить на волосы, кожу, одежду.
19000399951;PANDORA #31;духи;Россия;1850;1295;https://goldapple.ru/19000399951-31;3.0;Открывается композиция свежими нотками сочного танжерина, к нему присоединяется шафран, придавая легкий холодок в начальных нотах.  Но постепенно аромат раскрывается роскошными нотами теплой древесины с цветочным аккордом. Аромат очень глубокий и многогранный.  Интенсивный шлейф сохраняется несколько дней.;Для наружного применения.
19000424760;MAISON DOUZE Solstice Gourmand;духи;Франция;27590;23451;https://goldapple.ru/19000424760-solstice-gourmand;3.0;Аромат Maison Douze Solstice Gourmand воплощает в себе уют, теплоту и сладкую негу, напоминая о зимних вечерах. В композиции сочетаются сладкая, нежная ваниль, аппетитная карамель и мягкая, сливочная нота парного молока.  Аромат оставляет после себя теплый, сладковатый шлейф, который дарит ощущение комфорта, безмятежности и праздничного настроения, словно возвращая в детство, где пахнет имбирным печеньем, горячим какао и ожиданием чуда.«День зимнего солнцестояния: ночь была холодной и нескончаемой.  К счастью, у него было много сладостей, чтобы согреть свое сердце!” Теплота, забота, уют и безмятежность.;Нанести на кожу, одежду и волосы (по желанию) для легкого аромата. Избегайте попадания в глаза.
19000451140;BLACK REFLEXION №13.05;духи;ОАЭ;673;605;https://goldapple.ru/19000451140-no13-05;3.0;Уникальный дорогой аромат «Black Reflexion» №13.05 одинаково будоражит чувства как элегантных дам, так и их кавалеров. Этот парфюм станет незаменимым помощником для тех, кто любит удивлять и находиться в центре внимания. Парфюмерная вода «Black Reflexion» №13.05 — это богатый и тёплый аромат с неожиданным и современным характером. Композиция аромата №13.05 состоит из пряных верхних нот и листьев табака, сердечных нот какао, бобов тонка и ванили. Базовые ноты включают сухофрукты и благородную древесину, создавая ощущение спокойствия и гармонии с окружающим миром.;Только для наружного применения.
19000093625;GOLDFIELD & BANKS Purple Suede;духи;;28380;24123;https://goldapple.ru/19000093625-purple-suede;3.0;Аромат Purple Suede воплощает собой атмосферу пурпурных лавандовых полей, согретых жаркими солнечными лучами, аромат цветов, обожженных палящим солнцем. В сочетании с кожаным аккордом эти чувственные ароматные оттенки создают яркий и роскошный шлейф. Аромат пурпурных лавандовых полей, согретых жаркими солнечными лучами.;Духи следует наносить в небольшом количестве, близко к коже (1-2 см), на тепловые точки: под коленями, область живота, запястья, сгибы локтей, район солнечного сплетения, точки за ушами, основание шеи со стороны спины, затылок. Как правило на одну точку достаточно несколько капель. Растирать духи не рекомендуется, так как это может нарушить правильный процесс раскрытия композиции. Для повышения стойкости рекомендуем наносить на хорошо увлажненную кожу, комбинируя с кремом, молочком или маслом для тела
19000136714;12 PARFUMEURS FRANCAIS VAUX LE VICOMTE;духи;;22000;18700;https://goldapple.ru/19000136714-vaux-le-vicomte;3.0;Вдохновившись старинным замком Во-ле-Виконт, окруженным пышными садами и парками, парфюмеры создали одноименный фужерно-восточный аромат.  Растительные мотивы легко угадываются в начальных нотах герани и ландыша, уравновешенных чуть землистым звучанием пачули.  Душистую симфонию подхватывают аккорды свежего бергамота, гелиотропа и лаванды, уступающие место дымной амбре и мускусу.;Наносить на неповрежденные участки кожи, волос и одежду
19000291181;ASTROPHIL&STELLA PARIS CHERI;духи;Италия;16500;15675;https://goldapple.ru/19000291181-paris-cheri;3.0;Последние звезды сияли на белизне Сакре-Кёр, пока полумесяц из слоеного теста тихо отдыхал за холмом Монмартра, а волшебство рассвета выглядывало из-за мечтательных крыш Парижа. Булочные уже распространяли свои манящие ароматы по спящим бульварам и заполняли весь город ароматными утренними объятиями. Энергичный аромат кофе и какао определяет живую индивидуальность этого аромата, подслащенную нотками ванили. Насыщенный аромат древесины и смол поддерживают пряные запахи листьев корицы и масла кардамона среди цветочных нюансов и ягод, которые придают парфюму радостную свежесть.;Распыляйте с расстояния 20-25 см. Не наносите на одежду, не используйте при нахождении на солнце.
19000296174;BYREDO Reine de Nuit;духи;Франция;56420;35544;https://goldapple.ru/19000296174-reine-de-nuit;3.0;Каждый аромат Night Veils, дистиллированный в чистую эссенцию, создан на основе благородного сырья, тщательно отобранного. Благодаря своей высокой концентрации это новое трио заново изобретает новый парфюмерный ритуал. Reine de Nuit — свидетельство того, насколько придающим силы может быть насыщенный цветочный парфюм в сумеречные часы. Он возрождает богатую традицию восточных ароматов и воспевает внутреннюю соблазнительность розы. Reine de Nuit обладает чувственным и завораживающим ароматом.;Нанести на пульсирующие точки.
99000088556;SYNONYME WHITE WIDOW;духи;;1990;1214;https://goldapple.ru/99000088556-white-widow;2.82;WHITE WIDOW - это синоним праздниĸа жизни. Взрыв дофамина в опьяняющем ĸоĸтейле изысĸанной гурманиĸи. Возбуждает аппетит ĸ ярĸой жизни, наполненной росĸошью, соблазнами и на время снятыми запретами.;Аромат можно наносить на волосы, кожу, одежду.
19000051912;DILIS №33 Classic Collection;духи;;2251;2025;https://goldapple.ru/19000051912-no33-classic-collection;2.82;Аромат для девушки, которая порой кажется неприступной. Но это не так – она дарит свою чувственность и беззащитность единственному любимому мужчине. Начальные ноты: бергамот, лимон, мандарин. Сердечные ноты: жасмин, кардамон, имбирь. Шлейфовые ноты: кедр, амбра, белый мускус.;Распылять на кожу с расстояния 15см. Не использовать в пищевых целях. Избегать попадания в глаза
19000400043;COMPTOIR SUD PACIFIQUE Tropical Sunset;духи;Франция;15500;9300;https://goldapple.ru/19000400043-tropical-sunset;2.82;Этот аромат рассказывает историю о щедрой природе и далекой экзотической стране. Первые лучи солнца нежно ласкают тонкие лепестки цветка ванили, которые сияют насыщенным, чистым и лучистым белым цветом. Пьянящий аромат этого цветка поднимается в воздух, создавая симфонию мягкости и тепла.  Каждый вдох этого цветочного аромата ванили погружает разум в состояние умиротворения, пробуждая воспоминания о простых временах и культуре, богатой красками и эмоциями. Он отражает суть тропического заката, отдавая дань простой, но пленительной красоте жизни в тропиках.  Каждый всплеск - это приглашение путешествовать, мечтать, сбежать в далекий рай, где время, кажется, остановилось, и где воспоминания сплетаются с ритмом волн и ветра.;Только для наружного применения.
19000266451;COSMOGONY Other Side;духи;Россия;2200;1540;https://goldapple.ru/19000266451-other-side;2.82;Other side Другая сторона Луны. Влияет на всех, хоть сама никому не видна. Она сбивает с очевидного пути, но помогает увидеть пути иные, к которым не каждый готов. Она наводит морок, а потом разрушает иллюзии. Она разглаживает волнение ума до зеркальной глади, и в этой глади отражаются ответы на сокровенные вопросы души.  Проводники на теневых дорогах Other side: ветивер, ирис, дубовый мох. Освещают путь лотос, пион и апельсиновый цвет. Настоящее испытание и настоящий дар.                                                                                     Верхние ноты: кардамон, дыня, мята, сладкий апельсин, розовый перец. Ноты сердца: личи, фрезия, альдегиды, апельсиновый цвет, роза, пион, мимоза, лотос, ирис, фиалка, морской аккорд. Базовые ноты: ветивер, мокрое дерево, дубовый мох, амбра.                                                                   Парфюмер: Феликс Дешам (Félix Deschamp).;Только для наружного применения. Распылять  на кожу/волосы с расстояния 10-15 см.
19000448973;ZIELINSKI & ROZEN White Sage & Neroli;духи;Россия;7350;7350;https://goldapple.ru/19000448973-white-sage-neroli;2.82;Аромат категории унисекс. Долго сохраняется на коже, оставляя легкий шлейф.;Распылять на кожу с расстояния 30 см. Для усиления стойкости аромата наносить на разогретое или влажное тело.
99000090495;BY MAF Abracadabra extrait;духи;Россия;2771;2632;https://goldapple.ru/99000090495-abracadabra-extrait;2.82;"Abracadabra - это аромат, основанный на уникальной идее, воплощённой в утончённой композиции. Его главная цель - создать ощущение ""дорого-богато"", но без перегруженности сотнями нот, без излишнего эпатажа или эффекта, будто вы надели всё самое лучшее сразу. Это аромат, который сочетает стойкость без тяжести и исключительное качество без компромиссов. Он задуман как идеальный унисекс, к которому хочется тянуться снова и снова. Он универсален: подойдёт для зимних дней и для тёплого летнего вечера, будь то прогулка или встреча. Это парфюм, который гармонично сочетается с любым моментом вашей жизни.";Два пшика на запястья - по одному на каждую руку. Два пшика позади шеи, это позволить аромату шлейфить и при этом не душить. Один пшик на грудь.
19000381049;EQUIVALENT G 006;духи;ОАЭ;1690;1521;https://goldapple.ru/19000381049-g-006;2.82;G006 - это вдохновляющий яркий цветочно-фруктовый аромат встречает неистовым взрывным аккордом черной смородины, апельсина, мандарина и грейпфрута.  Сердце аромата раскрывается соблазнительным манящим звучанием розы, жасмина, лилии и ландыша в сочетании сочными и сладкими фруктовыми нюансами на томном и теплом древесно-амбровом фоне.  Аромат заставит улыбнуться пасмурным днем, настроит на романтичный лад летним вечером.;Для полноценного раскрытия, духи наносятся на пульсирующие участки кожи, вблизи сосудов, которые будут постоянно его подогревать - на шею за ушами, под колено, на запястье, локтевые сгибы, волосы.
19000399938;PANDORA #05;духи;Россия;1850;1295;https://goldapple.ru/19000399938-05;2.82;Начальные ноты - горький апельсин, зеленая сирень, лист земляники - освежают и придают бодрости. В “сердце” композиции вас ждет встреча с нежными цветочными нотами - глицинией, цветами абрикоса, цветами бузины, розовым пионом, цветами жимолости. Чувственная амбра и благородный кедр элегантным шлейфом будут сопровождать вас в течение всего дня.;Для наружного применения.
19000344523;TIZIANA TERENZI Siene;духи;Италия;27500;23375;https://goldapple.ru/19000344523-siene;2.82;Этот аромат навеян Тосканой и, в частности, одним из самых красивых и загадочных городов этой земли. Во время путешествия по Тоскане, мы приезжаем в один из самых древних средневековых городов – Сиену, в котором даже сегодня ощущается влияние династии Медичи.  Для понимания аромата Siene’ требуется время - перед нами многогранный и неповторимый шедевр парфюмерного искусства.  Композицию открывают можжевеловые ноты в сочетании с кипарисом, традиционным и символичным для Тосканы деревом. Они сливаются с характерным звучанием древесного аккорда вековых оливковых деревьев и тополей тосканских лесов. Экстраординарная прелюдия из древесных нот встречает аккордом из красных пачулей, смешанных с нотами ладана, мирры и тосканской кожи.  Древесная тема окружена терпкой мягкостью аккорда меда из цветов тосканской акации и авторского аккорда из серой амбры и мускуса.  Финальный штрих композиции придаёт индийский сандал и камбоджийский уд, благодаря которым аромат сохраняет стойкость и шлейф.;Средство предназначено для наружного применения с целью придания приятного аромата. Нанести аромат на кожу.
19000172672;PANDORA PARFUM extra #10;духи;Россия;1395;976;https://goldapple.ru/19000172672-parfum-extra-10;2.8;Pandora #10 способна стать визитной карточкой женщины, полной энергии, дерзкой и активной. Яркий всплеск из нот лимона и бергамота в сочетании с терпко-травяной черной смородиной обостряет чувства и желания. В “сердце” аромата композиция становится томной и обволакивающей. За это отвечает сладко-цветочная нота ириса, изящный цикламен и пудровый аккорд. В базовых нотах ветивер раскрывается на подложке из дымно-смолистого кедра и чувственного мускуса. Молекула AMBROXAN дарит аромату глубину и способствует повышению внимания со стороны противоположного пола, действуя как афродизиак.  Духи Pandora относятся к категории “экстра” и отличаются высокой концентраций душистых веществ, обеспечивающих повышенную стойкость и продолжительный шлейф. Удобный тревел-формат флакона позволяет не расставаться с любимым ароматом в течение всего дня.;"Нанести на ""точки пульса"": на запястье, за мочку уха, на сгиб локтя, на шею в районе межключичной впадины и под колено."
19000172676;PANDORA PARFUM extra #14;духи;Россия;1395;976;https://goldapple.ru/19000172676-parfum-extra-14;2.58;Притягательный и элегантный аромат Pandora # 14 адресован женщине, которая умеет сочетать в себе мягкость и внутреннюю силу, чувственность и здравый смысл. Открывается композиция терпкостью бергамота, изысканной сладостью персика и томительной негой франжипани. В “сердце” элегантная нота сливы и нежная орхидея подчеркиваются изящностью цветов апельсина. Классический шлейф из дымно-смолистого сандала и чувственного мускуса расскажет о контрастности женской натуры - одновременно мягкой и волевой, нежной и сильной.  Духи Pandora относятся к категории “экстра” и отличаются высокой концентраций душистых веществ, обеспечивающих повышенную стойкость и продолжительный шлейф. Удобный тревел-формат флакона позволяет не расставаться с любимым ароматом в течение всего дня.;"Нанести на ""точки пульса"": на запястье, за мочку уха, на сгиб локтя, на шею в районе межключичной впадины и под колено."
19000381056;EQUIVALENT G 020;духи;ОАЭ;1690;1352;https://goldapple.ru/19000381056-g-020;2.58;Ни одна героиня романа не становится героиней без чувства уверенности в себе. И именно этим окрыляющим ощущением можно описать G020 - смелость покорить весь мир, пьянящая уверенность и, обязательно, счастливая концовка.  Цветочный вихрь кружит вокруг сильной нотки малины и оттеняющего розового перца. Весь этот калейдоскоп объединяет под своей, по достоинству полученной короной, королева роз - дамасская роза, рука об руку идущая с цветком миндаля и тонкими нотами бобов тонка.;Для полноценного раскрытия, духи наносятся на пульсирующие участки кожи, вблизи сосудов, которые будут постоянно его подогревать - на шею за ушами, под колено, на запястье, локтевые сгибы, волосы.
19000011048;DAVIDOFF Cool Water Parfum;духи;Франция;8500;6375;https://goldapple.ru/19000011048-cool-water-parfum;2.58;Davidoff Cool Water Parfum - парфюмерная вода для мужчин. Davidoff  добавил к легендарной акватической свежести новый ингредиент - ветивер, который позволяет аромату звучать по-настоящему мужественно и благородно, постепенно раскрывая свой характер победителя через древесные ноты сандала и пикантный аккорд с розовым перцем.;
19000003870;12 PARFUMEURS FRANCAIS AZAY-LE-RIDEAU;духи;;31000;26350;https://goldapple.ru/19000003870-azay-le-rideau;2.58;Как и у Chateau d'Azay-le-Rideau – семь залов, так и у одноименного аромата – семь ключевых нот. В начале цветочно-ориентальной композиции отчетливо ощущаются переплетения ванили, амбры и сандалового дерева. Раскрывается аромат нежнейшими нотами ландыша и спелой сливы, а шлейф окутывает обворожительной прохладой мандарина и жасмина.;
99000081861;BY KAORI FRANCE, SEPTEMBER 2018;духи;;2190;2190;https://goldapple.ru/99000081861-france-september-2018;2.58;Сложный цветочный аромат жасмина, ириса и пачули - романтичная Франция, улочки которой полны любви и веселья. Страна контрастов, романтики и любви - Франция. Кажется, каждый город здесь имеет свой собственный, ни с чем не сравнимый аромат: живой, веселый Париж, который манит к себе всех романтиков мира, - бурная смесь прохладного бергамота и яркого шафрана. Цветущий Грасс и его бескрайние поля: у вас появляется ощущение, что здесь собраны все цветы мира: нежный жасмин, глубокий ирис и сладковатый нарцисс. Прибыв в Ниццу, вы ощущаете аромат роскоши: нотки уда и пачули обволакивают улицы этого города. Именно такой, контрастный и сложносочиненный аромат рождает Франция.;Распыляйте парфюмерию на чистую увлажненную кожу, так композиция задержится на более продолжительное время. Также чистая кожа не источает посторонних запахов и не перебьет ноты духов. Рекомендуется нанести небольшое количество парфюмерной воды либо на одну или несколько точек - за мочкой уха, на запястья, на внутренний сгиб локтя, либо непосредственно распылить на волосы или на одежду.
19000352998;COSMOGONY Helix;духи;Россия;2200;1540;https://goldapple.ru/19000352998-helix;2.56;Туманность Глаз Бога из созвездия Водолея по форме напоминает распахнутый глаз, взирающий на нас из самых глубин бесконечной Вселенной. Такой необычный вид космического объекта положил начало его специфическому названию.  Интригующий и свежий аромат, посвященный туманности Helix, открывается пронзительной зеленой нотой.  В сердце композиции, обращенной к истинным философам и артистичным натурам, открываются прохладные минеральные тона и лаванда в сочетании с древесным и пряными оттенками. В шлейфе - нежное тепло замши и ванили.              Парфюмер: Кевин Мэтис (Kevin Mathys).;Распылять на кожу/волосы с расстояния 10-15 см.
19000353001;COSMOGONY Lemon Slice;духи;Россия;2200;1540;https://goldapple.ru/19000353001-lemon-slice;2.56;Маленькая, но яркая туманность Лимонная Долька из созвездия Жирафа сияет в пустынной черноте бесконечно далекого космоса. Лучистый искрящийся аромат наполнен соком спелых цитрусов. В композиции - легкая горчинка цедры, ледяной шот лимончелло, соленый морской бриз и пряный дух ароматических трав, сладость жасмина и тепло древесных нот.                                                                Парфюмер: Джулия Родригез-Пастор (JULIA RODRIGUEZ PASTOR).;Распылять на кожу/волосы с расстояния 10-15 см.
19000301360;AROMAGEN WILDFLOWERS TEA;духи;Россия;870;870;https://goldapple.ru/19000301360-wildflowers-tea;2.56;"Твердые духи- изысканные ароматы, которые удобно брать с собой и обновлять аромат в любом месте и в любое время. Ароматы раскрываются очень нежно, многогранно и ""сидят"" близко коже. Концентрация ароматических веществ в духах - 25%, что делает их стойкими при нанесении и экономичными в использовании. Стойкость аромата на коже 3-4 часа. Время зависит от нанесенного количества. Приятный, свежий аромат, релаксирующий. Подходит, когда хочется быть в гармонии с собой и природой, совершенно не навязчивый и не обязывающий, очень оптимистичный, воздушный, аромат чистоты. Мята, ревень, фенхель благоухают легко и тонко. Терпкие ноты бергамота и сладкого лимона сочные и свежие веют прохладой. С этим ароматом невозможно грустить, очень поднимает настроение. Он простой и незатейливый, но всегда уместный. Легкий аромат о летних мечтах. О чае на веранде и теплых летних вечерах.";Захватить немного кончиком пальца и нанести на пульсирующие точки : запястья, сгиб локтя, шею, зону за ушами, ключицы.
26142300001;FRANCK BOCLET ASHES;духи;;20390;14273;https://goldapple.ru/26142300001-ashes;2.4;Ashes  Franck Boclet- дымное впечатление от пряных и древесных нот, смягчаемых восточным прикосновением мускуса и ладана. Амброво-пряный аромат. Верхние ноты: полынь, ноты гвоздики. Ноты сердца: гваяковое дерево, Атласский и Вирджинский кедр, пачули. Основа: амбра, высушеннное дерево, мускус и ладан.;
19000201883;PANTHEON ROMA RAFFAELLO;духи;Италия;17500;14875;https://goldapple.ru/19000201883-raffaello;2.22;Он очень утонченный и эклектичный гений, в то же время сильный и конкретный. Профиль художника, сделавшего элегантность отличительной чертой своей работы. Изящество его штриха оставило неизгладимый след в истории искусства. Рафаэль —привлекательный, элегантный и страстный мужчина, полностью проживший свою историю любви. Обработка аромата проходит на двух уровнях: дистиллят чистого большого абсента и смесь перца, кожи, тикового дерева и бобов тонка. На первом уровне художник и его вибрация (абсент), на втором рассказывается вместо энергии (кожа, перец, тик и бобы тонка), с фоновым запахом, напоминающим цветные пигмент;Наносить на неповрежденные участки кожи, волос и одежду
19000381052;EQUIVALENT G 010;духи;ОАЭ;1690;1521;https://goldapple.ru/19000381052-g-010;2.22;G010 - смелый ориентальный аромат привлекает своим особенным звучанием. В верхних нотах этой композиции доминируют сверкающие, искристые бергамот и лимон, которые прекрасно гармонируют с чуть горьковатым, цветочно-пряным бархатцем.  Ирисы, цикламен и жасмин придают аромату сладковатый мягкий пудровый оттенок.  Затем появляется контрастный кожно-дымный аккорд, смягченный прозрачно-теплым звучанием мускуса, амбры и кедра.;Для полноценного раскрытия, духи наносятся на пульсирующие участки кожи, вблизи сосудов, которые будут постоянно его подогревать - на шею за ушами, под колено, на запястье, локтевые сгибы, волосы.
19000266450;COSMOGONY Morning Star;духи;Россия;2200;1540;https://goldapple.ru/19000266450-morning-star;2.22;Morning Star ...и красота, и тайна… Утренняя звезда мерцает в бескрайних глубинах темного небосвода… Предрассветный час – время чудес и откровений. Венера приоткрывает завесу ночной тайны, являя человечеству нежную красоту зари. В римской мифологии Венера – обольстительная богиня любви и красоты, воплощение чувственности, соблазна и романтики, муза и покровительница искусств. Венера зажигается на нашем небосводе в самое прекрасное время – перед рассветом. Эта планета особенная. Вокруг собственной оси она вращается в противоположную другим планетам сторону. У нее нет спутников, нет колец, только невероятно плотная кислотная атмосфера – с облаками, скрывающими ее скалы. Говорят, что на заре существования на Венере были и океаны, но они уступили место вулканам и кратерам. Morning Star открывается соблазнительной сладостью дикой ежевики, согретых солнцем абрикосов и спелых слив. В сердце композиции сладкий жасмин и прохладная розовая роса гармонично оттеняют терпкость вина из османтуса. В насыщенной базе аромата – благоухание сандала и пачулей. Завершает композицию анималистичный аккорд.;Только для наружного применения. Распылять  на кожу/волосы с расстояния 10-15 см.
19000285463;NICHEHOUSE La perla mode extrait;духи;ОАЭ;19250;14437;https://goldapple.ru/19000285463-la-perla-mode-extrait;2.22;La Perla de La Vie – коллекция ароматов, вдохновленная драгоценными моментами жизни. Каждый аромат, словно бесценная жемчужина, передает красоту и глубину прекрасных моментов жизни. Каждый аромат переносит нас в особые воспоминания неподвластные времени и каждый – яркий и многогранный, как сама жизнь.Mode – это сдержанная элегантность и утонченность с идеальным балансом цитрусовых, древесных и мускусных нот.  Аромат подходит для любого случая, от ночной прогулки по городу до активного дня в офисе. Парфюмерная композиция раскрывается освежающими нотами грейпфрута, бергамота и имбиря. В сердце аромата пачули, амбра и сандаловое дерево, которые придают теплоту и землистость, в то время как базовые ноты жасмина, ветивера и мускуса создают чувственное и звучное послевкусие.;Нанести парфюм на область шеи, на внутреннюю сторону запястья и сгибы локтей. Также можно распылить небольшое количество средства в воздухе перед собой и войти в ароматное облако.
19000377071;BRUNELLO CUCINELLI SOGNO NOTTURNO;духи;Италия;32500;27625;https://goldapple.ru/19000377071-sogno-notturno;2.0;Аромат BRUNELLO CUCINELLI из коллекции, посвященной эмоциональной силе поэзии, передает настроение стихотворения Виттории Аганур «Sotto le Stelle» («Под звездами»). Обволакивающая и словно окутывающая сиянием композиция, созданная парфюмером Квентином Бишем, размывает грань между воображением и реальностью. Пряное звучание тмина встречается с цветочной нежностью османтуса, придавая аромату сложную, многогранную сладость. Густой смолистый аккорд ладанника и травянистая грань ветивера пробуждают воспоминания о глубоких и сокровенных снах.;только для наружного применения.
83460100002;FILIPPO SORCINELLI Unum Rosa Nigra;духи;;24900;23655;https://goldapple.ru/83460100002-unum-rosa-nigra;2.0;В церкви ложной Розы все воображаемые формы считаются священными и принимаются за реальность.  Rosa_Nigra воплощает таинственную утонченность и пересекает парфюмерные жанры словно хамелеон, передавая аромат розы без использования розовых нот.  Аромат Rosa Nigra напрямую связан с Opus 1144: он посвящен готическим зданиям, а именно витражам, через которые проходит солнечный свет и рассыпается на холодном каменном полу и статуях святых.;По мере необходимости
99000054815;BLACK HEART Irbis;духи;;2400;2160;https://goldapple.ru/99000054815-irbis;2.0;Яркий и соблазнительный аромат спелого ананаса и сладких цитрусов в сочетании с нежными нотами жасмина, розы и фиалки. Его оттенки в своём звучании переменчивы как повадки изящной и грациозной, но в то же время дикой и хищной кошки.Нося этот парфюм, вы заявляете окружающим о своей силе и амбициозности.;Нанесите небольшое количество парфюма на чистую кожу. Лучше всего распылять парфюм на точки пульсации: запястья, за ушами, на шее, сгиб локтя или колена.
19000320026;MAISON OUD AMIRA;духи;ОАЭ;29510;22132;https://goldapple.ru/19000320026-amira;2.0;Нежный женственный аромат Amira переносит в самое сердце цветущего яблоневого сада. Благоухание воздушных лепестков подчеркивают сочные ноты бархатистого персика и засахаренного ананаса. К утонченному цветочно-фруктовому аккорду примешиваются полутона мускуса и горьковатых пачулей, напоминающих запах земли после теплого ливня.;Нанести парфюм на область шеи, на внутреннюю сторону запястья и сгибы локтей. Также можно распылить небольшое количество средства в воздухе перед собой и войти в ароматное облако.
83830100013;DIVINA TERRA Vita;духи;;6800;6800;https://goldapple.ru/83830100013-terra-vita;2.0;Для влюбленных в жизнь, тем кто удивляется каждому ее дню, наслаждается ею, не откладывая на потом. Яркие шафрановые и амбровые ноты сплетаются в едином течении.;Наносить на кожу, избегая области вокруг глаз. Область применения: шея и декольте.
19000059311;CLIVE CHRISTIAN Private Collection V Amber Fougere;духи;;63960;44772;https://goldapple.ru/19000059311-private-collection-v-amber-fougere;2.0;Амбровый фужер наполнен внутренним огнем и скрытой страстью, которую создатель питает к парфюмерии и сценическому искусству.  Ведь и то и другое быстротечно, словно миг, мгновение.  Вы в плену у аромата, вы захвачены незабываемым мгновением, сцена за сценой, нота за нотой. Винтажный аромат в театральном исполнении рождается в ошеломительном миксе из древесных смол и кассии.;Нанести на пульсирующие точки.
19000086065;12 PARFUMEURS FRANCAIS CHAUMONT sur loire;духи;;31000;21700;https://goldapple.ru/19000086065-chaumont-sur-loire;2.0;Благородная композиция раскрывается свежестью бергамота, мускатного ореха и зеленых листьев. Сердце играет каплями фиалки и жасмина, а глубокий шлейф выражен богатством древесных, кожаных и сандаловых нот. Таинственный и бархатистый аромат, который завораживает и увлекает, как извилистые дорожки сада Шато-деШомон-сюр-Луар.;
99000040457;KUSHNAREVA PERFUME The first love №17;духи;;2500;2500;https://goldapple.ru/99000040457-the-first-love-no17;2.0;Сочная черешня. Мокрые волосы. Громкий смех. Долгие поцелуи на закате.;
19000387938;FILIPPO SORCINELLI SACRISTIE DES ARBRES;духи;Италия;29900;28405;https://goldapple.ru/19000387938-sacristie-des-arbres;2.0;Идеальное заточение чувств в многовековом лесу. Лес — это место, которое полно мудрости и тайн, где природа будто говорит своим спокойствием и красотой.  Это среда, где обязательно нужно слушать, чтобы услышать друг друга, быть в связи с деревьями, пытаясь понять их молчаливые уроки.;Распыляйте с расстояния 20-25 см. Не наносите на одежду, не используйте при нахождении на солнце.
19000377069;BRUNELLO CUCINELLI VIE ETEREE;духи;Италия;32500;32500;https://goldapple.ru/19000377069-vie-eteree;2.0;Аромат BRUNELLO CUCINELLI из коллекции, посвященной искусству поэзии, создан под впечатлением от стихотворения Джакомо Леопарди «L'infinito» («Бесконечность»). Изысканная, аутентичная композиция, созданная парфюмером Бенуа Лапуза, словно излучает сияние. Аромат озаряет вспышкой свежести, в которой переливаются ноты бергамота из Калабрии и бодрящего цитрона. Пряное звучание кардамона и ароматические оттенки базилика делают сердце аромата выразительным и ярким. Кедр мягко дополняет уникальный характер парфюмерной композиции, которая приглашает в захватывающее ольфакторное путешествие, пробуждает воображение и настраивает на вдумчивое созерцание.;только для наружного применения.
19000059305;CLIVE CHRISTIAN Original Collection No 1 Masculine;духи;;120640;84448;https://goldapple.ru/19000059305-original-collection-no-1-masculine;2.0;Состав этого аромата неповторим, а ингредиенты по стоимости не уступают бриллиантам. Композиция с нотами драгоценного сандала и редких сортов жасмина, среди которых выделяется арабский жасмин – самбак, составлена Клайвом Кристианом из его любимых компонентов: грейпфрут, роза, 50-летнее сандаловое дерево, мускус и ветивер.;Нанести на пульсирующие точки
19000059089;OJAR  Stallion Soul Absolute;духи;;25630;10252;https://goldapple.ru/19000059089-stallion-soul-absolute;2.0;Непокорная душа. Плотский уд, кожаные грани которого смягчены розой и гвоздикой. Абсолю – это концентрированный экстракт драгоценных натуральных компонентов. Достаточно всего нескольких капель, чтобы аромат держался в течение всего дня. Абсолю можно наносить разными способами с помощью инновационной двойной крышки, в которую встроены стеклянный аппликатор и ролик. Чтобы использовать ролик, открутите верхнюю часть крышки. Переверните флакон и круговыми движениями нанесите тонкий слой аромата. Для более насыщенного эффекта открутите нижнюю часть крышки и нанесите масло с помощью стеклянного аппликатора.;
19000451161;BLACK REFLEXION №13.26;духи;ОАЭ;673;572;https://goldapple.ru/19000451161-no13-26;2.0;Парфюмерная вода «Black Reflexion № 13.26» — это визитная карточка целеустремлённых мужчин и роскошных женщин. Аромат покоряет изысканным сочетанием нот цитрусов, белых цветов и средиземноморских специй. Он обладает упоительным, солнечным, бодрящим характером, пробуждающим к жизни. В композиции гармонично переплетаются ноты кумквата, специй, корсиканского апельсина, полевых цветов и белого мускуса. Этот аромат станет эффектным дополнением любого образа, делая его ещё более привлекательным и романтичным.;Только для наружного применения.
19000233255;MIHAN AROMATICS Mikado Bark;духи;Австралия;11880;10098;https://goldapple.ru/19000233255-mikado-bark;2.0;В нагромождении бумаг  и незнакомых книг проступает  яркая индивидуальность  и литературный талант. Яркие эмоции, бархат, мех и осенние янтарные  оттенки тканей дополняют картину  и создают эффект всеобъемлющего присутствия. Ноты мускуса  с опорой на плотные оттенки кедра  и отзвуком сухой масляной краски, звучат как слова напутствия.;Нанести на пульсирующие точки.
99000088553;SYNONYME CHRISTIAN. LAURA;духи;;1300;793;https://goldapple.ru/99000088553-christian-laura;2.0;CHRISTIAN. LAURA - это синоним раскрепощенности. Яркий, благородно-сладкий парфюм из семьи цветочно-фруктовых – беспечный и соблазнительный. Правильная дозировка, простор и воздух, раскроет великолепие аромата и тонкость шлейфа. Наслаждайтесь игрой.;Аромат можно наносить на волосы, кожу, одежду.
19000381064;EQUIVALENT G 040;духи;ОАЭ;1690;1521;https://goldapple.ru/19000381064-g-040;1.98;G040 - аромат чистоты. Прекрасный аромат из категории уходовых - слегка кремовый, немного мыльный.  Создаёт ауру ухоженности и косметический флёр.  Стартует свежестью альдегидов с легкой долей игривости розового перца и сладковатым запудренным мускусом, потом проступает легкий цветочный отголосок.;Для полноценного раскрытия, духи наносятся на пульсирующие участки кожи, вблизи сосудов, которые будут постоянно его подогревать - на шею за ушами, под колено, на запястье, локтевые сгибы, волосы.
19000451148;BLACK REFLEXION №13.13;духи;ОАЭ;673;605;https://goldapple.ru/19000451148-no13-13;1.8;Главными нотами яркой соблазнительной композиции выступают красный апельсин, грейпфрут, мед, пачули и гардения, которые объединяют сливочный, чувственный, земляной и гурманский эффект с теплым пряным древесным оттенком. Пряный, тягучий, медово-карамельный аромат, звучащий негромко, но прекрасно.;Только для наружного применения.
19000316380;FLAME MOSCOW Noor;духи;Россия;1250;875;https://goldapple.ru/19000316380-noor;1.8;Это мягкое и романтичное представление удового дерева, которое будто сливается с Вами и становится тенью, дополняющей Вас. Подсвечивают уд в композиции томное розовое дерево и пачули, а в шлейфе остается чистота мускуса и легкая свежая горчинка только что очищенного мандарина.  Аромат как хамелеон подстраивается под температуру и Вашу кожу: то звучит более прохладно, то согревает, при этом не стягивая и не утяжеляя обоняние. Твердый парфюм удобно использовать на ходу и в путешествиях. В отличие от жидких парфюмерных средств, его можно взять с собой на борт самолета, а также удобно душиться им в окружении людей и в общественных местах. Аромат раскрывается у всех на коже по-разному, особенно у женщин и мужчин. Все ароматы — унисекс. За счет органического состава их также можно наносить на концы волос и кутикулу для увлажнения и питания.;Чтобы аромат раскрывался сильнее, духи необходимо нанести на все пульсирующие точки и волосы. Аромат раскрывается лучше при тепле. Количество наносимого средства нужно подбирать под индивидуальную способность кожи «дышать» и тем самым распространять аромат.
19000086178;LAB FRAGRANCE ADVENTURER;духи;;7900;6320;https://goldapple.ru/19000086178-priklucenie;1.8;Потрясающей красоты свежий старт ягодных нот, спелого яблока и бергамота.  Звонкие переливы в сердце композиции от нежной розы до колких пачули.  Сбалансированная база амбры, дубового мха и мускуса.  Все это об аромате приключение, чье звучание окутает аурой исключительности и неповторимой уверенности.;Только для наружного применения.
19000353000;COSMOGONY Blue Flash;духи;Россия;2200;1540;https://goldapple.ru/19000353000-blue-flash;1.6;Светящееся облако туманности Голубая Вспышка из созвездия Дельфина сияет на черном бархате неба, окруженное большим скоплением далеких звезд как морская синева в белых барашках пены.  Аромат насыщен свежестью соленого воздуха, наполнявшего когда-то паруса древних трирем, а сейчас - современных белоснежных яхт. Терпкий дух кипарисов и сосен смешивается с сочной зеленью герани и базилика, а обжигающая острота имбиря добавляет энергии элегантному шлейфу ветивера и дубового мха.                                                                                           Парфюмер: Бертран Дюшофур (Bertrand Duchaufour).;Распылять на кожу/волосы с расстояния 10-15 см.
19000162072;GOLDFIELD & BANKS Island Lush;духи;;28380;24123;https://goldapple.ru/19000162072-island-lush;1.6;Тихоокеанский сандал – воплощение дикой тропической красоты.  Соблазнительный и роскошный аромат, наполненный чувственным звучанием драгоценного тихоокеанского сандала. Аромат подобен экзотическому ветру, который отправляет вас в путешествие на далекие тропические острова, где ароматы ярких специй, экзотических растений и чувственных смол сливаются с оттенками роскошной древесины. Чувственный и пряный аромат тихоокеанского сандала окутывает экзотической аурой. Island Lush передает атмосферу пышного экзотического острова Вануату в южной части Тихого океана и пробуждает жажду приключений в том, кто его носит.;Духи следует наносить в небольшом количестве, близко к коже (1-2 см), на тепловые точки: под коленями, область живота, запястья, сгибы локтей, район солнечного сплетения, точки за ушами, основание шеи со стороны спины, затылок. Как правило на одну точку достаточно несколько капель. Растирать духи не рекомендуется, так как это может нарушить правильный процесс раскрытия композиции. Для повышения стойкости рекомендуем наносить на хорошо увлажненную кожу, комбинируя с кремом, молочком или маслом для тела.
19000316834;EQUIVALENT P049;духи;Россия;1090;981;https://goldapple.ru/19000316834-p049;1.4;Духи из коллекции ароматов Equivalent оригинальны, необычны, эксклюзивны. Отливант, пробники, духи на распив - возможность собрать целый гардероб для всевозможных ситуаций и образов, времен года или настроения.;Такие миниатюры духов рекомендуется наносить на пульсирующие участки кожи вблизи сосудов, которые будут постоянно его подогревать - на шею, за ушами, под колено, на запястье, локтевые сгибы, на волосы.
19000381047;EQUIVALENT G 003;духи;ОАЭ;1690;1521;https://goldapple.ru/19000381047-g-003;1.4;Начало дня будет наполнено энергией и радостью, если вы начнете его с ароматом G003.  Парфюмерная композиция полна уверенности и страсти, она объединяет в себе экзотические фрукты, сочное звучание которых смешивается со свежим искристо-пряным нюансом розового перца. Раскрывается аромат горьковато-зеленым ревенем в сочетании с арбузно-свежим аккордом в окружении цикламена и жасмина на чувственном древесно-мускусном фоне.;Для полноценного раскрытия, духи наносятся на пульсирующие участки кожи, вблизи сосудов, которые будут постоянно его подогревать - на шею за ушами, под колено, на запястье, локтевые сгибы, волосы.
19000381068;EQUIVALENT G 048;духи;ОАЭ;1690;1521;https://goldapple.ru/19000381068-g-048;1.2;G048 - чистый, лёгкий, ненавязчивый. Влажный, хвойный, древесный на подложке с амброксаном воспринимаются, как нечто чистое, звонкое, хрустальное. Стойкий, диффузный, шлейфовый.;Для полноценного раскрытия, духи наносятся на пульсирующие участки кожи, вблизи сосудов, которые будут постоянно его подогревать - на шею за ушами, под колено, на запястье, локтевые сгибы, волосы.
99000081851;BY KAORI Supremum vale;духи;;2190;2190;https://goldapple.ru/99000081851-supremum-vale;1.2;Глубокий и обволакивающий, густой аромат ладана, нежной мадагаскарской ванили и согревающего черного кофе. Композиция, которая переносит вас за столик в уютном ресторане, где можно насладиться тишиной и красотой вечера.;Распыляйте парфюмерию на чистую увлажненную кожу, так композиция задержится на более продолжительное время. Также чистая кожа не источает посторонних запахов и не перебьет ноты духов. Рекомендуется нанести небольшое количество парфюмерной воды либо на одну или несколько точек - за мочкой уха, на запястья, на внутренний сгиб локтя, либо непосредственно распылить на волосы или на одежду.
19000266453;COSMOGONY Underworld;духи;Россия;2200;1540;https://goldapple.ru/19000266453-underworld;1.2;Подземный мир.                                                                                                                                                                                                   Царство всех древних страхов. Пройти по Калиновому мосту или  переправиться с Хароном, а потом вернуться обратно смогли очень немногие. Но этот мрачный путь манит, завораживает. Здесь пахнет холодными альдегидами и багровыми розами. Уводят дальше в глубину амбра и сандал.                                                                                                                                Верхние ноты: ревень, мандарин, лимон, дягиль, альдегиды. Ноты сердца: роза, можжевельник, крыжовник. Базовые ноты: мох, стиракс, сандал, белый мускус, амбра. Парфюмер: Бертран Дюшофур (Bertrand Duchafour).;Только для наружного применения. Распылять  на кожу/волосы с расстояния 10-15 см.
19000399946;PANDORA #26;духи;Россия;1850;1295;https://goldapple.ru/19000399946-26;1.2;Начальные ноты - лимон, черная смородина, мандарин - освежают и придают бодрости.  В “сердце” композиции вас ждет встреча с нежными нотами глицинии, сирени, ландыша, жасмина, фрезии и абрикоса.  Чувственная амбра, кедр, сандал, белый мускус будут сопровождать вас в течение всего дня. В композиции доминируют ноты сирени, а также включена парфюмерная молекула Iso E Super, которая ярко и насыщенно раскрывает аромат на коже, продлевает его стойкость и усиливает шлейф.;Для наружного применения.
19000437918;PRONICHE ProNiche Fragrance Studio Limited Edition Blackcurrant Leaf, Berries, Musk;духи;Россия;1790;1253;https://goldapple.ru/19000437918-blackcurrant-leaf-berries-musk;1.2;Аромат, в котором изысканность встречается с природной чувственностью. Зеленая свежесть листа черной смородины раскрывает первое дыхание аромата - яркое и наполненное свежестью.  В сердце — спелые лесные ягоды: насыщенные, глубокие, с тонкой сладостью и лёгкой терпкостью, словно эхо тёплого летнего дня. Мягкий мускус в базе придаёт аромату объём и деликатную обволакивающую чувственность, оставляя за собой тонкий, незабываемый шлейф. Изысканный и современный — этот аромат звучит уверенно, но ненавязчиво. Он подчёркивает, не заявляет.;Нанести на шею, запястье, локтевые сгибы.
19000316376;FLAME MOSCOW Ines;духи;Россия;1250;875;https://goldapple.ru/19000316376-ines;1.02;Уникальная композиция пряных трав: садовой мяты, томатного листа, петрушки, базилика и лимонного тимьяна на фоне зеленого чая и лепестков жасмина с острой ноткой цитрусовых. Приправлено пудрой на базе теплого сандала и пьянящего мускуса. Наша интерпретация свежего и яркого аромата, вдохновленного оранжереей пряных трав и самыми приятными воспоминаниями. Твердый парфюм удобно использовать на ходу и в путешествиях. В отличие от жидких парфюмерных средств, его можно взять с собой на борт самолета, а также удобно душиться им в окружении людей и в общественных местах. Аромат раскрывается у всех на коже по-разному, особенно у женщин и мужчин.  Все ароматы — унисекс.  За счет органического состава их также можно наносить на концы волос и кутикулу для увлажнения и питания.;Чтобы аромат раскрывался сильнее, духи необходимо нанести на все пульсирующие точки и волосы. Аромат раскрывается лучше при тепле. Количество наносимого средства нужно подбирать под индивидуальную способность кожи «дышать» и тем самым распространять аромат.
19000242038;12 PARFUMEURS FRANCAIS MON CHER;духи;Франция;21000;14700;https://goldapple.ru/19000242038-mon-cher;1.0;Яркий цветочно-мускусный парфюм от известного французского бренда 12 Parfumeurs Francais - это один из парных ароматов 12 Parfumeurs Francais Mon Cher, выпущенных в 2012 году.  Мужская версия композиции «Мой любимый» - это сосредоточение чувственности и роскоши. Благородное звучание нот на подсознательном уровне действует на представительниц прекрасного пола, да и мужчины замечают этот стильный аромат.  Безукоризненная стойкость и респектабельность была создана дуэтом парфюмеров Alain Allione и Delphine Thierry.  Они смогли сплести яркие искры цитрусовых, древесные и растительные аккорды. Харизматичная парфюмерная формула 12 Parfumeurs Francais Mon Cher строится на постепенном нарастании эмоциональности.  Вершина пирамидки составлена из нот горького апельсина и пикантного бергамота. В сердце ощущается контрастная эмоция нежной фиалки и чувственного белого кедра. Пряные специи, древесина и мускус завораживают своей энергетикой в базе. Композиция адресована успешным и стильным мужчинам, которые любят качественные и элегантные аксессуары. С этим парфюмом сложно остаться незамеченным, потому что композиция тонко подчеркивает статус и респектабельность обладателя.  Обращаем внимание, в зависимости от партии товар может поступать в разном дизайне, отличающимся от фото в карточке товара интернет-магазина. На свойство и качество продукта это не влияет.;Наносить на неповрежденные участки кожи, волос и одежду.
19000291182;ASTROPHIL&STELLA SHANGHAI 1930;духи;Италия;16500;15675;https://goldapple.ru/19000291182-shanghai-1930;1.0;В начале 30-х годов Шанхай был городом, не похожим ни на один другой. Плавильный котел культур, этнических групп, личностей, политики. Шанхай 30-х годов был необыкновенным городом в необычное время. Мощный и самобытный цветочно-восточный аромат с глубокими, пьянящими и нежными нюансами. Верхняя нота характеризуется свежим зеленым аккордом чая Earl Grey, который прекрасно сочетается с наркотической, элегантной туберозой со сладким восточным шлейфом. Фон мистический и слегка пудровый, с типичными восточными ингредиентами, а также с мускусным аккордом, который придает аромату продолжительное звучание и чувственность.;Распыляйте с расстояния 20-25 см. Не наносите на одежду, не используйте при нахождении на солнце.
19000344509;TIZIANA TERENZI Gemini;духи;Италия;36000;30600;https://goldapple.ru/19000344509-gemini;1.0;Волшебное путешествие Паоло и Тицианы совершенное вместе с их любимым дедушкой Гульельмо в детстве и бережно хранимое в памяти, сегодня продолжается в воспоминаниях.  Брат и сестра с детства любят наблюдать за небесным сводом, особенно в начале весны, пока на одной из вершин родных холмов горит согревающий костер, весело потрескивающий в ночи.  Свежий покалывающий воздух вызывает румянец на их щеках, и вдруг, на ночном небе показалось прекрасное созвездие Близнецов (Gemini), величественное и загадочное, и кажется, что дедушка Гульельмо, вновь указывает своим всеведущим пальцем на самые яркие звезды, составляющие его, рассказывая мифологическую историю созвездия, существующую с незапамятных времен.   В Gemini Extrait de Parfum воплощена сущность людей, рожденных под знаком Близнецов, и всех, кто открыт знаниям, любознателен, настойчив, полон вдохновения, привержен идеям гедонизма и эстетики. Всех, кто любит красоту во всех ее проявлениях, стремится к прекрасному и обладает стилем, в том числе благодаря дару общения и остроумной диалектики.  Знак Близнецов определяет двойственность личности, а иногда даже тройственность или множественность - такова творческая сила, воодушевляющая этих людей. Они способны органично адаптироваться к любой ситуации и к любой обстановке не из-за гибкости или склонности к компромиссам, а напротив благая приверженности своей позиции и конкретным принципам. Gemini открывается обволакивающим цветочным букетом с утонченностью болгарских розы лаванды, а контрапункт создается силой иранского шафрана и мускатного шалфея. Искрящийся начальный аккорд плавно переходит в интенсивный и энергичный сердечный - истинную душу аромата.  Здесь появляются резкие и пряные ноты, контрастирующие в инновационном стилистическом дуализме.  Gemini - аромат, посвященный всем, излучающим бодрость и энергию или стремящимся к всплеску элегантности и соблазна, не подвластных времени.;Средство предназначено для наружного применения с целью придания приятного аромата. Нанести аромат на кожу.
19760328296;THE HARMONIST SUN FORCE;духи;;39680;29760;https://goldapple.ru/19760328296-sun-forse;1.0;Аромат включает аккорды экзотической древесины и цитрусовых, а его пульсирующее звучание набирает силу и становится более интенсивным в полуденную жару. Выразительный аккорд гавайского помело оживляет загадочную природу бензоина, ветивера и сандалового дерева. Sun Force дарует уверенность своему обладателю, наполняя энергией и силой.;наносите духи на чустую кожу
19000291176;ASTROPHIL&STELLA LOVE IS LOST;духи;Италия;13900;13205;https://goldapple.ru/19000291176-love-is-lost;1.0;Как лепесток, что магическим образом вернулся в свой венчик, упав на землю, Стелла погрузилась в розу небес, стремясь сохранить ощущение близости. Астрофила. Она осознала, что у вселенной есть запах притяжения, и подумала, что если каждый цветок увядает только для того, чтобы расцвести вновь, всякая любовь теряется только затем, чтобы быть восстановленной. Драгоценные цитрусовые ноты покоятся на цветочном букете из болгарской розы, египетской герани и жасмина. База аромата наполнена ванилью и специями.;Распыляйте с расстояния 20-25 см. Не наносите на одежду, не используйте при нахождении на солнце.
99000045013;LA LETTRE SINTRA;духи;;7430;7430;https://goldapple.ru/99000045013-sintra;1.0;Аромат, вдохновлённый городом Синтра в Португалии, словно переносит вас в золотые сумерки, когда свет окутывает старинные дворцы, а время становится мягким и тянется медленно. Начинается он с лёгкой, почти игривой ноты вишни — её сладость словно прогревает воздух, постепенно утопая в более глубоких и интимных аккордах. Роза и ландыш переплетаются в этом аромате, создавая ощущение утончённой красоты. Миндаль добавляет бархатистую, почти теплоту, обогащённую ванилью, которая приносит уют и мягкость, как вечерняя прохлада. Сандал и мох создают землю, на которой стоит город — глубокой, тихой и вечной. Бобы тонка вносят сладкие, слегка пряные акценты, а мускус с амброй заключают композицию в тёплый, пудровый след, оставляя ощущение близости и скрытого волшебства. Этот аромат — как вечер в Синтре, когда свет уходит, но волшебство города остаётся с тобой.;Наносите духи на пульсирующие точки: запястья, шею и область за ушами.
19000399936;PANDORA #02;духи;Россия;1850;1295;https://goldapple.ru/19000399936-02;1.0;Парфюмерная композиция стартует с зеленых нот, освежающих и заряжающих энергией. Раскрывается аромат в дуэте насыщенного чувственного жасмина и пудрово-травяного ириса. В базовых нотах элегантно сочетаются ноты чувственной амбры и благородного кедра.;Для наружного применения.
99000040449;KUSHNAREVA PERFUME Dream №74;духи;;5500;5500;https://goldapple.ru/99000040449-dream-no74;1.0;Мягкий, пудровый, сладковатый, с легкой кислинкой личи, зеленым аккордом чабреца и листа смородины, фруктовым оттенком спелой дыни, он станет вашим украшением как днем, так и романтичным вечером.;
99000040456;KUSHNAREVA PERFUME Dream №74;духи;;2500;2500;https://goldapple.ru/99000040456-dream-no74;1.0;Мягкий, пудровый, сладковатый, с легкой кислинкой личи, зеленым аккордом чабреца и листа смородины, фруктовым оттенком спелой дыни, он станет вашим украшением как днем, так и романтичным вечером.;
19000120770;OLFACTIVE STUDIO Violet Shot;духи;;24500;23275;https://goldapple.ru/19000120770-violet-shot;1.0;Элегантная и древесная, в Violet Shot фиалка показывает свою многогранность. Свежесть ноты срезанной травы встречается со сверкающими нотами мандарина и розы. Лист фиалки раскрывает свою сущность, сопровождаемый кожаными акцентами Шафралеина. Богатство стручка ванили и лабданума, их чувственность, оттенённые индонезийскими пачули.;по мере необходимости
19000201889;PANTHEON ROMA COSI BLU;духи;Италия;17500;14875;https://goldapple.ru/19000201889-cosi-blu;1.0;Небеса великих художников эпохи Возрождения никогда не переставали захватывать мир: они вызывали безмятежность, чувство свободы и мистическое ощущение. Аромат, который ищет вертикальное видение между земным и божественным, между землей и небом, между естественным и мистическим. Ладанное крещендо со свежей и свободной, другими словами, синей базой. So Blue: аромат движется в диалоге очень редкого ладана и драгоценного мускуса. В результате получается мистический и в то же время теплый и приветливый букет. Драгоценные древесные ноты и очень  легкая фруктовая нота дополняют уникальный и изысканный аккорд.;Наносить на неповрежденные участки кожи, волос и одежду
19000451152;BLACK REFLEXION №13.17;духи;ОАЭ;673;572;https://goldapple.ru/19000451152-no13-17;1.0;После дерзкого цитрусового начала лаванда раскрывается шипучим перечным взрывом, покалывая обонятельные рецепторы.  Несмотря на щедрую дозу амброксана, аромат воздушный, с притягательной свежестью, пушистая ваниль вносит нотку загадочности, усиливая этот эффект нежным, цитрусово-сладким цветком апельсина. Аромат нашего дня — женственный, современный, яркий и энергичный.;Только для наружного применения.
99000081862;BY KAORI POSH;духи;;5490;5490;https://goldapple.ru/99000081862-posh;1.0;Томный и глубокий аромат роскошного образа жизни, сочных фруктов и темной кожи. Глубокий, дерзкий и многогранный аромат дорогих цветов и выдержанного бренди в сочетании с сочными фруктами - по-настоящему богатое звучание роскошной жизни, кожаного салона Rolls-Royce и огромного букета ваших любимых цветов. При первом вдохе вы ощущаете слегка пряные аккорды янтарного бренди. Вы чувствуете, как выделяется нота сочного яблока, окутанного душистым и броским шафраном. Погружаясь в аромат глубже, вы проваливаетесь в терпкое, но в то же время обволакивающее сочетание душистой корицы и цветов. Аккорды кожи придают звучанию брутальность, статусность и дорогой, густой, по-настоящему роскошный шлейф, на который обратит внимание каждый.;Распыляйте парфюмерию на чистую увлажненную кожу, так композиция задержится на более продолжительное время. Также чистая кожа не источает посторонних запахов и не перебьет ноты духов. Рекомендуется нанести небольшое количество парфюмерной воды либо на одну или несколько точек - за мочкой уха, на запястья, на внутренний сгиб локтя, либо непосредственно распылить на волосы или на одежду.
19000344517;TIZIANA TERENZI Maremma;духи;Италия;27500;23375;https://goldapple.ru/19000344517-maremma;1.0;Аромат Maremma вдохновлен романтикой холмов и долин итальянской области Маремма.  Богатая и многогранная композиция аромата источает силу этого места.  Аромат наполнен фруктовыми и цветочными нотами ландшафта этой части Тосканы.  Вместе с тем сильные кожаные и древесные ноты создают невероятный шлейф.  Черный флакон из венецианского стекла заключил в себе все очарование этой дикой и удивительной земли.;Средство предназначено для наружного применения с целью придания приятного аромата. Нанести аромат на кожу.
19000377074;BRUNELLO CUCINELLI VENTO ARDENTE;духи;Италия;32500;27625;https://goldapple.ru/19000377074-vento-ardente;1.0;Аромат BRUNELLO CUCINELLI из коллекции, воспевающей эмоциональную силу поэзии, посвящен стихотворению итальянского поэта Алессандро Мандзони «Il 5 Maggio» («Пятое мая»). Волнующая и чувственная композиция, созданная парфюмером Хорди Фернандесом, окутывает насыщенными и теплыми нотами. Знакомство с ароматом начинается с намеков шафрана, который гармонично добавляет пряные акценты цветочному звучанию турецкой розы. Глубокие древесные грани киприола сочетаются с интенсивным кожаным аккордом, подчеркивая интригующий, изысканный и многогранный характер аромата.;только для наружного применения.
19000370746;HUGO BOSS The Scent;духи;Франция;12100;10285;https://goldapple.ru/19000370746-the-scent;1.0;Парфюм для нее The Scent Perfume for Her — глубоко притягательный и утонченный аромат, вдохновленный богатством современной женственности. Он сочетает насыщенные цветочные ноты с гурманскими акцентами, создавая звучание, которое одновременно притягивает и подчеркивает силу. Идеален для вечернего ношения и особых моментов, когда важно оставить яркое впечатление.  Этот аромат — олицетворение элегантности и индивидуальности.;Распылите аромат на точки пульса — запястья, шею, за ушами. Не растирайте кожу после нанесения, чтобы не исказить звучание. Для более стойкого эффекта — наносите на хорошо увлажненную кожу.
19000368829;HOUSE OF SILLAGE WHISPERS OF TRUTH;духи;Франция;60010;45007;https://goldapple.ru/19000368829-whispers-of-truth;1.0;Аромат «Шепот истины» напоминает нам, что каждый новый день нашей жизни начинается с чистого листа. Понять, кто ты есть на самом деле, быть честной с собой, сделать то, на что раньше не решалась, найти свое место в мире.  Пришло время для истинной тебя.  Пробуждающий душу и зажигающий ее огнем, этот смелый, провокационный аромат начинается свежими цитрусовыми нотами бергамота, грейпфрута и апельсина, превращаясь в цветочный вихрь из жасмина и розы, усиленный нотами сливочной карамели, дубового мха и мускуса.;Духи можно наносить на запястье, за мочку уха, на сгиб локтя, на шею в районе межключичной впадины и под колено.
19000291175;ASTROPHIL&STELLA INTO THE OUD;духи;Италия;13900;13205;https://goldapple.ru/19000291175-into-the-oud;1.0;Aстрофил слушал капли дождя, падающие в лесу, сокращая расстояние до небес, скрытых за ветвями. Голос Стеллы, звезды его желаний, шептал ему нежные слова сквозь дождь, и, вдохновленный этим магическим моментом, тот выцарапал их на влажной коре, вызывая ее присутствие. Пряно-цитрусовый коктейль обволакивает сладкое и шелковистое сердце из ириса тоффи и полыни, украшенное роскошными нотами уда, амбры и дубового мха.;Распыляйте с расстояния 20-25 см. Не наносите на одежду, не используйте при нахождении на солнце.
19000136713;12 PARFUMEURS FRANCAIS MON ROI;духи;;22000;15400;https://goldapple.ru/19000136713-mon-roi;1.0;Созданный специально для потомков голубых кровей, этот аромат подчеркивает престиж и статус своего владельца.  Достаточно всего нескольких капель этого аромата, чтобы почувствовать себя Карлом X или Людовиком XIV.;Наносить на неповрежденные участки кожи, волос и одежду
19000451143;BLACK REFLEXION №13.08;духи;ОАЭ;673;605;https://goldapple.ru/19000451143-no13-08;1.0;Топовый аромат парфюмерной воды «Black Reflexion» №13.08 — это необычные сочетания нот и оригинальное построение аккордов, которые подчёркивают индивидуальность и раскрывают суть ярче любых слов. Сливочное тепло только что испечённого французского печенья, бархатистая ваниль — проводники самых сладостных человеческих чувств, объединённых словом «любовь».;Только для наружного применения.
19000351377;CLIVE CHRISTIAN Anniversary Collection, Timeless;духи;Великобритания;73190;54892;https://goldapple.ru/19000351377-anniversary-collection-timeless;1.0;Вневременная ода искусству высокой парфюмерии, дань величественному прошлому коронного парфюмерного дома.  Элегантная классика, где бодрящие оттенки горького апельсина, лайма и пикантного имбиря соединяются с классической английской лавандой, мятой и семенами кориандра, приправленными мускатным орехом.  Оттенки кожи, мускуса и амбры придают аромату глубину и благородное звучание.;Нанести на пульсирующие точки.
19000059309;CLIVE CHRISTIAN L Floral Chypre;духи;;63960;44772;https://goldapple.ru/19000059309-private-collection-l-floral-chypre;1.0;Молодой, жаждущий знаний студент находит неисчерпаемый источник вдохновения в кипучей энергии таких городов, как Лондон и Эдинбург.  Великолепие грандиозных архитектурных ансамблей покоряет его сердце и он представляет их как сокровища, призванные украсить и без того роскошные пейзажи природы.  Этот аромат вызывает воспоминания о волшебных и загадочных садах, которые являются воплощением души самой природы. Композиция гипнотизирует аккордом жасмина самбака и розы, горделиво красующихся на роскошной базе из пачули.;Нанести на пульсирующие точки.
19000344521;TIZIANA TERENZI Rivea;духи;Италия;27500;23375;https://goldapple.ru/19000344521-rivea;1.0;Во время своего путешествия по Лигурийскому побережью Паоло и Тициана нашли источник вдохновения в Портофино, где красота природы сочетается с элегантностью и уникальностью - отличительными чертами итальянского стиля.  Прогулки по побережью, память о магической энергии зажигаемого огня в честь покровителя города Святого Георгия, драгоценные воспоминания о детстве и о море, ставшие бесконечным родником творческих идей…  Все это привело к идее создания новой композиции.  Живописные бухты и золотые песчаные пляжи стали местами, где можно было воплотить в жизнь мечту о dolce vita [сладкой жизни].   Именно здесь собирались артисты и знаменитости, радуясь жизни и наслаждаясь необыкновенной красотой пейзажей.  В 60-ые на Ривьере господствовали стиль, изящество и тонкий вкус: все носили модную одежду, преобладало чувство прекрасного - наступала золотая эра моды и стиля, а Портофино стал иконой элегантности и красоты.  Искусством сочетания стиля и утонченности в каждом аспекте жизни, зримым проявлением чувства прекрасного, декларацией о том, кто мы есть и как воспринимаем окружающий мир.  Rivea [от слова Rive, на лигурийском диалекте - «приморская набережная» или «променад»] передает глубинную сущность обворожительного городка - настоящее паломничество в край красоты, искусства и традиций.  Rivea - аромат, воплощающий душу Портофино. Он дарит энергию, элегантность и красоту зачарованного места.  Поистине, dolce vita в капле духов.;Средство предназначено для наружного применения с целью придания приятного аромата. Нанести аромат на кожу.
19000344554;VCANTO P.D.F.;духи;Италия;37000;31450;https://goldapple.ru/19000344554-p-d-f;1.0;P.D.F. вдохновлены великим итальянским художником и математиком Пьеро дела Франческа, одной из самых знаковых и влиятельных фигур всего итальянского Возрождения.  Точно так же, как этот аромат, который колеблется между фужерными, морскими и цитрусовыми нотами, все работы художника превосходно балансируют между искусством, геометрией и многослойной системой чтения, где сходятся воедино теологические, философские и политические вопросы. Аромат P.D.F. открывается чарующим букетом: сладость мирта контрастирует со свежестью адриатических морских водорослей, окруженных сладостью драгоценной бурбонской ванили и характерным ароматом арабского кофе.  В сердце аромата открывается знаменитая, очень сладкая соль Червии в сочетании с красным тимьяном, болгарской розой и индийским жасмином Самбак. Основа творения построена на обволакивающей свежести кумарина и атласского кедра в сочетании с соблазнительными нотами мускуса и итальянской карамели.;Средство предназначено для наружного применения с целью придания приятного аромата. Нанести аромат на кожу.
19000291178;ASTROPHIL&STELLA MELLOW YELLOW;духи;Италия;13900;13205;https://goldapple.ru/19000291178-mellow-yellow;1.0;Смотря на звезды, наблюдая за их мерцанием, люди обычно представляют лишь то, как они одиноки и далеки от нас. Не так было в пылающем сердце Стеллы, где взрывы воображаемых танцев при мысли об Астрофиле следовали один за другим в спокойной безмятежности отражения собственного сияния в заколдованном зеркале млечного пути. Зеленые ноты и оттенки апельсина и лимона являются приветствием, усиливая звучание драгоценного сердца из абсолюта флердоранжа, ириса, семян моркови и гвоздики – элементов, которые придают живость изысканному и элегантному аромату на древесно-мускусной базе ветивера.;Распыляйте с расстояния 20-25 см. Не наносите на одежду, не используйте при нахождении на солнце.
19000377073;BRUNELLO CUCINELLI OMBRA LIRICA;духи;Италия;32500;32500;https://goldapple.ru/19000377073-ombra-lirica;1.0;Аромат BRUNELLO CUCINELLI из коллекции, посвященной искусству поэзии, передает эмоциональную силу стихотворения Уго Фосколо «A Zacinto» («К Закинфу»). Обволакивающая и магнетическая композиция, созданная парфюмером Альберто Морильясом, исследует древние мистические ноты. Насыщенные смолистые оттенки ладана смешиваются с натуральными, мягкими нотами кедра, формируя захватывающий контраст, напоминающий об игре теней и света. Дуэт загадочного гваякового дерева и дымчатых акцентов уда делает характер аромата интригующим и таинственным.;только для наружного применения.
19000426337;M. MICALLEF Pure extreme nectar;духи;Франция;20100;15075;https://goldapple.ru/19000426337-pure-extreme-nectar;1.0;Выразительный аромат категории haute couture: популярность Pure Extreme зиждется на сочетании современных аккордов, которые так нравятся активным девушкам Лондона, Парижа, Дубаев, Нью-Йорка, Милана, Москвы и Гонконга.  Ориентируясь на парфюмерные предпочтения этой аудитории, парфюмер Джеффри Нейман предпочел усилить дымные аспекты аромата через подчеркнуто интенсивное звучание гардении, жасмина, амбры и букета белых цветов.;Нанесите духи на чистую кожу.
19000344507;TIZIANA TERENZI Ecstasy;духи;Италия;27500;23375;https://goldapple.ru/19000344507-ecstasy;1.0;Аромат Ecstasy - ярчайшее путешествие в душу «священного огня», поиски аутентичности и истинного притяжения абсолютной красоты.  Это оригинальный, мистический аромат, обладающий сильным характером.  Хвойные аккорды сочетаются с сердцем из ладана, пачулей, розы и фиалки.;Средство предназначено для наружного применения с целью придания приятного аромата. Нанести аромат на кожу.
99000097036;SHERMADINI HOUSE Благословение Небожителей - Пэй Мин;духи;Беларусь;2999;900;https://goldapple.ru/99000097036-blagoslovenie-nebozitelej-pej-min;1.0;«Благословение Небожителей — Пэй Мин» — официальный мерч для тех, кто стремится к новым приключениям! В композиции раскрываются свежие и бодрящие ноты лимона и бергамота, придающие аромату лёгкость и динамичность. В сердце аромата звучит нежная фиалка, добавляющая чувственности. Погружаясь в мир «Благословение Небожителей», вы открываете для себя магию и приключения, связанные с легендарным персонажем Пэй Мин. Пэй Мин — статный и величественный покровитель северных земель. Он известен своей честностью и откровенностью, всегда искренен в словах и поступках. Пэй Мин не склонен к хитростям, предпочитая говорить то, что думает, и действовать прямо. В разумной мере эгоистичный и тщеславный, герой стремится к совершенству, что делает его лидером, способным вдохновлять окружающих. Каждый стеклянный флакон объёмом 8 мл оснащён удобным распылителем-спреем, что позволяет легко брать духи с собой в сумку или рюкзак — будь то дорога, путешествие или праздник.;
19000062956;EQUIVALENT P029;духи;;1090;981;https://goldapple.ru/19000062956-p029;1.0;Думаете, это повеяло солнечным побережьем Средиземномного моря? Вы правы только на половину - да, запах морских берегов вы угадали верно, но нет, мы не в Италии - это просто   P029 окутывает своим легким флером. Бамбук в одном аккорде с жасмином и яблоко Гренни Смит, напитанное сицилийским кедром - деревом, воплощающим в себе полуденное спокойствие и умиротворение морских берегов. Они открывают нам возможность увидеть солнечные дни и привнести в свою жизнь тепло отполированной временем гальки и шелест щекочущей пятки волны. Свежесть в аромат добавляют переливы колокольчиков, над которыми, томительной притягательностью колышатся ветки лимонного дерева. Завершает композицию мускус - он объединяет, приглушает кричащие аккорды и открывает возможности для нежных, скрытых нот. Он словно говорит - вот он, аромат, предназначенный для тебя.;Парфюм всех типов наносится на чистую, слегка увлаженную кожу.
19000344546;VCANTO Boia;духи;Италия;37000;29600;https://goldapple.ru/19000344546-boia;1.0;Boia посвящен персонажу, известному в эпоху Древней Греции под названием boutypos - «убийца быков». Он отвечал за совершение ритуальных жертвоприношений. Также греческий термин boietai означает полосы бычьей кожи, использовавшиеся для изготовления хлыстов и ремней, применяемых для пыток. В эпоху Древнего Рима слово сначала обозначало ошейник для обездвиживания пленников, а позже распространилось и на самого палача. В конце концов слово прослеживается до термина Boia (палач) в придворной жизни замка Градара: здесь оно обозначало человека, назначаемого непосредственно королем для совершения казни людей, совершивших преступление или акт несправедливости. Boia – драгоценный аромат, передающий дух силы и решительности. Композиция воплощает атмосферу тайны, связь с историческим прошлым и содержит намек на зловещего и мрачного персонажа. Роль палача нередко имела двойственную трактовку в обществе: часть людей рассматривала его как необходимого исполнителя справедливого наказания, а другие видели в нем неоднозначную фигуру, которая часто внушала ужас. Мощные и таинственные ноты этого аромата приглашают исследовать свою внутреннюю двойственность и примириться с ней, принять и понять различные аспекты своей природы, включая ее темную сторону. Способствуя гармонии между темным и светлым, помогая встать на путь баланса и гармонии.;Средство предназначено для наружного применения с целью придания приятного аромата. Нанести аромат на кожу.
19000344520;TIZIANA TERENZI Pisces;духи;Италия;36000;30600;https://goldapple.ru/19000344520-pisces;1.0;Волшебное и удивительное путешествие Паоло и Тицианы с целью открытия созвездий и их звезд продолжается, совместно с их дедушкой Гульельмо, и следующим открытием становятся Рыбы.   Это созвездие трудно идентифицировать, и оно скрыто от неопытных глаз. Возможно, весеннее равноденствие - оптимальное время для наблюдения, поэтому брат и сестра Теренци отправились на холмы своей любимой родины. В место, где атмосфера гедонистической красоты и концепции Dolce Vita [сладкая жизнь] набирает все большую силу, разгораясь как костер, вокруг которого они грелись, глядя на небо, подняв вверх свои носы!  И еще не зная, что главные ценности философии Dolce Vita - красота, наслаждение жизнью, любовь к знаниям и стремление к элегантности - станут основополагающими принципами их существования и творчества. Pisces посвящен этому чудесному созвездию, воплощая его самые глубокие и таинственные особенности, подчеркивая характер рожденных под его знаком и тех, кто подобно им, обладает обостренной чувствительностью, связанной с безграничностью духа и воображения.  Мир чудес проступает между нотами, напоминая, что магия моря и магия мечты соединяются в едином дыхании. Pisces -  гимн творчеству, зачарованная сказка, медленно разворачивающаяся на коже.  Аромат бесконечных историй и фантастических миров, созданных каждым из нас в эмпатической игре. Композиция открывается драгоценной нотой болгарской розы, искусно дополненной индийской даваной.  Pisces - гармония ольфакторных нот, которая может быть в полной мере воспринята только обладающими самой чувствительной душой.;Средство предназначено для наружного применения с целью придания приятного аромата. Нанести аромат на кожу.
19000059087;OJAR  Red Redemption Absolute;духи;;25630;10252;https://goldapple.ru/19000059087-red-redemption-absolute;1.0;Алое искупление. Дикая пряная роза с темпераментом ветивера и амбры. Абсолю – это концентрированный экстракт драгоценных натуральных компонентов. Достаточно всего нескольких капель, чтобы аромат держался в течение всего дня. Абсолю можно наносить разными способами с помощью инновационной двойной крышки, в которую встроены стеклянный аппликатор и ролик. Чтобы использовать ролик, открутите верхнюю часть крышки. Переверните флакон и круговыми движениями нанесите тонкий слой аромата. Для более насыщенного эффекта открутите нижнюю часть крышки и нанесите масло с помощью стеклянного аппликатора.;
19000291177;ASTROPHIL&STELLA MADAME M;духи;Италия;16500;15675;https://goldapple.ru/19000291177-madame-m;1.0;Когда в городе становится холодно, ее ”maison derrière” загорается тайными огнями. Когда пороки и добродетели сливаются в единое почтение к жизни, маска спадает и все человечество ощущает господство самой божественной части своей природы. То есть оно чувствует, что все моральные эффекты находятся в состоянии ненарушенного спокойствия. Аромат, идущий вразрез с социальными условностями, вечный эротический симбиоз. Madame M – это вуаль таинственности, чувственный и плотский аромат. Масло гватемальского кардамона выражает свое очарование, а абсолют какао, ноты грушевого и морковного масла придают аромату нужную сладость. Гедион, масло кедра из Вирджинии и пачули разжигают желание. Ладанник проникает в мир, где все разрешено и каждое желание законно. Когда в городе становится холодно, ее ”maison derrière” загорается тайными огнями. Когда пороки и добродетели сливаются в единое почтение к жизни, маска спадает и все человечество ощущает господство самой божественной части своей природы. То есть оно чувствует, что все моральные эффекты находятся в состоянии ненарушенного спокойствия. Аромат, идущий вразрез с социальными условностями, вечный эротический симбиоз. Madame M – это вуаль таинственности, чувственный и плотский аромат. Масло гватемальского кардамона выражает свое очарование, а абсолют какао, ноты грушевого и морковного масла придают аромату нужную сладость. Гедион, масло кедра из Вирджинии и пачули разжигают желание. Ладанник проникает в мир, где все разрешено и каждое желание законно.;Распыляйте с расстояния 20-25 см. Не наносите на одежду, не используйте при нахождении на солнце.
19000368802;HOUSE OF SILLAGE Holiday Signature;духи;Франция;39970;29977;https://goldapple.ru/19000368802-holiday-signature;1.0;Аромат, вдохновленный рождественским Нью-Йорком, особенным временем года, когда медленно кружащийся снег окутывает своей искрящейся вуалью украшенный праздничными огнями город, создавая волшебное настроение в ожидании чудес.  Яркие цитрусовые ноты мандарина и апельсина привносят ощущение радости и оптимизма, сочный персик и роза добавляют фруктовые и цветочные оттенки, а древесно-травяные ноты ветивера и кедра создают ощущение уюта и тепла.  Сверкающий и искрящийся, этот аромат дарит праздничное настроение, ощущение волшебства, подарков, исполнения желаний и чудес в любое время года.;Духи можно наносить на запястье, за мочку уха, на сгиб локтя, на шею в районе межключичной впадины и под колено.
99000054824;BLACK HEART Amazing Ecstasy;духи;;9600;9600;https://goldapple.ru/99000054824-amazing-ecstasy;1.0;Роскошь и вседозволенность — дресс-код вечернего приёма в частном особняке, где даже воздух пропитан богатыми нотами древесного янтаря и опьяняющим шлейфом возбуждающей амбры.Благородный, соблазняющий, смолистый, этот парфюм побуждает жить, отпуская все границы и отдаваясь чистым желаниям тела и разума.;Нанесите небольшое количество парфюма на чистую кожу. Лучше всего распылять парфюм на точки пульсации: запястья, за ушами, на шее, сгиб локтя или колена.
19000007932;ROJA PARFUMS Scandal Pour Homme;духи;;53430;32058;https://goldapple.ru/19000007932-scandal;1.0;"""Гарантия того, что о вас заговорят"" ""Скандал возникает внезапно, он кружит головы и раскрывает все секреты. Нет более барьеров и ограничений, все чувства раскрыты. Получите максимум удовольствия от бури эмоций. Аромат Scandal открывается головокружительной трилогией кремово-белых цветов. Наркотическая тубероза, гардения и жасмин притягательно звучат в сердце аромата, а теплые оттенки сандала, орриса и мускуса создают мягкое ложе, на которое падают эти чувственные белые лепестки. Но будьте осторожны, этот смелый и соблазнительный аромат – гарантия того, что о вас заговорят"" - Roja Dove";
19000344498;TIZIANA TERENZI Borea;духи;Италия;27500;23375;https://goldapple.ru/19000344498-borea;1.0;Аромат посвящен воспоминаниям Паоло и Тицианы Теренци о путешествии в один из самых романтических и процветающих уголков Италии – город Сан-Ремо.  Прекрасный «город цветов» окружен многочисленными террасами, на которых выращивают восхитительные цветы.  Роскошные живые изгороди превращаются в манящие лабиринты, наполненные соблазнительным благоуханием.  Самой красивой считается вилла Бореа – восхитительная архитектурная конструкция со сказочным садом, в котором есть зачарованный лабиринт.  Композиция аромата Borea будто лабиринт, в котором в игру вступают экзотические ноты кокоса под аккомпанемент груши и сочной сливы. Именно в сердце аромата заключается суть этого витиеватого творения, в котором гипнотическое очарование жасмина сочетается с неотразимой привлекательностью туберозы.  Солирующий аккорд из фрезии и мускусной розы сбалансирован ландышем, черной магнолией и белым ирисом. Вся композиция держится на роскошных древесных нотах сандала и дубового мха, разбавленных ванилью и мускусом.;Средство предназначено для наружного применения с целью придания приятного аромата. Нанести аромат на кожу.
19000381066;EQUIVALENT G 043;духи;ОАЭ;1690;1352;https://goldapple.ru/19000381066-g-043;1.0;G043 - аромат сложный, неоднозначный, вызывающий провокационный. Начинается с яркого аккорда сочного персика, который в сочетании с маракуйей, грушей, малиной и черной смородиной создает восхитительную сладость с оттенком терпкости.  Насыщенное и сладкое начало смягчается ласкающим ароматом прибрежного песка. Средняя часть пирамиды полностью посвящена ландышу, который немного сдерживает начальный натиск.  В финале звучит приятная мускусная база, смягченная ванилью, сандаловым деревом и гелиотропом. Наконец, пачули придает аромату тонкие, темные оттенки и завершает его.;Для полноценного раскрытия, духи наносятся на пульсирующие участки кожи, вблизи сосудов, которые будут постоянно его подогревать - на шею за ушами, под колено, на запястье, локтевые сгибы, волосы.
19000320025;MAISON OUD AMBER OUD;духи;ОАЭ;29510;19181;https://goldapple.ru/19000320025-amber-oud;1.0;Насыщенный густой аромат объединяет главные ольфакторные сокровища Востока. В аромате скрыта таинственная сила легенды востока – уда и бальзамического ладана, освежающей лаванды, к которым спустя время присоединяется аристократическая амбра. Ведущую роль в композиции играет чувственный дуэт солнечной амбры и немного дымного горьковатого уда.  Страсть между ними разжигает теплая янтарно-желтая пудра шафрана, смешанная со сладковатым мускатным орехом и сухими цветами лаванды.;Нанести парфюм на область шеи, на внутреннюю сторону запястья и сгибы локтей.  Также можно распылить небольшое количество средства в воздухе перед собой и войти в ароматное облако.
19000344524;TIZIANA TERENZI Spirito Fiorentino;духи;Италия;40000;34000;https://goldapple.ru/19000344524-spirito-fiorentino;1.0;Аромат Spirito Fiorentino посвящён личным детским впечатлениям Паоло и Тицианы от вечерних прогулок по завораживающей Флоренции с их любимым дедушкой Гульельмо.  Они с упоением и восторгом погружаются в несравненную красоту уникальных предметов искусства - совершенство «Давида» Микеланджело, собора Брунеллески или кампанилы Джотто!  Вдруг на тёмно-синем небе, освещенном мерцающими звездами, появляется огромная красная луна, окрашивая всё вокруг своим ярким сиянием.  Аромат открывается утонченным цветочным букетом, в котором фиолетовая лилия (символ Флоренции) и жасмин звучат ярче в аккорде с выразительным итальянским шафраном и свежим апельсином. На смену верхним нотам – роскошным и богатым с одной стороны, изысканным и мягким с другой – приходит насыщенное и благородное сердце. Элегантность иланг-иланга и изысканная соблазнительность магнолии, усиленные серой амброй и окутанные эфемерной свежестью ландыша, делают это фантастическое путешествие по-настоящему незабываемым.;Средство предназначено для наружного применения с целью придания приятного аромата. Нанести аромат на кожу.
27330200006;THE HARMONIST Yin Transformation;духи;;36820;25774;https://goldapple.ru/27330200006-yin-transformation;1.0;Ароматическая композиция с названием Yin Transformation ольфакторным языком рассказывает о трансформации, которая сначала набухает в самой энергии Инь, а затем переходит в Янь.  Чувственный парфюм с уникальной текстурой в начале звучания дарит идеальную гармонию водных нот, смешанных с солнечной свежестью цитрусов и цветочными ароматами орхидеи Калипсо и болгарской розы. Яркое современное звучание миндального молока превращает прозрачность воды в более бархатистую текстуру, связанную с солнечной нотой иланг-иланга, бархатистого ириса и душистой белой фрезии. Тогда как в финальном аккорде сливочные ноты сандалового дерева и бензоина создают ощущение гладкости и мягкости, а белый мускус окутывает все легкой мерцающей дымкой.;
19000059298;CLIVE CHRISTIAN Noble Collection VII Queen Anne Cosmos Flower;духи;;89440;62608;https://goldapple.ru/19000059298-noble-collection-vii-queen-anne-cosmos-flower;1.0;Современный гурманский аромат, в котором выделяются аккорды горького какао, рома и суховатой амбры, оттененные едва различимыми оттенками кожи. Букет сердечных нот раскрывается глубоким насыщенно-фруктовым сливовым аккордом, который смешивается с яркостью иланг-иланга, чувственностью жасмина и фиалки и фруктовыми нотами османтуса.  В базе аромата – сладкий бензоин и карамель.;Нанести на пульсирующие точки.
83830100006;DIVINA TERRA Vita;духи;;24600;24600;https://goldapple.ru/83830100006-terra-vita;1.0;Для влюбленных в жизнь, тем кто удивляется каждому ее дню, наслаждается ею, не откладывая на потом. Яркие шафрановые и амбровые ноты сплетаются в едином течении. Шлейф композиции древесный, спокойный, надежный и мудрый.;Наносить на кожу, избегая области вокруг глаз. Область применения: шея и декольте.
19000463920;BROCARD Carte Blanche;духи;Россия;883;794;https://goldapple.ru/19000463920-carte-blanche;1.0;В начале — хрупкая прозрачность лепестков белой розы сверкает каплями росы.  Пудра розового перца и альдегиды придают аромату пикантность, вплетаясь в цветочное кружево сердца аромата из белого пиона, нежных фиалок и пьянящих нероли.  Изящество финального аккорда мускуса, сандала и белой древесины переносят вас в мир совершенства, где нет ничего лишнего.;Только для наружного применения. Распылять на кожу/волосы с расстояния 10-15 см.
99000032751;DIVINA TERRA Tesoro Mio;духи;;6800;6800;https://goldapple.ru/99000032751-tesoro-mio;1.0;Cокровище мое. Tesoro mio (сокровище мое) - волшебный букет из самых благородных и нежных цветов Тосканы – ириса и магнолии, украшенных легкими прикосновениями ландыша в серебряном сплетении тончайших мускусов.   Сладостная неуловимая дымка бензоина с миндальными тонами вишни и кумарина дополняют цветочный вальс. В шлейфе эхом звучит изысканный аккорд тосканской кожи, подчеркивающий мягкость и благородство цветочных тонов.;Нанесите на кожу, избегая попадания в глаза.
19000120781;PARFUMERIE PARTICULIÈRE BELLE EPOQUE EXTRAIT;духи;;20950;19902;https://goldapple.ru/19000120781-belle-epoque-extrait;1.0;ФРАНЦУЗСКАЯ РИВЬЕРА / 19:00 ЧАСОВ ДЕНЬ Абсентом наслаждаются в определенное время… точно так же, как свиданием с женщиной. Вы должны прийти вовремя на эту встречу, чтобы не пропустить последний поезд ночи. Сначала вы берете бокал, затем крохотную ложку, с которой будет падать сахар. В смеси воды и льда это точный ритуал. Это только выглядит просто, но на деле оказывается нелегко… капля за каплей. Исчезающие анисовые ноты полыни и лакрицы. КОГДА ОПЬЯНЕНИЕ БЕРЕТ НАД ВАМИ ВЕРХ, РАЗУМ ОТСТУПАЕТ, ИСКУССТВО ТОРЖЕСТВУЕТ…;по мере необходимости
19000191685;COSTUME NATIONAL Intense Red Edition;духи;Италия;18730;8428;https://goldapple.ru/19000191685-intense-red-edition;1.0;Intense Red Edition – это оригинальное переосмысление одного из самых благородных ингредиентов парфюмерии – в этом аромате законодательница амбра, узнаваемое шлейфовое звучание в комплексной амброво-кожаной гармонии. Притягательный и чувственный аромат открывается элегантным освежающим миксом бергамота и жасминового чая. В сердце манящая и таинственная восточная роза играет с сиянием перламутрового гибискуса и жасмина, оживляя интригующие контрасты. Шлейф, в котором доминируют ноты кожи, амбры и дерева, раскрывает пьянящую энергию Red Edition: рок-соул, утонченный и смелый.;Нанести аромат на кожу.
99000090091;ПАРФЮМЕРИЯ XXI ВЕКА SOBRANIE №11;духи;;795;716;https://goldapple.ru/99000090091-sobranie-no11;0.8;Сладкий, экзотический и влекущий фруктово-шипровый унисекс-аромат. В ароматической композиции #11 CHYPRE + BERRIES ароматные, экзотические, фруктовые переливы маракуйи, персика, малины и груши великолепно сочетаются с легкой терпкостью листьев смородины и оттенком прогретого солнцем морского песка.;Распылить на расстоянии 10-20 см от тела.
19000352997;COSMOGONY Butterfly;духи;Россия;2200;1540;https://goldapple.ru/19000352997-butterfly;0.8;Во многих культурах трепет крыльев бабочки сравнивали с дыханием жизни, со всполохами огня и мелькающими солнечными бликами.  Жизнь бабочки - яркий миг, ее красота легковесна и непостоянна как свет далекой космической Туманности Бабочка из созвездия Скорпиона. В парфюмерной палитре эффектной и непредсказуемой туманности соответствует сияющий свежий букет роскошных белых цветов. Соблазнительная легкость флердоранжа соперничает в нем с эйфорически прекрасным жасмином и провокационно-чувственными оттенками туберозы в ореоле мускуса и пудры.                                                    Парфюмер: Серж Мажулье(Serge MAJOULLIER).;Распылять на кожу/волосы с расстояния 10-15 см.
19000316833;EQUIVALENT P043;духи;Россия;1090;981;https://goldapple.ru/19000316833-p043;0.8;Духи из коллекции ароматов Equivalent оригинальны, необычны, эксклюзивны.  Новая линейка парфюмерии - это компактный формат эквивалента серии Р, который удобно взять с собой в сумочку.;Такие миниатюры духов рекомендуется наносить на пульсирующие участки кожи вблизи сосудов, которые будут постоянно его подогревать - на шею, за ушами, под колено, на запястье, локтевые сгибы, на волосы.
19000424753;MAISON DOUZE A Dessein;духи;Франция;27590;19313;https://goldapple.ru/19000424753-a-dessein;0.8;Maison Douze A Dessein Capricorn- аромат, вдохновлённый знаком зодиака Козерог.  Начальные ноты ладана и элеми создают мистическую атмосферу, наполняя пространство чувством уверенности и глубокой духовности.  Сердце аромата раскрывается изысканными аккордами нарцисса и ириса, придавая ему элегантность и утончённость.  Завершающие ноты можжевельника и атласного кедра добавляют древесную теплоту и стойкость. «Улица сверкала, но, несмотря на все украшения, которыми пестрил город, она чувствовала себя немного одиноко. Она терпеливо надеялась, что он скоро вернется».Структурированность, амбиции, ответственность, выносливость.;Нанести на кожу, одежду и волосы (по желанию) для легкого аромата. Избегайте попадания в глаза.
19000062947;EQUIVALENT P013;духи;;1090;784;https://goldapple.ru/19000062947-p013;0.8;P013 - это  цвет, свет и эмоции. Яркий вихрь, водоворот энергии и чистой радости – это всё о нем. Игристый букет ароматов закружит и привнесет в жизнь такую желанную нотку обновления и воплощения вашей яркой натуры. Ваш идеальный аромат собран из томной мягкости жасмина, рука об руку идущей с пронзительностью тикового дерева. Начинкой всего служат свежие брызги цедрата, благодаря которым и рождается яркость и молодость вкуса.;Парфюм всех типов наносится на чистую, слегка увлаженную кожу.
19000361887;ORMONDE JAYNE Ormonde Woman;духи;Великобритания;41340;24804;https://goldapple.ru/19000361887-ormonde-woman;0.4;Ormonde woman - гипнотический, загадочный древесный аромат, отличающийся сложной необычной композицией.  Начинается она и заканчивается уникальными нотами абсолю чёрного дурмана, который крайне редко используемого в таком соблазнительном качестве и количестве.  Ноты жасмина и абсолю фиалки создают сумеречный и обольстительный эффект.;Нанести на пульсирующие точки.
19000291173;ASTROPHIL&STELLA A NIGHT AT THE OPERA;духи;Италия;13900;13205;https://goldapple.ru/19000291173-a-night-at-the-opera;0.4;Яркие огни театра освещали сцену золотым сиянием, отражавшимся на элегантных платьях и драгоценностях гостей в зале. В очаровании звезд, кружащихся в лучах прожектора, утонченный аромат возник как песня, прославляя страсть и радость вне времени от этого сладкого и бесконечного шоу под названием ”Bel Vivere. Утонченный парфюм с деликатным ароматом цитрусовых нот бергамота, кедра из Вирджинии, усиленный табаком и кожей. Безошибочно узнаваемые ароматы пачули и кашмерана завершают букет, сплетая ольфакторную гармонию, дарящую ощущение безмятежности и спокойствия.;Распыляйте с расстояния 20-25 см. Не наносите на одежду, не используйте при нахождении на солнце.
19000320029;MAISON OUD VELVET OUD;духи;ОАЭ;29510;19181;https://goldapple.ru/19000320029-velvet-oud;0.4;Аромат посвящен многогранности уникального уда. Это новое прочтение драгоценного ингредиента, которое балансирует на грани света и тьмы, между силой и мягкостью. В центре восточной парфюмерной композиции — драгоценный уд, сверкающий разными гранями. Его пряные полутона оттеняет солнечный шафран с тонкими травянистыми нюансами герани. Чувственную натуру ведущей ноты подчеркивает тонко выделанная кожа, усыпанная розовыми лепестками. А мистические акценты расставляют сладковатые бальзамные благовония. Пряность шафрана придает композиции мистический оттенок, нежность розы – утонченность, отрешенность ладана – еще больше загадочности, а мускус усиливает звучание шлейфа.;Нанести парфюм на область шеи, на внутреннюю сторону запястья и сгибы локтей. Также можно распылить небольшое количество средства в воздухе перед собой и войти в ароматное облако.
99000028570;ЭТО Я Solid perfume with lavender and lemon;духи;;550;550;https://goldapple.ru/99000028570-solid-perfume-with-lavender-and-lemon;0.2;Твёрдые духи с маслом какао и канделильским воском легко наносить на тело. Эфирные масла лаванды и лимона прекрасно сочетаются и уравновешивают друг друга.;Зацепите содержимое из банки пальцем, распределите по точкам, где прощупывается пульс, а температура тела немного выше, можно немного растереть.  Лучше всего твердые духи будут играть на запястье, задней стороне шеи, внутренних сгибах локтей и коленей, ключицах.
19000042267;BOADICEA THE VICTORIOUS KNIGHT OF LOVE;духи;;78000;66300;https://goldapple.ru/19000042267-knight-of-love;;Каждый рыцарь просто обязан найти свою Прекрасную Даму – мужчина без дамы сердца не мог считаться рыцарем. Бескорыстная любовь и служение ей были частью рыцарского этикета. Аромат Knight of Love повествует о Пеллеасе, рыцаре Круглого стола при дворе легендарного британского короля Артура. Аромат открывается чувством оптимизма, ярким задором юной любви. Бергамот и ягоды создают солнечное, теплое начало, дразнящее перцем и можжевельником. Страстность сердца переходит в искренность души, богатый кашмир сливается с чувственной розой, а фиалка оставляет легкое мерцание на коже. Решительный характер изображен в базе, мягкость сандалового дерева сливается с табаком и кожей. Успокаивающий, но соблазнительный шлейф, полный благородных намерений. Рыцарь любви горит страстью и благородством. Только честь может победить.;Для наружного применения
99000097049;SHERMADINI HOUSE Благословение Небожителей - Хуа Чэн;духи;Беларусь;2999;900;https://goldapple.ru/99000097049-blagoslovenie-nebozitelej-hua-cen;;Духи «Благословение Небожителей — Хуа Чэн» созданы для тех, кто ищет стойкий и выразительный аромат. Основу композиции составляют изысканные ноты вишни, сочной сливы и нежного миндаля, которые в сочетании создают гармоничный, но в то же время яркий и многослойный запах. Благодаря универсальному характеру парфюм одинаково подходит мужчинам, женщинам, подросткам и взрослым. Стойкость аромата сохраняется до 24 часов, что позволяет наслаждаться им в течение всего дня. Важно отметить, что духи не содержат масел, поэтому они абсолютно безопасны для кожи и одежды, не оставляя пятен. Хуа Чэн — непревзойдённый князь демонов и могущественный антигерой. Он обладает харизмой и острым умом, всегда действует в своих интересах. Эти качества отражены в уникальной ароматической композиции, создавая образ загадочного и влиятельного персонажа.;
19000320027;MAISON OUD ARISTOCRAT;духи;ОАЭ;29510;22132;https://goldapple.ru/19000320027-aristocrat;;Элегантный аромат для современного аристократа. Подобно истинному аристократу, элегантный аромат объединяет множество идеально сбалансированных противоречивых черт.  Мелодия аромата  бергамота и перца укрощается терпкостью масла пачулей. Травянистую лаванду согревает мягкий древесно-амбровый аккорд. На коже остается роскошный шлейф, сотканный из розовых лепестков, сливочного сандала и сухого дымного ветивера.;Нанести парфюм на область шеи, на внутреннюю сторону запястья и сгибы локтей. Также можно распылить небольшое количество средства в воздухе перед собой и войти в ароматное облако.
19000344481;GIARDINO BENESSERE Potamoi;духи;Италия;27200;20400;https://goldapple.ru/19000344481-potamoi;;Легкий бриз проносится по величественным горным долинам, принося с собой обволакивающий загадочный аромат Потамои (Potamoi) - 3000 детей Океана и Тетис, ставших богами бесчисленных рек.   Эта композиция - дар древним силам природы, ода дикой красоте и безудержной мощи воды.  Композиция, передающая величественность рек, свежесть водопадов и жизненную силу ручьев.  Каждый, кто носит Potamoi, чувствует себя в объятиях самой природы, окруженным шелестом вековых тайн и погруженным в истории далеких предков. Вы отправляетесь в путешествие сквозь века на лоне природы, вдохновляясь божественной силой стремительных вод, и сейчас окружающей нас.   Potamoi открывается тонким чарующим букетом из вдохновляющей роскоши цитрусовых нот, создаваемой отзвуками бергамота Реджо-Калабрии, и гармоничного сочетания с непальским кардамоном и болгарской лавандой. В конце к ним присоединяется нота итальянского можжевельника.   Искрящийся топовый аккорд переходит в хор, глубину и сексуальность с гипнотическими нотами атласского кедра и сладостью таиландского кокоса, молочного лактона и болгарской розы.   Они сливаются с тонким ароматом цветов сицилийского апельсина и сочной сладостью романьольского персика. Затем вступают изящные ноты индийского жасмина самбак, создавая элегантный и романтичный букет.   Базовый аккорд со сложной и гордой основой - сингапурские пачули придают землистую глубину, смешиваясь с австралийским сандалом и турецкой карамелью, которые порывисто обволакивают кожу, ведомые эротическим и таинственным, и вместе с тем мощным зовом серой амбры в сочетании с цейлонским кумарином и бензойной смолой.   Potamoi - аромат, воплощающий баланс между свежестью, теплом и сложностью, сенсорный льющийся танец, захватывающий и обволакивающий наши чувства своей вековечной красотой.;Средство предназначено для наружного применения с целью придания приятного аромата. Нанести аромат на кожу.
99000081852;BY KAORI Amor caecus;духи;;2190;2190;https://goldapple.ru/99000081852-amor-caecus;;Немногословный и сдержанный аромат мате и сочного бергамота, аккорды высушенной на солнце древесины и зеленого эвкалипта, как настоящая английская классика, будет уместен в любой обстановке и дополнит ваше настроение своей благородной красотой.;Распыляйте парфюмерию на чистую увлажненную кожу, так композиция задержится на более продолжительное время. Также чистая кожа не источает посторонних запахов и не перебьет ноты духов. Рекомендуется нанести небольшое количество парфюмерной воды либо на одну или несколько точек - за мочкой уха, на запястья, на внутренний сгиб локтя, либо непосредственно распылить на волосы или на одежду.
19000387936;FILIPPO SORCINELLI PONT.MAX.;духи;Италия;29900;28405;https://goldapple.ru/19000387936-pont-max;;"Аромат вдохновлен ящиками в ризнице базилики Святого Петра. Почти «институциональный» запах, символически напоминающий о наборе римских обрядов, переданных Римской церковью и широко распространенный во всех уголках мира.  PONT. MAX. (""Pontifex Maximus"" — «мост или тот, кто строит мосты») — высшая священническая должность, которую с V века занимает Папа, епископ Рима; она восходит к древнейшей эпохе Рима.";Распыляйте с расстояния 20-25 см. Не наносите на одежду, не используйте при нахождении на солнце.
19000176570;M. MICALLEF Note Vanillee nectar;духи;Франция;16680;11676;https://goldapple.ru/19000176570-note-vanillee-nectar;;Игривый гурманский восточный аромат M. Micallef Note Vanillee Nectar (2023) – это более интенсивный, глубокий и шлейфовый фланкер одноименного издания 2007 г. Сияющий нектар совмещает безмятежную гурманику и нежность белых цветов. Чувственный эликсир заряжает жизненной энергией на весь день. Встреча с ним вызывает радостную улыбку у окружающих.;Нанесите духи на чистую кожу.
19000400042;COMPTOIR SUD PACIFIQUE Carte Blanche;духи;Франция;15500;8525;https://goldapple.ru/19000400042-carte-blanche;;Рассвет медленно занимается над тайным садом, расположенным в очаровательных долинах далекого экзотического острова. Первые лучи солнца ласкают нежные лепестки цветка ванили, которые сияют интенсивным, чистым и сияюще-белым цветом. Чарующий аромат этого цветка разносится в воздухе, создавая гармоничную симфонию мягкости и тепла. Каждый вдох цветочного аромата ванили погружает в состояние покоя и безмятежности, пробуждая воспоминания о более простых и умиротворенных временах.;Только для наружного применения.
99000040448;KUSHNAREVA PERFUME The first love №17;духи;;5500;5500;https://goldapple.ru/99000040448-the-first-love-no17;;Сочная черешня. Мокрые волосы. Громкий смех. Долгие поцелуи на закате.;
19000344482;GIARDINO BENESSERE Rea;духи;Италия;23510;18808;https://goldapple.ru/19000344482-rea;;В древности могущественная богиня, величайшая титанида Рея повелевала землей. Она наполняла ее своей любовью и благодаря Рее душистые цветы тянулись к солнцу и холмы укрывались изумрудным ковром трав.  Благодаря силе Реи на деревьях появлялись и созревали сочные плоды. Но титанида могла быть не только щедрой и великодушной, Рея также владела   разрушительной силой вулканов и землетрясений, которые могли сорвать с земли хрупкий покров и уничтожить красоту.  Духи Rea из коллекции «Титаны» противоречивы и двойственны, как и сама богиня Рея – акцентированный аккорд тосканской кожи и благородной древесины уравновешен нежностью цветочных нот.  Композиция открывается бархатным замшевым авторским аккордом ирисов, смягченных магнолией и усыпанных искрами цитрусов.  Среди шлейфовых нот можно обнаружить дубовый мох, ванильные ягоды, сандал, пачули и тосканскую березу.  Аромат Rea - прекрасный релаксант, поднимающий настроение, благодаря чрезвычайно редким и изысканным ингредиентам.;Средство предназначено для наружного применения с целью придания приятного аромата. Нанести аромат на кожу.
19000180349;ZIELINSKI & ROZEN White Blend;духи;Россия;2690;2690;https://goldapple.ru/19000180349-bergamot-neroli-orange;;Я хочу, чтобы парфюм трогал до глубины души, говорил о личности и отражал ее уникальность. Эрез Розен  Замысловатая ольфакторная книга, сюжет которой раскрывается новыми гранями на каждом человеке. Необычные сочетания нот и оригинальное построение аккордов подчеркивают индивидуальность и раскрывают суть ярче любых слов.  Все ароматы Zielinski&Rozen категории унисекс. У данного продукта меняется название аромата. Актуальное название : White Blend.;Наносите парфюм по обе стороны плеч или распылите впереди себя и войдите в «облако» аромата.
19000320428;ALAN BRAY Maison La Fête de la Rose;духи;Россия;1472;1000;https://goldapple.ru/19000320428-la-fete-de-la-rose;;Роза, королева цветов, величественна и неприступна. Когда она раскрывает свои лепестки, зритель замирает в предвкушении. Роза может быть такой разной, яркой и нежной, соблазнительной и загадочной. Ее сорта впечатляют своим многообразием, а цвета, в которых она предстает перед нами, словно палитра виртуозного художника. А аромат розы - ее неподражаемое оружие, перед которым сложно устоять. Alan Bray увидел розу, как нечто вдохновляющее, как отдельную историю… он добавил несколько ингредиентов и создал нечто неповторимое - La Fête de la Rose. Этот аромат кружит в ритме танца. Начальные ноты - это гармоничное сочетание розы и засахаренных фруктов, которое окутывает «розовой» нежностью и сладостью. В сердце этого аромата распускаются цветы клевера, жасмина и гелиотропа. Они придают розе неповторимую глубину и изысканность, как бы приподнимая ее над этим букетом. Как утонченное па, эти ноты растворяются в воздухе, создавая обволакивающую ауру вокруг обладателя.  В шлейфе же звучат благородные мускус и серая амбра. Они добавляют композиции стойкость, оставляя свою тайную ноту на коже обладательницы.;Нанести на шею, запястье, локтевые сгибы.
27321100003;GOLDFIELD & BANKS Desert Rosewood;духи;;21340;16858;https://goldapple.ru/27321100003-desert-rosewood;;Desert Rosewood – это роскошный кожаный аромат, который передает атмосферу густых засушливых лесов Центрального высокогорья Виктория. Головокружительный аромат австралийского пустынного розового дерева в раскрытии соединяется со сладостными оттенками мандарина и ванили, прежде чем полностью погрузиться в экзотическую смесь древесных и пряных нот.    Desert Rosewood напоминает о приключениях и путешествиях по густым лесам, где смешиваются ароматы старинных деревьев и свежих молодых папоротников, создавая ощущение неожиданной встречи радужных зеленых оттенков леса с пылающей под солнцем австралийской пустыней.;Нанести на пульсирующие точки
19000451139;BLACK REFLEXION №13.04;духи;ОАЭ;673;605;https://goldapple.ru/19000451139-no13-04;;Аромат для мужчин и женщин, принадлежит к группе восточные цветочные. Один его вдох открывается ароматом свежесрезанного кедра с нотами пряного шафрана, а затем раскрывается сладкой чувственностью, почти гурманской, благодаря ноте амбры. Это теплый, многослойный аромат, который окутывает вас, как настоящее ароматное объятие.;Только для наружного применения.
19000469399;FLAME MOSCOW Eulalia;духи;Россия;1250;1187;https://goldapple.ru/19000469399-eulalia;;"Eulalia — это воспоминания юности; воспоминания, вдохновлённые беззаботным временем. В нём мы старались увековечить мимолётную красоту момента. Розовая вода, окружённая землистыми аккордами, нотами пачули и тёплого трюфеля. Роза в сочетании с шиповником отражает нежную природу аромата. Результат — мягкий, сияющий, прозрачный. Твёрдый парфюм удобно использовать на ходу и в путешествиях. В отличие от жидких парфюмерных средств, его можно взять с собой на борт самолёта, а также удобно душиться им в окружении людей и в общественных местах.";Чтобы аромат раскрывался сильнее, духи необходимо нанести на все пульсирующие точки и волосы.  Аромат раскрывается лучше при тепле.  Количество наносимого средства нужно подбирать под индивидуальную способность кожи «дышать» и тем самым распространять аромат.
99000032755;DIVINA TERRA Bellezza;духи;;6800;6800;https://goldapple.ru/99000032755-bellezza;;Преврати миг в бесконечность и в красоте увидишь вечность… Bellezza (красота) - это нежный, окутывающий летней цветочной вуалью аромат, украшенный пьянящей красотой аккордов сладкого рома и освежающей зеленой волной чайных нот.  Bellezza - волшебная игра солнечных зайчиков на коже, искрящаяся игривая улыбка нот франжипани, цветов апельсина и жасмина, застенчивая сладкая амбровая красота, от созерцания которой невозможно оторваться. Этот аромат посвящается всем, кто впустил красоту в свое сердце, до краев наполнив его радостью и удовольствием.;Нанесите на кожу, избегая попадания в глаза.
19000331903;DILIS Gin, Tonic;духи;Беларусь;1111;999;https://goldapple.ru/19000331903-gin-tonic;;Каждый аромат из линейки Dilis Mono Collection представляет собой чистую и легкую пирамиду, что делает его уникальным и легко адаптируемым к индивидуальным предпочтениям. Возможность смешивать (наслаивать) между собой ароматы линейки Dilis Mono Collection, создавая новые композиции, позволяет каждому покупателю проявить творческий подход и создать свой собственный уникальный аромат, подчеркивающий их индивидуальность. Это делает процесс использования Dilis Mono Collection не только приятным, но и захватывающим.  DILIS Mono Collection  #4 Gin / Tonic. Пряный, чуть смолистый и одновременно сладковатый аромат ягод можжевельника добавляет глубину и завершенность, привнося природные ноты в аромат. Аромат джина глубокий, сложный и чуть землистый, с характерной травяной ноткой можжевельника.  Лайм добавляет в композицию яркость и энергию, выделяется освежающим акцентом, который оживляет и освежает.;Нанести на кожу (в места точек пульсации) достаточно 2-3 нажатия, дистанция 10-15 см.
19000128425;DILIS Pink Pepper;духи;;3670;1908;https://goldapple.ru/19000128425-pink-pepper;;Празднуйте каждый день своей жизни вместе с восхитительным ароматом Pink Pepper!  Сладкие пряные обертона орхидеи мягко сливаются с нотами черной бузины, изысканного абрикоса и сухого шампанского.  Пряно-ванильный аромат черного дерева добавляет парфюму глубины и многогранности, а махагони в сочетании со взбитыми сливками — сладковато-терпкий акцент.  Когда кажется, что ничем удивить уже нельзя - в финальном аккорде звучат ноты древесного, сладковато-пряного сандала. Сливаясь воедино, парфюмерные оттенки позволяют воплотить образ целого мира в одном флаконе.;Рекомендуем наносить небольшое количество парфюмерной жидкости на «теплые» точки тела. Это так называемые точки пульса, в которых кровяные сосуды находятся близко к коже и из-за этого температура этих участков немного выше. «Теплые» точки способствует более долгому звучанию аромата и его более глубокому раскрытию. К таким местам относятся запястья, шея (в особенности ее задняя часть), кожа за ушами, локтевой изгиб и подколенная ямка. Парфюмеры рекомендуют наносить ароматы также на волосы: пару капель на расческу и далее легкими движениями распределить их по всей длине. Именно волосы способны хранить запахи дольше всего. Для любителей тонкого легкого звучания аромата рекомендуем распылить небольшое количество парфюма перед собой и плавно войти в ароматное облако. Духи стоит наносить вечером, ведь они имеют яркое и насыщенное звучание, в то время как парфюмерная вода больше подходит для светлого времени суток. А туалетная вода — отличное решение для активных будних дней, ведь ее аромат звучит легко и ненавязчиво и его можно обновлять каждые 2-3 часа. Не применять вблизи огня. Только для наружного использования.
99000081848;BY KAORI Odi et amo;духи;;2190;2190;https://goldapple.ru/99000081848-odi-et-amo;;Звонкий и в то же время воздушный, цитрусовый аромат зеленой вербены и бархатистых лепестков фиалки, обрамленных густой амброй и сандалом, - ваш лучший спутник для путешествия в свое “Я”.;Распыляйте парфюмерию на чистую увлажненную кожу, так композиция задержится на более продолжительное время. Также чистая кожа не источает посторонних запахов и не перебьет ноты духов. Рекомендуется нанести небольшое количество парфюмерной воды либо на одну или несколько точек - за мочкой уха, на запястья, на внутренний сгиб локтя, либо непосредственно распылить на волосы или на одежду.
19000173252;AQUALIS Egoli;духи;Великобритания;36530;31050;https://goldapple.ru/19000173252-egoli;;Название Egoli происходит от зулусского обозначения Йоханнесбурга и переводится как «место золота». Аромат создан во славу истории этого города, который из небольшого поселка золотодобытчиков превратился в самый богатый мегаполис континента.  Композиция Egoli — это современный взгляд на драгоценное удовое масло, которое иногда называют жидким золотом парфюмерии. Яркое экстравагантное масло удового дерева сплетается в идеальной гармонии с роскошной бальзамической сладостью смол. Композиция раскрывается медовыми оттенками гурьюн-бальзама и пылкой амбры, оттененными нотой сладкого апельсина.  Нежное и едва ощутимое прикосновение белых цветов продлевает это роскошное сияние. Лаосский уд раскрывает в аромате все свои грани: яркую дымную, нежную фруктовую и чувственную анималистичную. Насыщенный ветивер и сдержанный кедр придает аромату глубину. В композиции Egoli раскрыто современное звучание традиционных компонентов, которые соединяются в роскошный и блистательный аромат.;Нанести на пульсирующие точки.
19000344547;VCANTO Brun;духи;Италия;32510;26008;https://goldapple.ru/19000344547-brun;;Brun посвящен легендарному архитектору Филиппо Брунеллески, одному из самых знаменитых персонажей эпохи Возрождения. Он заслуженно считается основоположником архитектуры Ренессанса, как в связи с проектом по сооружению большого купола Флорентийского собора, так и в силу того, что он первым открыл геометрические законы перспективы, чрезвычайно важные для создания архитектурного проекта.   Brun - аромат, посвященный этому великому человеку и отражающий его сильный и импульсивный характер, смесь гениальности и дерзости. Именно это ощущается с первых нот, которые открываются взрывным и смелым букетом из нот серой амбры и мускатного шалфея, окутанных гипнотическим благоуханием гелиотропа и мускуса. В сердце снова слышится обольстительное звучание серой амбры, в окружении пьянящих цветов иланг-иланг из Таиланда, магнолии и жасмина. База характеризуется силой камбоджийского уда, контрастирующего с изысканной сладостью сандала и пачули, смягченных нотами ванили и мускуса.;Средство предназначено для наружного применения с целью придания приятного аромата. Нанести аромат на кожу.
19000474773;GIARDINO MAGICO Peach, flowers, bergamot;духи;Россия;3150;3150;https://goldapple.ru/19000474773-peach-flowers-bergamot;;Летнее путешествие в лазурных водах Неаполитанского залива, прогулки на императорских виллах среди фонтанов, водопадов и благоухающих садов, где очень приятно заблудиться. Peach, flowers, bergamote… необычайно красиво переливается от лёгкой горчинки цитрусовых до сочной сладости спелых плодов персика, напоминая о поездке на море, прохладе напитков и беззаботности. Постепенно его фруктовую лёгкость сменяет нежность белых цветов, с присущей им чувственностью и обаянием. А мягкость белого мускуса придаёт здесь особую элегантность. Идеально подойдёт тем, кто предпочитает тонкие запоминающиеся звучания с соблазнительным шлейфом.;Наносить на кожу и волосы.
19000463929;BROCARD Reprise;духи;Россия;883;794;https://goldapple.ru/19000463929-reprise;;В начале — свежесть цитрусов и аккорды зелени, словно первые штрихи на холсте с пейзажем утреннего города.  В сердце аромата пряный имбирь и нежная фрезия создают мелодичное движение любимой мелодии.  Постепенно углубляясь, древесные и мускусные ноты мягко раскрываются на коже, созвучно ритму биения сердца.;Только для наружного применения. Распылять на кожу/волосы с расстояния 10-15 см.
99000032741;DIVINA TERRA Tesoro Mio;духи;;24600;24600;https://goldapple.ru/99000032741-tesoro-mio;;Cокровище мое. Tesoro mio (сокровище мое) - волшебный букет из самых благородных и нежных цветов Тосканы – ириса и магнолии, украшенных легкими прикосновениями ландыша в серебряном сплетении тончайших мускусов.   Сладостная неуловимая дымка бензоина с миндальными тонами вишни и кумарина дополняют цветочный вальс. В шлейфе эхом звучит изысканный аккорд тосканской кожи, подчеркивающий мягкость и благородство цветочных тонов.;Нанесите на кожу, избегая попадания в глаза.
19000424744;MAISON DOUZE Sans Ambages;духи;Франция;27590;23451;https://goldapple.ru/19000424744-sans-ambages;;Аромат Maison Douze Sans Ambages для первого знака зодиака Овен — это смелая и энергичная композиция, отражающая динамичную натуру этого огненного знака.  Верхние ноты нероли и петитгрейна создают яркое и искрящееся начало.  Переходя к средним нотам, аромат приобретает глубину благодаря необычному сочетанию цветка апельсина и мокрого летнего асфальта.  Завершает композицию насыщенный базовый аккорд стиракса и сухой древесины, который добавляет теплоты и стойкости. «Ее взгляд был устремлен в горизонт, она включила радио и снова вжала педаль газа в пол.» Новые начинания, приключения, отвага, мотивация и энергия.;Нанести на кожу, одежду и волосы (по желанию) для легкого аромата. Избегайте попадания в глаза.
19000344549;VCANTO Guercino;духи;Италия;37000;31450;https://goldapple.ru/19000344549-guercino;;Этот аромат посвящается великому живописцу Джованни Франческо Барбьери, по прозвищу Guercino (Гуэрчино), неутомимому создателю произведений искусства, человеку, постоянно стремящемуся к самоулучшению и развитию.  За эти необыкновенные таланты он был приглашен семьей Малатеста для выполнения живописных работ при дворе, под крылом мецената Сиджизмондо Малатеста. Аромат открывается букетом искристых, изящных цитрусовых нот, в котором перекликаются доминирующие ноты амальфитанского лимона и калабрийского бергамота, подчеркнутые силой кедра из Скалеи, окутанного смесью нот горького апельсина и бразильского апельсина.;Средство предназначено для наружного применения с целью придания приятного аромата. Нанести аромат на кожу.
99000081865;BY KAORI SINGAPORE, APRIL 2018;духи;;5490;5490;https://goldapple.ru/99000081865-singapore-april-2018;;Роскошный аромат сандала, уда и пачули. Бархатная, глубокая композиция с аккордами мускатного ореха и шафрана. Шум большого города и шелест листьев… Своё путешествие в Сингапуре вы точно не забудете - многовековая история этой страны сохранилась в каждом дереве! Небоскребы, выросшие посреди зеленого леса, и миллионы огней ночного мегаполиса завораживают: нотки уда и пачули символизирует статусность и роскошь этого места. Вы мгновенно ощущаете, что Сингапур - страна богатства и размеренной жизни. Дерзкие аккорды мускатного ореха, шафрана, дополненные вкраплениями мускуса и сандала погружают вас в яркий, ни с чем не сравнимый колорит Сингапура. Роскошь и люкс здесь сосуществуют с природной стихией, не споря с ней, а лишь подчеркивая многогранность. Едва уловимый аромат ладана успокаивает вас - вы наслаждаетесь теплым вечером на крыше небоскреба. Сингапур - это сложносочиненный древесный аромат статусности и благополучия.;Распыляйте парфюмерию на чистую увлажненную кожу, так композиция задержится на более продолжительное время. Также чистая кожа не источает посторонних запахов и не перебьет ноты духов. Рекомендуется нанести небольшое количество парфюмерной воды либо на одну или несколько точек - за мочкой уха, на запястья, на внутренний сгиб локтя, либо непосредственно распылить на волосы или на одежду.
19000380092;ORMONDE JAYNE Frangipani;духи;Великобритания;41340;35139;https://goldapple.ru/19000380092-frangipani;;Парфюм Frangipani от Ormonde Jayne — изысканный экзотический аромат тропических цветов. Композиция открывается ярким всплеском свежих цитрусов с едва уловимым оттенком кокоса, переходя в сердце, где раскрывается кремово-цветочная роскошь франжипани и жасмина. В базе звучат теплые ноты сандалового дерева и мускуса, оставляя за собой чарующий, чувственный шлейф, переносящий в идиллический уголок, залитый солнечным светом.;Распылите спрей на пульсирующие точки: запястье, шею и за ушами для стойкости аромата. Повторите нанесение по желанию.
19000276773;BURBERRY HERO;духи;Испания;11900;10710;https://goldapple.ru/19000276773-hero;;"Burberry Hero Parfum изображает современного мужчину. Искренний и мужественный, он постоянно превосходит себя в каждом вызове. Его больше не сдерживают предубеждения, он соединяется со своим внутренним ""Я"" и открывает в себе необыкновенное. Мощный аромат леса, растущего на английском побережье. Хвоя сосны в смеси с бензоином и ладаном, в базе - трио теплых масел кедрового дерева. Интенсивный и подрящий.";Наносить аромат равномерно на одежду, кожу и волосы.
19000344495;TIZIANA TERENZI Andromeda;духи;Италия;36000;30600;https://goldapple.ru/19000344495-andromeda;;Новая коллекция LUNA COLLECTION увлекает нас в грандиозное путешествие на луну в поисках ароматов, исследующих пределы вселенной!  Самые красивые созвездия небосвода Андромеда, Кассиопея, Созвездие Дракона и Большая Медведица нашли своё отражение в 4-х звёздных ароматах.  Букет свежих цитрусовых нот духов ANDROMEDA излучает игристый аромат с нотами иланг-иланга и водного жасмина.  Ощущение нежной свежести, которая обволакивает тебя и сопровождает на протяжении всего дня. Аромат со скрытой индивидуальностью, но в тоже время решительный, усиленный запахом груши и белого гелиотропа, окутанный сладостью сахарной пудры, какао и молока.;Средство предназначено для наружного применения с целью придания приятного аромата. Нанести аромат на кожу.
99000090097;ПАРФЮМЕРИЯ XXI ВЕКА SOBRANIE №13;духи;;795;716;https://goldapple.ru/99000090097-sobranie-no13;;Легкая, кристальная композиция напоминает легчайший туман раннего утра в Париже, когда в свете розовой зари зарождается новый, потрясающий день. Пьянящий утренний воздух наполнен сотнями разнообразнейших ароматов, сплетающихся друг с другом в одну целостную, соблазнительную композицию. В ней есть и сладкие ароматы уютных пекарен, и волнующая дымка романтических кофеен, и яркая зелень парков и цветущих садов. Композиция аромата #13 HYACINTHUS + AMBROXIDE состоит из нот гиацинта, жасмина, лимона, древесины тикового дерева, ветивера, амбры и мускуса.;Распылить на расстоянии 10-20 см от тела.
19000424755;MAISON DOUZE Par Ailleurs;духи;Франция;27590;23451;https://goldapple.ru/19000424755-par-ailleurs;;Maison Douze Par Ailleurs Pisces — это аромат, созданный для знака зодиака Рыбы, олицетворяет мечтательность и чувственность.  Начало аромата раскрывается ярким бергамотом, который приносит свежесть и солнечное настроение, а персик добавляет сладкие, сочные акценты.  В сердце аромата утонченная болгарская роза и сочная слива.  Завершает аромат насыщенный пачули, который придаёт глубину и землистость, а табак добавляет теплоты и легкой пряности.  «Она лежала в ванне в очках для чтения. Ее старая книга источала божественный аромат, а вода медленно покрывала кончики ее тела. »Вдохновение, мистика, креативность, мечтательность.;Нанести на кожу, одежду и волосы (по желанию) для легкого аромата. Избегайте попадания в глаза.
99000081853;BY KAORI Odi et amo;духи;;5490;5490;https://goldapple.ru/99000081853-odi-et-amo;;Звонкий и в то же время воздушный, цитрусовый аромат зеленой вербены и бархатистых лепестков фиалки, обрамленных густой амброй и сандалом, — ваш лучший спутник для путешествия в свое “Я”.;Распыляйте парфюмерию на чистую увлажненную кожу, так композиция задержится на более продолжительное время. Также чистая кожа не источает посторонних запахов и не перебьет ноты духов. Рекомендуется нанести небольшое количество парфюмерной воды либо на одну или несколько точек - за мочкой уха, на запястья, на внутренний сгиб локтя, либо непосредственно распылить на волосы или на одежду.
19000344550;VCANTO Kashimire;духи;Италия;18510;15733;https://goldapple.ru/19000344550-kashimire;;"Создатели итальянского парфюмерного бренда V Canto черпали свое вдохновение в «Божественной комедии» Данте Алигьери («V Canto» (итал.) – Пятая песнь).  Десять драгоценных и уникальных ароматов окружают нас ароматной аурой, столь же пленительной, как и сама красота средневековой поэзии.  В этих ароматах отразились описанные великим Данте истории страстей, любви, грехов, добродетелей и пороков, но, прежде всего, истинной человечности. Это поистине авторская эмоциональная работа, которая стала настоящим путешествием в историю природы человеческого естества. Обволакивающий и успокаивающий аромат KASHIMIRE, будто невидимый щит укрывающий нас.  Он дает нам силы и положительную энергию, чтобы сражаться с ""Драконами"", которых мы встречаем на нашем пути.  Сложный амбровый аккорд символизируя грани любви земной и небесной становится более мягким благодаря цветам иланг-иланга. Он также окружен исцеляющей силой бальзама Копайба, завершающего целостность композиции.";Средство предназначено для наружного применения с целью придания приятного аромата. Нанести аромат на кожу.
19000396850;TOM FORD Ombre Leather;духи;Швейцария;6500;5200;https://goldapple.ru/19000396850-ombre-leather;;TOM FORD представляет новый аромат в коллекции SIGNATURE — OMBRÉ LEATHER PARFUM. Узнаваемая цветочная композиция с нотами черной кожи и листьев фиалки в сочетании с соблазнительным акцентом кедра пронизана чувственной атмосферой дикого запада. Характерные насыщенные ноты кожи раскрываются с неожиданной стороны рядом с абсолютом листьев фиалки Orpur®.  Необычайно роскошная цветочная нота с зеленым оттенком наполняет композицию насыщенным ароматом свежих фиалок, который медленно растворяется в чувственных древесных нотах кедра. Притягательный шлейф воплощает дух свободы, необузданность и непредсказуемость пустыни. «Некоторые ароматы напрямую связаны с моментами из моей жизни. Например, каждая нота OMBRÉ LEATHER напоминает об американском западе моего детства. Этот парфюм основан на дикой, необузданной чувственности оригинального аромата... Он стал более ярким его выражением», - ТОМ ФОРД. Ноты: черная кожа, кедр, листья фиалки. Упаковка: TOM FORD OMBRÉ LEATHER PARFUM заключен в гладкий матовый черный флакон с контрастным белым логотипом.;Нанесите аромат на запястья, шею и точки пульса на очищенную и увлажненную кожу. Не растирайте.
19000246358;ROSENDO MATEU Incense Wood;духи;Испания;34840;26130;https://goldapple.ru/19000246358-incense-wood;;Благородный, чистый аромат ладана в сочетании с восточной пряностью. Свежие ноты молекулярного дистиллированного ладана соединяются воедино с пряностью кардамона, гвоздики и корицы, после чего дополняются глубиной пачули и теплом бразильского палисандра.  Финальный штрих – чувственный белый мускус в сочетании со сладостным абсолю мадагаскарской ванили. Медитативное спокойствие. Изысканная древесина, смешанная с восточными специями и окуренная ладаном.;Нанести на пульсирующие точки.
99000081863;BY KAORI MALAYSIA, JANUARY 2019;духи;;5490;5490;https://goldapple.ru/99000081863-malaysia-january-2019;;Гармоничное сочетание дубового мха, можжевельника и высушенной древесины - дерзкий аромат зелёных джунглей и колоритной Малайзии. Малайзия - настоящая палитра сочных зеленых цветов. Первое, что вы замечаете это многообразие культур и оттенков. Гуляя, вы чувствуете, как вас наполняет гармония и умиротворение. Вы решаете отправиться в путешествие по Джорджтауну, где каждый квартал хранит свои традиции. Чтобы проникнуться духом этого места, вам придется стать исследователем и заглянуть в каждый уголок: где-то вы слышите нотки дубового мха, фасад другого дома скрывает за собой аккорды душистого можжевельника, а открывая маленькую, скрытую от глаз дверку, вы чувствуете душистую ель. Заглянув в местную сувенирную лавочку, вы вдыхаете аромат древней высушенной древесины и олибанума. Продолжение приключения - ваш поход в тропический, не тронутый человеком лес. Здесь вы находите финальный аккорд - ветивер. Малайзия - это невероятное, зеленое, растительное сочетание, дополненное статусным звучанием дерева.;Распыляйте парфюмерию на чистую увлажненную кожу, так композиция задержится на более продолжительное время. Также чистая кожа не источает посторонних запахов и не перебьет ноты духов. Рекомендуется нанести небольшое количество парфюмерной воды либо на одну или несколько точек - за мочкой уха, на запястья, на внутренний сгиб локтя, либо непосредственно распылить на волосы или на одежду.
99000054837;BLACK HEART Vanilla Chrome;духи;;7200;6480;https://goldapple.ru/99000054837-vanilla-chrome;;Благородный аромат пьянящей ванили, переносящий в атмосферу роскоши аристократических балов, чувственных романов и великих произведений искусства XIX века.Густой, яркий и самодостаточный, как сама ваниль, он, подобно тонкой вуали, окутает вас своим чарующим звучанием и станет незримым символом вашего высокого статуса.И каждый, кто приблизится к вам, будет пленён его многогранным шлейфом, которой постепенно раскрывается от нот королевской чёрной ванили до более нежных и цветочных оттенков.;Нанесите небольшое количество парфюма на чистую кожу. Лучше всего распылять парфюм на точки пульсации: запястья, за ушами, на шее, сгиб локтя или колена.
27321100006;GOLDFIELD & BANKS Velvet Splendour;духи;;21340;15151;https://goldapple.ru/27321100006-velvet-splendour;;Аромат Velvet Splendour создает ощущение, словно вы держите в обеих руках огромную охапку диких полевых цветов, нагретых на солнце, и погружаетесь лицом в этот букет, вдыхая его пьянящий аромат.    Velvet Splendour – словно картина художника-импрессиониста, изображающая весеннюю прогулку по открытой, свежей и безоблачной сельской местности. Расцветает дерево австралийской мимозы, символизируя приход весны в Австралии.    Бархатные желтые цветы оттеняются ледяной синевой небес. Первый вдох, и вы мгновенно ощущаете, как прохладный ветер несет коктейль из зелени трав и благоухания цветов, смешиваясь с ароматом весеннего воздуха и теплом солнечных лучей.;Нанести на пульсирующие точки
99000045014;LA LETTRE SIENA;духи;;7430;7430;https://goldapple.ru/99000045014-siena;;Аромат, вдохновлённый итальянским городом Сиена, словно переносит вас на его старинные улицы, где жаркое лето переплетается с ароматом ванили, которая выходит из маленькой кондитерской на углу, маня к себе. За ней следуют сладкие акценты маракуйи, персика и груши, как спелые фрукты, только что сорванные с дерева и готовые раствориться на языке. Малина добавляет оттенок легкой кислинки, а лист черной смородины привносит немного зелёной свежести, как если бы в воздухе были нотки летнего дождя. Почти незаметно, но ощутимо, появляется песок — тепло земли, пропитавшейся солнечными лучами. В сердце композиции распускается гелиотроп, его тёплый, миндальный запах идеально сочетается с ванилью, создавая атмосферу уютной сладости. Пачули приносит землистую элегантность, добавляя завершённости и стойкости. Этот аромат — как лето в Сиене, жаркое и насыщенное, с нотами сладости и лёгкой роскоши.;Наносите духи на пульсирующие точки: запястья, шею и область за ушами.
19000120776;OLFACTIVE STUDIO Vanilla Shot;духи;;9900;9405;https://goldapple.ru/19000120776-vanilla-shot;;Vanilla Shot - это ваниль с живым и анималистическим оттенком, усиленная миррой, с динамичным началом кориандра, шафрана и альдегидов, обогащенная розой и сухофруктами. Фотограф пейзажист Мартин Хилл создал  на озере Ванака в Новой Зеландии резную арку из тонких кусков дерева, соединённых невесомыми льняными нитями, напоминающую тонкую, вытянутую форму стручков ванили. Баланс и напряжение на грани.;по мере необходимости
83271600015;LAURENT MAZZONE Infinite Definitive;духи;;30000;24000;https://goldapple.ru/83271600015-infinite-definitive;;Бесконечность складывается из мгновений, которые создают ее, совершенных мгновений нашей жизни. Шороха листвы в лесу, капли росы на паутинке, пьянящих ароматов летнего вечера, принесенных ветром, солнечного луча, пробивающегося сквозь деревья.  Такие мгновения заставляют сердце биться быстрее, и ты понимаешь что каждое из них, это и есть бесконечное совершенство. Лоран Маццоне собрал самые искренние, чистые, сокровенные моменты и вплел в рисунок аромата Infinite Definitive.;
26143400001;FRANCK BOCLET ICON;духи;;20390;14273;https://goldapple.ru/26143400001-icon;;Icon Franck Boclet- это ода женщине Иконе. Словно магия искусства, сокрытая в женщине, в ее наготе и чистоте. Icon (Икона), изображение красоты раскрывает чувственная гармония цитрусовых, цветочных и ориентальных нот. Верхние ноты: грейпфрут, лайм, ирис, фиалка, роза, капли росы, фрукты. Ноты сердца: мускус, ваниль, пряная гвоздика.;
99000054830;BLACK HEART Fruit & Cannabis;духи;;9600;9600;https://goldapple.ru/99000054830-fruit-cannabis;;Сладкий и страстный аромат с нотами сочной соблазнительной вишни, которая соединяется в опьяняющий коктейль со сладким перуанским ликером и горчинкой дикого миндаля.Облачившись в этот парфюм, вы ощутите себя VIP-гостем любого мероприятия. В нём ваш манящий и соблазнительный образ не останется незамеченным, где бы вы не появились.;Нанесите небольшое количество парфюма на чистую кожу. Лучше всего распылять парфюм на точки пульсации: запястья, за ушами, на шее, сгиб локтя или колена.
19000368814;HOUSE OF SILLAGE HOS N.002;духи;Франция;36570;27427;https://goldapple.ru/19000368814-hos-n-002;;Элегантный и изысканный, созданный для уверенных в себе мужчин, аромат стартует свежими, искрящимися цитрусовыми нотами грейпфрута и мандарина, раскрывается смолистыми, хвойными нотами можжевельника и галангала, и подчеркивает мужественность своего обладателя благородными древесными нотами кедра, окутанными мягкой пудровой вуалью мускуса и благоуханной белой амбры. Аромат для мужчин, излучающих благородство и изысканный вкус.;Духи можно наносить на запястье, за мочку уха, на сгиб локтя, на шею в районе межключичной впадины и под колено.
19000451137;BLACK REFLEXION №13.02;духи;ОАЭ;673;572;https://goldapple.ru/19000451137-no13-02;;Мистический аромат «Black Reflexion» №13.02 посвящён современным, сильным, независимым особам. Этот аромат придаёт неповторимый и особый шарм. Основа прекрасной композиции №13.02 — страстный и волнующий мускус. Кроме него, завораживает и раскрывает силу притяжения бесподобная амбра, которая с древнейших времён используется в качестве афродизиака. Практически неуловимый на коже, «Black Reflexion» №13.02 станет самым соблазнительным ароматом в вашей коллекции.;Только для наружного применения.
19000463933;BROCARD Status Quo;духи;Россия;1780;1602;https://goldapple.ru/19000463933-status-quo;;Мандарин — легкое, прозрачное начало композиции, сочный, яркий, искрящийся.  В сердце характерные оттенки кожи и утонченность османтуса звучат подобно изысканной мелодии.  В своем развитии аромат становится насыщенней: тепло древесных нот и перечная пряность пачулей переплетается с цветочно-бальзамическим звучанием бессмертника.  Амбра придает аромату глубину и стойкость, сохраняя утонченность гармонии.;Только для наружного применения. Распылять на кожу/волосы с расстояния 10-15 см.
26180600010;12 PARFUMEURS FRANCAIS FAMILLE ROYALE LE BIEN AIMÉ;духи;;27000;22950;https://goldapple.ru/26180600010-le-bien-aime;;Духи 12 Parfumeurs Francais Famille Royale Le Bien Alme с ярким насыщенным ароматом предназначаются истинным ценителям романтики и сладкой жизни. Завораживающие начальные ноты шафрана в Famille Royale Le Bien Alme дополнены сочной свежестью грейпфрута и изящными оттенками фиалки. В сердце духов звучит пряный мускусный аккорд, который гармонично оттеняет теплоту натуральной кожи. Завершает композицию 12 Parfumeurs Francais искрящийся шлейф ванильной нежности, приправленный пряностью мускуса.;
19000426335;M. MICALLEF Royal muska nectar;духи;Франция;20100;15075;https://goldapple.ru/19000426335-royal-muska-nectar;;"Аромат ""Королевский мускус"" сыграл на мажорный лад: мускус и ценный древесный аккорд преподнесены пылко и рельефно: окруженные нюансами сочного персика и имперской розы, цветочно-восточные ингредиенты формируют мощную вибрацию, не оставляя шанса пройти мимо.";Нанесите духи на чистую кожу.
19000231988;CHRISTINE LAVOISIER PARFUMS Elle 18 Cherry desire;духи;Россия;1512;982;https://goldapple.ru/19000231988-elle-18-cherry-desire;;Роскошный и чувственный аромат ELLE 18 Cherry Desire открывает дверь в мир истинного наслаждения.  Томная вишня в окружении терпкого миндаля и густого ликера продолжается нежными аккордами сливы, турецкой розы и жасмина оставляя незабываемый шлейф из теплой ванили, бобов тонка, корицы и перуанского бальзама.;Нанести на шею, запястье, локтевые сгибы.
19760301713;ZIELINSKI & ROZEN Cedarwood, Neroli, Amber;духи;;7350;7350;https://goldapple.ru/19760301713-cedarwood-sandalwood-amber-patchouli;;Я хочу, чтобы парфюм трогал до глубины души, говорил о личности и отражал ее уникальность. Эрез Розен  Замысловатая ольфакторная книга, сюжет которой раскрывается новыми гранями на каждом человеке. Необычные сочетания нот и оригинальное построение аккордов подчеркивают индивидуальность и раскрывают суть ярче любых слов.  Все ароматы Zielinski&Rozen категории унисекс. Ароматы продукции Zielinski&Rozen изменили свое наименование без изменения состава.;Наносите парфюм по обе стороны плеч или распылите впереди себя и войдите в «облако» аромата.
99000088558;SYNONYME DESERT OF MY HEART;духи;;1990;1214;https://goldapple.ru/99000088558-desert-of-my-heart;;Парфюмер аромата DESERT OF MY HEART - Marc Daniel Heimgartner. Этот аромат — как шёпот далёких звёзд, затерянный среди песчаных бурь. он рождает образ одиночества, пронизанного красотой, словно сердце, которое знает, что значит гореть, но молчать. Открытие нежное и тревожное: искрящийся бергамот напоминает о прохладных ночах пустыни, где тепло угасает вместе с закатом. травы, напитанные солнцем, и мистический восточный ладан наполняют воздух ароматом тайны, а изысканный кипарис рисует в воображении линии далёкого горизонта. В сердце глубокая страсть. Дымный и мягкий уд соединяются с бархатной кожей, как воспоминания о прикосновениях, что оставляют шрамы. Лёгкая горечь листьев фиалки и пьянящая нежность жасмина оставляют оттенок тоски. Гваяковое дерево и герань подчёркивают его утонченность — аромат, который влечет, но не подпускает близко. Мягкая, чувственная база: тёплый амброксан и обволакивающая замша, сладковато-древесный аккорд кашемирового дерева с нюансами карамели, как отголосок эмоций, которые не могут быть забыты. белый мускус и пачули завершают картину, создавая сексуальный, долгий шлейф — как песчаный след, который остается, не уступая времени. Пустыня моего сердца — это аромат тех, кто умеет быть одиноким, но всегда манит к себе. Это зов отчуждённой красоты, где тоска становится страстью, а недоступность сводит с ума.;Аромат можно наносить на волосы, кожу, одежду.
99000054847;BLACK HEART Tender Kiss;духи;;9600;8160;https://goldapple.ru/99000054847-tender-kiss;;Соблазнительный аромат, раскрывающий романтичную и чувственную сторону любви.Нежными пудровыми и цветочными нотами он заманивает тебя в плен из чувств и фантазий, а потом искушает и сводит с ума терпкими аккордами дерева, острых пряностей и сладкой ванили.;Нанесите небольшое количество парфюма на чистую кожу. Лучше всего распылять парфюм на точки пульсации: запястья, за ушами, на шее, сгиб локтя или колена.
19000197495;MIPASSION Mild;духи;Россия;849;764;https://goldapple.ru/19000197495-mild;;Твердые духи MiPASSiON — это селективный парфюм на основе масла ши. Эти духи раскрываются постепенно и имеют стойкость до 4 часов, за счет чего можно менять аромат и его интенсивность в течение дня. А пользоваться им — отдельный ритуал.  Твердые ароматы наносятся на пульсирующие точки — на запястья, за ухо, на внутреннюю сторону локтя, под коленями, на шейные лимфоузлы. Благодаря маслам сухие духи обладают увлажняющими свойствами.  Такой парфюм в удобном формате поместится в любую сумочку и не прольется.;Нанести пальцами небольшое количество парфюмированного баттера на кожу тела в точках, где прощупывается пульс и выше температура тела (шея, запястья).
19000380094;ORMONDE JAYNE Tolu;духи;Великобритания;41340;24804;https://goldapple.ru/19000380094-tolu;;"Толуанский бальзам - перуанское смолистое дерево. Аромат – сокровище, роскошное бархатное звучание чистой смолы ""тулуанского бальзама"" отправит вас в чувственное путешествие по Востоку.  В сердце аромата -  кружево золотого ладана и амбры в пьянящей огранке цветов апельсина и шалфея, а интенсивные цитрусовые ноты объединяют в гармонию роскошную композицию.";Духи следует наносить в небольшом количестве, близко к коже (1-2 см), на тепловые точки: под коленями, область живота, запястья, сгибы локтей, район солнечного сплетения, точки за ушами, основание шеи со стороны спины, затылок.  Как правило на одну точку достаточно несколько капель. Растирать духи не рекомендуется, так как это может нарушить правильный процесс раскрытия композиции. Для повышения стойкости рекомендуем наносить на хорошо увлажненную кожу, комбинируя с кремом, молочком или маслом для тела.
27330200003;THE HARMONIST Metal Flower;духи;;36820;29456;https://goldapple.ru/27330200003-metal-flower;;Возникшая как драгоценный камень ручной работы, металлическая роза, тонко вылепленная, холодная, острая, современная, но вечная, таково вдохновение этого аромата. Созданный из смеси трех драгоценных ингредиентов розы, этот аромат соединяет  элегантную грацию эссенции болгарской розы и изысканность редкой майской розы, а также острый запах розоксида, похожий на кровь от укола о шип розы. Используя альдегиды для блеска,  шелковистый мускус, успокаивающий иланг-иланг и богатый запах пачули, придающий композиции особую чувственность, этот необычный аромат является современной классикой. Металлический цветок - аромат, который блестит на солнце, как полированный металл, а его запах ослепителен, вечен и драгоценен.;
99000054842;BLACK HEART Vanilla Chrome;духи;;2400;2160;https://goldapple.ru/99000054842-vanilla-chrome;;Благородный аромат пьянящей ванили, переносящий в атмосферу роскоши аристократических балов, чувственных романов и великих произведений искусства XIX века.Густой, яркий и самодостаточный, как сама ваниль, он, подобно тонкой вуали, окутает вас своим чарующим звучанием и станет незримым символом вашего высокого статуса.И каждый, кто приблизится к вам, будет пленён его многогранным шлейфом, которой постепенно раскрывается от нот королевской чёрной ванили до более нежных и цветочных оттенков.;Нанесите небольшое количество парфюма на чистую кожу. Лучше всего распылять парфюм на точки пульсации: запястья, за ушами, на шее, сгиб локтя или колена.
19000451160;BLACK REFLEXION №13.25;духи;ОАЭ;673;572;https://goldapple.ru/19000451160-no13-25;;Парфюмерная композиция аромата «Black Reflexion № 13.25» построена на основе нот цитрусов, нероли, цветочного букета и амбры. Цитрусы из Средиземноморья дарят парфюму приятную прохладу, энергичность и бодрый настрой, а положительное настроение создаёт аккорд нероли. Запах этой парфюмерной воды безусловно является летним, он позовёт вас прочь от шумных городов и однообразных будней. Аромат «Black Reflexion № 13.25» идеально подходит и для женщин, и для мужчин. Для тех, кто вечно молод, кто готов бросить всё, чтобы только до конца жизни жить у моря и гулять под тенью фруктовых деревьев.;Только для наружного применения.
19000266456;COSMOGONY Solar Power;духи;Россия;2200;1540;https://goldapple.ru/19000266456-solar-power;;Solar Power Солнце – вечный двигатель. Огонь надежды в холодной вселенной. Солнце коронует вас своим светом и подарит процветание и благоденствие, свободу творчества и ясность разума, могущество и блеск.  Solar Power – это аромат, собравший в себя бодрые: кофе, грейпфрут и герань, золотые: ваниль, кленовый сироп и горячую амбру с бензоином. С ним ничто не способно вас остановить.   Верхние ноты: кардамон, грейпфрут, герань, крыжовник. Ноты сердца: кофе, герань, ландыш. Базовые ноты: амбра, бензоин, ваниль, кленовый сироп, дуб, мох. Парфюмер: Бертран Дюшофур (Bertrand Duchafour).;Только для наружного применения. Распылять  на кожу/волосы с расстояния 10-15 см.
19000383957;LAB FRAGRANCE MYSTIQUE;духи;Россия;7900;6320;https://goldapple.ru/19000383957-mystique;;Он раскрывается искрящимися нотами липового цвета, сочной сладостью личи и прохладной свежестью бергамота, словно загадочный свет, пробивающийся сквозь туман, будоража и чаруя мир. В его сердце бархатистый пион в обрамлении жасмина и легкая горечь травянистого дрока переплетаются с воздушной петалией, создавая образ, полный секретов и недосказанных историй. Шлейф звучит мягко и глубоко, как тень, скрывающая тайну — теплая ваниль, нежный пудровый гелиотроп и благородный ветивер наполняют пространство неуловимой гармонией, оставляя за собой след, который тает в воздухе, как забытое заклинание.;Распылить на кожу и/или на одежду.
19000463944;BROCARD Elixir of Paradise;духи;Россия;883;794;https://goldapple.ru/19000463944-elixir-of-paradise;;В начале — свежесть сочных личи, терпкость бергамота и бархатные оттенки кожицы персика.  Сердце аромата кружит голову: благоухающий букет пионов, цветы апельсинового дерева и медовый жасмин.  А в финале всё замедляется и кажется бесконечным: звучат глубокие шипровые ноты в трио с прозрачной чистотой мускуса и теплом амбры.;Только для наружного применения. Распылять на кожу/волосы с расстояния 10-15 см.
19000320028;MAISON OUD SOVEREIGN;духи;ОАЭ;29510;19181;https://goldapple.ru/19000320028-sovereign;;Роскошное многогранное звучание аромата воплощает удивительную силу властного молчания монарха. Сдержанность и хладнокровие - величественный характер. Именно сила молчания иногда способна перевесить много громких слов. Густой многогранный аромат приглашает на прогулку в роскошный сад королевского дворца. Там распустились яблони и померанцевые деревья, пронизывающие все вокруг сладким благоуханием белых лепестков. К цветочному аккорду примешиваются медовые полутона бутонов розы и звонкая, как золотая монета, нота лимонной цедры. Солнечное тепло укрывает деревья и кустарники бархатистой амбровой негой.;Нанести парфюм на область шеи, на внутреннюю сторону запястья и сгибы локтей.  Также можно распылить небольшое количество средства в воздухе перед собой и войти в ароматное облако.
19000368796;HOUSE OF SILLAGE RUBY REIGN;духи;США;60010;45007;https://goldapple.ru/19000368796-ruby-reign;;Вдохновленный величественным бенгальским тигром, Ruby Reign - это богатый и мощный аромат с золотистой мордой бенгальского тигра геометрической формы и глазами рубинового цвета.  Аромат Ruby Reign является вторым изданием оригинального дизайна Siberian Tiger от Emerald Reign.  Свирепый и отважный дизайн олицетворяет удачу и мужество для всех, окутанных любовью, честью и защитой тигра.  Наполненный броней, энергией и могуществом, аромат раскрывает истинную сущность тигра нотами бергамота, амбры, шафрана и розы.;Духи можно наносить на запястье, за мочку уха, на сгиб локтя, на шею в районе межключичной впадины и под колено.
19000463932;BROCARD Status Quo;духи;Россия;883;794;https://goldapple.ru/19000463932-status-quo;;Мандарин — легкое, прозрачное начало композиции, сочный, яркий, искрящийся.  В сердце характерные оттенки кожи и утонченность османтуса звучат подобно изысканной мелодии.  В своем развитии аромат становится насыщенней: тепло древесных нот и перечная пряность пачулей переплетается с цветочно-бальзамическим звучанием бессмертника.  Амбра придает аромату глубину и стойкость, сохраняя утонченность гармонии.;Только для наружного применения. Распылять на кожу/волосы с расстояния 10-15 см.
19000424758;MAISON DOUZE AIR Poesie;духи;Франция;27590;23451;https://goldapple.ru/19000424758-air-poesie;;Из необъятного царства стихии воздух исходит чарующий аромат, в котором чувствуется легкость ветра и свежесть бескрайних небес.  AIR Poésie - это парфюмерная композиция, в которой бигарад, египетский жасмин и белый мускус переплетаются, создавая неземное, воздушное ощущение.«Он часто разговаривает.  Со своими растениями, со своими друзьями... Но прежде всего с самим собой, чтобы узнать себя еще лучше.» Общение, интеллект, вдохновение и свобода.;Нанести на кожу, одежду и волосы (по желанию) для легкого аромата. Избегайте попадания в глаза.
83830100009;DIVINA TERRA Terra;духи;;6800;6800;https://goldapple.ru/83830100009-terra-terra;;Terra – гимн плодородной тосканской земле. Он прекрасно подойдет для людей, которые стремятся к постоянству и медитативному спокойствию. Эта композиция настраивает на размышление, заземляет, открываясь неспешно и спокойно, подобно богатому букету вина, развиваясь от минеральных, к пряным тонам, с благородными фруктовыми намеками.;Наносить на кожу, избегая области вокруг глаз. Область применения: шея и декольте.
19000448972;ZIELINSKI & ROZEN White Sage & Neroli;духи;Россия;2690;2690;https://goldapple.ru/19000448972-white-sage-neroli;;Аромат категории унисекс. Долго сохраняется на коже, оставляя легкий шлейф.;Распылять на кожу с расстояния 30 см. Для усиления стойкости аромата наносить на разогретое или влажное тело.
99000054818;BLACK HEART Irbis;духи;;7200;6120;https://goldapple.ru/99000054818-irbis;;Яркий и соблазнительный аромат спелого ананаса и сладких цитрусов в сочетании с нежными нотами жасмина, розы и фиалки. Его оттенки в своём звучании переменчивы как повадки изящной и грациозной, но в то же время дикой и хищной кошки.Нося этот парфюм, вы заявляете окружающим о своей силе и амбициозности.;Нанесите небольшое количество парфюма на чистую кожу. Лучше всего распылять парфюм на точки пульсации: запястья, за ушами, на шее, сгиб локтя или колена.
19000123095;BOADICEA THE VICTORIOUS Aqua Sapphire;духи;;108000;91800;https://goldapple.ru/19000123095-aqua-sapphire;;Представьте себе тишину утреннего воздуха прямо перед восходом солнца — когда мир ещё не произнёс ни слова, и всё кажется священным. Этот миг — только для вас: прохладный, синий, бесконечный — тихо живёт в аромате Aqua Sapphire. Этот парфюм не для всех. Он терпеливо раскрывается на вашей коже, открываясь лишь тем, кто действительно умеет чувствовать. Он не столько носится, сколько вспоминается. Композиция начинается с яркого лимона, солнечного ананаса и озоновых нот, освежающих чувства, словно морской бриз. Затем раскрываются средние ноты — роза, кардамон и кумарин — тёплые и земные, как кожа после молитвы. База с шафраном, дубовым мхом и выбеленным деревом придаёт аромату тихую силу и глубину. Лучше всего звучит весной или ранним вечером — в моменты тишины и размышлений.;Распылите аромат на кожу, область груди, за ушами, на запястьях, затылке, по линии роста волос и на внутренней стороне коленей. СОВЕТЫ: Распылите на волосы с такого же расстояния для тонкого и стойкого шлейфа. Наносите на одежду с расстояния для более длительного звучания аромата.
19000451144;BLACK REFLEXION №13.09;духи;ОАЭ;673;605;https://goldapple.ru/19000451144-no13-09;;Это чувственный аромат, сладкий шейк с маракуйей, красными ягодами и персиком. Он стартует букетом сладких фруктов, смешанным с помощью искусной алхимии с малиной и черной смородиной.  Аромат-экстракт, который приводит в восторг того, кто его носит, направляя его по таинственным тропам к удивительным чудесам, эволюции эмоций и вдохновения, оставляя после себя бесконечный след страсти, загадочности и чувственности.;Только для наружного применения.
19000463930;BROCARD Reprise;духи;Россия;1780;1602;https://goldapple.ru/19000463930-reprise;;В начале — свежесть цитрусов и аккорды зелени, словно первые штрихи на холсте с пейзажем утреннего города.  В сердце аромата пряный имбирь и нежная фрезия создают мелодичное движение любимой мелодии.  Постепенно углубляясь, древесные и мускусные ноты мягко раскрываются на коже, созвучно ритму биения сердца.;Только для наружного применения. Распылять на кожу/волосы с расстояния 10-15 см.
19000377070;BRUNELLO CUCINELLI SOFFIO ZENIT;духи;Италия;32500;27625;https://goldapple.ru/19000377070-soffio-zenit;;Аромат BRUNELLO CUCINELLI из коллекции, посвященной искусству поэзии, отражает дух стихотворения Джаннины Милли «Un desiderio» («Желание»). Утонченная композиция, созданная парфюмером Флорианом Галло, предлагает современный взгляд на звучание инжира. Переосмысление этой ноты делает акцент на её средиземноморском характере. Аромат дополняют лаванда и розмарин, которые переплетаются в свежем, выразительном букете и подчеркивают теплую, смолистую сладость лабданума, придающего композиции глубину и насыщенность. Это сочетание нот – словно празднование даров земли, воплощенное в элегантном парфюмерном творении.;только для наружного применения.
19000128426;DILIS Wild Water духи;духи;;3670;3303;https://goldapple.ru/19000128426-wild-water-duhi;;Вода стремительно несется вперед, обрывается и падает на дно глубоких ущелий. Ее непокорность и неподвластность нашли свое отражение в аромате Wild Water.  Смолисто-дымчатые ноты можжевельника сплетаются с кисловатым лимоном, травянистым бергамотом с легкой горчинкой, а также пряным черным перцем.  Им вторят запахи хвойного леса, милого букета ирисов, а также еще не распустившихся почек черной смородины.  Завершающим аккордом становятся сладко-солоноватые нотки амбры и горечь ванили.;Рекомендуем наносить небольшое количество парфюмерной жидкости на «теплые» точки тела. Это так называемые точки пульса, в которых кровяные сосуды находятся близко к коже и из-за этого температура этих участков немного выше. «Теплые» точки способствует более долгому звучанию аромата и его более глубокому раскрытию. К таким местам относятся запястья, шея (в особенности ее задняя часть), кожа за ушами, локтевой изгиб и подколенная ямка. Парфюмеры рекомендуют наносить ароматы также на волосы: пару капель на расческу и далее легкими движениями распределить их по всей длине. Именно волосы способны хранить запахи дольше всего. Для любителей тонкого легкого звучания аромата рекомендуем распылить небольшое количество парфюма перед собой и плавно войти в ароматное облако. Духи стоит наносить вечером, ведь они имеют яркое и насыщенное звучание, в то время как парфюмерная вода больше подходит для светлого времени суток. А туалетная вода — отличное решение для активных будних дней, ведь ее аромат звучит легко и ненавязчиво и его можно обновлять каждые 2-3 часа. Не применять вблизи огня. Только для наружного использования.
19000172682;PANDORA PARFUM extra #20;духи;Россия;1395;976;https://goldapple.ru/19000172682-parfum-extra-20;;Как сделать жизнь счастливее? С помощью аромата Pandora # 20, который наполнен радостью и светом! В начале композиции деликатно и свежо звучат зеленые ноты - созревающей груши и слегка терпкого листа смородины. В “сердце” аромата пудровый ирис, нежная фиалка, терпко-цитрусовое  нероли и душистый жасмин завораживают своим насыщенным звучанием, создающим вокруг своей обладательницы ауру покорительницы мужских сердец.  В “базовых” нотах композиция приобретает сладко-пудровой характер и состоит из уютной ванили, горьковатых пачули и орехово-карамельных бобов тонка. Духи Pandora относятся к категории “экстра” и отличаются высокой концентраций душистых веществ, обеспечивающих повышенную стойкость и продолжительный шлейф. Удобный тревел-формат флакона позволяет не расставаться с любимым ароматом в течение всего дня.;"Нанести на ""точки пульса"": на запястье, за мочку уха, на сгиб локтя, на шею в районе межключичной впадины и под колено."
99000054832;BLACK HEART Mystical Wood;духи;;9600;9600;https://goldapple.ru/99000054832-mystical-wood;;Особенный аромат, настолько глубокий и в то же время легкий. С особой загадкой. Страсть и роскошь востока, своими пряными нотками, наполняет вашу жизнь, чтобы заворожить и соблазнить.Эта парфюмерная композиция подкупает своими переливами нот, так удачно раскрывающиеся друг за другом.;Нанесите небольшое количество парфюма на чистую кожу. Лучше всего распылять парфюм на точки пульсации: запястья, за ушами, на шее, сгиб локтя или колена.
19000370754;HUGO BOSS The Scent;духи;Франция;15618;10151;https://goldapple.ru/19000370754-the-scent;;Парфюм для него The Scent Elixir for Him — роскошный и выразительный аромат, наполненный харизмой и элегантностью. Интенсивная композиция создана для мужчин, которые умеют притягивать внимание. Амброво-кожаный аккорд формирует сложное, пряное звучание с ярким характером и магнетизмом.  Флакон выполнен в глубоких красных тонах, как и женская версия аромата, отражая насыщенность и чувственность этого парфюмерного эликсира. Завершает образ теплая золотистая крышка с роскошной сатиновой текстурой, перекликающаяся с металлическим блеском внешней упаковки.;Распылите аромат на точки пульса — запястья, шею, за ушами. Не растирайте кожу после нанесения, чтобы не исказить звучание. Для более стойкого эффекта — наносите на хорошо увлажненную кожу.
19000291179;ASTROPHIL&STELLA MOONAGE DAYDREAM;духи;Италия;13900;13205;https://goldapple.ru/19000291179-moonage-daydream;;Сверкающая арабеска яркой вспышкой озарила небо, упав на поляну. Астрофил бросился туда, очарованный великолепием, осветившим ночь сиянием дневного света. Ослепительная красавица, словно во сне, смотрела на него электрическим взором. Он потер глаза, а когда открыл их, остался лишь аромат, подсказывающий ему ее имя: Стелла. Элегантный и утонченный, цитрусовый и травяной. Что касается каждого уважающего себя джентльмена, то его истинная сущность лежит в сердце – египетская герань, амбра, пачули и черная смородина усиливают это творение на базе из сандалового дерева, дубового мха и бобов тонка.;Распыляйте с расстояния 20-25 см. Не наносите на одежду, не используйте при нахождении на солнце.
19000059307;CLIVE CHRISTIAN Original Collection X Masculine;духи;;56810;42607;https://goldapple.ru/19000059307-original-collection-x-masculine;;Легендарная пара ароматов под названием Х содержит самые мощные афродизиаки и олицетворяет тайну вашей власти над окружающими. Ароматы созданы знаменитым гуру в области соблазна - парфюмером Гезой Шоеном. Исполненные колдовского очарования, ароматы наполнены секретами искушения и соблазна. X Masculine строится вокруг орриса – драгоценного масла из корня ириса, священного цветка Приапа – римского бога плодородия.;Нанести на пульсирующие точки.
26180600012;12 PARFUMEURS FRANCAIS Famille Royale Madame la Reine;духи;Франция;31000;26350;https://goldapple.ru/26180600012-ma-reine;;Духи 12 Parfumeurs Francais Famille Royale Madame la Reine с нежным пудровым ароматом придутся по вкусу искушенным женщинам.  Верхние бергамотовые ноты композиции Famille Royale Madame la Reine сменяются мандариновой сочностью.  В сердце 12 Parfumeurs Francais явственно ощущаются изящные оттенки нероли и нежной розы, которые сменяются чувственной амброй.  В шлейфе духов остаются нотки ладанника и пачули.;Наносить на неповрежденные участки кожи, волос и одежду.
19000258939;VCANTO Adux;духи;Италия;37000;31450;https://goldapple.ru/19000258939-adux;;Аромат посвящается выдающейся личности итальянского скульптора Агостино ди Дуччо, за свою яркую индивидуальность получившего прозвище Адукс (Adux).   В течение своей карьеры он создал множество работ, включая барельефы Темпио Малатестиано в городе Римини, заказанные ему непосредственно Сигизмондо ди Малатеста.    Адукс был творцом и непростым по характеру человеком, благородным, но вместе с тем сильным и решительным.  Он выдвигал новаторские идеи, и в то же время соблюдал законы классической гармонии.    Adux воплощает сущность его характера, его благородство и стремление к инновациям.   В работах ди Дуччо ценится прежде всего изящество и ощущение невесомости материалов, точно на них не действуют законы земного притяжения – изваяние словно возносится в неземной мир. Именно это ощущение возникает при первом же дуновении аромата.   Букет открывается чарующим взрывом цитрусовых нот, в котором звучит царственная нота бергамота из Реджо-Калабрии, искусно поддержанная сицилийским грейпфрутом и бразильским апельсином, в точно выверенном балансе с нотой яблока Доломитовых Альп.   Ноты сердца окутывают искрящийся головной аккорд и постепенно переводят его в мощный базовый аккорд.  Мы чувствуем сильный, дикий запах итальянской травы и ананаса из Коста-Рики, в контрапункте с пряным индийским кардамоном и чувственной нотой сингапурских пачулей.   В основе аромата лежат убедительные ноты серой амбры и мха тосканского дуба, подчеркнутые нотами итальянской березы и мускуса, которые усиливают его звучание, дополненное благородной силой камбоджийского уда.    Adux – это элегантный и возвышенный аромат для тех, кто стремится бросать вызов условностям традиций, исследуя новые законы гармонии и тонкие балансы соблазна.;Средство предназначено для наружного применения с целью придания приятного аромата. Нанести аромат на кожу.
19000463951;BROCARD Etno;духи;Россия;1780;1602;https://goldapple.ru/19000463951-etno;;С первых нот кружит голову терпкая свежесть, оттененная зеленым акцентом мяты и смородины.  В сердце аромата легкая горчинка бархатцев перекликаются с карамельной сладостью нероли, обрамленной невесомым ажуром фиалковой пудры.  В шлейфе – классический аккорд амбры, мускуса и ветивера – дарит аромату глубину, оставляя его в памяти надолго.;Только для наружного применения. Распылять  на кожу/волосы с расстояния 10-15 см.
19000445930;BORNTOSTANDOUT Oud Candy;духи;Республика Корея;9900;9405;https://goldapple.ru/19000445930-oud-candy;;Аромат коричневого сахара, тающего на теплой плите, — это чистый комфорт — сладкий, насыщенный и маслянистый. Но когда он начинает гореть, приобретая более темный оттенок, который невозможно игнорировать…  Oud candy улавливает момент, когда сладость превращается во что-то смелое и таинственное. Аромат сочетает наслаждение с глубиной дымных, роскошных нот. Oud candy открывается сладостью тающего коричневого сахара, сливочных орехов и теплого молока, создавая кокон наслаждения. Белые цветы привносят утонченности.  База раскрывает свою темную сторону дымным удом, шафраном и черным деревом, наложенными на карамель и ваниль. Кожа и дубовый мох отвечают за смелый финал.  Oud candy — это восхитительно захватывающее путешествие в темную сторону наслаждения.;Распыляйте с расстояния 20-25 см. Не наносите на одежду, не используйте при нахождении на солнце.
19000449070;DILIS Men Azure stone;духи;Беларусь;3868;3481;https://goldapple.ru/19000449070-men-azure-stone;;На гладкой поверхности океана, где горизонт сливается с насыщенным синим небом, разливается аромат Azure Stone. Этот аромат, как звонкая капля самого чистого льда, отражает свет солнечных бликов, играющих на волнах. Представьте себе свежий утренний бриз, наполняющий паруса яхты, и океан, столь глубокий, что кажется бесконечным. Azure Stone ассоциируется с роскошными утренними трапезами посреди неизведанных вод океана. Каждая нота в этом аромате — это сон наяву, это звон бокала, полного ледяного тоника, украшенного дольками сладкого мандарина и спокойного бергамота. Солнечный луч в бокале согревает лёд, и холодные капли стекают по его стенкам, создавая ощущение неподдельной свежести. Этот аромат — цена роскоши и непреходящий флирт. Он холодный, прозрачный, но в то же время интригующий и сексуальный. Мужчина, выбравший Azure Stone, умиротворён и беспристрастен, но его уверенность привлекает внимание и вызывает интерес. Это аромат для уверенного человека, который знает себе цену и с лёгкостью пользуется этим. В верхних нотах ощущается динамичность и энергия — мандарин, груша, имбирь и бергамот сладко переплетаются, создавая невероятно вкусный аккорд, который пробуждает и вдохновляет. В сердце аромата расцветают цветы апельсина, согретые ароматом кедра, придавая этому аромату благородство и лад. Шлейфовые ноты серой амбры, мускуса и пачули оставляют ощущение элегантности и таинственности, будто лёгкий ветер гонит яхту вперёд к новым горизонтам. Azure Stone — это аромат для ценителей, для тех, кто стремится подчеркнуть своё невероятное чувство вкуса и стилевые предпочтения.  Azure Stone — это не просто аромат, это символ непостижимого удовольствия, заколдованный в каждой капле. С ним каждый день превращается в захватывающее путешествие по бескрайним океанам мечты и роскоши, где единственным ограничением является ваше воображение.;Нанесите небольшое количество аромата на активные точки на коже или одежду, при необходимости обновите в течение дня.
19000424747;MAISON DOUZE En Soi;духи;Франция;27590;23451;https://goldapple.ru/19000424747-en-soi;;Аромат Maison Douze En Soi для знака зодиака Рак — это нежное и многослойное путешествие, которое начинается с яркого и пряного вступления. Верхние ноты кардамона и черного перца создают интригующий контраст, наполняя пространство теплом и энергией.  На смену пряным акцентам приходит волшебство средних нот. Имбирный пряник и чернила добавляют загадочности и сладости, вызывая ассоциации с уютом домашнего очага и творческим вдохновением.  Базовые ноты ванили и бобов тонка завершают композицию, придавая ей мягкость и чувственность. «Ей всегда нравилось быть дома, в безопасности. Он может в любой момент увезти ее на море, подумала она. И благодарная улыбка озарила ее лицо.»Теплота, чувствительность, интуиция, эмоции.;Нанести на кожу, одежду и волосы (по желанию) для легкого аромата. Избегайте попадания в глаза.
19760331238;ZIELINSKI & ROZEN Oakmoss & Amber;духи;;7350;7350;https://goldapple.ru/19760331238-oakmoss-amber;;Я хочу, чтобы парфюм трогал до глубины души, говорил о личности и отражал ее уникальность. Эрез Розен  Замысловатая ольфакторная книга, сюжет которой раскрывается новыми гранями на каждом человеке. Необычные сочетания нот и оригинальное построение аккордов подчеркивают индивидуальность и раскрывают суть ярче любых слов.  Все ароматы Zielinski&Rozen категории унисекс.;Наносите парфюм по обе стороны плеч или распылите впереди себя и войдите в «облако» аромата.
19000426730;BORNTOSTANDOUT Black Guava;духи;Республика Корея;27900;26505;https://goldapple.ru/19000426730-black-guava;;Black guava воплощает вечную двойственность света и тьмы. Сладкая яркость гуавы, полной жизни и энергии, перекрывается дымной глубиной уда, захватывая притягательную тайну тени и тьмы. Тонкий баланс между двумя силами создает незабываемое. Аромат взрывается сочной яркостью гуавы, приправленной кардамоном и пикантным всплеском мандарина с Мадагаскара.  По мере раскрытия сердца цветочная элегантность розы и герани поглощается темным богатством уда, создавая потрясающий контраст сладкого и дымного.  В базе землистые пачули, дымчатый киприол и анималистичное очарование серой амбры формируют задумчивую смолистую основу. Вместе эти элементы создают аромат, который ощущается живым — пленительное взаимодействие сияния и тени.;Распыляйте с расстояния 20-25 см. Не наносите на одежду, не используйте при нахождении на солнце.
19000463936;BROCARD Tantra;духи;Россия;1780;1602;https://goldapple.ru/19000463936-tantra;;Начало яркое, подвижное: маракуйя, груша, нотки сладкой малины, оттененные листом черной смородины.  Сердце композиции раскрывается чистотой ландыша, а в шлейфе – прозрачность мускуса, пряность пачулей и сливочная сладость сандала и ванили.;Только для наружного применения. Распылять на кожу/волосы с расстояния 10-15 см.
19000463924;BROCARD Carte Commedia Dell Arte;духи;Россия;1780;1602;https://goldapple.ru/19000463924-carte-commedia-dell-arte;;В начале аромата — всплеск: свежесть бергамота и пудра розового перца, оттененный цветочной симфонией, где ноты пиона и жасмина сплетены с оттенками роз.  В финале — нежный шлейф из белого мускуса, подобный протяжному отголоску, витающему за кулисами после окончания спектакля.;Только для наружного применения. Распылять на кожу/волосы с расстояния 10-15 см.
99000076369;SOVA Кашемир;духи;;1100;1100;https://goldapple.ru/99000076369-kasemir;;Твердые духи – это альтернатива обычным духам, не содержат спирт, в компактной упаковке, что позволяет не расставаться с любимым ароматом. Их можно брать с собой и наносить по настроению, аромат будет с вами. Формула духов представляет из себя бальзам, их можно наносить на кончики волос, совместив уход за волосами и наслаждение любимым ароматом. Сатиновая текстура, не оставляет жирный блеск. Парфюмерная композиция объединила ноты черники, фрезии, дикого винограда, граната, а также цветочные ноты лилии, магнолии и фиалки.;Аромат раскроется  сильнее, если духи нанести на все пульсирующие точки и кончики волос.
99000090092;ПАРФЮМЕРИЯ XXI ВЕКА SOBRANIE №4;духи;;795;716;https://goldapple.ru/99000090092-sobranie-no4;;Чувственный и тонкий аромат #4 LILAC + PEONY подарит своему обладателю яркие, лучистые и ослепительные краски жизни на каждый день. Аромат вызывает ассоциации с рассветом в самом известном романтическом городе мира Париже, когда на небе только появляются нежные розовые тона, а в воздухе становятся слышны голоса птиц. Чарующий шлейф из нот амбры, белого ливанского кедра, зверобоя и сладкого мускуса подчеркивает изящность и очарование обладательницы этого притягательного аромата.;Распылить на расстоянии 10-20 см от тела.
19000387935;FILIPPO SORCINELLI NOTRE DAME NOTTE DI NATALE;духи;Италия;29900;28405;https://goldapple.ru/19000387935-notre-dame-notte-di-natale;;Аромат вдохновлен ящиками в ризнице собора Парижской Богоматери. Это ольфакторное воспоминание Филиппо о Париже и его посещениях ризницы собора. Ризничий занимается составлением постоянно меняющейся смеси благовоний в соответствии с многочисленными празднествами литургического года.;Распыляйте с расстояния 20-25 см. Не наносите на одежду, не используйте при нахождении на солнце.
19000451154;BLACK REFLEXION №13.19;духи;ОАЭ;673;572;https://goldapple.ru/19000451154-no13-19;;Принадлежит к группе цветочных фруктовых. Захватывающий и сладострастный аромат создан для женщины сильной и уверенной в себе, но при этом женственной, чувственной и всегда гламурной. Ей нравится быть окутанной ароматом с нежным вкусом ярких и сочных зёрен граната, ледяной свежести и сияющего юзу. Аромат спустя минуты перетекает в нежность цветов магнолии, пиона и лотоса, восхищая утончённостью амбры, акажу и мускуса.;Только для наружного применения.
19000206006;FRAGRANCE DU BOIS LOVERS;духи;Великобритания;40000;32000;https://goldapple.ru/19000206006-lovers;;Композиция Lovers открывается пламенными, страстными нотами экзотической маракуйи, освежающе терпким имбирем и сочной, спелой сливой. Когда страсть стихнет ольфакторная пирамида откроет свое трепетное сердце из нот пьянящего жасмина и чувственной болгарской розы с пряным оттенком шафрана. В шлейфе аромата древесно-землистые ноты, сложный, многогранный аккорд кашмерана в сочетании с древесно-дымным ветивером и шипрово-фужерным сандалом, сочетание создающее ощущение лесов, долин и кручи гор, к которым отсылает нас первое четверостишие произведения. Аромат Lovers вдохновлен искренней любовью тесно сплетающейся с красотой природы, любовью вдохновляющей, чувственной, животрепещущей, когда весь мир приобретает особенно яркие краски и все в нем вдохновляет и пробуждает желание видеть прекрасное в самых простых вещах... Момент, когда влюбленные преисполнены желанием любить и страстно обещают друг другу вечную любовь.;Только для наружного применения
99000040464;KUSHNAREVA PERFUME Patchouli №27;духи;;5500;5500;https://goldapple.ru/99000040464-patchouli-no27;;Терпкий, темпераментный, теплый унисекс-аромат на мускусной базе с обертоном мха и ветивера.  Все внимание здесь забирает на себя пачули, ставший душой и сердцем композиции.;
99000009568;NEO PARFUM La KORSA CARAMELLO;духи;;1075;699;https://goldapple.ru/99000009568-la-korsa-caramello;;La Korsa Caramello - сладкий, пудровый, карамельный аромат для женщин, который принадлежит к группе цветочные древесно-мускусные. Это новая, более насыщенная версия культового аромата Parfum La Korsa pour femme, построенная на элегантности и женственности оригинальной композиции. Изысканная карамель в верхних нотах переплетается с утонченными нотами розы и чувственным мускусным аккордом. В базе звучат теплые и обволакивающие ноты сандалового дерева.;Только для наружного применения.  Не распылять вблизи огня.  Беречь от детей.  Использовать изделие в пищевых целях опасно для жизни или здоровья.
99000081868;BY KAORI SINGAPORE, APRIL 2018;духи;;2190;2190;https://goldapple.ru/99000081868-singapore-april-2018;;Роскошный аромат сандала, уда и пачули. Бархатная, глубокая композиция с аккордами мускатного ореха и шафрана. Шум большого города и шелест листьев… Своё путешествие в Сингапуре вы точно не забудете - многовековая история этой страны сохранилась в каждом дереве! Небоскребы, выросшие посреди зеленого леса, и миллионы огней ночного мегаполиса завораживают: нотки уда и пачули символизирует статусность и роскошь этого места. Вы мгновенно ощущаете, что Сингапур - страна богатства и размеренной жизни. Дерзкие аккорды мускатного ореха, шафрана, дополненные вкраплениями мускуса и сандала погружают вас в яркий, ни с чем не сравнимый колорит Сингапура. Роскошь и люкс здесь сосуществуют с природной стихией, не споря с ней, а лишь подчеркивая многогранность. Едва уловимый аромат ладана успокаивает вас - вы наслаждаетесь теплым вечером на крыше небоскреба. Сингапур - это сложносочиненный древесный аромат статусности и благополучия.;Распыляйте парфюмерию на чистую увлажненную кожу, так композиция задержится на более продолжительное время. Также чистая кожа не источает посторонних запахов и не перебьет ноты духов. Рекомендуется нанести небольшое количество парфюмерной воды либо на одну или несколько точек - за мочкой уха, на запястья, на внутренний сгиб локтя, либо непосредственно распылить на волосы или на одежду.
19000281747;FILIPPO SORCINELLI scusami;духи;Италия;24900;23655;https://goldapple.ru/19000281747-scusami;;scusami - это форма забвения, состоящая из букета, реконструирующего память, освобождающего нас от прошлого, которое не хочет уходить. Но только через это мы можем с ним проститься и сознательно проецировать себя в будущее.  Это цветы прошлого, которые пронзают и теряются в самом скромном, густом и истинном прощении. Материальный флакон вызывает ощущение эмоционального путешествия, сочетающегося с трудностями и жертвами.  Своим оттенком хамелеона он хочет указать на необходимое изменение, которое завершается полнотой его содержания.;Распыляйте с расстояния 20-25 см. Не наносите на одежду, не используйте при нахождении на солнце.
19000424754;MAISON DOUZE Longueur d’Onde;духи;Франция;27590;23451;https://goldapple.ru/19000424754-longueur-d-onde;;Maison Douze Longueur d’Onde Aquarius для знака зодиака Водолей — это аромат, который погружает в мир свежести и загадки, сочетая яркие цитрусовые акценты с глубокими древесными и пряными аккордами.  На старте композиции искрящийся юзу и горький апельсин.  В сердце аромата раскрываются нежный пион и сладкий перец.  Завершают композицию роскошный белый мускус и пачули, оставляя за собой тонкий шлейф, который окутывает своего обладателя нежностью и элегантностью. «Он вышел на балкон, достал сигарету и поджёг спичку. Разразилась буря. Он задумался о своей следующей роли и на короткое время забыл, кто он такой. Взаимодействие, дружба, инновации, интеллект.;Нанести на кожу, одежду и волосы (по желанию) для легкого аромата. Избегайте попадания в глаза.
19000201886;PANTHEON ROMA NOTTE D'AMORE;духи;Италия;17500;14875;https://goldapple.ru/19000201886-notte-d-amore;;В аромате звучат зеленые ноты и далекие оттенки цитрусовых. Только прелюдия к тому, что приходит вскоре после этого: миксгениального уда и амбры, которые почти сливаются с запахомкожи. Чтобы рассказать страсть, которая потребляетсязатем разрежать к небу и в воздухе. Свежие ноты и страстные одновременно, а может и одно за другим.;Наносить на неповрежденные участки кожи, волос и одежду
19000424750;MAISON DOUZE Accord Tacite;духи;Франция;27590;23451;https://goldapple.ru/19000424750-accord-tacite;;Аромат Maison Douze Accord Tacite, созданный для знака Весы, с самого первого вдоха окутывает искристой свежестью верхних нот шампанского и амбретты.  В сердце аромата раскрываются изысканные ноты дамасской розы и фиалки, наполняя его романтичной элегантностью и мягкостью.  В базовых нотах ветивер и светлое дерево создают прочный и теплый фон. «Сегодня он веселился весь вечер. Прогуливаясь по пустынным улицам города, он чувствовал легкость с нотами меланхолии.»Гармония, баланс, обаяние и дипломатичность.;Нанести на кожу, одежду и волосы (по желанию) для легкого аромата. Избегайте попадания в глаза.
99000054844;BLACK HEART Slow Motion;духи;;9600;9600;https://goldapple.ru/99000054844-slow-motion;;Дерзкий и страстный аромат, отражающий всю бурю эмоций, которую пробуждает в нас пылкая и ревностная любовь. Сначала он громко заявит о силе чувств острым ароматом шипучей колы, покажет свой характер в бурной сцене ревности нотами горячей пряной корицы, а потом укутает в крепкое, но нежное объятие хвойно-древесных нот.;Нанесите небольшое количество парфюма на чистую кожу. Лучше всего распылять парфюм на точки пульсации: запястья, за ушами, на шее, сгиб локтя или колена.
19000424756;MAISON DOUZE FEU Magicien;духи;Франция;27590;23451;https://goldapple.ru/19000424756-feu-magicien;;Во власти стихии огня FEU Magician покоряет своим бодрящим сочетанием. Ноты амбры, уд и шафрана создают поистине огненную симфонию. Этот яркий аромат оставляет за собой магнетический шлейф, напоминающий гипнотический танец пламени. «Внезапно она бросила в огонь все: свои талисманы, фотографии и сувениры. Наконец-то она смогла переродиться.»Страсть, жизненная сила, смелость и стремление к приключениям.;Нанести на кожу, одежду и волосы (по желанию) для легкого аромата. Избегайте попадания в глаза.
99000034366;BOIS 1920 SANDALVIA PARFUM;духи;;32315;32315;https://goldapple.ru/99000034366-sandalvia-parfum;;Живописная Италия с ее мягким солнечным климатом и невероятными средиземноморскими пейзажами всегда вдохновляла творцов на создание шедевров. Для Bois 1920 источником вдохновения стал растительный мир полуострова, компоненты которого легли в основу создания парфюмерной коллекции Giardinomirabile Collection. Мягкий, обволакивающий, безмятежный Sandalvia построен на сочетании двух главных компонентов - мускатного шалфея и сандала.;Распылите с расстояния 20–25 см, избегая попадания на одежду.
19000177525;PLANETA ORGANICA Zanzibar Sunset;духи;Россия;2170;1410;https://goldapple.ru/19000177525-zanzibar-sunset;;Planeta Organica совместно с французскими парфюмерами создали коллекцию, вдохновленную фантазиями и впечатлениями о дальних странах. Выбирайте свой аромат захватывающего путешествия!  Аромат: цветочный, фруктовый, пудровый, древесно-мускусный.;
99000088550;SYNONYME ATELIER MODERNE;духи;;1990;1214;https://goldapple.ru/99000088550-atelier-moderne;;ATELIER MODERNE - это синоним изысĸанности и утончённого вĸуса. Тонĸая материя аромата сотĸана атмосферой росĸоши. Дорогие тĸани, лаĸированное дерево ценных пород, пропитанное мягĸой пряностью специй. В воздухе ноты бархатного ветивера, сандала и ванильно-пудровые оттенĸи.;Аромат можно наносить на волосы, кожу, одежду.
19000233250;MIHAN AROMATICS Munlark Ash;духи;Австралия;23760;20196;https://goldapple.ru/19000233250-munlark-ash;;Глубокие корни в безмятежной земле. Симфония скрипа деревьев  и журчания воды. Шелест хвои под ногами. Бальзам, настоянный  на густой синеве кипариса. Целительный глоток рассветного воздуха. Вечнозеленые растения, хранящие тишину первых утренних лучей. Цветущие деревья-старожилы —  и их аромат как щедрый дар  во имя новой жизни.;Нанести на пульсирующие точки.
99000045015;LA LETTRE SINTRA;духи;;2850;2850;https://goldapple.ru/99000045015-sintra;;Аромат, вдохновлённый городом Синтра в Португалии, словно переносит вас в золотые сумерки, когда свет окутывает старинные дворцы, а время становится мягким и тянется медленно. Начинается он с лёгкой, почти игривой ноты вишни — её сладость словно прогревает воздух, постепенно утопая в более глубоких и интимных аккордах. Роза и ландыш переплетаются в этом аромате, создавая ощущение утончённой красоты, как цветы, растущие в садах Синтры, скрытые от чужих глаз. Миндаль добавляет бархатистую, почти теплоту, обогащённую ванилью, которая приносит уют и мягкость, как вечерняя прохлада. Сандал и мох создают землю, на которой стоит город — глубокой, тихой и вечной. Бобы тонка вносят сладкие, слегка пряные акценты, а мускус с амброй заключают композицию в тёплый, пудровый след, оставляя ощущение близости и скрытого волшебства. Этот аромат — как вечер в Синтре, когда свет уходит, но волшебство города остаётся с тобой.;Наносите духи на пульсирующие точки: запястья, шею и область за ушами.
19000344527;TIZIANA TERENZI Tyrenum;духи;Италия;25000;21250;https://goldapple.ru/19000344527-tyrenum;;Аромат Tyrenum вдохновлен знаменитым городом в Апулии, ныне известным как Трани, когда-то известным как Тиренум. Поиски Паоло и Тицианы в поисках запаха соли продолжаются, они прибыли в прекрасную Апулию, чтобы исследовать местную морскую соль и ее обонятельные свойства. Связь аромата Tyrenum с морем сильна – он слышится словно чудесный интенсивный бриз, приносящий запах соли и розовато-белых известняковых камней из туфа, из которого сделаны все дома города и которые отражаются в синеве Адриатики. Tyrenum открывается искрящимся цитрусовым букетом из бергамота и апельсина, окруженным восторженным звучанием османтуса, зеленого чая и карамели. Этот волнующий баланс свежих и сладких нот покоится на нотах сердца аромата, где дует мощный морской бриз, несущий аромат йода и Адриатической соли, приправленный остротой перца и пряным кардамоном. В шлейфе ощущаются ноты оливкового дерева и пачули, смешанные с мускусом и амброй, подкрепленные энергией камня Трани и нежностью ягод ванили.;Средство предназначено для наружного применения с целью придания приятного аромата. Нанести аромат на кожу.
19000201885;PANTHEON ROMA IL GIARDINO;духи;Италия;17500;14875;https://goldapple.ru/19000201885-il-giardino;;Это обонятельное фото места, сада Трастевере, тайного места встречи Рафаэля и Маргариты. Мокрые стены и плющ, старое плодовое дерево, вдалеке цветочный букет и разреженный запах горелых дров из печи. Аромат с зелено-мускусным характером, в котором ноты ветивера смешиваются с нотами дерева, окутанного плющом, с кожаной основой. Легкий фруктовый оттенок говорит о старом грушевом дереве, а затем тот далекий цветочный букет, возможно, исчез навсегда.;Наносить на неповрежденные участки кожи, волос и одежду
99000081847;BY KAORI MALAYSIA, JANUARY 2019;духи;;2190;2190;https://goldapple.ru/99000081847-malaysia-january-2019;;Гармоничное сочетание дубового мха, можжевельника и высушенной древесины - дерзкий аромат зелёных джунглей и колоритной Малайзии. Малайзия - настоящая палитра сочных зеленых цветов. Первое, что вы замечаете это многообразие культур и оттенков. Гуляя, вы чувствуете, как вас наполняет гармония и умиротворение. Вы решаете отправиться в путешествие по Джорджтауну, где каждый квартал хранит свои традиции. Чтобы проникнуться духом этого места, вам придется стать исследователем и заглянуть в каждый уголок: где-то вы слышите нотки дубового мха, фасад другого дома скрывает за собой аккорды душистого можжевельника, а открывая маленькую, скрытую от глаз дверку, вы чувствуете душистую ель. Заглянув в местную сувенирную лавочку, вы вдыхаете аромат древней высушенной древесины и олибанума. Продолжение приключения - ваш поход в тропический, не тронутый человеком лес. Здесь вы находите финальный аккорд - ветивер. Малайзия - это невероятное, зеленое, растительное сочетание, дополненное статусным звучанием дерева.;Распыляйте парфюмерию на чистую увлажненную кожу, так композиция задержится на более продолжительное время. Также чистая кожа не источает посторонних запахов и не перебьет ноты духов. Рекомендуется нанести небольшое количество парфюмерной воды либо на одну или несколько точек - за мочкой уха, на запястья, на внутренний сгиб локтя, либо непосредственно распылить на волосы или на одежду.
99000054811;BLACK HEART Hesoyam Matters;духи;;9600;8160;https://goldapple.ru/99000054811-hesoyam-matters;;Гипнотический и притягивающий парфюм, созданный на контрастном созвучии горьковатых нот грейпфрута и сладкого аромата спелых сицилийских мандаринов.Как переливы изумрудной кожи змеи, он играет на вас разными оттенками, а затем обретает более утончённое и элегантное звучание за счёт базовых нот мускуса и ладана, которые оставляют за собой лёгкий и ненавязчивый шлейф.;Нанесите небольшое количество парфюма на чистую кожу. Лучше всего распылять парфюм на точки пульсации: запястья, за ушами, на шее, сгиб локтя или колена.
19000362511;ZIELINSKI & ROZEN Dark Fig;духи;Россия;7350;7350;https://goldapple.ru/19000362511-dark-fig;;Аромат категории унисекс. Долго сохраняется на коже, оставляя легкий шлейф. Раскрываются по системе пирамиды, сначала ноты головы, затем - ноты сердца и, наконец, базовые ноты, которые сохраняются дольше всего.;Распылять на кожу с расстояния 30 см. Для усиления стойкости аромата наносить на разогретое или влажное тело.
90151200001;ZIELINSKI & ROZEN Amber, Patchouli;духи;;7350;7350;https://goldapple.ru/90151200001-moss;;Я хочу, чтобы парфюм трогал до глубины души, говорил о личности и отражал ее уникальность. Эрез Розен  Замысловатая ольфакторная книга, сюжет которой раскрывается новыми гранями на каждом человеке. Необычные сочетания нот и оригинальное построение аккордов подчеркивают индивидуальность и раскрывают суть ярче любых слов.  Все ароматы Zielinski&Rozen категории унисекс. Ароматы продукции Zielinski&Rozen изменили свое наименование без изменения состава.;Наносите парфюм по обе стороны плеч или распылите впереди себя и войдите в «облако» аромата.
19000423689;ZIELINSKI & ROZEN Vetiver, Elemi, Patchouli;духи;Израиль;2690;2690;https://goldapple.ru/19000423689-vetiver-elemi-patchouli;;Аромат категории унисекс. Долго сохраняется на коже, оставляя легкий шлейф.;Распылять на кожу с расстояния 30 см. Для усиления стойкости аромата наносить на разогретое или влажное тело.
99000045016;LA LETTRE kaş;духи;;2850;2850;https://goldapple.ru/99000045016-kas;;Аромат, вдохновлённый турецким городом Каш, словно передает магию заката, когда солнце прячется за горами, окрасив море в оттенки розового и фиолетового. В воздухе витает лёгкая свежесть бергамота, придавая аромату утреннюю свежесть и ясность. Эта цитрусовая нотка нежно переплетается с сочным персиком, его мягкая фруктовая сладость тает на языке, напоминая о жарком тропическом солнце. Скоро пространство наполняется сочными, экзотическими оттенками. Ноты розы, магнолии и жасмина, как аромат цветущих садов, словно олицетворяют красоту этого города, где горы встречаются с морем. В сердце аромата начинают распускаться пряные ноты, мягко переходящие в гурманский аккорд, создавая атмосферу уютных кафе на веранде, где слышится тихая музыка и плещется вода. В базе аромата звучат пачули, ваниль и ветивер, придавая композиции землистую глубину и тёплый, стойкий след. Мускус и амбра завершают аромат, создавая ощущение расслабленности и вечного лета в атмосфере этого уединённого турецкого города.;Наносите духи на пульсирующие точки: запястья, шею и область за ушами.
19000424759;MAISON DOUZE EAU Mystique;духи;Франция;27590;23451;https://goldapple.ru/19000424759-eau-mystique;;EAU Mystique - чарующий аромат, сочетающий в себе свежесть сочного персика, бессмертника и мирры, создающие парфюмерную композицию, напоминающую о тайных течениях океана.«Луна в Дубае пряталась за водной вуалью. Она лежала в воде, тысяча и одна жизнь проносились перед ней в фиолетовом небе.» Интуиция, чувствительность, текучесть и глубина.;Нанести на кожу, одежду и волосы (по желанию) для легкого аромата. Избегайте попадания в глаза.
99000054833;BLACK HEART Kali Zen;духи;;2400;2160;https://goldapple.ru/99000054833-kali-zen;;Яркий и насыщенный парфюм, который пробудит ароматные воспоминания о феерии красок, благоуханий и вкусов восточных рынков.Он встретит вас буйством пряных специй, затем окутает свежим шлейфом спелых цитрусов и оставит за собой пьянящую дымку сладкого табака и свежесорванных листьев конопли.;Нанесите небольшое количество парфюма на чистую кожу. Лучше всего распылять парфюм на точки пульсации: запястья, за ушами, на шее, сгиб локтя или колена.
19000381054;EQUIVALENT G 014;духи;ОАЭ;1690;1521;https://goldapple.ru/19000381054-g-014;;Самым правильным решением было бы отнести G014 к гурманской группе ароматов - в одну линию с известными линейками Dolce&Gabbana и Chanel.  Построенный на базе кремового сандала, энергичного веяния мускуса и яркого, необычного зефира, аромат берет высокие аккорды благодаря пульсу цветового наполнения - глубокий жасмин контрастирует недосягаемой свежестью апельсина. Верхушку вечной горы, опирающейся на гармонию и классические пропорции, венчает терпкий зеленый апельсин, удивительно играющий с оттенками малины и нероли.  Такой аромат ведет соблазнительный мотив, оттеняя его роскошью, что придает обладательнице удивительную игривость, вместе с этим подчеркивая внутреннюю гармонию.;Для полноценного раскрытия, духи наносятся на пульсирующие участки кожи, вблизи сосудов, которые будут постоянно его подогревать - на шею за ушами, под колено, на запястье, локтевые сгибы, волосы.
19000424745;MAISON DOUZE De Vive Voix;духи;Франция;27590;23451;https://goldapple.ru/19000424745-de-vive-voix;;Аромат Maison Douze De Vive Voix для знака зодиака Телец — это истинное воплощение чувственности и утонченности, которое с первых нот окутывает своим богатством и теплом.  Верхние ноты амаретто и черной смородины создают сладкое и манящее начало.  По мере раскрытия аромата, средние ноты кожи и миндаля придают композиции глубину и элегантность. Кожа символизирует силу и уверенность, в то время как миндаль добавляет нотки мягкости и уюта.  Завершает это волшебное путешествие базовый аккорд из вирджинского кедра и мирры. «Она позаботилась о том, чтобы они удобно расположились на ее старом кожаном диване, который хранил воспоминания былого веселья.» Стабильность, терпение, глубокая связь с природой и материальным миром.;Нанести на кожу, одежду и волосы (по желанию) для легкого аромата. Избегайте попадания в глаза.
19000120777;OLFACTIVE STUDIO Chypre Shot;духи;;9500;9025;https://goldapple.ru/19000120777-chypre-shot;;Chypre Shot даёт жизнь аккорду шипра, с обволакивающим и загадочным характером. На ложе из мха на горе Таранаки круг из вулканической гальки, зелёный ландшафт и туман. Темный и оригинальный, Chypre Shot это аккорд шипра с сильным и своеобразным характером. Дубовый мох и пачули в сопровождении пиона, чёрного перца и кофе.;по мере необходимости
19000059076;OJAR  Bois Monochrome Absolute;духи;;25630;10252;https://goldapple.ru/19000059076-bois-monochrome-absolute;;Монохромное дерево.  Чистокровный сандал, посвящение легендарному майсурскому сандалу. Абсолю – это концентрированный экстракт драгоценных натуральных компонентов. Достаточно всего нескольких капель, чтобы аромат держался в течение всего дня. Абсолю можно наносить разными способами с помощью инновационной двойной крышки, в которую встроены стеклянный аппликатор и ролик. Чтобы использовать ролик, открутите верхнюю часть крышки. Переверните флакон и круговыми движениями нанесите тонкий слой аромата. Для более насыщенного эффекта открутите нижнюю часть крышки и нанесите масло с помощью стеклянного аппликатора.;
19000344545;VCANTO Agape;духи;Италия;38010;30408;https://goldapple.ru/19000344545-agape;;Со времен эллинской культуры люди стремились постичь любовь во всей ее бесконечной глубине и поэтому давали ей различные определения, каждое из которых отражало стремление к точному описанию каждой грани этого чувства. Общепринятое значение слова «любовь» в греческой философии выражается понятием «эрос» - плотская любовь. Но существует и противоположное понятие «филия», описывающее дружескую и братскую.   Другой основополагающий элемент любви - «агапэ» (agape).  Чувство более сложное и неуловимое, бесплотное и неосязаемое, но не менее сильное и властное. С античных времен известно описание трансцендентной любви, которая может проявляться в деятельности, близкой нашему сердцу - это бескорыстная любовь, далекая от всякого эгоизма, которая, однако, резко отличается от простой привязанности. Чистота небесной любви заключена в божественном парфюмерном творении Agape. Аромат открывается искрящимся головным аккордом, который поражает инновационным балансом между цитрусовыми и шоколадными нотами. Здесь сицилийский апельсин перекликается с бергамотом из Калабрии, в контрапункте со сладостью итальянского шоколада.   Головной аккорд окутывает, подобно крепкому объятию, сердечный аккорд, в котором драгоценные природные молекулы искусно смешиваются в неподражаемый небесный хор новаторского звучания. Здесь величественно звучат бобы тонка из Бразилии и ваниль «бурбон» с Мадагаскара, подслащенные карамелизованным кубинским тростниковым сахаром, подчеркнутые оригинальными нюансами пенсильванской робинии и индийских красных пачулей. Базовый аккорд словно покоится на колоннах из мощных и царственных древесных пород: драгоценный индийский сандал сливается с редчайшей нотой мха векового тосканского дуба. Эти ноты подчеркиваются властным звучанием ливанского кедра и ладана, переплетаясь с возбуждающей силой серой амбры. Agape воспевает чистую и бескорыстную любовь. Небесное чувство, перенесенное на землю в капле духов бренда Tiziana Terenzi специально для тех, кто умеет любить, не требуя ничего взамен, кто с радостью отдает больше, чем получает.  Это творение посвящается избранным душам, живущим в гармонии со вселенной.;Средство предназначено для наружного применения с целью придания приятного аромата. Нанести аромат на кожу.
19000285707;ORMONDE JAYNE Osmanthus;духи;Великобритания;41340;24804;https://goldapple.ru/19000285707-osmanthus;;Фруктово-цветочный букет из Японии и Китая. Шедевр, поднимающий настроение, как свежий весенний день. Прекрасно составленный цветочный букет  с абсолю японского османтуса в центре  украшен золотистыми цитрусовыми нотами. Ароматическая композиция базируется на египетских и индийских душистых травах, при этом она интенсивная и лаконичная.;Духи следует наносить в небольшом количестве, близко к коже (1-2 см), на тепловые точки: под коленями, область живота, запястья, сгибы локтей, район солнечного сплетения, точки за ушами, основание шеи со стороны спины, затылок. Как правило на одну точку достаточно несколько капель. Растирать духи не рекомендуется, так как это может нарушить правильный процесс раскрытия композиции. Для повышения стойкости рекомендуем наносить на хорошо увлажненную кожу, комбинируя с кремом, молочком или маслом для тела.
19000344551;VCANTO Lucrethia;духи;Италия;24000;20400;https://goldapple.ru/19000344551-lucrethia;;Лукреции Борджиа - красивая, утонченная, благородная женщина… и поистине смертоносная, как и аромат, названный в ее честь.  Духи Lucrethia, задуманные как таинственное смертоносное зелье для истинной femme fatale, притягивают и завораживают.  Драгоценные цветы с гипнотическим ароматом, настолько деликатные и экзотические, что создают атмосферу очарования и тайны, вместе с тем безжалостно смертоносные и опасные.  Они открываются соблазнительным аккордом начальных нот, сладкой гармонией сочной груши и цветов лайма с контрапунктом розового перца и горького апельсина. Опьяняющая сила цветов арабского жасмина и мощные ноты дикого жасмина уже подготовили ловушку для Вашего сердца, которой невозможно избежать. Волшебные ноты кофе и какао в шлейфе, изысканно сдобренные пряностями во главе с редкой гвоздикой из Занзибара и подкрепленные смесью экзотических пород дерева, пачулей и кедра, переплетаются с заманчивыми сладкими смолами бензоина из Суматры и ванили из Мадагаскара.;Средство предназначено для наружного применения с целью придания приятного аромата. Нанести аромат на кожу.
19000246357;ROSENDO MATEU Sweet Rose;духи;Испания;34840;26130;https://goldapple.ru/19000246357-sweet-rose;;Роскошная композиция, представляющая собой экзотическое сочетание трёх видов розы: арабской, болгарской и турецкой. Страстный, яркий и чувственный аромат, сочетающий в себе потрясающую глубину и многообразие самых разных аккордов и нот. Слияние трех сортов роз — арабской, болгарской и турецкой. Воплощение изысканности и элегантности. Символ любви и страсти.;Нанести на пульсирующие точки.
99000090095;ПАРФЮМЕРИЯ XXI ВЕКА SOBRANIE №10;духи;;795;716;https://goldapple.ru/99000090095-sobranie-no10;;Нам было важно создать уникальный продукт высокой парфюмерии. Каждая новая формула не просто аромат, а настоящее произведение искусства, #10 FLEUR D’ORANGE дарит упоительные ноты ветивера. Уникальный, блистающий аромат африканской календулы, марокканского кедра, нероли. Нотки фиалки, жасмина, мускуса, черной амбры, лимона, цикламена также вошли в состав этого богемного аромата. Роскошный и страстный.;Распылить на расстоянии 10-20 см от тела.
99000088560;SYNONYME GOODBYE DARKNESS;духи;;1990;1154;https://goldapple.ru/99000088560-goodbye-darkness;;GOODBYE DARKNESS - это синоним искушения. Его время наступает, когда солнце уходит за горизонт, а вечерние огни наполняются предвкушением встреч и легких касаний. Ваше присутствие нежное и пленительное. Постепенно проникая в ткань ночи, мысли о Вас наполняют пространство жаждой, но не утоляют её.;Аромат можно наносить на волосы, кожу, одежду.
19000400041;COMPTOIR SUD PACIFIQUE Avant Garde;духи;Франция;15500;8525;https://goldapple.ru/19000400041-avant-garde;;В очаровательной парфюмерной вселенной Comptoir Sud Pacifique, аромат Avant-Garde предстает как смелая дань тайнам чувств. Рассвет нежно поднимается над тайным садом, спрятанным в долинах далекого экзотического острова.  Первые лучи солнца ласкают нежные лепестки цветка ванили, которые сияют интенсивным, чистым и сияюще-белым цветом. Пленительный аромат этого цветка поднимается в воздух, создавая симфонию мягкости и тепла.  Каждый вдох этого цветочного аромата ванили погружает в состояние умиротворения, пробуждая воспоминания о более простых временах.  Этот уникальный аромат сочетает в себе чарующую сладость ванили, дымчатую теплоту табака и крепость амбры, приглашая в незабываемое чувственное путешествие по далеким и чарующим землям.  Мягкость ванили сочетается с харизматичной силой светлого табака, раскрывая авангардную душу аромата. Табак не уступает по мощности своего аромата. Он привносит неожиданную роскошь, насыщенность темного и глубокого аккорда, который придает композиции уникальный характер.;Только для наружного применения.
19000375029;PARFUMS DE MARLY Valaya Exclusif;духи;Франция;49500;42075;https://goldapple.ru/19000375029-valaya-exclusif;;"Valaya Exclusif — это симфония вечной элегантности и чувственности. Воплощение изысканности, утонченности и непринужденного очарования; все одновременно.  Этот идеальный баланс между белым матовым флаконом и соблазнительным сочетанием обволакивающего бархатистого миндаля и сливочно-белой древесины, с прозрачным ароматов цветов. Бархатистая мягкость обволакивает кожу, раскрывая чистоту и чувственность, контрастирует с соблазнительным теплом.";
99000054841;BLACK HEART Golden Pepper;духи;;9600;8160;https://goldapple.ru/99000054841-golden-pepper;;Гордый аристократический парфюм с ярким восточным характером. Ноты жгучего чёрного перца в обрамлении соблазнительной амбры и освежающих аккордов нероли пробудят запретные желания вашего сердца и проявят заложенную в вас магнетическую притягательность.;Нанесите небольшое количество парфюма на чистую кожу. Лучше всего распылять парфюм на точки пульсации: запястья, за ушами, на шее, сгиб локтя или колена.
99000034337;BOIS 1920 FRAMMENTI PARFUM;духи;;41400;41400;https://goldapple.ru/99000034337-frammenti-parfum;;Яркая парфюмерная композиция из зеленого ревеня, сладкой черной смородины, изящных цветов, с карамелью и смолами создана зпечатлевать лучшие фрагменты жизни красивыми и радостными.;Распылите с расстояния 20–25 см, избегая попадания на одежду.
19000399941;PANDORA #18;духи;Россия;1850;1295;https://goldapple.ru/19000399941-18;;Стартует композиция с интригующих нот миндаля и ликера. В “сердце” аромата ведущую роль играет нота вишни, которая создает образ чувственной и утонченной женщины. Центральная нота раскрывается на фоне аккорда из царственной розы, пьянящего жасмина и благородной ноты сливы.  В шлейфе пудровость бобов тонка сочетается со сладостью ванили, а древесный аккорд из белого кедра, ветивера и сандала подчеркивается горьковатыми пачули, пряной корицей и смолистостью бензоина.;Для наружного применения.
99000090093;ПАРФЮМЕРИЯ XXI ВЕКА SOBRANIE №5;духи;;795;716;https://goldapple.ru/99000090093-sobranie-no5;;Звучание аромата #5 PEONY + OSMANTHUS раскрывается с сочетания нот зеленой сирени и листьев сицилийского лимона. Воздушные цветочные ноты красного пиона, листьев зеленого чая, китайского османтуса, цветков глицинии и персика в сердце аромата создают сияние нежности и сладострастия. Чарующий шлейф из нот пачули, сандала и сладкой ванили подчеркивает изящность и очарование обладательницы этого притягательного аромата.;Распылить на расстоянии 10-20 см от тела.
19000450749;UNE NUIT NOMADE Silver saffron;духи;Франция;27900;26505;https://goldapple.ru/19000450749-silver-saffron;;Silver saffron — словно теплое дыхание. Смелое фруктовое сочетание личи и малины, раскрывающее всю силу пряных и кожаных граней шафрана и ириса, а также дымную интенсивность папируса.;Распыляйте с расстояния 20-25 см. Не наносите на одежду, не используйте при нахождении на солнце.
99000032734;DIVINA TERRA Ci Vediamo;духи;;24600;24600;https://goldapple.ru/99000032734-ci-vediamo;;Давайте встречаться чаще. Ci vediamo (до встречи) - изящная симфония чувств, преодолевающих расстояние, которые укрепляют узы и наполняют желанием встретиться вопреки всему.  Композиция открывается утонченными и освежающими аккордами итальянской лаванды и тимьяна, которые сочетаются с цитрусовыми нотами сицилийского грейпфрута, гималайского османтуса и тосканского лайма. В сердце аромата индийский жасмин самбак и южноафриканская фрезия сливаются в богатый и чувственный цветочный букет с тосканской магнолией и греческим опопонаксом, который смягчается нежностью белого мускуса и подчеркивается глубоким и таинственным зовом мощной серой амбры. Шлейф аромата базируется на чрезвычайно сложной и хорошо структурированной основе, способной придать аромату исключительную стойкость и неотразимую гипнотическую силу.;Нанесите на кожу, избегая попадания в глаза.
19000381065;EQUIVALENT G 041;духи;ОАЭ;1690;1352;https://goldapple.ru/19000381065-g-041;;G041 - люксовый, классический, манящий - неповторимый и незабываемый. Шлейфовый, комплиментарный и оказывающий гипнотическое и манящее воздействие на мужской пол.  Идеальное сочетание сладкого пралине и бобов тонка с цветочными аккордами.  Праздник женственности!;Для полноценного раскрытия, духи наносятся на пульсирующие участки кожи, вблизи сосудов, которые будут постоянно его подогревать - на шею за ушами, под колено, на запястье, локтевые сгибы, волосы.
19000380100;ORMONDE JAYNE Nawab of Oudh Intensivo;духи;Великобритания;52260;31356;https://goldapple.ru/19000380100-nawab-of-oudh-intensivo;;"Уд – провинция в Центральной Индии. Наваб – так в средние века называли правителя провинции. Вдохновением для аромата ""Наваб Уда"" - магической смеси амбры и розы с мягкой удовой гранью, послужила роскошь княжеского двора прежних правителей одной из самых богатых стран Индии.  Эта композиция опровергает традиционные парфюмерные каноны, обжигает пульсирующими страстными аккордами, погружает в романтичную и мечтательную негу, прославляет пышную красоту.  Ароматное полотно достойное быть украшением княжеского двора, драгоценная вуаль, скрывающая экстравагантную суть за тонкими нитями эмоций.";Духи следует наносить в небольшом количестве, близко к коже (1-2 см), на тепловые точки: под коленями, область живота, запястья, сгибы локтей, район солнечного сплетения, точки за ушами, основание шеи со стороны спины, затылок.  Как правило на одну точку достаточно несколько капель. Растирать духи не рекомендуется, так как это может нарушить правильный процесс раскрытия композиции. Для повышения стойкости рекомендуем наносить на хорошо увлажненную кожу, комбинируя с кремом, молочком или маслом для тела.
19000239644;ALAN BRAY Maison Terre du Oud;духи;Россия;6500;3900;https://goldapple.ru/19000239644-maison-terre-du-oud;;Источником вдохновения для создания аромата Terre du Oud стала легенда о сакральном дереве уд проникающая в самые глубины истории, связывая его с духовными и мистическими практиками. Terre du Oud - это восточно-пряный аромат, который переносит нас в мир таинственных восточных ароматов и загадочности. Он открывается нотами восточного шафрана и сливы и герани , плавно перетекая в сердце из дорогой кожи и кедра. А дурманящий шлейф удового дерева обволакивает и наполняет мудрым, степенным спокойствием. Terre du Oud - аромат, как искусство, созданное под влиянием вековых традиций и легенд осакральном дереве.;Нанести на шею, запястье, локтевые сгибы.
19000120775;OLFACTIVE STUDIO Rose Shot;духи;;9900;9405;https://goldapple.ru/19000120775-rose-shot;;Одновременно свежий и обволакивающий, Rose Shot восхваляет королеву цветов, используя эссенцию турецкой розы. Розовый перец, бергамот и элеми открывают композицию, окружённые лактонами белых цветов. И в то время как роза раскрывает все свои грани, появляется  гваяковое дерево, поддерживаемое атласским кедром и мхами.;по мере необходимости
19000377072;BRUNELLO CUCINELLI BREZZA GENTILE;духи;Италия;32500;32500;https://goldapple.ru/19000377072-brezza-gentile;;Аромат BRUNELLO CUCINELLI из коллекции, отражающей эмоциональную силу поэзии, посвящен сонету Франческо Петрарки «L’aura serena che fra verdi fronde» («Безмятежный ветер среди зеленых листьев»). Композиция, созданная парфюмером Дафной Бюже, с помощью свежей, наполняющей энергией ноты померанца приглашает к вдумчивым размышлениям и самопознанию. Элеми придает сердцу аромата пряные и таинственные грани, усиливая сладкий и обволакивающий аккорд амбры. Пачули с их землистыми акцентами увлекают в чувственное путешествие и погружают в интригующий опыт созерцания.;только для наружного применения.
19000368804;HOUSE OF SILLAGE Emerald Reign Signature;духи;Франция;39970;29977;https://goldapple.ru/19000368804-emerald-reign-signature;;Вдохновением для аромата послужил белый сибирский королевский тигр, являющийся воплощением силы, величия и спокойствия.  Истинная сила и настоящая власть всегда сочетаются с мудростью, уверенностью и внутренней гармонией.  Парфюмеры, соединив глубокие пряные ноты специй: мускатного ореха и кориандра, теплоту и мягкость нот сандалового дерева, травянистого аромата фиалковых листьев, глубину древесно-землистых пачулей и сладко бальзамических нот бензоина, создали аромат, подчеркивающий уникальность своей обладательницы, её чувственность, независимость, шарм и внутреннюю силу.;Духи можно наносить на запястье, за мочку уха, на сгиб локтя, на шею в районе межключичной впадины и под колено.
26180600016;12 PARFUMEURS FRANCAIS FAMILLE ROYALE Le Bon Roi;духи;Франция;31000;26350;https://goldapple.ru/26180600016-famille-royale-le-bon-roi;;Духи 12 Parfumeurs Francais Famille Royale Le Bon Roi созданы для уверенных в себе мужчин и очаровательных женщин.  Чувственная композиция духов раскрывается лимонными нотками и свежестью эвкалипта, тесно переплетающимися с бергамотом.  В сердце Famille Royale Le Bon Roi звучит аккорд изысканных белых цветов, а финал 12 Parfumeurs Francais завораживает изяществом ветивера с вкраплениями пряного мускуса и древесных нот.;Наносить на неповрежденные участки кожи, волос и одежду.
19000266089;PREPARFUMER Molecule Tobacco;духи;Франция;3990;2593;https://goldapple.ru/19000266089-molecule-tobacco;;Первая фаза раскрытия сочетает кислые капли мандарина, терпкость бергамота и колкий пикантный шафран. Фиолетовый ладан звучит медитативно и плавно, а кедровый спил придаёт солидность и шарм. Базовые ноты оставляют чувство тепла и комфорта на коже. Глянцевая амбра согревает кожу, а мускус привносит оттенок чувственности и интимности.;Только на чистую кожу. Наносите парфюм только на тело, не на одежду.  Наносить парфюм на несколько точек.  Никогда не растирайте парфюм, позвольте ароматным капелькам парфюмированной воды, самостоятельно впитаться в кожу, тогда пирамида останется целой и невредимой, соответственно раскроется в своей естественной последовательности.
19000365679;ASTROPHIL&STELLA SWEET PULP;духи;Италия;13900;13205;https://goldapple.ru/19000365679-sweet-pulp;;В вихре истории и мифов парфюм танцует между древними тайнами минойской цивилизации и наслаждением от средиземноморских фруктов. Вдохновленный пережитками далекого времени, его аромат вьется золотой нитью сквозь пальцы художника, собирающего фреску. В воздухе можно почувствовать суть великих эпох, запутанные лабиринты и тайны, о которых шепчет ветер.  Фруктовые ноты возвышаются, как колонны забытого храма, а сладкий аромат апельсина поднимается, как подношение богам. Нежная песня звучит в атмосфере, напоминая о любви и плодородии древнего Крита. Сплетенные шелковые нити составляют симфонию, которая находит отклик в душе. Исследуйте пышные сады Кносского дворца, где каждый шаг откликается в душе. Сладость спелого инжира сочетается с интенсивностью розы, а амбра и сандал раскрывают вековые тайны. Sweet Pulp – это приглашение окунуться в атмосферу далекого прошлого, открыть для себя красоту, скрытую среди легенд, двигаясь навстречу светлому будущему.;Распыляйте с расстояния 20-25 см. Не наносите на одежду, не используйте при нахождении на солнце.
19000242036;12 PARFUMEURS FRANCAIS MADAME ROYALE;духи;Франция;21000;14700;https://goldapple.ru/19000242036-madame-royale;;Духи 12 Parfumeurs Francais Madame Royale с благородным ароматом созданы специально для сильных и уверенных в себе женщин. Сладкая нероли в верхних нотках Madame Royale гармонично сменяется цитрусовой свежестью. Изысканные жасминовые оттенки в сердце духов перекликаются с благородным кедром, а обворожительный мускус и амбровый аккорд завершают композицию 12 Parfumeurs Francais, создавая особое настроение.;Наносить на неповрежденные участки кожи, волос и одежду.
19000172677;PANDORA PARFUM extra #15;духи;Россия;1395;976;https://goldapple.ru/19000172677-parfum-extra-15;;Pandora # 15 создан для женщин, идущих в ногу со временем, стремительных и активных. В нем есть вызов и сила, он манит и притягивает внимание.  Стартует парфюм с терпкости бергамота, легкой спелости персика и фруктовой свежести экзотического личи. “Сердце” композиции - это яркий цветочный букет, состоящий из деликатного оттенка цветов апельсина, нежного пиона и душистого жасмина.  К базовым нотам аромат изменяет свой характер и становится более энергичным. За это отвечают насыщенные древесные ноты и дымно-мшистая нота мха, а мускус привносит чувственность и страстность.   Духи Pandora относятся к категории “экстра” и отличаются высокой концентраций душистых веществ, обеспечивающих повышенную стойкость и продолжительный шлейф. Удобный тревел-формат флакона позволяет не расставаться с любимым ароматом в течение всего дня.;"Нанести на ""точки пульса"": на запястье, за мочку уха, на сгиб локтя, на шею в районе межключичной впадины и под колено."
19000399940;PANDORA #08;духи;Россия;1850;1295;https://goldapple.ru/19000399940-08;;В начале композиции завораживает фруктово-ягодный аккорд, состоящий из солнечного мандарина, терпко-травяной черной смородины и спелого абрикоса. “Сердце” аромата отдано прекрасным цветам - душистому пиону, царственной розе и нежной фрезии.  В базовых нотах слышна утонченная фиалка и чувственный мускус.;Для наружного применения.
19000451142;BLACK REFLEXION №13.07;духи;ОАЭ;673;572;https://goldapple.ru/19000451142-no13-07;;Уникальная композиция «Black Reflexion» №13.07 раскрывается живостью и блеском мандарина и шафрана. В то время как фиалка и китайский османтус привносят мягкость в эту обонятельную структуру. Абсолют бессмертника, дерево акригала и сухая чистая пудровость минералов дополняют красоту парфюмерной воды «Black Reflexion» №13.07. Гармоничный образ, дополненный этим парфюмом, не сможет остаться незамеченным окружающими, а вызываемое им восхищение просто не знает границ.;Только для наружного применения.
19000463945;BROCARD Elixir of Paradise;духи;Россия;1780;1602;https://goldapple.ru/19000463945-elixir-of-paradise;;В начале — свежесть сочных личи, терпкость бергамота и бархатные оттенки кожицы персика.  Сердце аромата кружит голову: благоухающий букет пионов, цветы апельсинового дерева и медовый жасмин.  А в финале всё замедляется и кажется бесконечным: звучат глубокие шипровые ноты в трио с прозрачной чистотой мускуса и теплом амбры.;Только для наружного применения. Распылять на кожу/волосы с расстояния 10-15 см.
99000032742;DIVINA TERRA Bellezza;духи;;24600;24600;https://goldapple.ru/99000032742-bellezza;;Преврати миг в бесконечность и в красоте увидишь вечность… Bellezza (красота) - это нежный, окутывающий летней цветочной вуалью аромат, украшенный пьянящей красотой аккордов сладкого рома и освежающей зеленой волной чайных нот.  Bellezza - волшебная игра солнечных зайчиков на коже, искрящаяся игривая улыбка нот франжипани, цветов апельсина и жасмина, застенчивая сладкая амбровая красота, от созерцания которой невозможно оторваться. Этот аромат посвящается всем, кто впустил красоту в свое сердце, до краев наполнив его радостью и удовольствием.;Нанесите на кожу, избегая попадания в глаза.
19000062946;EQUIVALENT P012;духи;;1090;872;https://goldapple.ru/19000062946-p012;;"Легкий, притягательный, бархатистый цветочно-фруктовый аромат. В нем гармонично переплелись сочность и сладость манго с чуть горьковатым искристым мандарином;пудровость и прозрачность ириса с терпким цветочно-зеленым звучанием фрезии. Древесные нюансы придают композиции глубину и тепло, дарят ощущение уюта и внутреннего комфорта. Основные ноты: манго, мандарин, корень фиалки, фрезия, роза, кедр, сандал.";Парфюм всех типов наносится на чистую, слегка увлаженную кожу.
99000081866;BY KAORI FRANCE, SEPTEMBER 2018;духи;;5490;5490;https://goldapple.ru/99000081866-france-september-2018;;Сложный цветочный аромат жасмина, ириса и пачули - романтичная Франция, улочки которой полны любви и веселья. Страна контрастов, романтики и любви - Франция. Кажется, каждый город здесь имеет свой собственный, ни с чем не сравнимый аромат: живой, веселый Париж, который манит к себе всех романтиков мира, - бурная смесь прохладного бергамота и яркого шафрана. Цветущий Грасс и его бескрайние поля: у вас появляется ощущение, что здесь собраны все цветы мира: нежный жасмин, глубокий ирис и сладковатый нарцисс. Прибыв в Ниццу, вы ощущаете аромат роскоши: нотки уда и пачули обволакивают улицы этого города. Именно такой, контрастный и сложносочиненный аромат рождает Франция.;Распыляйте парфюмерию на чистую увлажненную кожу, так композиция задержится на более продолжительное время. Также чистая кожа не источает посторонних запахов и не перебьет ноты духов. Рекомендуется нанести небольшое количество парфюмерной воды либо на одну или несколько точек - за мочкой уха, на запястья, на внутренний сгиб локтя, либо непосредственно распылить на волосы или на одежду.
27330200004;THE HARMONIST Magnetic Wood;духи;;36820;29456;https://goldapple.ru/27330200004-magnetic-wood;;Зеленый, цветочный, пудровый аромат с легкой освежающей сущностью мимозы — первого цветка весны, символа омолаживающей энергии Природы. Как прохладная зеленая беседка, свежие ароматы сладкого китайского османтуса, свежесть цитрусовых нот и запах вечнозеленой биомастики из Марокко поднимают настроение, в то время как изысканные пряно-древесные ноты корня ириса балуют чувства. Расслабьтесь, позволяя чувственным, древесным аккордам сандалового дерева, кедра и ветивера окутать вас оживляющей ароматической аурой. Magnetic Wood — богатый и изысканный аромат, в котором отразились сила жизни и сила самой Природы.;
19000143870;LAB FRAGRANCE Secret;духи;Россия;3300;2640;https://goldapple.ru/19000143870-secret;;Секрет – это аромат, хранящий тайну вашей женственности и притягательности. Ощутите яркость и свежесть верхних нот бергамота и чуть горьковатого апельсина.  В сердце композиция будет излучать нежность фиалки и благородство кедра, а базовые ноты ветивера, амбры и мускуса подарят аромату пудровое звучание шлейфа, укутывая в нежное облако.;Только для наружного применения.
19000368832;HOUSE OF SILLAGE WONDER WOMAN V3;духи;Франция;55100;41325;https://goldapple.ru/19000368832-wonder-woman-v3;;Духи Wonder Woman V3 ограниченной серии от House of Sillage - настоящий шедевр роскоши и изысканности.  Культовый аромат представлен в новом дизайне с крышкой с мощным мотивом щита Wonder Woman, инкрустированной синими и красными кристаллами Swarovski.  Отполированное вручную французское стекло окрашено в красный цвет с эффектом омбре, добавляющий гламура и очарования, поистине подходящих супергероине.;Духи можно наносить на запястье, за мочку уха, на сгиб локтя, на шею в районе межключичной впадины и под колено.
19000463918;BROCARD Decollete;духи;Россия;1780;1602;https://goldapple.ru/19000463918-decollete;;Верхние ноты звучат ярко и сочно: арбуз, киви и розовый перец создают настроение свежести и легкой сладости.  Сердце аромата раскрывается цикламеном и жасмином, придавая композиции воздушную мягкость и женственность.  Базовые ноты из сандалового дерева и прозрачного мускуса оставляют за собой легкий шлейф, едва ощутимый, изысканный.;Только для наружного применения. Распылять на кожу/волосы с расстояния 10-15 см.
99000054813;BLACK HEART Calumma;духи;;7200;7200;https://goldapple.ru/99000054813-calumma;;Эликсир природного магнетизма хамелеона, созданный при искусном сплетении нот нежного бергамота и сочных яблок Гренни Смит. С первых же секунд звучания он обволакивает тайной, создаваемой нотами амбры, пачули и мускуса.Этот парфюм своим многослойным шлейфом заявляет всем окружающим о неповторимости и неординарности того, кто его носит.;Нанесите небольшое количество парфюма на чистую кожу. Лучше всего распылять парфюм на точки пульсации: запястья, за ушами, на шее, сгиб локтя или колена.
19000429576;DAVIDOFF Cool Elixir;духи;Франция;8500;6375;https://goldapple.ru/19000429576-cool-elixir;;Откройте для себя парфюм Davidoff Cool Elixir for Her — непреодолимое амброво-ванильное сокровище. Женский аромат Davidoff создаёт завораживающий благородный ароматический почерк, выражающий чувственность и ценность. Парфюм, великолепно текстурированный сочетанием интригующей ванили, нежного жасмина и абсолюта дубового мха, придаёт амбровой композиции элегантность и притягательность. Интенсивный и крайне соблазнительный амбровый аромат для всех королев.;Нанесите аромат на пульсирующие участки тела: шею, область декольте, запястья и лодыжки, чтобы создать притягательный шлейф.
99000045017;LA LETTRE ETRETAT;духи;;6350;6350;https://goldapple.ru/99000045017-etretat;;Аромат, вдохновлённый городом Этрета, словно воплощает силу и свободу, царящие в этом куске французского побережья, где Ла-Манш встречает высокие скалы. В начале композиции звучат свежие, почти острые ноты грейпфрута, как проблеск утреннего солнца, отражающийся в водах моря. В аромате появляются ноты морской соли и семян амбретты. Соляные акценты подчеркивают атмосферу прибрежных просторов, где воздух напоён свежестью, а каждый вдох наполняет легкость и чистоту.Шалфей вносит в аромат глубину и слегка травянистую горечь, как сплетающиеся с морским воздухом дикие травы на утёсах, обдуваемых ветрами. Это оттенок силы, напоминающий о том, что в Этрета каждый момент жизни наполнен полнотой и независимостью Холодный, свежий и неумолимо живой, этот аромат — как дыхание Ла-Манша, наполненное светом, солью и ветром.;Наносите духи на пульсирующие точки: запястья, шею и область за ушами.
19000260348;ROJA PARFUMS Isola Sol;духи;Великобритания;72150;54112;https://goldapple.ru/19000260348-isola-sol;;Делая снимок блаженного дня, проведенного на золотом пляже, Isola Sol запечатлевает тот волшебный момент, когда солнце находится в зените, превращая пейзаж в акварель оранжевых и синих оттенков. Аромат заманивает вас в страну, где всегда светит солнце. Окружить себя ароматом Isola Sol означает, что вам не придется скучать по летнему отпуску. Палящее солнце на безоблачном небе, мерцание мандарина, абрикоса и персика открывается лучам янтаря, который сияет в течение всего дня. База из сандалового дерева, вызывающая ощущение тепла кожи, становится шелковистой благодаря ноте кокоса, а прикосновение розового перца придает розовое тепло покрасневшим от солнца щекам. Лаская береговую линию, ветер соленого воздуха доносит до нее пьянящий аромат сочных фруктов и тропических цветов.;Нанести на пульсирующие точки.
19000450747;UNE NUIT NOMADE Estrella de la manana;духи;Франция;27900;26505;https://goldapple.ru/19000450747-estrella-de-la-manana;;Estrella de la Mañana — это черный стручок ванили, сердцевина которого разрезана и сожжена в горящем очаге камина. Дым обугленного дерева и черной пудры какао сочетаются с округлостью ванили.;Распыляйте с расстояния 20-25 см. Не наносите на одежду, не используйте при нахождении на солнце.
19000380095;ORMONDE JAYNE Ormonde Man;духи;Великобритания;41340;35139;https://goldapple.ru/19000380095-ormonde-man;;Парфюм Ormonde Man от Ormonde Jayne — утонченный аромат для современного мужчины с изысканным вкусом. Композиция начинается с бодрящих, цитрусовых нот бергамота и зеленого аккорда, плавно переходя в насыщенное сердце из благородных древесных оттенков, пряностей и ладана. База раскрывается мужественными нотами амбры, кедра и мускуса, создавая сбалансированный, стойкий аромат, который передаёт силу и элегантность с каждым нанесением.;Распылите спрей на пульсирующие точки: запястье, шею и за ушами для стойкости аромата. Повторите нанесение по желанию.
19000368803;HOUSE OF SILLAGE Passion De L'Amour;духи;Франция;39970;29977;https://goldapple.ru/19000368803-passion-de-l-amour;;Экзотический аромат, наполненный таинственными ароматами тропических ночей на островах южной части Тихого океана, словно нежный океанический бриз окутывает свою обладательницу мягким, чувственным и многогранным шлейфом.  Этот роскошный букет соединяет в себе сочные ягодные ноты малины, благородную пряность, бархатистость и теплоту шафрана, сливочность карамели и лиатриса с его ванильными нотами, а благородный аромат благоуханной древесины уда и амириса усиливают таинственность звучания этой композиции.;Духи можно наносить на запястье, за мочку уха, на сгиб локтя, на шею в районе межключичной впадины и под колено.
19000450011;ALAN BRAY Cassis Trigger;духи;Россия;1472;1324;https://goldapple.ru/19000450011-cassis-trigger;;Аромат Cassis Trigger – с первой ноты погружает в новый и неизведанный таинственный мир, завораживающий и прекрасный.  Микс нот листа черной смородины на старте и мягких обволакивающих молочных нот словно приглашает разгадать загадку – а что это за аромат и почему он столь прекрасен.  Асаи и жасмин в сердце оттеняют композицию цветочными сладкими чарами, погружая в сказку наяву. Стойкий шлейф лесных ягод и мускуса создает пространство для фантазий.  Cassis Trigger – воображариум, способный пленять и захватывать.;Нанести на шею, запястье, локтевые сгибы.
19000093626;CLIVE CHRISTIAN Noble Collection XXI Art Deco Amberwood Perfume Spray;духи;;89440;67080;https://goldapple.ru/19000093626-noble-collection-xxi-art-deco-amberwood-perfume-spray;;Мягкая и полупрозрачная амброво-древесная композиция, воплощающая собой сияние и роскошь янтаря – камня, который высоко ценился в эпоху ар-деко. Чувственная и утонченная амбра сочетается с восточными оттенками роскошной древесины, а элегантную свежесть аромату придает шалфей и бергамот. Оттенки бобов тонка и табака наполняют аромат теплотой и соблазнительным звучанием.  Верхние ноты: семена ангелики, шалфей, калабрийский бергамот, розовый перец  Ноты сердца: благородная древесина, амбра, пачули, гельветолид, табак  Базовые ноты: амброкс, бобы тонка, шалфей, киприол, ваниль, кашемировое дерево, мусценон, оррис, лабданум, уд.;Духи следует наносить в небольшом количестве, близко к коже (1-2 см), на тепловые точки: под коленями, область живота, запястья, сгибы локтей, район солнечного сплетения, точки за ушами, основание шеи со стороны спины, затылок. Как правило на одну точку достаточно несколько капель. Растирать духи не рекомендуется, так как это может нарушить правильный процесс раскрытия композиции. Для повышения стойкости рекомендуем наносить на хорошо увлажненную кожу, комбинируя с кремом, молочком или маслом для тела.
19000463927;BROCARD Paradigma;духи;Россия;1780;1602;https://goldapple.ru/19000463927-paradigma;;Аромат открывается прозрачным аккордом зеленых листьев и цитрусовой кожуры. Душистая айва и терпкий грейпфрут добавляют радостной легкости.  В сердце – цветочная композиция, где гиацинт и жасмин раскрываются в утонченной гармонии.  В финале на коже раскрывается молекула Iso E Super, наполняясь оттенками ириса, древесины кедра, амбры и мускуса, согревает кожу, оставляя в воздухе неповторимый шлейф.;Только для наружного применения. Распылять  на кожу/волосы с расстояния 10-15 см.
19000059069;GOLDFIELD & BANKS Silky Woods;духи;;28380;20149;https://goldapple.ru/19000059069-silky-woods;;Заключенная в роскошный флакон, напоминающий жидкое золото, композиция Silky Woods строится вокруг драгоценного агарового дерева. Это первый аромат новой роскошной коллекции Goldfield & Banks под названием Botanical Series.   Silky Woods – это восхитительный, утонченный и в то же время невероятно соблазнительный коктейль, который отправляет вас в чувственное путешествие по Австралии. В этом аромате впервые в истории парфюмерии используются драгоценные породы древесины из тропического леса Дейнтри в Квинсленде, Австралия. При сборе урожая используется рациональный экологический подход.   Для того чтобы подчеркнуть современное ориентальное звучание агарового дерева, замши, экзотической ванили и дымных табачных листьев, Goldfield & Banks добавляет в композицию соблазнительный шафран, чувственный иланг-иланг и роскошный австралийский сандал.   Silky Woods – это дань богатству природы Австралии, изобилию натуральных австралийских компонентов, а также инновациям, с помощью которых эти компоненты превращаются в прекрасные эссенции, востребованные во всем мире.;Нанести на пульсирующие точки
19000154747;THE HARMONIST Sacred Water;духи;;26590;18613;https://goldapple.ru/19000154747-sacred-water;;Sacred Water — это цитрусово-акватический аромат, включающий аккорды цитрусовых, минеральные ноты и нюансы свежих пряностей. Эта парфюмерная комбинация формирует особое тонизирующее звучание, которое, в то же время, дарит своему обладателю чувство особенного спокойствия и уверенности.;Нанесите духи воду на чистую кожу.
99000088552;SYNONYME ROGER;духи;;1900;1159;https://goldapple.ru/99000088552-roger;;ROGER -  это синоним благородства. Роскошь и лоск. Бесконечно женственный, дорогой и притягательный. Духи на особый случай.;Аромат можно наносить на волосы, кожу, одежду.
27330200002;THE HARMONIST Hypnotizing Fire;духи;;36820;25774;https://goldapple.ru/27330200002-hypnotizing-fire;;Как нежное пламя свечи, завораживающее и теплое, аромат с названием Hypnotizing Fire сияет мягким, роскошным теплом, гипнотизируя контрастными оттенками, одновременно пряными и теплыми.  Ягоды пимента, собранные под ярким солнцем Ямайки, смешиваются с тонким, чувственным ароматом шелковисто-пряной болгарской розы. Таинственный индонезийский пачули и пряно-смолистый опопонакс в сочетании с элегантной мадагасканской ванилью возвращают к мерцающему огню, в котором тепло встречается с чувственностью.  Hypnotizing Fire - ароматическое пламя соблазнения.;
19000344510;TIZIANA TERENZI Comete Halley;духи;Италия;48000;40800;https://goldapple.ru/19000344510-comete-halley;;Коллекция Кометы - новая глава в Лунной коллекции парфюмерии Tiziana Terenzi.  На крыльях своего воображения создатели бренда, Паоло и Тициана Теренци, перемещаются по небесному своду в поисках таинственных комет.  Эти волшебные космические странники с огненными хвостами следуют по эллиптическим орбитам.  Они возвращаются к Земле с регулярной частотой, и мы видим, как они проносятся по небу во всей своей космической красоте, принося нам ощущение чуда, надежду и удачу.  Комета Галлея была открыта в 1758 году английским астрономом Эдмундом Галлеем и является самой яркой периодической кометой, известной на сегодняшний день.  Начальные ноты аромата Halley посвящены вибрациям фруктов маракуйи в созвучии с лимоном и чёрной смородиной.  Экзотические фруктовые тона уступают место соблазнительной игре цветочного аккорда из розы, ириса, гиацинта и туберозы.  Halley – яркий авторский аромат, оставляющий такой же яркий незабываемый след, как известная комета, которая парит в космическом небе.;Средство предназначено для наружного применения с целью придания приятного аромата. Нанести аромат на кожу.
19000380099;ORMONDE JAYNE Qi Intensivo;духи;Великобритания;52260;31356;https://goldapple.ru/19000380099-qi-intensivo;;"QI (по-русски произносится ""Ки"" или ""Цы"") - обозначает ""дыхание жизни"". Это слово проникло в наш лексикон из древнекитайского языка. Вдохновением в создании этой  композиции послужила любовь китайцев к легчайшим и деликатным ароматам.  ""Цы"" создан не для того, чтобы поразить окружающих экспрессией, напротив, этот аромат больше захватывает удивительной схожестью с рассветом, лёгким ароматом слабого бриза…   ""Цы"" - откровенный, открытый и природный аромат, предназначенный для тех, кто не хочет явно обозначать себя в компании, но чей деликатный образ будет не закончен без него.";Духи следует наносить в небольшом количестве, близко к коже (1-2 см), на тепловые точки: под коленями, область живота, запястья, сгибы локтей, район солнечного сплетения, точки за ушами, основание шеи со стороны спины, затылок.  Как правило на одну точку достаточно несколько капель. Растирать духи не рекомендуется, так как это может нарушить правильный процесс раскрытия композиции. Для повышения стойкости рекомендуем наносить на хорошо увлажненную кожу, комбинируя с кремом, молочком или маслом для тела.
19000449071;DILIS Men Dry leather;духи;Беларусь;3868;3481;https://goldapple.ru/19000449071-men-dry-leather;;Роскошный бутик кожаных изделий, пропитанный запахом эксклюзивной кожи и благородного дерева. Каждое касание напоминает о превосходном вкусе и силе духа. С ним особую цену обретают качество и изысканность. Dry Leather — это аромат для настоящих ценителей, воплощающий статность и страсть. Аромат в первую очередь переносит в лобби дорогого отеля, где каждая деталь продумана до мелочей. Мягкая кожаная мебель гармонично сочетается с массивом настоящего дерева и сводит с ума своим изысканным запахом. Сухая древесина и роза создают глубокие верхние ноты, пробуждая в памяти картины той самой французской мастерской на одной из улиц Парижа. В сердце тёплый кедр и пачули в обрамлении нежной ванили создают благородное настроение, обретая гармонию и уверенность. Dry Leather тёплый и одновременно чувственный, он раскрывает в мужчине изысканность и элегантность, приковывает внимание и дарит незабываемое впечатление. Шлейфовые ноты хвойного бальзама и амбры напоминают о роскошных кожаных аксессуарах — мягких, чуть дымных, с лёгкой горчинкой. С этим ароматом вы словно переноситесь в мир, где всё вокруг подчёркивает ваш непревзойдённый вкус и избранность. Каждая деталь этого аромата — от начальных нот до шлейфа — говорит о силе, которая разливается по телу с первого вдоха. Dry Leather для тех, кто стремится выделиться и быть замеченным. Детали крафтового исполнения и утончённости уникальны и подчёркивают статус своего владельца. Каждая капля Dry Leather напоминает о престижных мужских аксессуарах, где ценится настоящая кожа и мастерство.;Нанесите небольшое количество аромата на активные точки на коже или одежду, при необходимости обновите в течение дня.
99000034343;BOIS 1920 SCORZAFORZA PARFUM;духи;;32315;32315;https://goldapple.ru/99000034343-scorzaforza-parfum;;Живописная Италия с ее мягким солнечным климатом и невероятными средиземноморскими пейзажами всегда вдохновляла творцов на создание шедевров. Для Bois 1920 источником вдохновения стал растительный мир полуострова, компоненты которого легли в основу создания парфюмерной коллекции Giardinomirabile Collection. Scorzaforza – это взрывная волна цитрусов и пряной мяты. Фужерно-цитрусовый аромат обладает бодрящим звучанием, наполняя своего обладателя жизненной энергией, и сближая его с самой природой.;Распылите с расстояния 20–25 см, избегая попадания на одежду.
19000173255;AQUALIS Namaqualand;духи;Великобритания;36530;31050;https://goldapple.ru/19000173255-namaqualand;;Композиция Namaqualand была создана под впечатлением от одного из самых восхитительных мест в Южной Африке. Это революционный, изменчивый аромат. Он символизирует тот удивительный момент, когда суровая и бесплодная земля вдруг на целый месяц расцветает новой жизнью.  Открываясь свежими росистыми цитрусовыми нотами мандарина и бергамота и напоминая утреннюю прохладу, аромат Namaqualand обещает новый день и дарит мгновение покоя перед мощной вспышкой энергии.  За счет яркого взрыва цветочных нот — водоворота арабского жасмина, золотого пламени флердоранжа и яркого свечения абсолю туберозы — композиция Namaqualand переливается разнообразием цветочного ковра, который будто простирается до самого горизонта.  Это богатство цвета подчеркивается интенсивным сочетанием благородных пород дерева, ванили и мускуса, которые вызывают в воображении образ яркого терруара, пылающего невиданными цветами.  Аромат Namaqualand — это напоминание о том, что даже в самых невероятных обстоятельствах всегда есть шанс на цветение: нужно только его дождаться.;Нанести на пульсирующие точки.
19000463950;BROCARD Etno;духи;Россия;883;794;https://goldapple.ru/19000463950-etno;;С первых нот кружит голову терпкая свежесть, оттененная зеленым акцентом мяты и смородины.  В сердце аромата легкая горчинка бархатцев перекликаются с карамельной сладостью нероли, обрамленной невесомым ажуром фиалковой пудры.  В шлейфе – классический аккорд амбры, мускуса и ветивера – дарит аромату глубину, оставляя его в памяти надолго.;Только для наружного применения. Распылять  на кожу/волосы с расстояния 10-15 см.
19000388648;FILIPPO SORCINELLI Chiudi Gli Occhi E Poi Vedi;духи;Италия;24900;23655;https://goldapple.ru/19000388648-chiudi-gli-occhi-e-poi-vedi;;"Коулрофобия, теперь существующая в виде аромата Филиппо Сорчинелли, является своего рода завершением исследования глубокого смысла страха, которое началось с аромата but not today в 2018 году и продолжилось в прошлом году с né il giorno né l'ora; она может оказать значительное влияние на повседневную жизнь людей, которые страдают от нее.  Такие обычные ситуации, как детские дни рождения или цирковые представления, могут стать источником стресса и беспокойства.  А иногда одно лишь изображение клоуна может вызвать паническую реакцию. Неоднозначность — это лагуна мыслей, неловкие движения, покрытые искусством, что проецирует наши страдания, истончает наши лица и описывает зло.  Но подлинное Искусство вмешивается в фасад злости, поскольку оно вмешивается в душу. Только оно производит это короткое замыкание, способное отменить то, что вызывает негатив. Искусство описывает, но не ограничивает и не любит преувеличивать негатив. Оно описывает его, потому что его разоблачение заставляет красоту брать верх даже в такого рода ситуациях.  Кто-то должен быть плохим, но только другой может ограничить его пределы на дороге одиночества. И только тогда центр зла станет социальной конструкцией.";Распыляйте с расстояния 20-25 см. Не наносите на одежду, не используйте при нахождении на солнце.
19000059299;CLIVE CHRISTIAN Noble Collection VII Queen Anne Rock Rose;духи;;89440;62608;https://goldapple.ru/19000059299-noble-collection-vii-queen-anne-rock-rose;;Бодрящие верхние ноты аромата представлены смесью цитрусовых масел с теплым бергамотом в центре. Ноты черного перца и классического одеколона с оттенком нероли придают аромату мужественности. В сердце композиции – смесь чистой лаванды, скалистой розы, воздушной фиалки и шалфея, который добавляет цветочному букету теплый аккорд.    Базу композиции составляет яркий микс какао, пачули и амбры с оттенком искристого ветивера, подчеркивающего цитрусовые аккорды верхних нот.;Нанести на пульсирующие точки
90151200008;ZIELINSKI & ROZEN White Blend;духи;;7350;7350;https://goldapple.ru/90151200008-bergamot-neroli-orange;;Я хочу, чтобы парфюм трогал до глубины души, говорил о личности и отражал ее уникальность. Эрез Розен  Замысловатая ольфакторная книга, сюжет которой раскрывается новыми гранями на каждом человеке. Необычные сочетания нот и оригинальное построение аккордов подчеркивают индивидуальность и раскрывают суть ярче любых слов.  Все ароматы Zielinski&Rozen категории унисекс. Бренд  Zielinski & Rozen изменил название аромата. Новое наименование духов Bergamot, Neroli, Orange — White Blend. Если вам пришел аромат с прежним названием, не переживайте, мы уже обновляем товары на складах, скоро во всех заказах этот товар будет с новым наименованием.;Наносите парфюм по обе стороны плеч или распылите впереди себя и войдите в «облако» аромата.
19000424751;MAISON DOUZE A Mort;духи;Франция;27590;19313;https://goldapple.ru/19000424751-a-mort;;Погрузитесь в мир загадочности с ароматом Maison Douze A Mort Scorpio для знака зодиака Скорпион, который начинается с яркой свежести солнечного мандарина и пряного кумина.  Сердце композиции раскрывается утончёнными нотами жасмина самбак и насыщенного уда, создавая гармонию между цветочными и древесными акцентами.  Завершает композицию сладкое и тёплое сочетание какао и меда.  «Зачем бояться неизбежного крушения? В конце концов, ей всегда удавалось добраться до берега.»Соблазнительность, страсть, глобальные изменения, сопротивление.;Нанести на кожу, одежду и волосы (по желанию) для легкого аромата. Избегайте попадания в глаза.
19000463939;BROCARD Tune of Love;духи;Россия;1780;1602;https://goldapple.ru/19000463939-tune-of-love;;В первых аккордах — искристая свежесть цитрусовых, словно пробуждение после сладкого сна.  Затем ноты жасмина и туберозы, сливы и фиалки переплетаются в чарующую цветочную симфонию.  В завершении — стойкий многогранный шлейф кедровой древесины, ежевики и ванили.;Только для наружного применения. Распылять на кожу/волосы с расстояния 10-15 см.
99000081859;BY KAORI ITALY, SEPTEMBER 2017;духи;;2190;2190;https://goldapple.ru/99000081859-italy-september-2017;;Мягкий аромат засахаренных фруктов, ванили и цветков апельсина. Нежная композиция с нотами лесных ягод и жженого сахара. Ласковые лучи и буйство красок - это Италия! Вы прилетаете в Милан и сразу же вливаетесь в ту самую атмосферу мировой столицы моды и стиля: мощеные улочки, стук каблуков по соборной площади и смесь дорогих парфюмов, витающих в воздухе… Продолжив свои каникулы в Риме, вы решаете побаловать себя настоящим итальянским джелато, мягкий аромат которого навсегда останется в вашей памяти. Следующий пункт - ароматное облако от цитрусовых деревьев под ярким Солнцем Сицилии. Нотки лимона и апельсина в сочетании с ароматом морской воды дарят вам наслаждение и спокойствие. Завершите свой круиз рюмочкой сладкого, прохладного лимончелло. Все эти красочные аккорды - яркие цитрусы, сладкие, воздушные десерты и пряные травы рождают неповторимый аромат Италии.;Распыляйте парфюмерию на чистую увлажненную кожу, так композиция задержится на более продолжительное время. Также чистая кожа не источает посторонних запахов и не перебьет ноты духов. Рекомендуется нанести небольшое количество парфюмерной воды либо на одну или несколько точек - за мочкой уха, на запястья, на внутренний сгиб локтя, либо непосредственно распылить на волосы или на одежду.
83830100012;DIVINA TERRA Fortuna;духи;;6800;6800;https://goldapple.ru/83830100012-terra-fortuna;;Изящная композиция составлена из поистине дивного аккорда цветов, смешанного с трепетными пудровыми тонами и пьянящей сладостью ванили.  Верхние ноты: роза, герань, жасмин, бергамот.  Ноты сердца: амбра, ирис, гелиотроп, уд. Шлейфовые ноты: мускус, цветы стручки ванили.;Наносить на кожу, избегая области вокруг глаз. Область применения: шея и декольте.
99000046192;АLMA JUTE Bloom;духи;;800;680;https://goldapple.ru/99000046192-bloom;;Твердые духи Bloom - это композиция с нотами спелой сочной сливы, которая наполняет аромат сладостными оттенками и легкой кислинкой. В центре пирамиды ощущается восхитительное благоухание лепестков роз и жасмина. Мы используем гипоаллергенный и органический состав, а отсутствие в базе спиртовой основы и пчелиного воска делает наши духи безопасными для детей и подростков, беременных женщин и людей, особенно чувствительных к продуктам пчеловодства. Другим неоспоримым преимуществом являются ухаживающие компоненты в составе, которые увлажняют и питают кожу. Уникальная формула позволяет использовать духи не только в качестве парфюма, но и как ухаживающий воск для секущихся кончиков волос и для увлажнения кутикулы. Духи упакованы в маленькую алюминиевую винтажную баночку, имеют нежную кремовую текстуру и поместятся в любую женскую сумку, даже самый скромный клатч и не вызовут вопросов во время путешествия на самолете.;Слегка разогрейте духи подушечками пальцев. Нанесите духи на зоны пульса ( запястье, область шеи, за ухо, на локтевой сгиб).
19000387934;FILIPPO SORCINELLI DOMM;духи;Италия;29900;28405;https://goldapple.ru/19000387934-domm;;"Аромат вдохновлен ящиками в ризнице Миланского собора. Он называется ""aquilonare"" от позднелатинского ""aquilonaris"", что означает «северный». Это древняя ризница Миланского собора, первое ядро собора, построенное в 1386 году в самом центре города, загроможденное зданиями.  Это то место, которое было построено после закладки первого камня фундамента собора.  Помимо ценного мрамора, скульптур и фресок, ризница полна мебели и ящиков и до сих пор используется священниками для облачения перед обрядами.";Распыляйте с расстояния 20-25 см. Не наносите на одежду, не используйте при нахождении на солнце.
19000428718;BVLGARI MAN IN BLACK;духи;Италия;18729;18729;https://goldapple.ru/19000428718-man-in-black;;Духи BVLGARI MAN IN BLACK — чарующий амброво-древесный аромат, передающий мифическую силу огня.  Он излучает неповторимую элегантность и выводит оригинальную формулу BVLGARI MAN IN BLACK на новый уровень плотности, богатства и утонченности, воплощая современную мужественность. Контрастная и «текстурированная» композиция с захватывающими и яркими пряными верхними нотами плавно переходит в пышную цветочность туберозы и ириса, прежде чем смениться интенсивным аккордом темного дерева. Парфюмер — Alberto Morillas. Полностью черный флакон представляет собой яркую интерпретацию эстетического кода BVLGARI MAN IN BLACK и более высокую концентрацию ароматических веществ.;
19000059304;CLIVE CHRISTIAN Original Collection No 1 Feminine;духи;;120640;84448;https://goldapple.ru/19000059304-original-collection-no-1-feminine;;Этот аромат с нотами редчайшей таитянской ванили посвящен Афродите – богине красоты, искусства и любви. No.1 for Women – оригинальная композиция с драгоценными маслами розы, корня фиалки, сандала, орхидеи и белого персика.;Нанести на пульсирующие точки
19000426336;M. MICALLEF Ylang in gold nectar;духи;Франция;20100;18090;https://goldapple.ru/19000426336-ylang-in-gold-nectar;;Как только солнечный Нектар Ylang in Gold соприкасается с кожей, интригующая парфюмерная связка из кокоса, ванили, иланг-иланга и сандалового дерева мгновенно начинает играть легкомысленную летнюю мелодию. Статусная элегантность, окрашенная в экзотические тона. Волнующе!;Нанесите духи на чистую кожу.
83830100007;DIVINA TERRA In Amore;духи;;24600;19680;https://goldapple.ru/83830100007-terra-in-amore;;Этот аромат - трогательное признание в любви к Италии, Тоскане. Цветочный букет из жасмина, магнолии и иланг-иланга украшен пряным восточным аккордом из шафрана, пачули и уда с солнечным согревающим прикосновением амбровых тонов. Верхние ноты: жасмин, шафран. Ноты сердца: амбра, магнолия, иланг-иланг.  Шлейфовые ноты: дубовый мох, мускус, пачули, уд.;Наносить на кожу, избегая области вокруг глаз. Область применения: шея и декольте.
19000463935;BROCARD Tantra;духи;Россия;883;794;https://goldapple.ru/19000463935-tantra;;Начало яркое, подвижное: маракуйя, груша, нотки сладкой малины, оттененные листом черной смородины.  Сердце композиции раскрывается чистотой ландыша, а в шлейфе – прозрачность мускуса, пряность пачулей и сливочная сладость сандала и ванили.;Только для наружного применения. Распылять на кожу/волосы с расстояния 10-15 см.
19000463923;BROCARD Carte Commedia Dell Arte;духи;Россия;883;794;https://goldapple.ru/19000463923-carte-commedia-dell-arte;;В начале аромата — всплеск: свежесть бергамота и пудра розового перца, оттененный цветочной симфонией, где ноты пиона и жасмина сплетены с оттенками роз.  В финале — нежный шлейф из белого мускуса, подобный протяжному отголоску, витающему за кулисами после окончания спектакля.;Только для наружного применения. Распылять на кожу/волосы с расстояния 10-15 см.
19000004548;ZIELINSKI & ROZEN Orange & Jasmine;духи;;2690;2690;https://goldapple.ru/19000004548-perfume-orange-jasmine-vanilla;;Я хочу, чтобы парфюм трогал до глубины души, говорил о личности и отражал ее уникальность. Эрез Розен  Замысловатая ольфакторная книга, сюжет которой раскрывается новыми гранями на каждом человеке. Необычные сочетания нот и оригинальное построение аккордов подчеркивают индивидуальность и раскрывают суть ярче любых слов.  Все ароматы Zielinski&Rozen категории унисекс. У данного продукта меняется название аромата. Актуальное название : Orange & Jasmine.;Наносите парфюм по обе стороны плеч или распылите впереди себя и войдите в «облако» аромата.
19000266452;COSMOGONY Red Element;духи;Россия;2200;1540;https://goldapple.ru/19000266452-red-element;;Red Element                                                                                                                                                                                                             Марс. Огонь. Стихия, покоренная человеком. Неистовый характер, который нуждается в постоянном контроле. Он же – бесконечный источник энергии. Планета, под знаком которой рождаются самые упрямые, гордые люди, для которых нет невозможного.   Red Element –  концентрат огня, в нём сандал, ладан и амбра уравновешены нотами миндаля и грубой кожи. Верхние ноты: миндаль, ликер. Ноты сердца: ладан, кожа, гурманский аккорд. Базовые ноты: бобы тонка, амбра, мускус. Парфюмер: Анжелин Пьюбо (Angeline Poubeau).;Только для наружного применения. Распылять  на кожу/волосы с расстояния 10-15 см.
19000291172;ASTROPHIL&STELLA 8 DAYS A WEEK;духи;Италия;13900;13205;https://goldapple.ru/19000291172-8-days-a-week;;Желание разжигало пламя страсти в душе Астрофила – огонь, который пространство и время этого мира не могли сдержать. Каждое мгновение, каждое предложение уносило его в космос вместе со Стеллой. Он закрыл веки, глубоко вздохнул и позволил своим чувствам подняться к ней, улетая по следам комет за галактики. Искрящаяся гармония цитрусовых и цветочных нот смешивается с абсолютом жемчужин флердоранжа и жасмина, дополненным смесью пачули с древесными и мускусными нотами.;Распыляйте с расстояния 20-25 см. Не наносите на одежду, не используйте при нахождении на солнце.
19000131199;TOM FORD Noir extreme;духи;Швейцария;22300;17840;https://goldapple.ru/19000131199-noir-extreme;;Noir Extreme Parfum - это интенсивная версия оригинальной композиции Noir Extreme с высокой концентрацией пряного кардамона, приправленного теплыми нотами имбиря и чувственными оттенками бобов тонка и гваякового дерева.  «Noir Extreme Parfum выражает радикальную двойственность утонченного мужчины», - Том Фордю.  Ноты: кардамон, амбра, бобы тонка  Noir Extreme Parfum представлен в позолоченном флаконе с роскошным элегантным черным логотипом и соответствующей крышкой.;
19000381062;EQUIVALENT G 033;духи;ОАЭ;1690;1352;https://goldapple.ru/19000381062-g-033;;Скромная ваниль раскрывает свои лучшие вкусовые нотки, благодаря тонкому дуэту с мускусом и базой на выразительном вкусе амбра - так получается G033, продолжая удивлять следующим уровнем запахов - цветочным букетом из нежной орхидеи, яркого гиацинта и будоражащего цикламена, собранного для воплощения соблазнения в чистом виде.  Цветочные переливы аккуратно оттеняются спокойной мелиссой и хрупкой гвоздикой, переплетающейся с нарциссом, проявляющим свои свойства не только в удивительном запахе, но и для чар очарования, которые никогда не будут не к месту их обладательнице.;Для полноценного раскрытия, духи наносятся на пульсирующие участки кожи, вблизи сосудов, которые будут постоянно его подогревать - на шею за ушами, под колено, на запястье, локтевые сгибы, волосы.
19000368807;HOUSE OF SILLAGE WHISPERS OF TRUTH;духи;Франция;60010;45007;https://goldapple.ru/19000368807-whispers-of-truth;;Whispers of Truth Noir отправит вас в соблазнительное и взрывное путешествие страсти.  Он воспламеняет вашу душу яркими вспышками эротического пламени и эйфорическим блаженством. Приготовьтесь исследовать мир чувственности.;Духи можно наносить на запястье, за мочку уха, на сгиб локтя, на шею в районе межключичной впадины и под колено.
99000081860;BY KAORI Amor caecus;духи;;5490;5490;https://goldapple.ru/99000081860-amor-caecus;;Немногословный и сдержанный аромат мате и сочного бергамота, аккорды высушенной на солнце древесины и зеленого эвкалипта, как настоящая английская классика, будет уместен в любой обстановке и дополнит ваше настроение своей благородной красотой.;Распыляйте парфюмерию на чистую увлажненную кожу, так композиция задержится на более продолжительное время. Также чистая кожа не источает посторонних запахов и не перебьет ноты духов. Рекомендуется нанести небольшое количество парфюмерной воды либо на одну или несколько точек - за мочкой уха, на запястья, на внутренний сгиб локтя, либо непосредственно распылить на волосы или на одежду.
19000451168;BLACK REFLEXION №13.33;духи;ОАЭ;673;572;https://goldapple.ru/19000451168-no13-33;;Аромат открывается нотами бергамота, мандарина и мёда. В основе композиции лежит аромат чёрной орхидеи, смешанный с нотами бархатной орхидеи, давшей название парфюму, и фиолетовой орхидеи, растущей в тропических лесах Бразилии. Яркий аромат орхидеи в сердечном аккорде соединяется с запахом турецкой розы, терпковатым жасмином, душистым гелиотропом, магнолией, гиацинтом, нарциссом и апельсиновым цветом. База композиции покоряет своей бархатистой мягкостью и теплом благодаря богатым нотам перуанского бальзама, смолистым оттенкам мирры, дымно-ароматическому лабдануму, древесно-сливочному сандалу, бархатистой замше и сладковатой ванили.;Только для наружного применения.
83272000003;LAURENT MAZZONE Sensual Orchid Extrait;духи;;17500;12250;https://goldapple.ru/83272000003-sensual-orchid-extrait;;Аромат Sensual Orchid посвящен одному из самых сексуальных и чувственных цветов – орхидее. Она может расти на земле, а может, нежно обвивая дерево, уходить ввысь и достигать неба.  С латыни название цветка переводится как «произошедшая от бога». Орхидея наполняет жизнь красотой и удовольствием, усиливая природную привлекательность. Вибрирующий запах цветка расслабляет сознание, волнует плоть и создает яркие фантазии. Аромат раскрывает в женщинах новые грани чувственности, увлекая в шелковые фантазии. Орхидея в аромате представлена в окружении сочных мандаринов и кажется прохладной и дистантной, но это лишь первое впечатление. Затем аромат смягчается и в ход вступает хор из нежных цветов – жасмина, иланг-иланга, пиона и ванили, плавно переходя в базу из белого мускуса, древесных аккордов и лабданума.;Для наружного применения.
19000120767;OLFACTIVE STUDIO Vanilla Shot;духи;;24500;23275;https://goldapple.ru/19000120767-vanilla-shot;;Vanilla Shot - это ваниль с живым и анималистическим оттенком, усиленная миррой, с динамичным началом кориандра, шафрана и альдегидов, обогащенная розой и сухофруктами. Фотограф пейзажист Мартин Хилл создал  на озере Ванака в Новой Зеландии резную арку из тонких кусков дерева, соединённых невесомыми льняными нитями, напоминающую тонкую, вытянутую форму стручков ванили. Баланс и напряжение на грани.;по мере необходимости
19000059308;CLIVE CHRISTIAN Private Collection C Woody Leather;духи;;63960;47970;https://goldapple.ru/19000059308-private-collection-c-woody-leather;;Мужской аромат соткан из нот шафрана, который ценил король Генрих VIII, считая его самой обольстительной специей, а силу и аристократичную грациозность аромату придают ноты редчайшего снежного лотоса, впервые используемого в парфюмерии.;Нанести на пульсирующие точки
19000399947;PANDORA #27;духи;Россия;1850;1295;https://goldapple.ru/19000399947-27;;Начальные ноты - лимон, черная смородина, мандарин - освежают и придают бодрости.  В “сердце” композиции - черный чай, ландыш, жасмин, фрезия и персик.  Ноты шлейфа: чувственная амбра, кедр, сандал, белый мускус, пачули. В композиции доминируют ноты сирени, а также включена парфюмерная молекула Iso E Super, которая ярко и насыщенно раскрывает аромат на коже, продлевает его стойкость и усиливает шлейф.;Для наружного применения.
19000463942;BROCARD Universum;духи;Россия;1780;1602;https://goldapple.ru/19000463942-universum;;В начале композиции вишня — сочная, манящая. В ее сладости таится пикантная горчинка миндаля и нотки вишневого ликера.  В сердце аромата звучат жасмин самбак и королева сада, турецкая роза.  Финальный аккорд раскрывается смолянисто-ванильным оттенком перуанского бальзама и сливочной сладостью обжаренных бобов тонка.;Только для наружного применения. Распылять на кожу/волосы с расстояния 10-15 см.
99000054821;BLACK HEART Taipan;духи;;7200;7200;https://goldapple.ru/99000054821-taipan;;Гипнотический и притягивающий парфюм, созданный на контрастном созвучии горьковатых нот грейпфрута и сладкого аромата спелых сицилийских мандаринов.Как переливы изумрудной кожи змеи, он играет на вас разными оттенками, а затем обретает более утончённое и элегантное звучание за счёт базовых нот мускуса и ладана, которые оставляют за собой лёгкий и ненавязчивый шлейф.;Нанесите небольшое количество парфюма на чистую кожу. Лучше всего распылять парфюм на точки пульсации: запястья, за ушами, на шее, сгиб локтя или колена.
19000381053;EQUIVALENT G 013;духи;ОАЭ;1690;1521;https://goldapple.ru/19000381053-g-013;;G013 - это про цвет, свет и эмоции. Яркий вихрь, водоворот энергии и чистой радости - это всё о нем. Игристый букет ароматов закружит и привнесет в жизнь такую желанную нотку обновления воплощения вашей яркой натуры.  Ваш идеальный аромат собран из томной мягкости жасмина, рука об руку идущей с пронзительностью тикового дерева - начинкой всего служат свежие брызги цедрата, благодаря которым и рождается яркость и молодость вкуса.;Для полноценного раскрытия, духи наносятся на пульсирующие участки кожи, вблизи сосудов, которые будут постоянно его подогревать - на шею за ушами, под колено, на запястье, локтевые сгибы, волосы.
99000081858;BY KAORI SRI LANKA, JANUARY 2020;духи;;2190;2190;https://goldapple.ru/99000081858-sri-lanka-january-2020;;Пряный унисекс-аромат с нотками черного перца, сандала, ладана, а также глубоким сочетанием ванили и кедра. Жаркий остров, прогулка по таинственным, аутентичным тропам и непроходимым джунглям, палящее солнце и, конечно, миллионы специй! Душистый аромат сандала и ладана окутывает вас еще на выходе из самолета. Вы мгновенно погружаетесь в местный колорит - маленькие лавочки и океан эмоций: гуляя по рынку, вы слышите фантастический дуэт ванили и черного перца, приправленный щепоткой бобов тонка. Посетив бескрайние чайные плантации, вы ощущаете цитрусовую горчинку бергамота. Так звучит яркая, жаркая, солнечная Шри-Ланка - ваше путешествие только начинается.;Распыляйте парфюмерию на чистую увлажненную кожу, так композиция задержится на более продолжительное время. Также чистая кожа не источает посторонних запахов и не перебьет ноты духов. Рекомендуется нанести небольшое количество парфюмерной воды либо на одну или несколько точек - за мочкой уха, на запястья, на внутренний сгиб локтя, либо непосредственно распылить на волосы или на одежду.
19000387937;FILIPPO SORCINELLI ROSA FIORITA;духи;Италия;29900;28405;https://goldapple.ru/19000387937-rosa-fiorita;;Аромат вдохновлен ящиками в ризнице базилики Санта-Рита-да-Каша. «Здравствуй, Рита, сосуд любви, невеста Христова, ты рождена из терний Спасителя, прекрасная, как роза». Эта фраза в качестве приветствия вырезана на центральной балке фасада базилики. Ольфакторное воспоминание о святой в январе 1457 года, которая будучи больной в своей монашеской келье в коммуне Каша, попросила кузину привезти ей с родной земли Роккапорена розу. Предание гласит, что Бог исполнил это желание, и родственница Риты смогла добыть для нее розу, которая расцвела зимой посреди снега.;Распыляйте с расстояния 20-25 см. Не наносите на одежду, не используйте при нахождении на солнце.
19000344494;TIZIANA TERENZI Al Contrario;духи;Италия;27500;23375;https://goldapple.ru/19000344494-al-contrario;;Al Contrario - очень личный, приватный аромат, созданный для выражения самых нежных чувств привязанности к своему дому.  Он посвящен всем, кто разделяет любовь к приключениям и путешествиям, но превыше чудес дальних странствий ценит возвращение в родной дом.  Аромат представляет собой тонкий баланс ванили, солода и какао, рождающий чувство нежной ностальгической меланхолии.  Наполненный изяществом и глубиной редких древесных нот (темное эбеновое дерево и индийский сандал) он рождает воспоминания о чудесах далеких странствий.  Al Contrario - путешествие для тех, кто возвращается в свой дом согретый теплотой.;Средство предназначено для наружного применения с целью придания приятного аромата. Нанести аромат на кожу.
19000399944;PANDORA #24;духи;Россия;1850;1295;https://goldapple.ru/19000399944-24;;Композиция открывается с зеленого аккорда, цитрусовой ноты белого грейпфрута и фруктово-терпкой айвы.  В “сердце” аромата жасмин и гиацинт символизируют пробуждение природы от зимнего сна, весеннее преображение, надежду на счастливое будущее. А нота ревеня привносит в композицию элегантную кислинку и фруктовую прохладу.  Шлейф из пудровой ноты ириса, чувственного дуэта мускуса и амбры, ванили и кедра достойно завершает парфюмерную пирамиду.;Для наружного применения.
19000336366;ORMONDE JAYNE Vanille des Afriques;духи;Великобритания;52260;44421;https://goldapple.ru/19000336366-vanille-des-afriques;;Это настоящее воплощение родословной и наследия бренда благодаря драгоценному содержанию масла ириса и обилию афродизиака-абсолюта мадагаскарской ванили.  Вечерний аромат африканской ванили - это когда вы наслаждаетесь закатом, а теплый ветерок треплет ваши волосы.  Его мягкое сияние успокаивает и расслабляет, создавая атмосферу комфорта и тихого созерцания.  Благородный. Очаровательный. Великолепный.;Нанести на пульсирующие точки.
19000344525;TIZIANA TERENZI Tabit;духи;Италия;48000;40800;https://goldapple.ru/19000344525-tabit;;Tabit - это удивительное творение, покоряющее с первого мгновения и не отпускающее уже никогда. Аромат сильный в тоже время нежный как беззаботная улыбка ребенка.  Вместе с тем он провокационный и чувственный как обворожительный взгляд, перед которым невозможно устоять.  Его верхние ноты искрящиеся и одновременно игривые, построены на контрапунктах цитрусов и зеленых нот, свежие и сияющие, они будто облокотились на теплую сладость кокоса и акватических нот, окружающих ощущением летнего теплого песочного пляжа на море, где-то рядом с небольшой средиземноморской деревушкой.  Стремительный полет радости в роскошном шлейфе призван очаровывать ванилью и амброй, роскошным древесным аккордом и вкусной конфетной сладостью приглашая в мир мечтаний и грез.;Средство предназначено для наружного применения с целью придания приятного аромата. Нанести аромат на кожу.
19000451146;BLACK REFLEXION №13.11;духи;ОАЭ;673;605;https://goldapple.ru/19000451146-no13-11;;Волшебный аромат, созданный инопланетным алхимиком, воздействует на мужское подсознание как афродизиак. В его композиции присутствуют белые цветы из райского сада, которые опьяняют и пленяют, зефирно-карамельная сладость, но не приторная и несъедобная, а также мускусная анималика в умеренной дозе, что придает аромату особую интимность и страсть. Этот безумно притягательный и сладостный запах невозможно забыть.;Только для наружного применения.
